xp, rho, u, p, Mach
0.1,0.98597121714575,1.5162826360820374,0.6994830595954806,1.5214569268542133
0.3,0.8847819149171429,1.61513485482797,0.6017993691337344,1.655148733177122
0.5,0.6191854301918022,1.7424844753688646,0.3745364203956356,1.8935127604138027
0.7,0.519072684871842,1.826620253057222,0.2893412824648801,2.067726709023499
0.9,0.48742422828934856,1.8644978144759423,0.26405108030480884,2.1409545254886435
