xp, rho, u, p, Mach
0.1,0.9871098459686825,1.5149310508909664,0.6995814830764535,1.5208712085751217
0.3,0.8855713067353742,1.613931893585185,0.6026185021408884,1.6535286478296574
0.5,0.6193179459199646,1.742222129069416,0.37468287207085216,1.893060178220446
0.7,0.5171455002464808,1.8291743940129614,0.2887647552944368,2.06883272805336
0.9,0.48440968843926796,1.8688407515455425,0.26139767966164096,2.150125570408539
