xp, rho, u, p, Mach
0.1,0.9850331087043155,1.5177266865692134,0.6986760419358792,1.5230601005571458
0.3,0.8847819149171429,1.6255233447650774,0.5983592451367445,1.6705762726900404
0.5,0.6229378639575408,1.7465109324982357,0.3750260395821643,1.9023873241844738
0.7,0.5351030889461086,1.7992839532907745,0.30138790877682753,2.0262428967227737
0.9,0.5114881269907748,1.826772399337037,0.2819844837501161,2.0793404207489212
