xp, rho, u, p, Mach
0.1,0.9873765517999114,1.5145493501314102,0.6997521763678682,1.5205079208678547
0.3,0.8858788313747001,1.6133892175475508,0.6030241333269569,1.6527035037083389
0.5,0.61957100316273,1.7416728949660454,0.37493430709939474,1.8922151999856092
0.7,0.5170187221537846,1.8291937241630085,0.28874291008605724,2.0686792355227785
0.9,0.48390016816189246,1.8694023721015123,0.2610108397876232,2.151232676852907
