{
  "u_initial": [
    0.0,
    0.20129852008866006,
    0.39435585511331855,
    0.5712682150947923,
    0.7247927872291199,
    0.8486442574947509,
    0.9377521321470804,
    0.9884683243281114,
    0.9987165071710528,
    0.9680771188662044,
    0.8978045395707416,
    0.7907757369376985,
    0.6513724827222223,
    0.48530196253108143,
    0.29936312297335804,
    0.10116832198743228,
    -0.10116832198743204,
    -0.2993631229733574,
    -0.48530196253108043,
    -0.651372482722222,
    -0.7907757369376986,
    -0.8978045395707414,
    -0.9680771188662043,
    -0.9987165071710528,
    -0.9884683243281114,
    -0.9377521321470808,
    -0.8486442574947515,
    -0.72479278722912,
    -0.5712682150947924,
    -0.3943558551133187,
    -0.20129852008866028,
    -2.4492935982947064e-16
  ],
  "u_final_classical": [
    0.0,
    0.09839179010377658,
    0.1962782989898906,
    0.29313054584592063,
    0.3883690882028365,
    0.4813303401560362,
    0.5712201680571987,
    0.6570448996530251,
    0.7375013551493942,
    0.8107885104654762,
    0.8742569673413902,
    0.9236824215361206,
    0.9515769639887613,
    0.9421244819586885,
    0.8332528550024384,
    0.3881166374062371,
    -0.38811663740623537,
    -0.8332528550024381,
    -0.9421244819586885,
    -0.9515769639887613,
    -0.9236824215361207,
    -0.8742569673413905,
    -0.8107885104654763,
    -0.7375013551493943,
    -0.6570448996530251,
    -0.5712201680571987,
    -0.48133034015603626,
    -0.38836908820283655,
    -0.29313054584592074,
    -0.19627829898989074,
    -0.09839179010377674,
    -2.4492935982947064e-16
  ],
  "u_final_method": [
    0.0,
    0.09842689782417163,
    0.1963126601805428,
    0.2931562963103216,
    0.38838295845372744,
    0.4813340722237743,
    0.5712200335347414,
    0.6570506125590055,
    0.7375122423866423,
    0.8107989907192951,
    0.87426696840303,
    0.923693724279256,
    0.951587089294342,
    0.9421204840817492,
    0.8332090961306559,
    0.3880599544227838,
    -0.38805995441998115,
    -0.8332090961294937,
    -0.9421204840792856,
    -0.9515870892961381,
    -0.9236937242758944,
    -0.8742669684044677,
    -0.8107989907186276,
    -0.7375122423904886,
    -0.6570506125562097,
    -0.5712200335359953,
    -0.48133407222344665,
    -0.3883829584561897,
    -0.2931562963100635,
    -0.19631266018204171,
    -0.09842689782507995,
    0.0
  ],
  "errors_by_step": {
    "0": 0.0,
    "1": 2.000099384006254e-06,
    "2": 3.9290287528840365e-06,
    "3": 5.781518887396968e-06,
    "4": 7.552862896708136e-06,
    "5": 9.2389851259628e-06,
    "6": 1.0836494867447199e-05,
    "7": 1.2342726869265091e-05,
    "8": 1.3755770324134441e-05,
    "9": 1.507448785984622e-05,
    "10": 1.6298525801129635e-05,
    "11": 1.742831678068248e-05,
    "12": 1.8465075589352306e-05,
    "13": 1.941078888954353e-05,
    "14": 2.0268199192010047e-05,
    "15": 2.1040783190716997e-05,
    "16": 2.1732724268178178e-05,
    "17": 2.234887867818078e-05,
    "18": 2.289473458098071e-05,
    "19": 2.3376362870984005e-05,
    "20": 2.3800358449549654e-05,
    "21": 2.4173770545091685e-05,
    "22": 2.4504020638307592e-05,
    "23": 2.4798806852340724e-05,
    "24": 2.506599412731793e-05,
    "25": 2.5313490346553942e-05,
    "26": 2.554910970148792e-05,
    "27": 2.5780426056336205e-05,
    "28": 2.6014620626123673e-05,
    "29": 2.625832990133089e-05,
    "30": 2.6517501108082835e-05,
    "31": 2.679726324388618e-05,
    "32": 2.7101821811921835e-05,
    "33": 2.74343844092237e-05,
    "34": 2.7797122589888593e-05,
    "35": 2.8191172868213455e-05,
    "36": 2.8616676886927546e-05,
    "37": 2.9072857933406035e-05,
    "38": 2.9558128632802283e-05,
    "39": 3.007022300198818e-05,
    "40": 3.0606345231046426e-05,
    "41": 3.116332762812256e-05,
    "42": 3.173779073489316e-05,
    "43": 3.2326299721788826e-05,
    "44": 3.292551231957388e-05,
    "45": 3.353231473485694e-05,
    "46": 3.414394296424606e-05,
    "47": 3.475808767372031e-05,
    "48": 3.537298136498398e-05,
    "49": 3.598746690516694e-05,
    "50": 3.660104672897485e-05
  },
  "final_error": 3.660104672897485e-05,
  "max_error": 3.660104672897485e-05,
  "_source": "solver"
}