{
  "u_initial": [
    0.0,
    0.3826834323650898,
    0.7071067811865475,
    0.9238795325112867,
    1.0,
    0.9238795325112867,
    0.7071067811865476,
    0.3826834323650899,
    1.2246467991473532e-16,
    -0.38268343236508967,
    -0.7071067811865475,
    -0.9238795325112865,
    -1.0,
    -0.9238795325112866,
    -0.7071067811865477,
    -0.3826834323650904
  ],
  "u_final_classical": [
    -5.857590438709849e-17,
    0.1889547358027246,
    0.37461807356714477,
    0.5530941296344742,
    0.7189359818183182,
    0.8627457524740141,
    0.9804309490943023,
    0.978818493029693,
    5.190854798563756e-16,
    -0.9788184930296926,
    -0.9804309490943022,
    -0.862745752474014,
    -0.7189359818183185,
    -0.5530941296344745,
    -0.3746180735671451,
    -0.18895473580272476
  ],
  "u_final_method": [
    1.2027933151692594e-07,
    0.20558718018516536,
    0.37053640579974295,
    0.4941325362181442,
    0.5807482939008698,
    0.6258448958670949,
    0.6632748859999404,
    0.6610355193584232,
    0.0615795826069288,
    -0.6250802535393984,
    -0.717149642650895,
    -0.6620224831088574,
    -0.588485749245721,
    -0.4939122018533898,
    -0.37050389669019757,
    -0.20558519312718218
  ],
  "errors_by_step": {
    "0": 0.0,
    "4": 6.2948220360441445,
    "8": 6.362661196459396,
    "12": 4.531953780214663,
    "16": 0.250996439174414,
    "20": 0.2148229159158784,
    "24": 0.248291637988363,
    "26": 0.27149106411964724
  },
  "final_error": 0.27149106411964724,
  "max_error": 6.362661196459396,
  "_source": "solver"
}