{
  "iterations_completed": 1,
  "converged": true,
  "_source": "harvester",
  "fidelity": 0.4091452784331994,
  "shots": 1000,
  "l2_error_abs": 1.3586983764625669,
  "l2_error_rel": 1.358698376462567
}