{
  "quantum_solution": [
    0.33107468,
    0.01379478,
    0.01034608,
    0.03448695,
    0.79319976,
    0.0,
    0.00344869,
    0.02758956,
    0.84493018,
    0.01034608,
    0.00689739,
    0.02758956,
    0.29658774,
    0.01034608,
    0.00344869,
    0.03793564,
    0.15863995,
    0.09311475,
    0.03448695,
    0.0,
    0.18622951,
    0.04828172,
    0.01379478,
    0.01034608,
    0.15519126,
    0.08276867,
    0.03103825,
    0.01034608,
    0.11380692,
    0.03793564,
    0.01379478,
    0.00689739
  ],
  "classical_solution": [
    0.1370258292656998,
    -0.011418819105474983,
    -0.011418819105474983,
    0.1370258292656998,
    -1.5212923061913554e-18,
    0.0038062730351583283,
    0.003806273035158328,
    6.628487905548049e-18,
    5.324523071669744e-18,
    0.003806273035158328,
    0.003806273035158329,
    -1.2170338449530844e-17,
    0.1370258292656998,
    -0.011418819105474983,
    -0.011418819105474987,
    0.13702582926569984,
    0.3768210304806741,
    0.25882656639076623,
    0.14463837533601673,
    0.03425645731642548,
    0.3768210304806745,
    0.25882656639076634,
    0.14463837533601653,
    0.03425645731642495,
    0.3768210304806745,
    0.25882656639076634,
    0.14463837533601648,
    0.03425645731642481,
    0.3768210304806744,
    0.2588265663907663,
    0.14463837533601653,
    0.03425645731642495
  ],
  "_source": "harvester"
}