{
  "u_initial": [
    0.0,
    0.19509032201612825,
    0.3826834323650898,
    0.5555702330196022,
    0.7071067811865475,
    0.8314696123025452,
    0.9238795325112867,
    0.9807852804032304,
    1.0,
    0.9807852804032304,
    0.9238795325112867,
    0.8314696123025455,
    0.7071067811865476,
    0.5555702330196022,
    0.3826834323650899,
    0.1950903220161286,
    1.2246467991473532e-16,
    -0.19509032201612836,
    -0.38268343236508967,
    -0.555570233019602,
    -0.7071067811865475,
    -0.8314696123025452,
    -0.9238795325112865,
    -0.9807852804032303,
    -1.0,
    -0.9807852804032304,
    -0.9238795325112866,
    -0.8314696123025455,
    -0.7071067811865477,
    -0.5555702330196022,
    -0.3826834323650904,
    -0.19509032201612872
  ],
  "u_final_classical": [
    -7.888653533725684e-17,
    0.16688801369825404,
    0.3300361023049278,
    0.48562557204929463,
    0.6296828248847165,
    0.7580106240029335,
    0.8661363664699713,
    0.9492955728218603,
    1.0024823457445333,
    1.0206170397817365,
    0.9989005982066204,
    0.933431198102059,
    0.8221240072148714,
    0.6658631168899948,
    0.4696161131117682,
    0.24303147893838184,
    1.545455815876445e-16,
    -0.24303147893838156,
    -0.46961611311176793,
    -0.6658631168899946,
    -0.8221240072148713,
    -0.9334311981020588,
    -0.9989005982066202,
    -1.0206170397817365,
    -1.0024823457445333,
    -0.9492955728218604,
    -0.8661363664699714,
    -0.7580106240029337,
    -0.6296828248847167,
    -0.48562557204929474,
    -0.33003610230492814,
    -0.16688801369825432
  ],
  "u_final_method": [
    -3.1846605609961494e-07,
    -3.709129915611995e-07,
    -3.992564999575814e-07,
    -3.3041987390034365e-07,
    -4.4902513883727453e-07,
    -3.923894552838896e-07,
    -5.268137370519966e-07,
    -3.104508845054119e-07,
    -9.753327149103075e-07,
    -9.467257016323748e-07,
    -8.637121211920123e-07,
    -9.04308316132364e-07,
    -8.334637925521845e-06,
    -9.013553394646446e-06,
    -9.75083679974216e-06,
    -6.6990003687922886e-06,
    -2.0690510655347046e-07,
    3.4547097433789983e-08,
    -1.358815383232552e-07,
    -1.0499233410430124e-07,
    1.3352679009083773e-07,
    1.2221101213378666e-07,
    4.55167260904759e-08,
    -2.3887160901115606e-08,
    4.9946532329061726e-08,
    4.793384856426504e-09,
    -4.993058612055334e-08,
    -3.2015256405127886e-08,
    1.1371902146751909e-07,
    7.982123339639762e-08,
    1.0302682313566778e-07,
    8.813412369803348e-08
  ],
  "errors_by_step": {
    "0": 0.0,
    "4": 0.9995164945720844,
    "8": 1.0000041670263984,
    "10": 1.0000014840140552
  },
  "final_error": 1.0000014840140552,
  "max_error": 1.0000041670263984,
  "_source": "solver"
}