{
  "transpile_passes": [
    {
      "wall_time": 23.54769992828369,
      "after": {
        "depth": 16318766,
        "num_qubits": 16,
        "gate_counts": {
          "cx": 8242014,
          "u3": 3954202,
          "t": 3551860,
          "tdg": 2685378,
          "h": 1904868,
          "rz": 1374912,
          "s": 85932,
          "sdg": 85932,
          "ry": 512,
          "u2": 16,
          "reset": 5,
          "u1": 3
        }
      }
    }
  ],
  "circuit_construction_time_s": 85.45308709144592,
  "execution_time_s": 0.0,
  "_source": "solver"
}