{
  "classical_solution": [
    -0.5803588119313651,
    -1.6574317768739628,
    -2.596240440645376,
    -4.182737642517482,
    -7.292264700797612,
    -10.167638384354406,
    -12.80887511096202,
    -17.029324653077026,
    -22.01720892434494,
    -26.5356188096779,
    -31.59658873859683,
    -36.19414097470329,
    -40.32596345723949,
    -44.69974821134173,
    -47.16025272078617,
    -47.89583939771757,
    -48.069138545408016,
    -47.22960657276403,
    -46.70432193271532,
    -45.2710132171454,
    -42.425400800240205,
    -41.04543715225656,
    -39.43969720378639,
    -37.90148546000414,
    -34.93852553000843,
    -31.431182875487536,
    -28.034762810676508,
    -23.487349168443178,
    -19.31563354455552,
    -14.54327923074906,
    -9.479231167149324,
    -3.813476491320194
  ],
  "classical_solution_normalized": [
    -0.0032564643014430304,
    -0.009300052489089558,
    -0.0145678227660378,
    -0.02346985267584946,
    -0.040917789454757096,
    -0.057051862999105744,
    -0.07187216543103493,
    -0.09555362418962869,
    -0.12354125311019047,
    -0.1488946038104366,
    -0.1772923252982086,
    -0.20308975341181992,
    -0.2262739148954748,
    -0.2508157562893023,
    -0.2646219481378944,
    -0.26874941498219473,
    -0.2697218177032741,
    -0.26501110108688103,
    -0.262063664702272,
    -0.2540211941319232,
    -0.23805411469608845,
    -0.23031096982680838,
    -0.22130096651145853,
    -0.21266987221478106,
    -0.19604434152536632,
    -0.1763642127626683,
    -0.15730648422236318,
    -0.13179038989349967,
    -0.10838238311274126,
    -0.08160411915388142,
    -0.0531891258758014,
    -0.021397883176873477
  ],
  "_source": "solver"
}