{
  "quantum_solution": [
    1.2393958767153193,
    0.03391349552996487,
    0.01087302910121011,
    0.002718257275302528,
    0.0007766449358007224,
    0.0011649674037010837,
    0.00103552658106763,
    0.0006472041131672687,
    0.0007766449358007223,
    0.0002588816452669075,
    0.0002588816452669075,
    0.000517763290533815,
    0.0002588816452669075,
    0.0007766449358007224,
    0.000517763290533815,
    0.000517763290533815
  ],
  "classical_solution": [
    1.1458980337502742,
    0.4376941012508226,
    0.1671842700021936,
    0.06385870875575828,
    0.024391856265081172,
    0.009316860039485262,
    0.0035587238533746146,
    0.0013593115206385817,
    0.00051921070854113,
    0.00019832060498480857,
    7.575110641329557e-05,
    2.8932714255078168e-05,
    1.1047036351938937e-05,
    4.2083948007386415e-06,
    1.5781480502769908e-06,
    5.260493500923302e-07
  ],
  "_source": "harvester"
}