{
  "iterations_completed": 1,
  "converged": true,
  "_source": "harvester",
  "fidelity": 1.4370912778928346,
  "shots": 10000,
  "l2_error_abs": 0.4478666349590921,
  "l2_error_rel": 0.3612081961655895
}