{
  "grid": [
    0.0,
    0.0625,
    0.125,
    0.1875,
    0.25,
    0.3125,
    0.375,
    0.4375,
    0.5,
    0.5625,
    0.625,
    0.6875,
    0.75,
    0.8125,
    0.875,
    0.9375
  ],
  "solution_steps": {
    "0": [
      0.0,
      0.11480502970952693,
      0.21213203435596423,
      0.27716385975338603,
      0.3,
      0.27716385975338603,
      0.21213203435596426,
      0.11480502970952697,
      3.6739403974420595e-17,
      -0.1148050297095269,
      -0.21213203435596423,
      -0.2771638597533859,
      -0.3,
      -0.277163859753386,
      -0.2121320343559643,
      -0.1148050297095271
    ],
    "10": [
      0.0018158144256081598,
      0.09621501339117446,
      0.18083482036504386,
      0.2376023214678722,
      0.2709575634778129,
      0.24960631748087417,
      0.20767196930098236,
      0.10355475253727117,
      -0.013085001330819884,
      -0.11019526993641988,
      -0.20258057036796467,
      -0.2371272881214953,
      -0.268416368229901,
      -0.25122673460884104,
      -0.17719822764076168,
      -0.08842911221043574
    ],
    "20": [
      0.005528097644054805,
      0.08608321651604213,
      0.16128402065122288,
      0.21460126344422778,
      0.2461686098656738,
      0.23727608331775446,
      0.20531486219457515,
      0.09897567295272505,
      -0.018470649872670535,
      -0.11264902033374646,
      -0.19419076368117724,
      -0.22093290816953326,
      -0.24928961390282092,
      -0.2304949953378308,
      -0.1563445628988579,
      -0.07285931238963889
    ],
    "30": [
      0.009429999746693491,
      0.0795547004703125,
      0.1443478368382124,
      0.1940899531952594,
      0.22310658473428274,
      0.2247346850036847,
      0.20548364932256746,
      0.09057309685657379,
      -0.02646155670480766,
      -0.11123841903833649,
      -0.18280169829011333,
      -0.20435121840334805,
      -0.23283169996219866,
      -0.21260246985796832,
      -0.14027311568463646,
      -0.06076032822617755
    ]
  },
  "_source": "solver"
}