{
  "u_initial": [
    0.0,
    0.11480502970952693,
    0.21213203435596423,
    0.27716385975338603,
    0.3,
    0.27716385975338603,
    0.21213203435596426,
    0.11480502970952697,
    3.6739403974420595e-17,
    -0.1148050297095269,
    -0.21213203435596423,
    -0.2771638597533859,
    -0.3,
    -0.277163859753386,
    -0.2121320343559643,
    -0.1148050297095271
  ],
  "u_final_classical": null,
  "u_final_method": [
    0.009429999746693491,
    0.0795547004703125,
    0.1443478368382124,
    0.1940899531952594,
    0.22310658473428274,
    0.2247346850036847,
    0.20548364932256746,
    0.09057309685657379,
    -0.02646155670480766,
    -0.11123841903833649,
    -0.18280169829011333,
    -0.20435121840334805,
    -0.23283169996219866,
    -0.21260246985796832,
    -0.14027311568463646,
    -0.06076032822617755
  ],
  "errors_by_step": {},
  "final_error": NaN,
  "max_error": NaN,
  "_source": "solver"
}