{
  "quantum_solution": [
    0.699966391913996,
    0.0028396202511723977,
    0.7141644931698581,
    0.0028396202511723977
  ],
  "classical_solution": [
    0.7055698197297996,
    0.046596453582414196,
    0.7055698197297996,
    0.046596453582414196
  ],
  "_source": "harvester"
}