{
  "iterations_completed": 1,
  "converged": true,
  "_source": "harvester",
  "fidelity": 0.9960692825039892,
  "shots": 1000,
  "l2_error_abs": 0.06272629226396467,
  "l2_error_rel": 0.06272629226396467
}