dq_lu, dq_hhl,
-0.011381625721194322,-1.9491668298807648e-05
-0.0035534997811218997,-0.0
0.05193879662635401,0.00018491420166220755
-0.010460093595989433,-3.8983336597615e-05
-0.06619297311659551,-0.00023872320783832417
0.0314572102098425,0.0001136549802006349
0.009653487664877182,1.9491668298807343e-05
-0.002453888429430447,-0.0
0.04705088465149879,0.0001630789971607489
0.05414162595463199,0.0001807582956439024
-0.02773939054688214,-9.745834149404326e-05
0.09493223982419169,0.0003578194654359376
0.07604674446438271,0.00025339168788451834
0.028956051824590583,0.00010314021391281837
0.08193299634925678,0.0003007028128748557
