xp, rho, u, p, Mach
0.1,0.9993991982982188,1.5007626250175612,0.6819080422227112,1.535516826238896
0.3,0.8967018385681166,1.6682604698110526,0.5522985469257151,1.7965401235001561
0.5,0.6032105581732652,1.7853823790830996,0.34072086401587603,2.007716228335255
0.7,0.45064628031809434,2.171327836150383,0.15976110238890784,3.082078906524643
0.9,0.3976936924303556,2.2066585134945944,0.17485664762366274,2.81257679840918
