dq_lu, dq_hhl,
0.00485166199517097,0.0
0.0022235547090549905,0.0
0.010115145014155096,0.0
0.00620481209218932,0.0
0.001905182100153129,0.0
0.011254214417835924,0.0
-0.025680891139938846,-0.0
-0.018231012886730718,-0.0
-0.0649069718255438,-0.0
-0.12854209336298253,-0.0
-0.09623466683684143,-0.0
-0.31953149612471515,-0.0
-0.3069576027992188,-0.11022814393246212
-0.2851075158783655,-0.1102281439324621
-0.8110470893234192,-0.2204562878649247
-0.4537837007501069,-0.0
-0.46239837707269194,-0.0
-1.228759593652687,-0.29163625632552875
-0.5243869090705326,-0.0
-0.5482232051571787,-0.11022814393246229
-1.4269419304205393,-0.3306844317973872
-0.5515876813060481,-0.15588613610450175
-0.5797684827660134,-0.27000270792859415
-1.5009859369545506,-0.3818414914300799
-0.5613985078491439,-0.15588613610450175
-0.5902001890498326,-0.15588613610450178
-1.526568439099153,-0.4676584083135057
-0.5649270487940619,-0.0
-0.5936596178044932,-0.0
-1.5354389508754958,-0.3306844317973872
