dq_lu, dq_hhl,
0.004055163191509957,0.0
0.0018195945960903744,0.0
0.00848642131589257,0.0
0.004776722879599722,0.0
0.001025778033228149,0.0
0.008151232939156207,0.0
-0.022575282139411013,-0.0
-0.015807755311957866,-0.0
-0.058191202372940544,-0.0
-0.11467154358256952,-0.0
-0.08913464134507891,-0.0
-0.2922647229813103,-0.0
-0.1830909243673946,-0.03614306068442651
-0.17688506718375782,-0.0
-0.5621581208467227,-0.07228612136885329
-0.47313861397851276,-0.03614306068442663
-0.47483247805475215,-0.03614306068442663
-0.9205571669501736,-0.14457224273770666
-0.5545775763739922,-0.07228612136885329
-0.43115851672757594,-0.07228612136885325
-1.128929604343775,-0.13998147211174852
-0.38984135203786413,-0.051114006605589915
-0.3027356592568717,-0.0
-1.116861270151557,-0.14902165683500013
-0.3806944104410937,-0.03614306068442661
-0.4336502354849786,-0.07228612136885325
-0.9904332528087542,-0.10842918205328002
-0.5441834045863255,-0.05111400660558995
-0.5921221070064286,-0.08081834060527804
-1.1083922226728993,-0.15754394903367386
