{
  "quantum_solution": [
    0.7147806314654174,
    0.11404693234684261,
    0.6807125577913962,
    0.11274910096878464
  ],
  "classical_solution": [
    0.7055698197297996,
    0.046596453582414196,
    0.7055698197297996,
    0.046596453582414196
  ],
  "_source": "harvester"
}