{
  "iterations_completed": 1,
  "converged": true,
  "_source": "harvester",
  "fidelity": 0.9951857688171604,
  "shots": 10000,
  "l2_error_abs": 0.09812472861455195,
  "l2_error_rel": 0.09812472861455195
}