dq_lu, dq_hhl,
-0.0001378959020625811,-0.0
-0.00017593810181912902,-0.0
-0.0001236288050445009,-0.00021222121977246676
0.00016862246673819087,0.0007651744896327927
0.00033763813175997903,0.0003675779350920378
0.0002874516906982324,0.0007038581585400694
-0.00140287696334612,-0.0011623834925149881
-0.0008859209820462503,-0.0008750105051253897
-0.002296528131527992,-0.0023440599879126743
-0.00845394424300691,-0.008483541601456653
-0.007577761437577505,-0.0074791045509511695
-0.016703085322668027,-0.016524662206542518
-0.01801008946418204,-0.017595174174916073
-0.014268346879388116,-0.014171229864057031
-0.035190993742685125,-0.03476349414261208
