xp, rho, u, p, Mach
0.1,0.9870443990587459,1.5146604948419742,0.6994083581496339,1.5207373613011792
0.3,0.8827841456102076,1.6139806056629753,0.6015275532753681,1.6524707988039282
0.5,0.6256081709878455,1.73403681076809,0.3794049822269533,1.8818889237486383
0.7,0.5758085741286303,1.7336813502532606,0.33518029895134144,1.9204591833711
0.9,0.6180318315081876,1.6433968276311506,0.37114475547679654,1.7923061060054366
