{
  "u_initial": [
    0.0,
    0.02940514209886818,
    0.05852709660483847,
    0.0870854031763387,
    0.11480502970952693,
    0.1414190210477993,
    0.16667106990588065,
    0.19031798524909363,
    0.21213203435596423,
    0.2319031360088211,
    0.24944088369076356,
    0.26457637930450645,
    0.27716385975338603,
    0.28708210071966267,
    0.2942355841209691,
    0.298555418001659,
    0.3,
    0.2985554180016591,
    0.2942355841209691,
    0.28708210071966267,
    0.27716385975338603,
    0.2645763793045065,
    0.24944088369076362,
    0.23190313600882112,
    0.21213203435596426,
    0.19031798524909363,
    0.16667106990588065,
    0.14141902104779935,
    0.11480502970952697,
    0.08708540317633871,
    0.05852709660483858,
    0.029405142098868246,
    3.6739403974420595e-17,
    -0.029405142098868176,
    -0.058527096604838506,
    -0.08708540317633863,
    -0.1148050297095269,
    -0.1414190210477993,
    -0.16667106990588057,
    -0.19031798524909357,
    -0.21213203435596423,
    -0.23190313600882098,
    -0.24944088369076356,
    -0.26457637930450645,
    -0.2771638597533859,
    -0.2870821007196626,
    -0.29423558412096906,
    -0.2985554180016591,
    -0.3,
    -0.2985554180016591,
    -0.2942355841209691,
    -0.28708210071966267,
    -0.277163859753386,
    -0.2645763793045065,
    -0.24944088369076362,
    -0.23190313600882106,
    -0.2121320343559643,
    -0.19031798524909377,
    -0.16667106990588065,
    -0.14141902104779938,
    -0.1148050297095271,
    -0.08708540317633874,
    -0.05852709660483861,
    -0.029405142098868152
  ],
  "u_final_classical": null,
  "u_final_method": [
    -0.0038652821946491066,
    0.015504160012329522,
    0.0329663471591799,
    0.055472070122932884,
    0.07164652567610619,
    0.08665231427750245,
    0.10053150992217924,
    0.11691258294802671,
    0.12988263659974447,
    0.14422790286562914,
    0.15861520859180547,
    0.17189194425000237,
    0.182124893951957,
    0.19721747851963706,
    0.2053693760384123,
    0.22265744940371576,
    0.2316978806364208,
    0.23924530052495344,
    0.24197592131290038,
    0.24316766258399433,
    0.2413678312491006,
    0.24058291576674187,
    0.23243629944662775,
    0.22179214634260824,
    0.20556316546088407,
    0.18854740743174478,
    0.16696778427359532,
    0.14356296777323024,
    0.11547236883730864,
    0.08827983953094172,
    0.05257210997934564,
    0.018977536015668473,
    -0.017468894923211895,
    -0.04930558069621544,
    -0.08248600577821706,
    -0.10977996064098486,
    -0.14132765265388003,
    -0.1683653784189616,
    -0.19704407516875874,
    -0.21798181703868397,
    -0.2365563251503414,
    -0.24773553401534112,
    -0.2583940929600611,
    -0.2620121368830275,
    -0.26935322966961484,
    -0.2697207655615711,
    -0.2697913405462587,
    -0.26466953960709505,
    -0.25912103170894113,
    -0.24696273330157312,
    -0.23093701096815464,
    -0.21449296180681068,
    -0.19925037944058485,
    -0.18145778273714816,
    -0.16642702694217118,
    -0.15141873635129424,
    -0.1358764418730775,
    -0.12084902021881125,
    -0.10895306133310663,
    -0.09021322900169887,
    -0.07593542246020023,
    -0.05549839309280002,
    -0.0365355488693477,
    -0.018501980287291556
  ],
  "errors_by_step": {},
  "final_error": NaN,
  "max_error": NaN,
  "_source": "solver"
}