{
  "grid": [
    0.0,
    0.125,
    0.25,
    0.375,
    0.5,
    0.625,
    0.75,
    0.875
  ],
  "solution_steps": {
    "0": [
      0.0,
      0.21213203435596426,
      0.3,
      0.21213203435596426,
      3.6739403974420595e-17,
      -0.21213203435596423,
      -0.3,
      -0.2121320343559643
    ],
    "1": [
      -1.0658141036401503e-17,
      0.1787273916172556,
      0.26625870119269024,
      0.1978192747092924,
      3.029862471827967e-17,
      -0.19781927470929234,
      -0.2662587011926903,
      -0.17872739161725562
    ],
    "2": [
      -1.1323014872546615e-17,
      0.1540795853912908,
      0.23554981287008314,
      0.18087900932316708,
      3.112018945279952e-17,
      -0.18087900932316703,
      -0.23554981287008317,
      -0.15407958539129082
    ],
    "3": [
      -1.1780654048607045e-17,
      0.1346945760461883,
      0.2084638450193202,
      0.1630379363338566,
      3.15168744507775e-17,
      -0.16303793633385655,
      -0.20846384501932022,
      -0.13469457604618834
    ],
    "4": [
      -1.2109916351355509e-17,
      0.11878507470428613,
      0.1846920860289196,
      0.14555455428919079,
      3.1614069549124847e-17,
      -0.14555455428919073,
      -0.1846920860289196,
      -0.11878507470428615
    ],
    "5": [
      -9.692700535997843e-18,
      0.10534168704995747,
      0.16378191710659534,
      0.12915490209909614,
      3.151287941940951e-17,
      -0.12915490209909608,
      -0.16378191710659534,
      -0.10534168704995749
    ],
    "6": [
      -8.328925161315435e-18,
      0.09374864778879735,
      0.1453279799522981,
      0.11417853339793523,
      3.1291087615640094e-17,
      -0.11417853339793517,
      -0.1453279799522981,
      -0.09374864778879737
    ]
  },
  "_source": "solver"
}