dq_lu, dq_hhl,
0.00024113129774412583,0.0
-0.0027845564756043915,-0.0
-0.0032306243588882773,-0.0009843870866051876
0.0013502561676839546,0.0009843870866047633
-0.0009306216635365592,-0.0
-0.003311118044549634,-0.0
-0.00021021514612395916,-0.0
-0.004252858974980348,-0.001968774173210522
0.002273510012337859,0.0
0.005533421920579312,0.0019687741732106285
-0.0005103123550607133,-0.0
-0.004392339448227296,-0.0013921335685021083
0.004416645149008,0.0009843870866052694
-0.0011265613371157462,-0.0
-0.004127785542689907,-0.0009843870866052538
