xp, rho, u, p, Mach
0.1,0.9872295639619363,1.517630249681312,0.6993133836991334,1.5239654205591278
0.3,0.884677583356367,1.6166897471894635,0.6031976911434844,1.6547231485561829
0.5,0.6199006429712359,1.747734454413981,0.3712646662634888,1.9086691940766463
0.7,0.5114397611898344,1.8501082662894937,0.28638101178240133,2.089576428240604
0.9,0.4793081209478339,1.8893451506344032,0.2585586439972614,2.1740781352358627
