xp, rho, u, p, Mach
0.1,0.9872295639619363,1.517438824859487,0.6984891932691942,1.5246719285513373
0.3,0.8856619704429718,1.6135102289321481,0.6037093081795186,1.651687064615638
0.5,0.6199006429712359,1.7413602409474198,0.37460780872807015,1.893203230639438
0.7,0.5146330652576998,1.8386283232940404,0.2873039675164427,2.079734803139075
0.9,0.4822199015635326,1.8779367484341951,0.2598169099930958,2.1622494784080755
