xp, rho, u, p, Mach
0.1,1.0,1.5,0.7142857142857144,1.5
0.3,1.0,1.5,0.7142857142857144,1.5
0.5,0.7222532631815243,1.7628452565452546,0.35825514890334825,2.115430245683272
0.7,0.4929061565702336,1.9641781244830123,0.36334687751572486,1.9334736476324401
0.9,0.5757348515007854,1.9825628093165828,0.3009794708165437,2.317425385307222
