xp, rho, u, p, Mach
0.1,0.9872295639619363,1.5194034445040527,0.7011486207694929,1.5237479100790259
0.3,0.884677583356367,1.6166897471894635,0.6051059634745424,1.6521119068578338
0.5,0.6240365337367315,1.7502314729399326,0.3676478603193113,1.9271719143401786
0.7,0.5041520308413509,1.880324628775367,0.2816570446751152,2.1261273204505278
0.9,0.4793081209478339,1.8893451506344032,0.259258864137931,2.1711402171961094
