xp, rho, u, p, Mach
0.1,0.9872295639619363,1.5172999557169073,0.6985724032106887,1.5244415979824224
0.3,0.8856619704429718,1.6135102289321481,0.603654469890288,1.6517620857084305
0.5,0.6199006429712359,1.7413602409474198,0.37460780872807015,1.893203230639438
0.7,0.5149396206139241,1.8375337457201892,0.2874562712313334,2.078564789440302
0.9,0.4822199015635326,1.8779367484341951,0.2596942878506061,2.1627599023663526
