{
  "u_initial": [
    0.0,
    0.20129852008866006,
    0.39435585511331855,
    0.5712682150947923,
    0.7247927872291199,
    0.8486442574947509,
    0.9377521321470804,
    0.9884683243281114,
    0.9987165071710528,
    0.9680771188662044,
    0.8978045395707416,
    0.7907757369376985,
    0.6513724827222223,
    0.48530196253108143,
    0.29936312297335804,
    0.10116832198743228,
    -0.10116832198743204,
    -0.2993631229733574,
    -0.48530196253108043,
    -0.651372482722222,
    -0.7907757369376986,
    -0.8978045395707414,
    -0.9680771188662043,
    -0.9987165071710528,
    -0.9884683243281114,
    -0.9377521321470808,
    -0.8486442574947515,
    -0.72479278722912,
    -0.5712682150947924,
    -0.3943558551133187,
    -0.20129852008866028,
    -2.4492935982947064e-16
  ],
  "u_final_classical": [
    0.0,
    0.18587525816046016,
    0.36608885886533166,
    0.5349741063956654,
    0.6868708037523475,
    0.8161713287684038,
    0.9174212953441,
    0.985496036993373,
    1.0158717477630288,
    1.0050004052510155,
    0.9507768621638014,
    0.853053399228441,
    0.7141161454712687,
    0.5390022435521032,
    0.33552668321897305,
    0.11392214440238098,
    -0.11392214440238069,
    -0.33552668321897217,
    -0.5390022435521022,
    -0.7141161454712688,
    -0.8530533992284411,
    -0.9507768621638011,
    -1.0050004052510155,
    -1.0158717477630288,
    -0.985496036993373,
    -0.9174212953441004,
    -0.816171328768404,
    -0.6868708037523474,
    -0.5349741063956656,
    -0.3660888588653318,
    -0.18587525816046035,
    -2.4492935982947064e-16
  ],
  "u_final_method": [
    0.0,
    0.18127473631093205,
    0.326218230392627,
    0.5119845380040116,
    0.7101092169575048,
    0.8450547163681786,
    0.8640113989450751,
    0.9677680081718298,
    1.054889285391169,
    0.9988189349038974,
    0.9460727466918532,
    0.8758258361122175,
    0.7096424686458239,
    0.508322418125135,
    0.35410228852739367,
    0.13743181950310016,
    -0.10380455282978307,
    -0.36625261920767227,
    -0.5535557507592471,
    -0.7430018004088021,
    -0.8706921775392582,
    -0.9493389649222281,
    -1.007331828008977,
    -1.0253341285857158,
    -0.9581244349150335,
    -0.884522360486981,
    -0.8220046489601279,
    -0.6893636559266125,
    -0.5302146788704872,
    -0.36541742185997506,
    -0.18535066195421585,
    0.0
  ],
  "errors_by_step": {
    "0": 0.0,
    "1": 0.014402635551786464,
    "2": 0.019895072763218957,
    "3": 0.020243527756578925,
    "4": 0.021892364664742554,
    "5": 0.030646015922582433
  },
  "final_error": 0.030646015922582433,
  "max_error": 0.030646015922582433,
  "_source": "solver"
}