{
  "final_error_epsilon": 0.030646015922582433,
  "max_error_epsilon": 0.030646015922582433,
  "classical_wall_time_s": 0.0003314018249511719,
  "method_wall_time_s": 5.656806945800781,
  "speedup_ratio": 5.8584609325793143e-05,
  "n_pauli_terms": 240,
  "shots": 150000,
  "t1": null,
  "t2": null,
  "backend_name": null,
  "backend_type": "sim",
  "coupling_map": "default",
  "optimization_level": 1,
  "seed": null,
  "total_pauli_decomp_time": 1.8507036078954116,
  "total_circuit_construction_time": 0.010942347813397646,
  "total_transpilation_time": 1.3156341922003776,
  "total_execution_time": 1.1010969086783007,
  "total_sign_recovery_time": 0,
  "total_metric_transpile_time": 0,
  "n_circuits_executed": 0,
  "avg_circuit_depth": 1840.4,
  "avg_gate_count": 2125.6,
  "avg_cx_gates": 1139.2,
  "avg_sign_recovery_depth_per_circuit": null,
  "avg_sign_recovery_cx_per_circuit": null,
  "total_sign_recovery_cx": 0,
  "n_qubits": 6,
  "circuit_metrics_n_available": 5,
  "circuit_metrics_n_total": 5,
  "sign_recovery": "hadamard_test",
  "per_step_metrics": [
    {
      "pauli_decomp_time_s": 0.370111278956756,
      "circuit_construction_time_s": 0.0014151770155876875,
      "transpilation_time_s": 0.8964419980766252,
      "execution_time_s": 0.20870990690309554,
      "circuit_depth": 1114,
      "gate_counts": {
        "cx": 752,
        "crz": 240,
        "u2": 106,
        "h": 104,
        "sxdg": 80,
        "sx": 42,
        "measure": 6,
        "initialize": 1,
        "barrier": 1
      },
      "n_qubits": 6,
      "n_pauli_terms": 240,
      "sign_recovery": "hadamard_test"
    },
    {
      "pauli_decomp_time_s": 0.35970727901440114,
      "circuit_construction_time_s": 0.002387187909334898,
      "transpilation_time_s": 0.10549805709160864,
      "execution_time_s": 0.22336880583316088,
      "circuit_depth": 2022,
      "gate_counts": {
        "cx": 1236,
        "crz": 496,
        "h": 242,
        "u2": 170,
        "sx": 86,
        "sxdg": 86,
        "measure": 6,
        "initialize": 1,
        "barrier": 1
      },
      "n_qubits": 6,
      "n_pauli_terms": 496,
      "sign_recovery": "hadamard_test"
    },
    {
      "pauli_decomp_time_s": 0.3890698179602623,
      "circuit_construction_time_s": 0.002364675048738718,
      "transpilation_time_s": 0.10471131792291999,
      "execution_time_s": 0.22073296504095197,
      "circuit_depth": 2022,
      "gate_counts": {
        "cx": 1236,
        "crz": 496,
        "h": 242,
        "u2": 170,
        "sx": 86,
        "sxdg": 86,
        "measure": 6,
        "initialize": 1,
        "barrier": 1
      },
      "n_qubits": 6,
      "n_pauli_terms": 496,
      "sign_recovery": "hadamard_test"
    },
    {
      "pauli_decomp_time_s": 0.37578778399620205,
      "circuit_construction_time_s": 0.002397156902588904,
      "transpilation_time_s": 0.10418050701264292,
      "execution_time_s": 0.22410608094651252,
      "circuit_depth": 2022,
      "gate_counts": {
        "cx": 1236,
        "crz": 496,
        "h": 242,
        "u2": 170,
        "sx": 86,
        "sxdg": 86,
        "measure": 6,
        "initialize": 1,
        "barrier": 1
      },
      "n_qubits": 6,
      "n_pauli_terms": 496,
      "sign_recovery": "hadamard_test"
    },
    {
      "pauli_decomp_time_s": 0.35602744796779007,
      "circuit_construction_time_s": 0.0023781509371474385,
      "transpilation_time_s": 0.10480231209658086,
      "execution_time_s": 0.22417914995457977,
      "circuit_depth": 2022,
      "gate_counts": {
        "cx": 1236,
        "crz": 496,
        "h": 242,
        "u2": 170,
        "sx": 86,
        "sxdg": 86,
        "measure": 6,
        "initialize": 1,
        "barrier": 1
      },
      "n_qubits": 6,
      "n_pauli_terms": 496,
      "sign_recovery": "hadamard_test"
    }
  ],
  "_source": "solver"
}