{
  "transpile_passes": [
    {
      "wall_time": 1960.3624432086945,
      "after": {
        "depth": 271449158,
        "num_qubits": 19,
        "gate_counts": {
          "cx": 137823697,
          "u3": 63002022,
          "t": 59819764,
          "tdg": 45212898,
          "h": 31998380,
          "rz": 23587200,
          "s": 1392300,
          "sdg": 1392300,
          "ry": 2048,
          "u2": 32,
          "u1": 9,
          "reset": 6
        }
      }
    }
  ],
  "circuit_construction_time_s": 2666.3001098632812,
  "execution_time_s": 0.0,
  "_source": "solver"
}