iters, residual_total, residual_rho, residual_rhou, residual_rhoE
0.0,12.375368413827264,3.056753228741153,4.585129843111731,11.080730454186686
1.0,0.6174050574607917,0.0660900665848966,0.44506437013553973,0.42277513469079836
2.0,0.06618865810347846,0.00642837003289243,0.0481646925410612,0.044941928226150014
3.0,0.0014400114441227643,0.0007569728489500142,0.0008529004168466825,0.0008793099249410205
4.0,1.020960643409751e-05,6.349184999761575e-06,4.853179049183389e-06,6.353783636112841e-06
5.0,2.0014608319946994e-07,1.5707982536244161e-07,6.767730850337546e-08,1.039430853781671e-07
6.0,4.1454506328742865e-09,2.6046776824471114e-09,1.9634602019394414e-09,2.558366501414467e-09
7.0,8.910204765158668e-11,6.57842878753463e-11,3.818977960113849e-11,4.640197300175561e-11
