{
  "u_initial": [
    0.0,
    0.05881028419773636,
    0.11705419320967694,
    0.1741708063526774,
    0.22961005941905385,
    0.2828380420955986,
    0.3333421398117613,
    0.38063597049818726,
    0.42426406871192845,
    0.4638062720176422,
    0.4988817673815271,
    0.5291527586090129,
    0.5543277195067721,
    0.5741642014393253,
    0.5884711682419382,
    0.597110836003318,
    0.6,
    0.5971108360033182,
    0.5884711682419382,
    0.5741642014393253,
    0.5543277195067721,
    0.529152758609013,
    0.49888176738152723,
    0.46380627201764224,
    0.4242640687119285,
    0.38063597049818726,
    0.3333421398117613,
    0.2828380420955987,
    0.22961005941905394,
    0.17417080635267743,
    0.11705419320967717,
    0.05881028419773649,
    7.347880794884119e-17,
    -0.05881028419773635,
    -0.11705419320967701,
    -0.17417080635267726,
    -0.2296100594190538,
    -0.2828380420955986,
    -0.33334213981176114,
    -0.38063597049818715,
    -0.42426406871192845,
    -0.46380627201764196,
    -0.4988817673815271,
    -0.5291527586090129,
    -0.5543277195067718,
    -0.5741642014393252,
    -0.5884711682419381,
    -0.5971108360033182,
    -0.6,
    -0.5971108360033182,
    -0.5884711682419382,
    -0.5741642014393253,
    -0.554327719506772,
    -0.529152758609013,
    -0.49888176738152723,
    -0.46380627201764213,
    -0.4242640687119286,
    -0.38063597049818754,
    -0.3333421398117613,
    -0.28283804209559876,
    -0.2296100594190542,
    -0.17417080635267748,
    -0.11705419320967722,
    -0.058810284197736304
  ],
  "u_final_classical": null,
  "u_final_method": [
    0.016513987522912856,
    0.05443693662157635,
    0.08719539017753795,
    0.11548178242892405,
    0.14234690629654181,
    0.17164193405521475,
    0.20587764609225942,
    0.24463390461049273,
    0.284385830433373,
    0.3199106781861326,
    0.34673300377262223,
    0.3635376634250102,
    0.37322373841196393,
    0.3816490418252252,
    0.39436819339787776,
    0.4131204855462184,
    0.4342309009249146,
    0.45009333755199066,
    0.45331603395456627,
    0.44161031684605007,
    0.42040714061579254,
    0.40059273814525453,
    0.39175821685300494,
    0.3951142421897379,
    0.4009558575500495,
    0.39279387095765683,
    0.3568226788101788,
    0.2921673515933867,
    0.21438067255679072,
    0.1466977040625926,
    0.10367822233561867,
    0.08002530006504685,
    0.05295202627814547,
    -0.003640221019975343,
    -0.10080816090463827,
    -0.22344874559367442,
    -0.3375180971464829,
    -0.4126784201172848,
    -0.4409876108847783,
    -0.43737838569772863,
    -0.4265652179890776,
    -0.4283417035879279,
    -0.44848780369418534,
    -0.47800285000182385,
    -0.5003740417805801,
    -0.5021763383400708,
    -0.48005211065990666,
    -0.44070666090055144,
    -0.3959933021949107,
    -0.35703552451897935,
    -0.33001832446264984,
    -0.31473343222547245,
    -0.3060105804225273,
    -0.29712697816165107,
    -0.2832958496874659,
    -0.2633847637548834,
    -0.2392908414415959,
    -0.2138377353340502,
    -0.1886605194368964,
    -0.16323833952546365,
    -0.13544266260614243,
    -0.10311186250830404,
    -0.06564132267231287,
    -0.02466532682266923
  ],
  "errors_by_step": {},
  "final_error": NaN,
  "max_error": NaN,
  "_source": "solver"
}