{
  "_source": "stdout",
  "experiment_id": null,
  "algorithm": "modular_hhl",
  "dimension": 2,
  "condition_number": 2.999999999999999,
  "num_qubits": 5,
  "num_clock_qubits": 3,
  "decomposition_depth": 1,
  "transpiled_depth": 179,
  "transpiled_cx_count": 86,
  "total_gates": 234,
  "boundary_swaps": 0,
  "sv_fidelity": 0.9999999999999998,
  "sv_fidelity_transpiled": 0.9999999999999998,
  "fidelity_shots": 0.9999988092523927,
  "success_probability": 0.32591925920906456,
  "success_probability_transpiled": 0.3259192592090635,
  "compile_time_s": 0.03748178482055664,
  "circuit_build_time_s": 0.0012369155883789062,
  "transpile_calls": 5,
  "per_block_compile_times": {
    "state_prep": 0.0006423329905373976,
    "qpe": 0.01366758398944512,
    "controlled_rotations": 0.0012946669885423034,
    "inverse_qpe": 0.012551166000775993,
    "measurement": 0.00011616699339356273
  },
  "fidelity_noisy": null,
  "noise_cx_error": null,
  "error": null,
  "exit_code": 0
}