{
  "name": "ax_equals_b",
  "matrix": [
    [
      2.0,
      -1.0
    ],
    [
      -1.0,
      2.0
    ]
  ],
  "rhs": [
    0.4967141530112327,
    -0.13826430117118466
  ],
  "dimension": 2,
  "condition_number": 2.999999999999999,
  "eigenvalues_original": [
    3.0,
    1.0
  ],
  "algorithm": "modular_hhl",
  "num_clock_qubits": 3,
  "decomposition_depth": 1,
  "hhl_t": 6.283185307179586,
  "_source": "solver"
}