{
  "circuit_build_time_s": 0.0012369155883789062,
  "modular_transpile_time_s": 0.03748178482055664,
  "execution_time_s": 0.023193836212158203,
  "modular_pre_opt": {
    "cx_count": 86,
    "total_gates": 234,
    "depth": 179
  },
  "modular_post_opt": {
    "cx_count": 86,
    "total_gates": 234,
    "depth": 179
  },
  "blocks_transpiled": 5,
  "per_block_compile_times": {
    "state_prep": 0.0006423329905373976,
    "qpe": 0.01366758398944512,
    "controlled_rotations": 0.0012946669885423034,
    "inverse_qpe": 0.012551166000775993,
    "measurement": 0.00011616699339356273
  },
  "boundary_swaps": {
    "state_prep\u2192qpe": 0,
    "qpe\u2192controlled_rotations": 0,
    "controlled_rotations\u2192inverse_qpe": 0,
    "inverse_qpe\u2192measurement": 0
  },
  "exec_info": {
    "wall_time": 0.023193836212158203,
    "backend_time": 0.022009291,
    "shots_requested": 65536,
    "shots_executed": 65536,
    "status": "DONE"
  },
  "_source": "solver"
}