{
  "circuit_build_time_s": 0.14669013023376465,
  "modular_transpile_time_s": 0.7890651226043701,
  "execution_time_s": 1.336986780166626,
  "modular_pre_opt": {
    "cx_count": 31615,
    "total_gates": 84639,
    "depth": 60407
  },
  "modular_post_opt": {
    "cx_count": 31615,
    "total_gates": 84639,
    "depth": 60407
  },
  "blocks_transpiled": 5,
  "per_block_compile_times": {
    "state_prep": 0.004143541998928413,
    "qpe": 0.027388708011130802,
    "controlled_rotations": 0.0391420840023784,
    "inverse_qpe": 0.026414666994241998,
    "measurement": 0.00023491699539590627
  },
  "boundary_swaps": {
    "state_prep\u2192qpe": 0,
    "qpe\u2192controlled_rotations": 0,
    "controlled_rotations\u2192inverse_qpe": 0,
    "inverse_qpe\u2192measurement": 0
  },
  "exec_info": {
    "wall_time": 1.336986780166626,
    "backend_time": 0.988620291,
    "shots_requested": 65536,
    "shots_executed": 65536,
    "status": "DONE"
  },
  "_source": "solver"
}