{
  "_source": "stdout",
  "experiment_id": null,
  "algorithm": "modular_hhl",
  "dimension": 32,
  "condition_number": 440.68856038365925,
  "num_qubits": 16,
  "num_clock_qubits": 10,
  "decomposition_depth": 1,
  "transpiled_depth": 60407,
  "transpiled_cx_count": 31615,
  "total_gates": 84639,
  "boundary_swaps": 0,
  "sv_fidelity": 0.9518145932253715,
  "sv_fidelity_transpiled": 0.9518146014480017,
  "fidelity_shots": 0.9508474926890085,
  "success_probability": 0.08783325406754702,
  "success_probability_transpiled": 0.08783326040804433,
  "compile_time_s": 0.7890651226043701,
  "circuit_build_time_s": 0.14669013023376465,
  "transpile_calls": 5,
  "per_block_compile_times": {
    "state_prep": 0.004143541998928413,
    "qpe": 0.027388708011130802,
    "controlled_rotations": 0.0391420840023784,
    "inverse_qpe": 0.026414666994241998,
    "measurement": 0.00023491699539590627
  },
  "fidelity_noisy": null,
  "noise_cx_error": null,
  "error": null,
  "exit_code": 0
}