xp, rho, u, p, Mach
0.1,0.988548040539959,1.5130386759034156,0.7005583417308061,1.5190173946353942
0.3,0.8868404486452408,1.611099195342096,0.6041396680942254,1.6497279527223203
0.5,0.6236118068479639,1.7352117420381536,0.37828922901944273,1.8829276661077012
0.7,0.5442551008035459,1.7852588780970888,0.30922819426229214,2.0016995680434926
0.9,0.5480229401156961,1.7562974649568095,0.311221773631913,1.9696925355855255
