xp, rho, u, p, Mach
0.1,0.9874668996619942,1.5144406731160016,0.6998161583965239,1.520398867735312
0.3,0.8860184212433366,1.6131769955343076,0.6031737541043107,1.6524113148907524
0.5,0.6196921200215473,1.7414385347775683,0.37503871718555776,1.8918820954785314
0.7,0.5170167572266282,1.8291342694031902,0.28875654932957473,2.0685592105128516
0.9,0.48377244803975517,1.869581989016925,0.2609040725410971,2.1515955328622858
