xp, rho, u, p, Mach
0.1,0.9874703212520688,1.5144368979234935,0.6998196436171419,1.5203939258616623
0.3,0.8860292444446256,1.6131658498595567,0.6031830662759331,1.652397235276408
0.5,0.6197075755989844,1.7414175484630243,0.37505011167742014,1.8918541490789007
0.7,0.5170277054000267,1.8291166913413295,0.2887637723097709,2.0685353617026636
0.9,0.4837639228866136,1.869596706867064,0.2608964646449703,2.1516248832464497
