xp, rho, u, p, Mach
0.1,0.9874709090250446,1.514436313097722,0.6998202092615153,1.5203931767828394
0.3,0.8860311238567824,1.6131638685026992,0.6031847370777004,1.6523946696884875
0.5,0.6197106948650055,1.741413180294702,0.3750524734739556,1.8918482080707595
0.7,0.5170322731972212,1.8291091809997708,0.2887670699459344,2.068524194647339
0.9,0.48376889597383377,1.8695878825492962,0.26089992560548453,2.1516115158282347
