xp, rho, u, p, Mach
0.1,0.9874631749127484,1.5144445597501885,0.6998125792976382,1.520403790096766
0.3,0.8860068562250065,1.6131893304900955,0.603164056456913,1.6524264490974663
0.5,0.6196769644642904,1.7414588884840887,0.3750276266023233,1.8919090464621233
0.7,0.5170141070267248,1.8291373418514112,0.2887559437763182,2.0685595524489684
0.9,0.48380438562483036,1.8695266687318743,0.2609289916556355,2.151500143282159
