xp, rho, u, p, Mach
0.1,0.9874350509322962,1.5144792978108688,0.6997859175755988,1.5204459763924005
0.3,0.8859330186821941,1.6132629667185325,0.6031026202097152,1.6525171793291062
0.5,0.6195955603768777,1.741568014356367,0.3749698275947502,1.8920491288326198
0.7,0.5171315686773182,1.828963740874635,0.28884213656559526,2.068289506942626
0.9,0.4843468910532474,1.8685426151077293,0.261344378135836,2.1498624105261865
