xp, rho, u, p, Mach
0.1,0.9874683648489754,1.5144390494196527,0.6998175378225469,1.5203968671742178
0.3,0.8860224863223918,1.6131728734671293,0.6031771864530145,1.6524061817262423
0.5,0.6196976870011406,1.7414310817101146,0.37504279353392234,1.8918722148219422
0.7,0.5170195978391281,1.8291298796534228,0.2887582876042094,2.0685537025266947
0.9,0.48376621931594527,1.869592838165865,0.26089898488158136,2.1516151456419026
