xp, rho, u, p, Mach
0.1,0.9874659667300162,1.5144416760216055,0.6998152376824962,1.520400156528662
0.3,0.8860154111449358,1.6131803234161124,0.6031710595075362,1.652415607782891
0.5,0.619688170392901,1.741444068415773,0.37503567185715825,1.891889759277322
0.7,0.5170152859188081,1.8291367641641694,0.28875576646841994,2.0685618925925833
0.9,0.48377893398612826,1.8695704756905287,0.2609092426885929,2.1515753879320663
