xp, rho, u, p, Mach
0.1,0.9925366882542571,1.511279147411976,0.7050582501025006,1.515449460051635
0.3,0.9195798572469004,1.5748429765996823,0.6342320860868016,1.6026690875483773
0.5,0.7032471993571242,1.6341390281468064,0.4396972925337998,1.746634742321617
0.7,0.7082104597685905,1.5430308869334983,0.4441471711135051,1.646752455860353
0.9,0.7785765907265747,1.4634813387290377,0.508500989809283,1.5304809938459514
