xp, rho, u, p, Mach
0.1,0.9874709824235897,1.5144362450005424,0.6998202920704965,1.5203930749698418
0.3,0.8860313982394021,1.6131635468405698,0.6031849896654452,1.6523942500815851
0.5,0.6197112222366996,1.741412409893528,0.37505288909958917,1.8918471278415565
0.7,0.5170336611375941,1.8291068177727101,0.2887681049789503,2.0685205913848272
0.9,0.48377144062501193,1.8695833250544303,0.26090180285223297,2.15160418894276
