xp, rho, u, p, Mach
0.1,0.9874706016239245,1.514436646992248,0.6998198938271915,1.5203936179886186
0.3,0.8860300673079085,1.6131649836718953,0.603183793037853,1.6523961198535038
0.5,0.619708911885169,1.7414157007429476,0.3750511080810207,1.8918516683951068
0.7,0.5170293855057944,1.829113964021504,0.2887649856914092,2.068531292322882
0.9,0.48376526584093427,1.869594416565789,0.2608973581254521,2.1516215496825124
