xp, rho, u, p, Mach
0.1,0.9874709830770074,1.5144362443428279,0.6998202928171771,1.5203930740014688
0.3,0.886031399675944,1.6131635461356328,0.603184990371645,1.652394249731737
0.5,0.6197112227054531,1.7414124118255714,0.37505288857722074,1.8918471319734742
0.7,0.5170336605407649,1.8291068178521883,0.288768104715742,2.0685205912235416
0.9,0.48377143719190535,1.8695833307930754,0.260901799805646,2.1516042004748743
