xp, rho, u, p, Mach
0.1,0.9874709824885705,1.514436245245285,0.6998202923077891,1.5203930750078072
0.3,0.8860313989226457,1.6131635460821903,0.6031849897802085,1.6523942497846722
0.5,0.6197112217449111,1.7414124116279477,0.3750528886238955,1.891847130174894
0.7,0.5170336605407649,1.8291068178521883,0.28876810507759176,2.06852058992753
0.9,0.48377143980425874,1.8695833257559478,0.26090180274393954,2.15160418837146
