xp, rho, u, p, Mach
0.1,0.9874335943340729,1.5144718807080144,0.6997816016820954,1.520442097274166
0.3,0.8859364052327154,1.6132779233445582,0.6030865163332865,1.6525577215618568
0.5,0.619606259368824,1.7415746747500935,0.37496105453822454,1.892094834901108
0.7,0.5169665502353373,1.8292291739821287,0.28870994791184046,2.0687330316771937
0.9,0.48380338366879905,1.869542550046645,0.2609134345619376,2.151580333679091
