xp, rho, u, p, Mach
0.1,0.9874709866965689,1.5144362387916825,0.6998202950858511,1.5203930687505776
0.3,0.8860314062285305,1.6131635344051387,0.6031849981161594,1.6523942332182044
0.5,0.619711227438407,1.7414123995071593,0.37505289200197817,1.8918471171776639
0.7,0.5170336516701816,1.8291068379383177,0.28876809626129535,2.068520626474983
0.9,0.483771409440142,1.8695833890548055,0.26090177714677365,2.151604299242906
