{
  "grid": [
    0.0,
    0.125,
    0.25,
    0.375,
    0.5,
    0.625,
    0.75,
    0.875
  ],
  "solution_steps": {
    "0": [
      0.0,
      0.7071067811865475,
      1.0,
      0.7071067811865476,
      1.2246467991473532e-16,
      -0.7071067811865475,
      -1.0,
      -0.7071067811865477
    ],
    "1": [
      9.992007221626409e-16,
      0.5691918821181934,
      0.8217939458887344,
      0.5965001557573456,
      -2.6645352591003757e-15,
      -0.5965001557573487,
      -0.8217939458887327,
      -0.5691918821181903
    ],
    "2": [
      3.1086244689504383e-15,
      0.53859882647911,
      0.7913065562976637,
      0.5867694247182829,
      -5.151434834260727e-15,
      -0.5867694247182889,
      -0.7913065562976617,
      -0.538598826479104
    ],
    "3": [
      4.685141163918161e-15,
      0.5111771768396903,
      0.7620920463016488,
      0.5750071800097842,
      -7.460698725481052e-15,
      -0.575007180009793,
      -0.7620920463016461,
      -0.5111771768396816
    ],
    "4": [
      6.039613253960852e-15,
      0.4864293040412294,
      0.7341093055045879,
      0.5617294390427615,
      -9.414691248821329e-15,
      -0.5617294390427726,
      -0.7341093055045844,
      -0.4864293040412183
    ],
    "5": [
      7.438494264988549e-15,
      0.46393778399285684,
      0.7072906901265714,
      0.5473442990451712,
      -1.1546319456101628e-14,
      -0.5473442990451842,
      -0.7072906901265674,
      -0.46393778399284386
    ],
    "6": [
      8.482103908136197e-15,
      0.4433506200617461,
      0.6815528013095993,
      0.532171104844761,
      -1.3322676295501878e-14,
      -0.532171104844776,
      -0.6815528013095945,
      -0.4433506200617311
    ],
    "7": [
      9.525713551283844e-15,
      0.4243697046238528,
      0.6568040068012202,
      0.516456911401678,
      -1.509903313490213e-14,
      -0.5164569114016947,
      -0.6568040068012148,
      -0.42436970462383616
    ],
    "8": [
      1.0391687510491466e-14,
      0.40674169562684104,
      0.6329496705247435,
      0.5003904497372365,
      -1.6342482922482306e-14,
      -0.5003904497372542,
      -0.6329496705247376,
      -0.4067416956268233
    ],
    "9": [
      1.1013412404281553e-14,
      0.3902507256105646,
      0.6098957683334187,
      0.4841138441945965,
      -1.7763568394002505e-14,
      -0.4841138441946158,
      -0.609895768333412,
      -0.39025072561054536
    ],
    "10": [
      1.176836406102666e-14,
      0.37471252204870775,
      0.5875513662925975,
      0.46773234985221146,
      -1.856292897173262e-14,
      -0.4677323498522323,
      -0.5875513662925907,
      -0.37471252204868694
    ],
    "11": [
      1.247890679678676e-14,
      0.35996962847910446,
      0.5658302959703996,
      0.4513223796771164,
      -1.936228954946273e-14,
      -0.4513223796771384,
      -0.5658302959703926,
      -0.3599696284790824
    ],
    "12": [
      1.3367085216486885e-14,
      0.3458874934374443,
      0.544652261741334,
      0.43493807658902894,
      -2.042810365310288e-14,
      -0.43493807658905165,
      -0.5446522617413269,
      -0.3458874934374216
    ],
    "13": [
      1.3811174426336948e-14,
      0.3323512497227989,
      0.5239435453626115,
      0.41861666201557224,
      -2.1227464230832995e-14,
      -0.418616662015596,
      -0.523943545362604,
      -0.3323512497227752
    ],
    "14": [
      1.425526363618701e-14,
      0.31926304701575087,
      0.503637424142906,
      0.4023827647494635,
      -2.211564265053312e-14,
      -0.4023827647494882,
      -0.5036374241428981,
      -0.31926304701572616
    ]
  },
  "_source": "solver"
}