{
  "iterations_completed": 1,
  "converged": true,
  "_source": "harvester",
  "fidelity": 0.8710810800080273,
  "shots": 1000,
  "l2_error_abs": 0.5077773527678696,
  "l2_error_rel": 0.5077773527678696
}