{
  "quantum_solution": [
    0.9268265041838071,
    0.23246137075619916,
    0.28831247931450676,
    0.06188906624028679
  ],
  "classical_solution": [
    0.7055698197297996,
    0.046596453582414196,
    0.7055698197297996,
    0.046596453582414196
  ],
  "_source": "harvester"
}