xp, rho, u, p, Mach
0.1,0.9874709788315502,1.5144362518075074,0.6998202890476536,1.5203930823219138
0.3,0.8860314029527249,1.613163541874272,0.6031849945100709,1.652394242753739
0.5,0.6197112346942728,1.7414123992915038,0.37505289629646693,1.8918471171875288
0.7,0.5170336441490443,1.8291068518982943,0.2887680900381707,2.0685206495060404
0.9,0.4837713502663775,1.8695834955878616,0.2609017333190513,2.151604470975795
