xp, rho, u, p, Mach
0.1,0.9874643572038747,1.5144420075435256,0.699812965581844,1.5204017184189917
0.3,0.8859939796869861,1.6132002294146908,0.6031529160217421,1.6524408658000014
0.5,0.6196450783261473,1.7414981688661866,0.37500490304832995,1.8919603629763897
0.7,0.5169669852690225,1.8292156568904794,0.28872292961427065,2.06867210730198
0.9,0.4837648284805069,1.8695880415664539,0.2609034932671997,2.1515879426819438
