xp, rho, u, p, Mach
0.1,0.9874709819256481,1.514436245840954,0.6998202919727821,1.5203930755363673
0.3,0.8860313982154487,1.613163546783888,0.6031849895347502,1.6523942501802051
0.5,0.6197112218552049,1.7414124116157688,0.3750528885721961,1.891847130460406
0.7,0.5170336616869746,1.8291068164274955,0.2887681051992965,2.0685205901733035
0.9,0.4837714406392257,1.8695833252846865,0.2609018023523045,2.1516041913007626
