xp, rho, u, p, Mach
0.1,0.9874709819256481,1.5144362462241032,0.6998202917435881,1.520393076169991
0.3,0.8860313996926025,1.6131635460149634,0.6031849900754144,1.6523942500294209
0.5,0.6197112251388313,1.7414124063701208,0.3750528906828383,1.8918471244504467
0.7,0.5170336602746464,1.8291068200580816,0.2887681038781767,2.0685205961856785
0.9,0.4837714303135541,1.8695833441348035,0.2609017946026831,2.1516042219870988
