xp, rho, u, p, Mach
0.1,0.9872409775109752,1.5146708813711758,0.69954115958234,1.5207548458260238
0.3,0.8848721247994836,1.6137227173349182,0.6022114299620277,1.6532200170608835
0.5,0.618600226547487,1.742704714924861,0.37414211693506993,1.8938541332469565
0.7,0.5240037216217459,1.8191045290493153,0.2935683802173666,2.0540271734347573
0.9,0.506714346653027,1.829676240946354,0.2780798954832513,2.0874065186454454
