xp, rho, u, p, Mach
0.1,0.9874705184244965,1.5144367112461172,0.6998198244728034,1.5203936937827094
0.3,0.8860299445087113,1.6131652722545722,0.6031836461650362,1.6523965021234606
0.5,0.619708468071474,1.7414163653755266,0.3750507917818787,1.8918525107508126
0.7,0.5170271737026828,1.8291173544922372,0.2887633751060177,2.0685364707111225
0.9,0.48376025850138077,1.8696026401941523,0.26089385931654546,2.151634305779366
