xp, rho, u, p, Mach
0.1,0.9874707634232782,1.5144364787480569,0.6998200551699998,1.5203933983800288
0.3,0.8860308193293459,1.6131641843401177,0.603184447322954,1.6523951061285975
0.5,0.6197100029844466,1.741414074511463,0.37505196997033596,1.8918493933446687
0.7,0.5170299894127688,1.829112851188099,0.28876544284214,2.0685296045138015
0.9,0.4837643568948344,1.8695958346734938,0.2608966731520252,2.151623984862875
