{
  "iterations_completed": 1,
  "converged": true,
  "_source": "harvester",
  "fidelity": 1.439553219703701,
  "shots": 1000,
  "l2_error_abs": 0.4423354372960045,
  "l2_error_rel": 0.3567472388748065
}