xp, rho, u, p, Mach
0.1,0.987496379264236,1.5144207075950746,0.6998320279444687,1.520384279429135
0.3,0.8860313896786487,1.6131078482600516,0.6032024047096725,1.6523133365100726
0.5,0.6197251021687438,1.7413970101930774,0.37504001369737777,1.8918840578100555
0.7,0.5170607526811487,1.8290531586584977,0.28874784872027504,2.0685866536681545
0.9,0.48376158304391964,1.8695543772347423,0.26090507901401194,2.151535445106477
