{
  "u_initial": [
    0.0,
    0.05881028419773636,
    0.11705419320967694,
    0.1741708063526774,
    0.22961005941905385,
    0.2828380420955986,
    0.3333421398117613,
    0.38063597049818726,
    0.42426406871192845,
    0.4638062720176422,
    0.4988817673815271,
    0.5291527586090129,
    0.5543277195067721,
    0.5741642014393253,
    0.5884711682419382,
    0.597110836003318,
    0.6,
    0.5971108360033182,
    0.5884711682419382,
    0.5741642014393253,
    0.5543277195067721,
    0.529152758609013,
    0.49888176738152723,
    0.46380627201764224,
    0.4242640687119285,
    0.38063597049818726,
    0.3333421398117613,
    0.2828380420955987,
    0.22961005941905394,
    0.17417080635267743,
    0.11705419320967717,
    0.05881028419773649,
    7.347880794884119e-17,
    -0.05881028419773635,
    -0.11705419320967701,
    -0.17417080635267726,
    -0.2296100594190538,
    -0.2828380420955986,
    -0.33334213981176114,
    -0.38063597049818715,
    -0.42426406871192845,
    -0.46380627201764196,
    -0.4988817673815271,
    -0.5291527586090129,
    -0.5543277195067718,
    -0.5741642014393252,
    -0.5884711682419381,
    -0.5971108360033182,
    -0.6,
    -0.5971108360033182,
    -0.5884711682419382,
    -0.5741642014393253,
    -0.554327719506772,
    -0.529152758609013,
    -0.49888176738152723,
    -0.46380627201764213,
    -0.4242640687119286,
    -0.38063597049818754,
    -0.3333421398117613,
    -0.28283804209559876,
    -0.2296100594190542,
    -0.17417080635267748,
    -0.11705419320967722,
    -0.058810284197736304
  ],
  "u_final_classical": null,
  "u_final_method": [
    -4.110009050934726e-17,
    0.02637345667440128,
    0.052947162518283734,
    0.07991986324944057,
    0.10748705915875538,
    0.13583868217120298,
    0.1651556303994675,
    0.1956042418781001,
    0.22732726393570413,
    0.2604291550233265,
    0.29495266033307777,
    0.33084269090113666,
    0.3678931075554089,
    0.40567323618624657,
    0.4434360160228699,
    0.48002165964405386,
    0.5137913981031708,
    0.5426501362158591,
    0.5642248905887797,
    0.5762261543395746,
    0.5769198496575035,
    0.5655314116514829,
    0.542393551312692,
    0.5087761379068907,
    0.46650491515089326,
    0.41755101957692564,
    0.36372649268696206,
    0.3065265844816116,
    0.24709203079544434,
    0.18624299332496677,
    0.1245439889441996,
    0.06237528798857777,
    7.282068493769739e-17,
    -0.06237528798857758,
    -0.12454398894419937,
    -0.18624299332496658,
    -0.24709203079544417,
    -0.30652658448161146,
    -0.36372649268696183,
    -0.41755101957692553,
    -0.4665049151508931,
    -0.5087761379068902,
    -0.542393551312692,
    -0.5655314116514827,
    -0.5769198496575031,
    -0.5762261543395746,
    -0.5642248905887794,
    -0.5426501362158594,
    -0.5137913981031711,
    -0.4800216596440543,
    -0.4434360160228698,
    -0.40567323618624657,
    -0.3678931075554088,
    -0.33084269090113694,
    -0.2949526603330779,
    -0.2604291550233263,
    -0.22732726393570432,
    -0.19560424187810016,
    -0.16515563039946757,
    -0.13583868217120304,
    -0.10748705915875552,
    -0.07991986324944061,
    -0.05294716251828386,
    -0.026373456674401306
  ],
  "errors_by_step": {},
  "final_error": NaN,
  "max_error": NaN,
  "_source": "solver"
}