{
  "iterations_completed": 1,
  "converged": true,
  "_source": "harvester",
  "fidelity": 0.9806222394862221,
  "shots": 1000,
  "l2_error_abs": 0.19686421977483853,
  "l2_error_rel": 0.19686421977483853
}