{
  "quantum_solution": [
    0.6923752687687047,
    0.19905788977100258,
    0.6733349488775652,
    0.16617006450448912
  ],
  "classical_solution": [
    0.7055698197297996,
    0.046596453582414196,
    0.7055698197297996,
    0.046596453582414196
  ],
  "_source": "harvester"
}