{
  "u_initial": [
    0.0,
    0.19509032201612825,
    0.3826834323650898,
    0.5555702330196022,
    0.7071067811865475,
    0.8314696123025452,
    0.9238795325112867,
    0.9807852804032304,
    1.0,
    0.9807852804032304,
    0.9238795325112867,
    0.8314696123025455,
    0.7071067811865476,
    0.5555702330196022,
    0.3826834323650899,
    0.1950903220161286,
    1.2246467991473532e-16,
    -0.19509032201612836,
    -0.38268343236508967,
    -0.555570233019602,
    -0.7071067811865475,
    -0.8314696123025452,
    -0.9238795325112865,
    -0.9807852804032303,
    -1.0,
    -0.9807852804032304,
    -0.9238795325112866,
    -0.8314696123025455,
    -0.7071067811865477,
    -0.5555702330196022,
    -0.3826834323650904,
    -0.19509032201612872
  ],
  "u_final_classical": [
    -8.486442845178899e-17,
    0.09590909595271489,
    0.19134664650845248,
    0.2858202979373214,
    0.37879355477628157,
    0.46965678236545927,
    0.5576879216366918,
    0.6419952536468057,
    0.7214283406360186,
    0.794429909285007,
    0.8587702555834253,
    0.9110240847824432,
    0.9454091621459159,
    0.9507769815158772,
    0.8960351765679959,
    0.6478384184080687,
    5.561119710024097e-16,
    -0.6478384184080678,
    -0.8960351765679955,
    -0.9507769815158771,
    -0.945409162145916,
    -0.9110240847824432,
    -0.8587702555834253,
    -0.794429909285007,
    -0.7214283406360188,
    -0.641995253646806,
    -0.557687921636692,
    -0.46965678236545944,
    -0.37879355477628174,
    -0.28582029793732155,
    -0.19134664650845262,
    -0.09590909595271506
  ],
  "u_final_method": [
    -3.9968028886505635e-15,
    0.09967171698808802,
    0.19739579202399526,
    0.2914953264544016,
    0.3807261874647409,
    0.46429638540771073,
    0.5417811358524129,
    0.6129910663855226,
    0.6778296335083255,
    0.7361421965116824,
    0.7875190723610348,
    0.8309334290411081,
    0.8638027224350145,
    0.8784880375140045,
    0.8427446102493281,
    0.6055107998936518,
    -3.6517491253107437e-09,
    -0.6055108037009314,
    -0.8427446073591085,
    -0.8784880336895503,
    -0.8638027216788016,
    -0.830933429055406,
    -0.7875190723507703,
    -0.7361421965129578,
    -0.677829633512752,
    -0.6129910663868247,
    -0.5417811358527294,
    -0.46429638540790186,
    -0.380726187464893,
    -0.2914953264544936,
    -0.19739579202404414,
    -0.09967171698810447
  ],
  "errors_by_step": {
    "0": 0.0,
    "8": 0.02156330014522654,
    "16": 0.03559864253221123,
    "24": 0.047349567060661915,
    "32": 0.05528742504760327,
    "40": 0.0592210162923807,
    "48": 0.06517625015784145,
    "51": 0.07045138319945056
  },
  "final_error": 0.07045138319945056,
  "max_error": 0.07045138319945056,
  "_source": "solver"
}