xp, rho, u, p, Mach
0.1,0.9873273392672535,1.5145609801770579,0.699686733069228,1.5205528089515654
0.3,0.8855281376745693,1.613695633099065,0.6027613843393407,1.6530503345119532
0.5,0.6191147411790712,1.7422829448629176,0.37460349349243155,1.8930161899533215
0.7,0.5167080697863574,1.8297756401079153,0.2885203372095132,2.0695133403359978
0.9,0.4841662411047951,1.8688419874844837,0.2612262412570024,2.1502918883834576
