xp, rho, u, p, Mach
0.1,0.9868795607084181,1.5147816264605962,0.7000383795067853,1.5200475112776952
0.3,0.8823224176059882,1.6181358680149225,0.5995196170861741,1.6590631780128076
0.5,0.6177664980432995,1.744362033423406,0.3741434016753392,1.894374062155855
0.7,0.5312420645628041,1.809274820805681,0.2992273940702399,2.037445845324436
0.9,0.5246635964975753,1.8033877513638183,0.29143512396462756,2.0450061467540577
