xp, rho, u, p, Mach
0.1,0.9872962246361866,1.5145756583510388,0.6996637566076424,1.5205685520066319
0.3,0.8854158085414859,1.613819200882678,0.6026652178391618,1.6532039439027573
0.5,0.6189988765985128,1.7424438753178233,0.3745208581478045,1.8932227122846428
0.7,0.5167080697863574,1.8297756401079153,0.2885203372095132,2.0695133403359978
0.9,0.48438522563361947,1.868440439471487,0.2613918325623324,2.1496347684714916
