xp, rho, u, p, Mach
0.1,0.9857234686387224,1.517327822933791,0.6985558246126874,1.5233243801364624
0.3,0.8856315624702394,1.6148051743897396,0.6027411097419437,1.6543113549508974
0.5,0.6211202258028821,1.7385959526469197,0.376400086589458,1.8875463503072438
0.7,0.518661943070916,1.8254481359517398,0.29074396399973856,2.060593465595634
0.9,0.48456902662965756,1.8678128395872102,0.262254137312602,2.145783936890859
