xp, rho, u, p, Mach
0.1,0.9322708391465232,1.608974492190727,0.6545017022871047,1.6229337844428438
0.3,0.8826896522477671,1.6993515174673834,0.607556119944606,1.7311313589741415
0.5,0.7207455158666505,1.5751291982579976,0.4953876517929723,1.6057227122583464
0.7,0.6546476871688375,1.7844655274904981,0.37987531907481387,1.9798278302126677
0.9,0.6168660086114348,1.728611649324591,0.382098159521553,1.8562709347968536
