xp, rho, u, p, Mach
0.1,0.987750053383761,1.5144879863659186,0.6997257785679047,1.5207625485043896
0.3,0.8860133679278187,1.6133445303944867,0.6030094330239252,1.6528033615435191
0.5,0.6193223913922372,1.742840146776755,0.3740498823559844,1.8953401710331121
0.7,0.5165269692786605,1.8313686812466283,0.28741823000043665,2.0749188248638277
0.9,0.48374780384515415,1.8701159433352241,0.260189888861488,2.155106864769514
