xp, rho, u, p, Mach
0.1,0.9875706484729861,1.514445901283124,0.6997959421316712,1.520505947785714
0.3,0.8860133679278187,1.613247682705931,0.6031182674858184,1.6525550207900295
0.5,0.6195992786383557,1.7418629741997196,0.37471942198550057,1.893007435647728
0.7,0.5168677262040646,1.8298302492118284,0.28833707417392807,2.070552509924687
0.9,0.48374780384515415,1.8698717999846506,0.2606357562457176,2.152981606075684
