xp, rho, u, p, Mach
0.1,0.9879995215933055,1.5145578511632825,0.699598328115559,1.5211632842220446
0.3,0.8859624454427836,1.6135780500188701,0.6028005737276083,1.6532814299791054
0.5,0.6190298639868315,1.7438813836785876,0.373239586451884,1.8980815798298398
0.7,0.5160948776648557,1.8333541208151036,0.2862183998992564,2.0806466943349218
0.9,0.48374780384515415,1.8704805975233305,0.25957547156342725,2.158076656825662
