xp, rho, u, p, Mach
0.1,1.0,1.5,0.7142857142857144,1.5
0.3,0.8363426338701093,1.655155089024691,0.5958566088130769,1.657280092705942
0.5,0.49557412026993786,2.174121798523893,0.19366949138348769,2.9392975723470594
0.7,0.35568030522659966,2.5371317421795285,0.051750758838819154,5.621478432991326
0.9,0.3419698400539657,2.543174358442459,0.020428594629418657,8.794006364562751
