{
  "u_initial": [
    0.0,
    0.02940514209886818,
    0.05852709660483847,
    0.0870854031763387,
    0.11480502970952693,
    0.1414190210477993,
    0.16667106990588065,
    0.19031798524909363,
    0.21213203435596423,
    0.2319031360088211,
    0.24944088369076356,
    0.26457637930450645,
    0.27716385975338603,
    0.2870821007196626,
    0.2942355841209691,
    0.298555418001659,
    0.3,
    0.2985554180016591,
    0.2942355841209691,
    0.28708210071966267,
    0.27716385975338603,
    0.2645763793045065,
    0.2494408836907636,
    0.23190313600882112,
    0.21213203435596426,
    0.19031798524909363,
    0.16667106990588065,
    0.14141902104779935,
    0.11480502970952697,
    0.08708540317633871,
    0.05852709660483858,
    0.029405142098868246,
    3.6739403974420595e-17,
    -0.029405142098868176,
    -0.058527096604838506,
    -0.08708540317633863,
    -0.1148050297095269,
    -0.1414190210477993,
    -0.16667106990588057,
    -0.19031798524909357,
    -0.21213203435596423,
    -0.23190313600882098,
    -0.24944088369076356,
    -0.26457637930450645,
    -0.2771638597533859,
    -0.2870821007196626,
    -0.29423558412096906,
    -0.2985554180016591,
    -0.3,
    -0.2985554180016591,
    -0.2942355841209691,
    -0.28708210071966267,
    -0.277163859753386,
    -0.2645763793045065,
    -0.24944088369076362,
    -0.23190313600882106,
    -0.2121320343559643,
    -0.19031798524909377,
    -0.16667106990588065,
    -0.14141902104779938,
    -0.1148050297095271,
    -0.08708540317633874,
    -0.05852709660483861,
    -0.029405142098868152
  ],
  "u_final_classical": null,
  "u_final_method": [
    -0.010995523973848603,
    0.0016808265742350662,
    0.018067585761579984,
    0.032704654683850753,
    0.050207805362840675,
    0.0701151249741765,
    0.08566995744899937,
    0.1033567312894314,
    0.11472655080043045,
    0.13153591590607036,
    0.1444315148746845,
    0.1583813958354901,
    0.1710693408967623,
    0.1849837833826267,
    0.18904968133533748,
    0.190602516865529,
    0.2006779427590202,
    0.2112664638532706,
    0.21336118165137752,
    0.21650854074892326,
    0.21600049260633927,
    0.21379375016726648,
    0.20825224548588694,
    0.19975825010211531,
    0.1833676544340663,
    0.16427142844660927,
    0.14290690625807514,
    0.12162532295322813,
    0.08947258382851654,
    0.06785305830646084,
    0.03740582926486601,
    0.007171639973131981,
    -0.02246872354268896,
    -0.04830056588876118,
    -0.0805461388710593,
    -0.09997678709222585,
    -0.12772941502880408,
    -0.14872326976651562,
    -0.16586647927474446,
    -0.1785932992776388,
    -0.19170184551864228,
    -0.19592833128110976,
    -0.20311066361528315,
    -0.20900066759407024,
    -0.20915163659730446,
    -0.21135329351161444,
    -0.2100596734633797,
    -0.20884726032431555,
    -0.20825268319503487,
    -0.20536297383033988,
    -0.1943380475225906,
    -0.1871573709811643,
    -0.1744486930926258,
    -0.16311012972681005,
    -0.14845153465522792,
    -0.13435199619807286,
    -0.12319487703110167,
    -0.11099573563199504,
    -0.09689548543940951,
    -0.08343303181724451,
    -0.06945005424794017,
    -0.05440439834877316,
    -0.0383203558709025,
    -0.023061515246467962
  ],
  "errors_by_step": {},
  "final_error": NaN,
  "max_error": NaN,
  "_source": "solver"
}