{
  "u_initial": [
    0.0,
    0.3826834323650898,
    0.7071067811865475,
    0.9238795325112867,
    1.0,
    0.9238795325112867,
    0.7071067811865476,
    0.3826834323650899,
    1.2246467991473532e-16,
    -0.38268343236508967,
    -0.7071067811865475,
    -0.9238795325112865,
    -1.0,
    -0.9238795325112866,
    -0.7071067811865477,
    -0.3826834323650904
  ],
  "u_final_classical": [
    -1.5807838581420818e-18,
    0.22063985731165023,
    0.4363327543358343,
    0.6418572412645615,
    0.8316796088398055,
    0.991634976867109,
    1.1234523459419157,
    1.4670306803764048,
    8.650935650955677e-16,
    -1.467030680376405,
    -1.1234523459419157,
    -0.991634976867109,
    -0.8316796088398055,
    -0.6418572412645617,
    -0.43633275433583474,
    -0.2206398573116506
  ],
  "u_final_method": [
    -1.6553168194096e-14,
    3.2567008846336564e-13,
    5.608350715587859e-13,
    8.102548260678867e-13,
    9.333832241796007e-13,
    9.431953101609735e-13,
    7.089642345864776e-13,
    3.612265070177238e-13,
    3.854779807863931e-14,
    -2.8941262509712973e-13,
    -5.789018402090214e-13,
    -7.627284952808917e-13,
    -9.76563339388438e-13,
    -8.673511913606282e-13,
    -6.727012877476826e-13,
    -3.3620427221532395e-13
  ],
  "errors_by_step": {
    "0": 0.0,
    "4": 0.996293252426131,
    "8": 0.9999859250288908,
    "12": 0.9999998955337207,
    "16": 0.9999999984542565,
    "20": 0.9999999999736384,
    "24": 0.9999999999986302,
    "26": 0.9999999999993519
  },
  "final_error": 0.9999999999993519,
  "max_error": 0.9999999999993519,
  "_source": "solver"
}