dq_lu, dq_hhl,
0.00044303170025576357,7.882477020618276e-05
0.001180678186202018,0.00015764954041258783
0.00036967385537943096,0.0
0.0011023965801886775,0.00019308046609754637
0.001334164812710736,0.00023647431061890473
0.001814130957822484,0.00030528702227769315
0.0015076759981111044,0.00022295011815340798
-0.0019422900382515967,-0.0002614321869603489
0.002109668034182153,0.00029493528370324804
0.0017023329919151622,0.0003250028534756741
0.0002908339571299627,0.0
0.0005499236547297613,0.00011147505907657524
0.0022207167052288386,0.0004095855206768901
-0.00017865802355217252,-0.0
0.0006056626823754587,0.0
