dq_lu, dq_hhl,
0.0024771006892762145,0.0014625835636967357
0.006074705398098509,0.003869632381193084
0.0032446304168731437,0.0029251671273937507
0.005095848864887289,0.0038696323811929618
0.00248977399106521,0.0
0.006845307661594178,0.00413681102376886
0.009571862835462946,0.007165166874478986
-0.006569913867442381,-0.002925167127394207
0.007953719282047631,0.004850840905324288
0.008382818299397791,0.005472486594881603
0.0022614479703809637,0.0020684055118838176
0.0027012348773435765,0.0020684055118839664
0.007447827555674311,0.003582583437239386
-0.004846517545868883,-0.004625095329608555
0.004501632658816133,0.0038696323811928616
