xp, rho, u, p, Mach
0.1,0.9873234149071771,1.5143012075576956,0.6999225301213727,1.52003288044033
0.3,0.8856389692802534,1.6134643889599642,0.6029358000801136,1.6526777865169309
0.5,0.6192131211002607,1.7439082356593338,0.37397705609958337,1.8965190383075246
0.7,0.5166435409365093,1.830328132754714,0.2884487782807681,2.0702657025350018
0.9,0.483096181268347,1.8723855975383512,0.26028944242032664,2.1558562525684213
