xp, rho, u, p, Mach
0.1,0.9871312859884853,1.513985415926077,0.7001145017156668,1.5193596739502522
0.3,0.8851723782149402,1.6135511534773028,0.602826871534188,1.652480507905397
0.5,0.6184910183613564,1.747436816799046,0.3725078993510507,1.9029896183950763
0.7,0.515745401570361,1.8331037890638298,0.28794996951741497,2.073395735966021
0.9,0.48204110704604186,1.8766061596316606,0.25934092768115574,2.1622984013419697
