xp, rho, u, p, Mach
0.1,0.9865985675725814,1.5139878200674128,0.7003187503575393,1.518730541333664
0.3,0.8848326355698343,1.6129652918409607,0.6029165856950134,1.6514405914651893
0.5,0.6175503067265468,1.7522949936027152,0.3705036091385708,1.9119791488963216
0.7,0.514418178557395,1.8378332827625623,0.28689344517631477,2.0798879326173103
0.9,0.48040083326153843,1.8830685888611738,0.25796126380519163,2.171834607674471
