xp, rho, u, p, Mach
0.1,0.9874498782993965,1.5144587483869796,0.6997982505747715,1.5204233634706625
0.3,0.8859489509543329,1.6132533940506497,0.6031132483344134,1.652507672169026
0.5,0.6195889108171871,1.7415811310285312,0.3749623460932673,1.8920721015932191
0.7,0.5169195720445307,1.829300657537784,0.28868839794976653,2.0687970843937853
0.9,0.48376194805358125,1.8695891747415854,0.2609060007261277,2.151572502278301
