xp, rho, u, p, Mach
0.1,0.987470982550989,1.5144362451864846,0.6998202920954881,1.5203930752274448
0.3,0.8860313989113688,1.6131635460787066,0.6031849897660924,1.6523942497899236
0.5,0.6197112227127692,1.7414124093939354,0.37505288915842383,1.8918471278770883
0.7,0.5170336626168305,1.8291068149352754,0.28876810611602904,2.068520587062428
0.9,0.48377144379937487,1.8695833186140987,0.2609018052405455,2.1516041787420503
