xp, rho, u, p, Mach
0.1,0.987470982550989,1.5144362452846127,0.6998202920367893,1.5203930753897221
0.3,0.8860313990436617,1.6131635458834255,0.6031849898760201,1.6523942495626818
0.5,0.619711222922232,1.741412408870504,0.37505288933824205,1.8918471271746413
0.7,0.5170336627708421,1.8291068143904294,0.28876810624507787,2.068520586292142
0.9,0.48377144379937487,1.8695833186140987,0.2609018052566994,2.151604178675441
