xp, rho, u, p, Mach
0.1,0.9874506910561055,1.5144578667223896,0.6997990655342557,1.5204222187393621
0.3,0.8859522443461862,1.6132497822255432,0.6031160190246361,1.6525032481543942
0.5,0.6195934342813727,1.7415749968457759,0.374965624038223,1.8920640738339851
0.7,0.5169223111996164,1.8292961085409207,0.2886901974127689,2.0687909734634253
0.9,0.4837582759677698,1.8695959933915718,0.26090284229047694,2.151585206561522
