xp, rho, u, p, Mach
0.1,0.9874709833153845,1.5144362444486843,0.6998202926998986,1.520393074418651
0.3,0.8860314016371696,1.6131635431026137,0.6031849918393761,1.6523942464433532
0.5,0.619711226705953,1.7414124043615553,0.375052892425958,1.891847120264079
0.7,0.5170336666947283,1.829106806777609,0.28876810908981504,2.0685205753433142
0.9,0.4837714417975151,1.8695833213871977,0.2609018040670385,2.1516041823206002
