xp, rho, u, p, Mach
0.1,0.9874709831069169,1.5144362447228077,0.6998202921731572,1.520393075105551
0.3,0.8860313998675936,1.6131635446194548,0.6031849905293186,1.6523942481414249
0.5,0.6197112236337663,1.7414124070941974,0.37505289026131233,1.8918471240028851
0.7,0.5170336634187436,1.8291068135743973,0.28876810689412613,2.068520584340693
0.9,0.48377144379937487,1.869583319046573,0.26090180515554967,2.1516041795902336
