xp, rho, u, p, Mach
0.1,0.9874296659839608,1.5144838555935645,0.6997745848542767,1.5204587178853444
0.3,0.8858601658746331,1.6133491291497966,0.6030394210294279,1.6526240792311038
0.5,0.6194684352815604,1.7417474278320753,0.3748733777722258,1.8922932984321224
0.7,0.5168695427685045,1.8294049917062545,0.2886551058807748,2.0689342574793614
0.9,0.48393891266575984,1.8692503951851576,0.2610533028616106,2.15096894052254
