xp, rho, u, p, Mach
0.1,0.9874542769497027,1.5144538175604194,0.6998030078684405,1.5204166316565169
0.3,0.8859675530536372,1.6132326163279858,0.6031292569921299,1.652481806181172
0.5,0.6196149780796275,1.741545522255537,0.37498113187446847,1.8920258210414207
0.7,0.5169361804513576,1.8292722338589988,0.2886995799468654,2.0687581083845514
0.9,0.48374307626243696,1.869625560984617,0.2608892519241511,2.1516414715282006
