{
  "u_initial": [
    0.0,
    0.7818314824680298,
    0.9749279121818236,
    0.43388373911755823,
    -0.433883739117558,
    -0.9749279121818234,
    -0.7818314824680299,
    -2.4492935982947064e-16
  ],
  "u_final_classical": [
    0.0,
    0.46583459982717645,
    0.977003357836975,
    0.9483800653332511,
    -0.9483800653332508,
    -0.977003357836975,
    -0.4658345998271766,
    -2.4492935982947064e-16
  ],
  "u_final_method": [
    0.0054085172595260906,
    0.0035435219752424757,
    0.04540662789881079,
    0.0001419127878378573,
    -0.0444254517654935,
    -0.0009109413899055345,
    -0.003686648761282479,
    -0.00555141474275389
  ],
  "errors_by_step": {
    "0": 0.0,
    "2": 0.9580388887652934,
    "4": 0.9573440887169735,
    "6": 0.9782411392338776,
    "8": 0.9569680241205039,
    "10": 0.9783193737960701
  },
  "final_error": 0.9783193737960701,
  "max_error": 0.9783193737960701,
  "_source": "solver"
}