{
  "quantum_solution": [
    1.2393409839213567,
    0.03672551424641271,
    0.007972029435996864,
    0.002051056117028319,
    0.0006320864763169035,
    0.0002321950321164135,
    0.00021929530810994605,
    0.00010319779205173932,
    0.00018059613609054383,
    0.00034829254817462027,
    0.00021929530810994605,
    0.00012899724006467414,
    0.00015479668807760898,
    0.00010319779205173932,
    0.00014189696407114157,
    6.449862003233707e-05,
    0.00012899724006467414,
    0.00012899724006467414,
    7.739834403880449e-05,
    3.8699172019402246e-05,
    3.8699172019402246e-05,
    0.00015479668807760898,
    0.00010319779205173932,
    0.00010319779205173932,
    2.579944801293483e-05,
    3.8699172019402246e-05,
    7.739834403880449e-05,
    3.8699172019402246e-05,
    9.029806804527191e-05,
    0.00011609751605820674,
    0.00018059613609054383,
    1.2899724006467415e-05
  ],
  "classical_solution": [
    1.1458980337503155,
    0.4376941012509464,
    0.16718427000252364,
    0.06385870875662455,
    0.02439185626735004,
    0.009316860045425573,
    0.0035587238689266795,
    0.001359311561354466,
    0.000519210815136718,
    0.0001983208840556879,
    7.575183703034567e-05,
    2.8934627035349148e-05,
    1.1052044075701766e-05,
    4.221505191756158e-06,
    1.6124714995667087e-06,
    6.159093069439681e-07,
    2.352564212651957e-07,
    8.985995685161903e-08,
    3.432344928966143e-08,
    1.3110391017365256e-08,
    5.007723762434342e-09,
    1.912780269937772e-09,
    7.306170473789749e-10,
    2.7907087219915313e-10,
    1.0659556921848457e-10,
    4.0715835456300584e-11,
    1.5551937150417196e-11,
    5.939975994951012e-12,
    2.2679908344358403e-12,
    8.639965083565106e-13,
    3.239986906336914e-13,
    1.0799956354456378e-13
  ],
  "_source": "harvester"
}