{
  "iterations_completed": 1,
  "converged": true,
  "_source": "harvester",
  "fidelity": 1.437715400716504,
  "shots": 100000,
  "l2_error_abs": 0.44647091402000233,
  "l2_error_rel": 0.3600825355257876
}