{
  "u_initial": [
    0.0,
    0.02940514209886818,
    0.05852709660483847,
    0.0870854031763387,
    0.11480502970952693,
    0.1414190210477993,
    0.16667106990588065,
    0.19031798524909363,
    0.21213203435596423,
    0.2319031360088211,
    0.24944088369076356,
    0.26457637930450645,
    0.27716385975338603,
    0.2870821007196626,
    0.2942355841209691,
    0.298555418001659,
    0.3,
    0.2985554180016591,
    0.2942355841209691,
    0.28708210071966267,
    0.27716385975338603,
    0.2645763793045065,
    0.2494408836907636,
    0.23190313600882112,
    0.21213203435596426,
    0.19031798524909363,
    0.16667106990588065,
    0.14141902104779935,
    0.11480502970952697,
    0.08708540317633871,
    0.05852709660483858,
    0.029405142098868246,
    3.6739403974420595e-17,
    -0.029405142098868176,
    -0.058527096604838506,
    -0.08708540317633863,
    -0.1148050297095269,
    -0.1414190210477993,
    -0.16667106990588057,
    -0.19031798524909357,
    -0.21213203435596423,
    -0.23190313600882098,
    -0.24944088369076356,
    -0.26457637930450645,
    -0.2771638597533859,
    -0.2870821007196626,
    -0.29423558412096906,
    -0.2985554180016591,
    -0.3,
    -0.2985554180016591,
    -0.2942355841209691,
    -0.28708210071966267,
    -0.277163859753386,
    -0.2645763793045065,
    -0.24944088369076362,
    -0.23190313600882106,
    -0.2121320343559643,
    -0.19031798524909377,
    -0.16667106990588065,
    -0.14141902104779938,
    -0.1148050297095271,
    -0.08708540317633874,
    -0.05852709660483861,
    -0.029405142098868152
  ],
  "u_final_classical": null,
  "u_final_method": [
    -4.383003038336006e-17,
    0.018190283367095963,
    0.036366799707036705,
    0.05451090322647186,
    0.07259418772714898,
    0.09057361937443673,
    0.10838674312703697,
    0.12594708838366775,
    0.14313999157797033,
    0.15981916917835126,
    0.17580450366382136,
    0.1908816251829798,
    0.20480394514480008,
    0.21729777341377596,
    0.22807097223880637,
    0.23682522778259663,
    0.24327145948096163,
    0.24714721581975588,
    0.24823427823648894,
    0.24637431496002696,
    0.24148047052952584,
    0.23354331028979433,
    0.22263046470721004,
    0.20888039464352404,
    0.19249163219085436,
    0.1737094126920767,
    0.15281171574632657,
    0.13009643987098388,
    0.10587090497353667,
    0.08044428387003973,
    0.05412304142497741,
    0.02720907398245401,
    4.1227881173052467e-17,
    -0.027209073982453938,
    -0.05412304142497735,
    -0.08044428387003971,
    -0.10587090497353657,
    -0.13009643987098377,
    -0.15281171574632646,
    -0.17370941269207674,
    -0.19249163219085427,
    -0.208880394643524,
    -0.22263046470720985,
    -0.23354331028979428,
    -0.2414804705295258,
    -0.24637431496002685,
    -0.24823427823648897,
    -0.24714721581975593,
    -0.24327145948096163,
    -0.23682522778259668,
    -0.22807097223880643,
    -0.21729777341377596,
    -0.2048039451448001,
    -0.1908816251829798,
    -0.17580450366382144,
    -0.15981916917835132,
    -0.14313999157797042,
    -0.12594708838366778,
    -0.10838674312703703,
    -0.09057361937443675,
    -0.07259418772714905,
    -0.054510903226471896,
    -0.036366799707036754,
    -0.018190283367095997
  ],
  "errors_by_step": {},
  "final_error": NaN,
  "max_error": NaN,
  "_source": "solver"
}