dq_lu, dq_hhl,
-0.008536171402716633,-0.004344440255152361
-0.004664904419112923,-0.0043444402551519375
0.018338010600459535,0.012287932659512963
-0.009714411485841415,-0.005608648252266144
-0.008643138045392572,-0.004344440255152367
0.01676985002082219,0.009385063591122981
0.023934887268780812,0.013738326364805558
-0.024953905190479117,-0.012789685810518979
0.04828895547034912,0.027476652729611695
0.027873297402043064,0.016255406972090217
0.017033926038947392,0.010933268213442551
0.07652603865483755,0.04423371305393727
0.01707268173915035,0.009714463734707777
-0.02639294546579674,-0.015257172759414702
0.06770711270511977,0.03893872465157153
