xp, rho, u, p, Mach
0.1,0.9874382560518831,1.5145533369729354,0.6997226295964903,1.5205915369680587
0.3,0.8862907916814174,1.613096034413388,0.6029321321588492,1.6529134346293852
0.5,0.6194395842739977,1.742668622084987,0.3744204018287423,1.8943949117257153
0.7,0.5168705133790849,1.8293827409400538,0.2884383376462191,2.069688307707603
0.9,0.48359941287066277,1.8707717754102011,0.2602270466892913,2.1553780569799894
