xp, rho, u, p, Mach
0.1,0.9874374564345918,1.5145650341682702,0.6996955554929233,1.5206320840192513
0.3,0.8864208953226832,1.6130636761311306,0.6028075447682713,1.6531724021563203
0.5,0.6192802771324568,1.7434043451989532,0.37405806736395947,1.8958685305605574
0.7,0.5167880924373789,1.829515021024237,0.2882686427163994,2.070282014585642
0.9,0.4835083588342752,1.871343916525807,0.2598917592301667,2.1572244336934143
