xp, rho, u, p, Mach
0.1,0.9874382560518831,1.5145537415726806,0.6997222277534674,1.5205923798106729
0.3,0.8862923645824698,1.6130955991460425,0.6029307093771741,1.6529164055835257
0.5,0.6194377975784641,1.742676604220368,0.3744166750253624,1.8944102847981503
0.7,0.516869620031318,1.829384090069345,0.28843666019498854,2.069694063750964
0.9,0.4835984342572156,1.870777969692866,0.2602234003341275,2.1553981137892415
