xp, rho, u, p, Mach
0.1,0.9874374564345918,1.5145650341682702,0.6996911518986293,1.5206368691563898
0.3,0.8864461200779111,1.6130598903969458,0.6027818131073578,1.6532273296217384
0.5,0.6192481806993405,1.7435487777329695,0.3739879694666987,1.8961541356751237
0.7,0.5167715789587762,1.8295336283376926,0.28823905139237926,2.0703762598459736
0.9,0.48348634086280495,1.871476079106366,0.25982153084954807,2.1576192020297134
