{
  "u_initial": [
    0.0,
    0.039206856131824244,
    0.0780361288064513,
    0.11611387090178493,
    0.15307337294603593,
    0.18855869473039907,
    0.22222809320784087,
    0.25375731366545823,
    0.282842712474619,
    0.3092041813450948,
    0.3325878449210181,
    0.352768505739342,
    0.36955181300451473,
    0.3827761342928836,
    0.3923141121612922,
    0.39807389066887877,
    0.4,
    0.39807389066887877,
    0.3923141121612922,
    0.3827761342928836,
    0.36955181300451473,
    0.35276850573934204,
    0.3325878449210182,
    0.30920418134509486,
    0.28284271247461906,
    0.25375731366545823,
    0.22222809320784087,
    0.18855869473039916,
    0.15307337294603596,
    0.11611387090178496,
    0.07803612880645144,
    0.039206856131824334,
    4.898587196589413e-17,
    -0.03920685613182424,
    -0.07803612880645135,
    -0.11611387090178485,
    -0.15307337294603587,
    -0.18855869473039907,
    -0.2222280932078408,
    -0.2537573136654581,
    -0.282842712474619,
    -0.3092041813450947,
    -0.3325878449210181,
    -0.352768505739342,
    -0.3695518130045146,
    -0.38277613429288354,
    -0.39231411216129214,
    -0.39807389066887877,
    -0.4,
    -0.39807389066887877,
    -0.3923141121612922,
    -0.3827761342928836,
    -0.3695518130045147,
    -0.35276850573934204,
    -0.3325878449210182,
    -0.30920418134509475,
    -0.28284271247461906,
    -0.2537573136654584,
    -0.22222809320784087,
    -0.18855869473039918,
    -0.15307337294603618,
    -0.116113870901785,
    -0.0780361288064515,
    -0.0392068561318242
  ],
  "u_final_classical": null,
  "u_final_method": [
    5e-324,
    0.01770165069081548,
    0.03535155369990436,
    0.052897149036098115,
    0.07028422643011885,
    0.08745603533907467,
    0.10435231520645384,
    0.12090821642367598,
    0.1370530804083119,
    0.1527090454957092,
    0.1677894447797049,
    0.18219696399305088,
    0.1958215341048855,
    0.2085379477189638,
    0.22020321521441102,
    0.23065372232461223,
    0.23970232396903915,
    0.24713561988209917,
    0.25271181667050785,
    0.2561597964396911,
    0.2571802831044919,
    0.2554503031903851,
    0.2506324221099941,
    0.24239038953249123,
    0.23041267187618336,
    0.21444465279085995,
    0.19432881276117367,
    0.17004986050455864,
    0.14177881962146016,
    0.10990723205111512,
    0.07506120277997409,
    0.03808639041685263,
    -1.0425200775530427e-16,
    -0.038086390416852835,
    -0.07506120277997427,
    -0.10990723205111523,
    -0.14177881962146027,
    -0.17004986050455875,
    -0.19432881276117378,
    -0.21444465279086006,
    -0.23041267187618347,
    -0.24239038953249134,
    -0.2506324221099942,
    -0.2554503031903852,
    -0.25718028310449204,
    -0.2561597964396912,
    -0.25271181667050796,
    -0.24713561988209928,
    -0.23970232396903926,
    -0.23065372232461234,
    -0.2202032152144111,
    -0.20853794771896386,
    -0.19582153410488554,
    -0.18219696399305088,
    -0.1677894447797049,
    -0.1527090454957092,
    -0.1370530804083119,
    -0.12090821642367598,
    -0.10435231520645384,
    -0.08745603533907467,
    -0.07028422643011885,
    -0.052897149036098115,
    -0.03535155369990436,
    -0.01770165069081548
  ],
  "errors_by_step": {},
  "final_error": NaN,
  "max_error": NaN,
  "_source": "solver"
}