xp, rho, u, p, Mach
0.1,0.9875228835983685,1.5142738623632002,0.6999217584736842,1.5201598051090244
0.3,0.8860391826333766,1.613119795518566,0.6032005365051731,1.6523353992741365
0.5,0.6196958373972904,1.7414532626990804,0.3750178805313652,1.8919563282740994
0.7,0.5170752570741532,1.828924863594771,0.28882964221133034,2.068177663200857
0.9,0.4838098222858308,1.8694229964140157,0.2609429628822295,2.1513353273423936
