dq_lu, dq_hhl,
-0.003392025035247668,-0.0
-0.004543140907589163,-0.0011266565964442095
0.0017699656779991196,0.001126656596443821
-0.0024373815515724663,-0.0
0.0006692969207197924,0.0
-0.000238964478202533,-0.0
0.00011158360139495039,0.0
0.0008292632940857075,0.0
0.0007595579443434532,0.0
0.0015183613283338922,0.0
-0.0020291681115493514,-0.0
0.0002510832168256537,0.0
0.004187408488647502,0.0011266565964441885
0.00011508666344649809,0.0
-0.0023359459075948698,-0.0
