dq_lu, dq_hhl,
-0.003392981778938192,-0.0
-0.004543558898877072,-0.0
0.0017706625070908156,0.0
-0.002980414901152362,-0.0001493008573247068
0.0006710212766378996,0.0
-0.00023861568463399359,-0.0
0.00011209438070700962,0.0
0.000979798468048529,0.0001493008573246045
0.0007616483907924559,0.0
0.0015142630467423885,0.0
-0.002031694618290146,-0.0
0.00024191967474706177,0.0
0.004877113689431296,0.00014930085732472626
0.00011457205052868577,0.0
-0.0030932848321463926,-0.0002111432973025334
