xp, rho, u, p, Mach
0.1,0.9908584318886342,1.513838861057994,0.7026588372832577,1.5193197386835473
0.3,0.8890054634313138,1.6070187792101256,0.6052504552776691,1.6460445554028664
0.5,0.6259097726703232,1.722594719393448,0.38167010496055453,1.8643647704416193
0.7,0.5202804273344042,1.821598074718527,0.2929664218230481,2.0516267903754173
0.9,0.47884613195715703,1.8885763071047421,0.2587568846208419,2.171313607743716
