xp, rho, u, p, Mach
0.1,0.9908584318886342,1.512701810032151,0.6990534258786948,1.5220885859682662
0.3,0.8884640515189736,1.6079980637505988,0.6049706446046886,1.646926747782995
0.5,0.619591337904014,1.7404022685724363,0.37525078208130364,1.8900682581562391
0.7,0.5154941765589057,1.838511214758183,0.28612785260639306,2.085614701634111
0.9,0.4806766181828855,1.8813843348189652,0.2597514097823706,2.163022552532741
