{
  "grid": [
    0.0,
    0.03225806451612903,
    0.06451612903225806,
    0.0967741935483871,
    0.12903225806451613,
    0.16129032258064516,
    0.1935483870967742,
    0.22580645161290322,
    0.25806451612903225,
    0.29032258064516125,
    0.3225806451612903,
    0.3548387096774194,
    0.3870967741935484,
    0.4193548387096774,
    0.45161290322580644,
    0.4838709677419355,
    0.5161290322580645,
    0.5483870967741935,
    0.5806451612903225,
    0.6129032258064516,
    0.6451612903225806,
    0.6774193548387096,
    0.7096774193548387,
    0.7419354838709677,
    0.7741935483870968,
    0.8064516129032258,
    0.8387096774193548,
    0.8709677419354839,
    0.9032258064516129,
    0.9354838709677419,
    0.967741935483871,
    1.0
  ],
  "solution_steps": {
    "0": [
      0.0,
      0.20129852008866006,
      0.39435585511331855,
      0.5712682150947923,
      0.7247927872291199,
      0.8486442574947509,
      0.9377521321470804,
      0.9884683243281114,
      0.9987165071710528,
      0.9680771188662044,
      0.8978045395707416,
      0.7907757369376985,
      0.6513724827222223,
      0.48530196253108143,
      0.29936312297335804,
      0.10116832198743228,
      -0.10116832198743204,
      -0.2993631229733574,
      -0.48530196253108043,
      -0.651372482722222,
      -0.7907757369376986,
      -0.8978045395707414,
      -0.9680771188662043,
      -0.9987165071710528,
      -0.9884683243281114,
      -0.9377521321470808,
      -0.8486442574947515,
      -0.72479278722912,
      -0.5712682150947924,
      -0.3943558551133187,
      -0.20129852008866028,
      -2.4492935982947064e-16
    ],
    "1": [
      0.0,
      0.20188355952745254,
      0.38498418987577504,
      0.5668921373683978,
      0.7105501283292551,
      0.8491326585006674,
      0.9432283692093215,
      0.9875415226116393,
      1.0021219106303398,
      0.9779153099806336,
      0.9013680057888321,
      0.8025400658315118,
      0.6549300051386031,
      0.5065259302248244,
      0.3144582816718232,
      0.0796208601398965,
      -0.10041813679305209,
      -0.2978105732643698,
      -0.500951132096503,
      -0.6772590792508182,
      -0.802151172656118,
      -0.9154509676555442,
      -0.9915405451915613,
      -1.0069881635261846,
      -0.9832138770929765,
      -0.9232792459647938,
      -0.821870043455956,
      -0.7194237778373131,
      -0.5531486025041715,
      -0.38335977816117195,
      -0.20033201974774906,
      0.0
    ],
    "2": [
      0.0,
      0.2010575725799839,
      0.3676301889988122,
      0.5587488767693783,
      0.6940831083319188,
      0.8563916865100402,
      0.942435532250463,
      0.9915532057183208,
      1.0045118956492138,
      0.9823198483765421,
      0.9026266962541106,
      0.8159456989041253,
      0.6529077892858207,
      0.5307888061243773,
      0.32697859229231085,
      0.07165753683710968,
      -0.07994408940243529,
      -0.3058021388730792,
      -0.5125266414803498,
      -0.6871258131857169,
      -0.8233536180727146,
      -0.9298206251576616,
      -0.9812535484979444,
      -1.0134349845664687,
      -0.997028235186318,
      -0.9078082040619851,
      -0.8242498179533482,
      -0.7217372356118799,
      -0.5422034784479995,
      -0.3735623747383864,
      -0.1875893182060045,
      0.0
    ],
    "3": [
      0.0,
      0.2005906241205496,
      0.36073810841647674,
      0.516094999803072,
      0.6902936379446871,
      0.8670328705418224,
      0.9469347394164963,
      0.9878141758743423,
      0.9852999177787042,
      0.9767704365729891,
      0.9222212196595494,
      0.831175797376871,
      0.6654058763775653,
      0.546343519822868,
      0.33305508784755394,
      0.08886853033091811,
      -0.07746584460173588,
      -0.3171741464011608,
      -0.5292984745431542,
      -0.6957513851234114,
      -0.8299071078722888,
      -0.9371817526529547,
      -0.9867518894487091,
      -1.0332209428500232,
      -0.9992681068152384,
      -0.894755850206667,
      -0.8255723046936957,
      -0.7241154958702812,
      -0.5327714856683045,
      -0.3820176320863648,
      -0.16674215915929605,
      0.0
    ],
    "4": [
      0.0,
      0.184260450835686,
      0.3447981966930292,
      0.5212774792430864,
      0.6760678506776082,
      0.8307579009972984,
      0.9362962146004445,
      0.9978929146388739,
      0.9868362531033956,
      0.996292506135516,
      0.9359786033770043,
      0.8400186906722324,
      0.6854314313829968,
      0.5634180403611384,
      0.35633553368153825,
      0.08046379732208334,
      -0.07500663316460945,
      -0.32974811274202687,
      -0.5346362855620846,
      -0.7016406346121327,
      -0.850432992445772,
      -0.941626938728685,
      -0.9907417414197307,
      -1.0332458792356423,
      -1.0031927107223486,
      -0.8885238653677394,
      -0.8374964815299368,
      -0.7077950763930104,
      -0.5186258964498687,
      -0.3854617550039547,
      -0.16609848369620403,
      0.0
    ],
    "5": [
      0.0,
      0.18535185688309488,
      0.3393705484591334,
      0.5229206108386981,
      0.6638107289980121,
      0.8300217404933043,
      0.9345224445383444,
      0.9734926462407067,
      0.9847712562823826,
      0.9997866994242525,
      0.9532721942822595,
      0.8405073361178891,
      0.7014777463629996,
      0.5771593098108362,
      0.38222711533345827,
      0.0918000470234524,
      -0.08065935980188324,
      -0.3284580963973219,
      -0.5502715394453496,
      -0.7227621534227423,
      -0.8567330092718275,
      -0.9690417835003197,
      -1.0109346177147114,
      -1.0388885680677757,
      -0.9793956453568112,
      -0.8930548386865753,
      -0.8297645030438248,
      -0.6885934791735997,
      -0.5146909574108973,
      -0.38449284314411725,
      -0.16461167877931948,
      0.0
    ]
  },
  "_source": "solver"
}