{
  "u_initial": [
    0.0,
    0.20129852008866006,
    0.39435585511331855,
    0.5712682150947923,
    0.7247927872291199,
    0.8486442574947509,
    0.9377521321470804,
    0.9884683243281114,
    0.9987165071710528,
    0.9680771188662044,
    0.8978045395707416,
    0.7907757369376985,
    0.6513724827222223,
    0.48530196253108143,
    0.29936312297335804,
    0.10116832198743228,
    -0.10116832198743204,
    -0.2993631229733574,
    -0.48530196253108043,
    -0.651372482722222,
    -0.7907757369376986,
    -0.8978045395707414,
    -0.9680771188662043,
    -0.9987165071710528,
    -0.9884683243281114,
    -0.9377521321470808,
    -0.8486442574947515,
    -0.72479278722912,
    -0.5712682150947924,
    -0.3943558551133187,
    -0.20129852008866028,
    -2.4492935982947064e-16
  ],
  "u_final_classical": [
    0.0,
    0.18587525816046016,
    0.36608885886533166,
    0.5349741063956654,
    0.6868708037523475,
    0.8161713287684038,
    0.9174212953441,
    0.985496036993373,
    1.0158717477630288,
    1.0050004052510155,
    0.9507768621638014,
    0.853053399228441,
    0.7141161454712687,
    0.5390022435521032,
    0.33552668321897305,
    0.11392214440238098,
    -0.11392214440238069,
    -0.33552668321897217,
    -0.5390022435521022,
    -0.7141161454712688,
    -0.8530533992284411,
    -0.9507768621638011,
    -1.0050004052510155,
    -1.0158717477630288,
    -0.985496036993373,
    -0.9174212953441004,
    -0.816171328768404,
    -0.6868708037523474,
    -0.5349741063956656,
    -0.3660888588653318,
    -0.18587525816046035,
    -2.4492935982947064e-16
  ],
  "u_final_method": [
    0.0,
    0.18535185688309488,
    0.3393705484591334,
    0.5229206108386981,
    0.6638107289980121,
    0.8300217404933043,
    0.9345224445383444,
    0.9734926462407067,
    0.9847712562823826,
    0.9997866994242525,
    0.9532721942822595,
    0.8405073361178891,
    0.7014777463629996,
    0.5771593098108362,
    0.38222711533345827,
    0.0918000470234524,
    -0.08065935980188324,
    -0.3284580963973219,
    -0.5502715394453496,
    -0.7227621534227423,
    -0.8567330092718275,
    -0.9690417835003197,
    -1.0109346177147114,
    -1.0388885680677757,
    -0.9793956453568112,
    -0.8930548386865753,
    -0.8297645030438248,
    -0.6885934791735997,
    -0.5146909574108973,
    -0.38449284314411725,
    -0.16461167877931948,
    0.0
  ],
  "errors_by_step": {
    "0": 0.0,
    "1": 0.012453708435385423,
    "2": 0.019881410888467073,
    "3": 0.02589910484226348,
    "4": 0.02610150607673925,
    "5": 0.027095939639470924
  },
  "final_error": 0.027095939639470924,
  "max_error": 0.027095939639470924,
  "_source": "solver"
}