{
  "u_initial": [
    0.0,
    0.7071067811865475,
    1.0,
    0.7071067811865476,
    1.2246467991473532e-16,
    -0.7071067811865475,
    -1.0,
    -0.7071067811865477
  ],
  "u_final_classical": [
    -1.4778213349946724e-17,
    0.361989589826444,
    0.7161619111719113,
    1.174496075191928,
    3.3455384452398253e-16,
    -1.1744960751919282,
    -0.7161619111719114,
    -0.3619895898264442
  ],
  "u_final_method": [
    -2.3092638912203257e-16,
    0.31904524864561534,
    0.43393948878975225,
    0.44671583034677864,
    8.995471034722868e-14,
    -0.44671583034677476,
    -0.4339394887898419,
    -0.31904524864561923
  ],
  "errors_by_step": {
    "0": 0.0,
    "2": 0.2571604261735831,
    "4": 0.3237475492942149,
    "6": 0.3779702751841025,
    "8": 0.4259974322885869,
    "10": 0.470199987452849,
    "12": 0.511388080047908,
    "14": 0.5495908849182312
  },
  "final_error": 0.5495908849182312,
  "max_error": 0.5495908849182312,
  "_source": "solver"
}