{
  "quantum_solution": [
    0.7146815948864763,
    0.594881900092965,
    0.5824089277543812,
    0.573041873428963
  ],
  "classical_solution": [
    1.1454545454545455,
    0.43636363636363634,
    0.16363636363636364,
    0.05454545454545454
  ],
  "_source": "harvester"
}