{
  "iterations_completed": 1,
  "converged": true,
  "_source": "harvester",
  "fidelity": 0.618254004132717,
  "shots": 100000,
  "l2_error_abs": 0.8092603856175606,
  "l2_error_rel": 0.6537716768856906
}