xp, rho, u, p, Mach
0.1,0.9874708064901383,1.5144364454769057,0.6998201083354768,1.5203933403803949
0.3,0.8860302058256375,1.61316467774643,0.6031839099006548,1.6523957755817007
0.5,0.6197087169732497,1.7414152103816887,0.3750510769739212,1.891850916614727
0.7,0.5170329971450913,1.8291071727655481,0.2887677931774611,2.068520781367292
0.9,0.48377830877038497,1.8695695344913,0.26090734170655133,2.151580752671768
