xp, rho, u, p, Mach
0.1,0.9874707364968148,1.5144365528223045,0.6998200585222233,1.5203934483750767
0.3,0.8860299258523363,1.6131649254823537,0.6031836586038319,1.6523961124836217
0.5,0.619708162300986,1.741415746276192,0.3750506984241467,1.8918516068997202
0.7,0.5170330671384161,1.829106925150259,0.28876789163637673,2.0685202887107077
0.9,0.48378052723862186,1.869565191223539,0.2609091052833377,2.1515734158421758
