xp, rho, u, p, Mach
0.1,0.9874692240984839,1.5144386945383983,0.6998182249958637,1.5203964259233782
0.3,0.8860218846273609,1.6131717546505098,0.6031767590682382,1.6524050600385818
0.5,0.6196925731807409,1.7414310895709213,0.3750399708004846,1.891871536899333
0.7,0.5170430766200121,1.8290841388399173,0.2887764319958024,2.0684839545976494
0.9,0.4838651463218572,1.8694038383201417,0.260975186751643,2.1513034506200834
