xp, rho, u, p, Mach
0.1,0.9874617924983049,1.5144472176646389,0.6998109107245511,1.5204072067765464
0.3,0.8859881442973473,1.6131992552049081,0.6031467897785605,1.6524428181600552
0.5,0.6196362877742654,1.7414867860870484,0.3750001549615986,1.891946554087401
0.7,0.5171291767791315,1.828918947211263,0.28884555370457754,2.0682218347629857
0.9,0.48432176930132675,1.8685336907613295,0.2613254868644633,2.1498740915622485
