xp, rho, u, p, Mach
0.1,0.9874699589180606,1.5144375675783421,0.6998191902694543,1.5203948116710726
0.3,0.8860255562207116,1.6131686306289033,0.6031798206890963,1.652401090090471
0.5,0.6196995541071073,1.7414245842750942,0.37504485660477094,1.8918628026427224
0.7,0.5170374004059404,1.8290959906243482,0.2887717876427821,2.068502637153772
0.9,0.48382373002306844,1.8694817268904147,0.2609428239795616,2.151434409298588
