xp, rho, u, p, Mach
0.1,0.9975797441457702,1.5036391915560128,0.7118248533575247,1.5044122338917518
0.3,0.9477663325847518,1.5435104036266256,0.6622970653831411,1.5605215358961204
0.5,0.7907241355958161,1.5539161005753723,0.5163709344278331,1.6251563607022363
0.7,0.8452484396609099,1.4845816876660847,0.5680383906698339,1.5305355661985112
0.9,0.9278636488943601,1.4667687396156373,0.6434542847143835,1.488609750792005
