xp, rho, u, p, Mach
0.1,0.9874662973408078,1.5144421571252236,0.6998150428442323,1.5204011056961189
0.3,0.8860059454642428,1.6131848029599238,0.6031619075389978,1.6524239057337773
0.5,0.6196635805755165,1.7414584882848723,0.37502034756786295,1.8919065411026774
0.7,0.5170790256010152,1.8290163309364096,0.28880566640133293,2.0683744827942396
0.9,0.48407696260217015,1.8690044837531008,0.26113671542383116,2.1506491375202597
