xp, rho, u, p, Mach
0.1,0.9874686531741059,1.5144385440755836,0.6998182211315626,1.5203958395430803
0.3,0.8860159092756257,1.6131769116838277,0.6031709800075808,1.652412686473177
0.5,0.6196807038174168,1.7414433756650207,0.3750319208336116,1.8918870701723551
0.7,0.5170544722746335,1.829063671051527,0.2887857189631407,2.068450342126307
0.9,0.4839412969650506,1.869259591119881,0.26103338198043485,2.1510668963025865
