xp, rho, u, p, Mach
0.1,0.9874511075334809,1.5144636051243572,0.699786487830857,1.5204419641228322
0.3,0.8858712652035216,1.613306393864803,0.6030473254389466,1.6525798258713462
0.5,0.6194745756797998,1.7415906387469813,0.37489478939418447,1.892078301059411
0.7,0.5175180952571321,1.8281415769682337,0.2891655034804825,2.066975538098691
0.9,0.4860668101094288,1.8652724796420144,0.2626562845056687,2.1445311073186573
