xp, rho, u, p, Mach
0.1,0.9870257293285497,1.5149521556163466,0.6995757975399787,1.5208337731545276
0.3,0.8837048635354614,1.6148629763542648,0.6014024423435669,1.6544082559814717
0.5,0.6187603932113552,1.7414998279953013,0.37464970622979993,1.8915070888526975
0.7,0.5370766351119776,1.7958206366589629,0.30433294838773806,2.0162416555427476
0.9,0.5404481934490971,1.7681821505858688,0.3060923368348975,1.985700707559339
