xp, rho, u, p, Mach
0.1,0.9873033052607466,1.5146374255039694,0.6996648535970378,1.5206348242421917
0.3,0.885396261649896,1.613556134139374,0.6026808149091055,1.652894823036455
0.5,0.618811828966416,1.742244235527462,0.3744460358495366,1.8929088568577919
0.7,0.520386049110854,1.8232338584782524,0.2913005254724979,2.0595415028189348
0.9,0.49622244121011017,1.8464143776013104,0.27048737710464915,2.1136343317917703
