xp, rho, u, p, Mach
0.1,0.9874617924983049,1.5144472176646389,0.6998092216141005,1.5204090416581635
0.3,0.8859747907067347,1.613213273395407,0.6031344791793601,1.6524615883894644
0.5,0.6196167836067915,1.7415077564693695,0.3749864994848834,1.8919740074918407
0.7,0.5171692375509732,1.8288394602719638,0.28887750800418427,2.0680976613218363
0.9,0.4845072352441408,1.868181672653639,0.2614682172997322,2.1492937207173446
