xp, rho, u, p, Mach
0.1,0.9889957720926265,1.5092695400301657,0.7034535567547286,1.5124544080104159
0.3,0.893163348624864,1.605321040576424,0.6024673560191083,1.6519487385976674
0.5,0.6143765919404796,1.7470548483366053,0.3726456071020679,1.8958843831216494
0.7,0.512321011206715,1.8455436028244678,0.2795681411915263,2.111482744993909
0.9,0.4759037964568691,1.896711581778282,0.24953817136041645,2.213748953219281
