xp, rho, u, p, Mach
0.1,0.988371821985983,1.5117823203933864,0.7015796253289199,1.5165157948361265
0.3,0.8894501143394776,1.6094274104758148,0.6029183861899994,1.6521098077659557
0.5,0.6172716894542619,1.74401188558037,0.3739507986075172,1.8937226319395044
0.7,0.5148607219412162,1.8366872522056554,0.2845088211679852,2.088181320090517
0.9,0.4801430448213471,1.8819528614660688,0.2556744778855952,2.1796479609924897
