{
  "u_initial": [
    0.0,
    0.02940514209886818,
    0.05852709660483847,
    0.0870854031763387,
    0.11480502970952693,
    0.1414190210477993,
    0.16667106990588065,
    0.19031798524909363,
    0.21213203435596423,
    0.2319031360088211,
    0.24944088369076356,
    0.26457637930450645,
    0.27716385975338603,
    0.2870821007196626,
    0.2942355841209691,
    0.298555418001659,
    0.3,
    0.2985554180016591,
    0.2942355841209691,
    0.28708210071966267,
    0.27716385975338603,
    0.2645763793045065,
    0.2494408836907636,
    0.23190313600882112,
    0.21213203435596426,
    0.19031798524909363,
    0.16667106990588065,
    0.14141902104779935,
    0.11480502970952697,
    0.08708540317633871,
    0.05852709660483858,
    0.029405142098868246,
    3.6739403974420595e-17,
    -0.029405142098868176,
    -0.058527096604838506,
    -0.08708540317633863,
    -0.1148050297095269,
    -0.1414190210477993,
    -0.16667106990588057,
    -0.19031798524909357,
    -0.21213203435596423,
    -0.23190313600882098,
    -0.24944088369076356,
    -0.26457637930450645,
    -0.2771638597533859,
    -0.2870821007196626,
    -0.29423558412096906,
    -0.2985554180016591,
    -0.3,
    -0.2985554180016591,
    -0.2942355841209691,
    -0.28708210071966267,
    -0.277163859753386,
    -0.2645763793045065,
    -0.24944088369076362,
    -0.23190313600882106,
    -0.2121320343559643,
    -0.19031798524909377,
    -0.16667106990588065,
    -0.14141902104779938,
    -0.1148050297095271,
    -0.08708540317633874,
    -0.05852709660483861,
    -0.029405142098868152
  ],
  "u_final_classical": null,
  "u_final_method": [
    0.005749309413835067,
    0.00742014446022884,
    0.007530438509094044,
    0.0074107860767781975,
    0.006143796009901244,
    0.0070299508756180495,
    0.007243209885221894,
    0.006781633832063397,
    0.007812256470537576,
    0.006917195665396771,
    0.006783849271217603,
    0.006252979667943952,
    0.007359585852465187,
    0.006765554057000296,
    0.006327572561749188,
    0.0069301997595703,
    0.006620649961872826,
    0.006465796263611564,
    0.0070875426680741625,
    0.007278970827900709,
    0.006788554913272721,
    0.007508843278031965,
    0.0072638770862866455,
    0.007016196172756721,
    0.006337813585649623,
    0.007278615740667737,
    0.00654541080832101,
    0.007030578571991864,
    0.006629523725878561,
    0.007134815708425273,
    0.007085820545896562,
    0.00603243401054148,
    0.006658492246023161,
    0.006228574546628009,
    0.0068124953731055985,
    0.006773830925419246,
    0.006116509477773635,
    0.0064567679936985735,
    0.005977325185079527,
    0.0062910628955812125,
    0.005687257174006184,
    0.005731066492292345,
    0.0058902357945237235,
    0.005322309588231368,
    0.005356352518910833,
    0.005729712871000897,
    0.005923473533488522,
    0.005765150393883086,
    0.006014591381752165,
    0.005784692728314663,
    0.005616784076210916,
    0.006484292701409503,
    0.006789624429555245,
    0.005565078686431329,
    0.006479151373578007,
    0.00669785469684093,
    0.006593745354291352,
    0.007243703662523532,
    0.006550644005678044,
    0.007123838536920343,
    0.0072540036477989405,
    0.006782484091666853,
    0.006755401029302727,
    0.006158055229682317
  ],
  "errors_by_step": {},
  "final_error": NaN,
  "max_error": NaN,
  "_source": "solver"
}