dq_lu, dq_hhl,
0.00485166199517097,0.0
0.0022235547090549905,0.0
0.010115145014155096,0.0
0.00620481209218932,0.0
0.001905182100153129,0.0
0.011254214417835924,0.0
-0.025680891139938846,-0.0
-0.018231012886730718,-0.0
-0.0649069718255438,-0.0
-0.12854209336298253,-0.0
-0.09623466683684143,-0.0
-0.31953149612471515,-0.0
-0.3069576027992188,-0.0
-0.2851075158783655,-0.0
-0.8110470893234192,-0.27632607646570667
-0.4537837007501069,-0.09210869215523546
-0.46239837707269194,-0.09210869215523547
-1.228759593652687,-0.4417377694091858
-0.5243869090705326,-0.15953693463158874
-0.5482232051571787,-0.2059612969777082
-1.4269419304205393,-0.46054346077617797
-0.5515876813060481,-0.15953693463158877
-0.5797684827660134,-0.0921086921552355
-1.5009859369545506,-0.5370813530542934
-0.5613985078491439,-0.13026136165838234
-0.5902001890498326,-0.13026136165838234
-1.526568439099153,-0.5370813530542934
-0.5649270487940619,-0.2059612969777082
-0.5936596178044932,-0.13026136165838234
-1.5354389508754958,-0.44173776940918585
