{
  "u_initial": [
    0.0,
    0.21213203435596423,
    0.3,
    0.21213203435596426,
    3.6739403974420595e-17,
    -0.21213203435596423,
    -0.3,
    -0.2121320343559643
  ],
  "u_final_classical": [
    -8.662282939844826e-18,
    0.09374864778879735,
    0.1453279799522981,
    0.11417853339793523,
    3.1291087615640094e-17,
    -0.11417853339793517,
    -0.1453279799522981,
    -0.09374864778879737
  ],
  "u_final_method": [
    -1.2679267404154031e-17,
    0.0958338347391281,
    0.14596715510540217,
    0.11200466648532131,
    3.406434381896729e-17,
    -0.1120046664853213,
    -0.1459671551054022,
    -0.09583383473912814
  ],
  "errors_by_step": {
    "0": 0.0,
    "1": 0.007985915579890786,
    "2": 0.012372066301947975,
    "3": 0.014666479145732212,
    "4": 0.015539025764303075,
    "5": 0.015478729191219117,
    "6": 0.014859200424371524
  },
  "final_error": 0.014859200424371524,
  "max_error": 0.015539025764303075,
  "_source": "solver"
}