xp, rho, u, p, Mach
0.1,0.9874748862998847,1.5144471615168646,0.6997976978035662,1.520431584193889
0.3,0.8859499840387474,1.6132354116067238,0.6030991984521683,1.652509463842013
0.5,0.6195649763339074,1.7415377056092316,0.37493745050369975,1.8920511916291431
0.7,0.5174320914422649,1.8283610323860997,0.28906416812929137,2.0674141705189704
0.9,0.4855055133215111,1.8663251425675942,0.2622168933962992,2.146298084973046
