xp, rho, u, p, Mach
0.1,0.9874885455687223,1.5144391088004625,0.6997966816672448,1.5204351191356507
0.3,0.8857930290436664,1.613330777464658,0.6029587935321099,1.6526531415754233
0.5,0.6193130432655047,1.7417390306105947,0.37476603165345745,1.8923177781256744
0.7,0.5183891547960354,1.8266415834390286,0.28979802209544436,2.064759948463976
0.9,0.48910053402267045,1.8595645974539132,0.26497670887681457,2.1352192161670116
