xp, rho, u, p, Mach
0.1,0.987470964184834,1.514436265438399,0.6998202719183457,1.520393103337886
0.3,0.8860312888853132,1.613163653493893,0.6031848899354584,1.6523943939618775
0.5,0.619710996005475,1.7414126736054623,0.37505272288499725,1.8918474882277099
0.7,0.5170335115801836,1.8291070222743502,0.28876800421475646,2.068520884383281
0.9,0.48377178449577835,1.8695826390339738,0.2609020746937583,2.151603043221312
