xp, rho, u, p, Mach
0.1,0.9874708988627348,1.5144363449241303,0.6998201890459397,1.5203932228707175
0.3,0.886030938478453,1.6131639849004489,0.6031845715521249,1.652394842781795
0.5,0.6197103467978881,1.7414134436103295,0.37505223032985635,1.8918485760815715
0.7,0.5170336703974563,1.8291066448096567,0.2887681230720891,2.068520349502724
0.9,0.4837743918090864,1.869577687185169,0.2609040606785476,2.151594953520334
