xp, rho, u, p, Mach
0.1,0.9874704500183252,1.5144369746921216,0.6998196378394546,1.5203941083382035
0.3,0.8860291952077265,1.6131658672463243,0.6031828086347337,1.652397560073194
0.5,0.6197073398020025,1.7414168900004259,0.3750498906624439,1.8918536312405003
0.7,0.5170368487344601,1.8291006536799823,0.2887705986421709,2.0685110655026935
0.9,0.4837950775734264,1.8695390323262182,0.26091976121313093,2.1515317306103694
