xp, rho, u, p, Mach
0.1,0.9874885455687223,1.5144391088004625,0.6997286279893331,1.520509054002709
0.3,0.8855186765685612,1.6134611861118648,0.6027260624405608,1.6528497697163282
0.5,0.6189949185575447,1.7419060178542591,0.3745653592689264,1.892519828737252
0.7,0.5203911869324789,1.823067256771795,0.29136627156922074,2.0591311157820402
0.9,0.4958884735946464,1.8470260442239577,0.2702819835587678,2.1144258496563677
