xp, rho, u, p, Mach
0.1,0.9875370090447337,1.514364787551995,0.6997782724270489,1.5204178095355023
0.3,0.8853248226645162,1.6137049935737187,0.6025313867449469,1.6531855789513699
0.5,0.6188416635900197,1.7419785213807242,0.3744873084685816,1.8925614889653124
0.7,0.5216066447273034,1.8209841776264837,0.29227281584702525,2.055982909223333
0.9,0.4996536833562926,1.8402066717908105,0.2731856370040754,2.103333789248404
