xp, rho, u, p, Mach
0.1,0.9874709732104187,1.5144362557293631,0.6998202807388678,1.5203930909574306
0.3,0.8860313361381762,1.613163609093961,0.6031849313799118,1.6523943357765463
0.5,0.6197110879203579,1.7414125709927706,0.37505279039810496,1.8918473467736745
0.7,0.5170335392865295,1.8291069932624016,0.2887680220306188,2.068520843187138
0.9,0.48377154377936016,1.8695831038193704,0.2609018899975311,2.151603804393097
