{
  "grid": [
    0.0,
    0.125,
    0.25,
    0.375,
    0.5,
    0.625,
    0.75,
    0.875
  ],
  "solution_steps": {
    "0": [
      0.0,
      0.7071067811865475,
      1.0,
      0.7071067811865476,
      1.2246467991473532e-16,
      -0.7071067811865475,
      -1.0,
      -0.7071067811865477
    ],
    "2": [
      3.730349362740526e-15,
      0.4824428808155959,
      0.6795030285595689,
      0.6572721288609762,
      1.5205614545266145e-14,
      -0.6572721288609948,
      -0.6795030285595879,
      -0.48244288081557735
    ],
    "4": [
      6.750155989720952e-15,
      0.43195169465920946,
      0.597316379325361,
      0.6082847086162356,
      -3.694822225952521e-15,
      -0.6082847086162586,
      -0.5973163793253641,
      -0.43195169465918654
    ],
    "6": [
      9.112710586123285e-15,
      0.39844450559150074,
      0.5454580980702083,
      0.5613890812778619,
      -1.6768808563938364e-14,
      -0.5613890812778878,
      -0.5454580980702006,
      -0.398444505591475
    ],
    "8": [
      1.1066703109463561e-14,
      0.37291849671811134,
      0.5078586218751897,
      0.523918672076089,
      -2.5579538487363607e-14,
      -0.5239186720761171,
      -0.507858621875175,
      -0.3729184967180833
    ],
    "10": [
      1.2665424264923786e-14,
      0.35210652372440826,
      0.478458915632995,
      0.4935726261409481,
      -3.1761260288476477e-14,
      -0.4935726261409781,
      -0.4784589156329759,
      -0.3521065237243783
    ],
    "12": [
      1.403321903126198e-14,
      0.33444144799552256,
      0.454354695539491,
      0.4682951911003162,
      -3.659295089164516e-14,
      -0.4682951911003479,
      -0.45435469553946845,
      -0.33444144799549086
    ],
    "14": [
      1.5205614545266145e-14,
      0.31904524751996055,
      0.4339394952831927,
      0.4467158118645048,
      -4.028777311759768e-14,
      -0.446715811864538,
      -0.43393949528316766,
      -0.3190452475199274
    ]
  },
  "_source": "solver"
}