{
  "u_initial": [
    0.0,
    0.039206856131824244,
    0.0780361288064513,
    0.11611387090178493,
    0.15307337294603593,
    0.18855869473039907,
    0.22222809320784087,
    0.25375731366545823,
    0.282842712474619,
    0.3092041813450948,
    0.3325878449210181,
    0.352768505739342,
    0.36955181300451473,
    0.38277613429288354,
    0.3923141121612922,
    0.39807389066887877,
    0.4,
    0.39807389066887877,
    0.3923141121612922,
    0.3827761342928836,
    0.36955181300451473,
    0.35276850573934204,
    0.33258784492101817,
    0.30920418134509486,
    0.28284271247461906,
    0.25375731366545823,
    0.22222809320784087,
    0.18855869473039916,
    0.15307337294603596,
    0.11611387090178496,
    0.07803612880645144,
    0.039206856131824334,
    4.898587196589413e-17,
    -0.03920685613182424,
    -0.07803612880645135,
    -0.11611387090178485,
    -0.15307337294603587,
    -0.18855869473039907,
    -0.2222280932078408,
    -0.2537573136654581,
    -0.282842712474619,
    -0.3092041813450947,
    -0.3325878449210181,
    -0.352768505739342,
    -0.3695518130045146,
    -0.38277613429288354,
    -0.39231411216129214,
    -0.39807389066887877,
    -0.4,
    -0.39807389066887877,
    -0.3923141121612922,
    -0.3827761342928836,
    -0.3695518130045147,
    -0.35276850573934204,
    -0.3325878449210182,
    -0.30920418134509475,
    -0.28284271247461906,
    -0.2537573136654584,
    -0.22222809320784087,
    -0.1885586947303992,
    -0.15307337294603618,
    -0.116113870901785,
    -0.0780361288064515,
    -0.0392068561318242
  ],
  "u_final_classical": null,
  "u_final_method": [
    0.02685466022564146,
    0.04664839746342089,
    0.056068786215866834,
    0.06697071226971126,
    0.0735135637960633,
    0.08146342830157727,
    0.08616412195931024,
    0.0931217955074617,
    0.09792682866646388,
    0.10279079632811251,
    0.11180590054794709,
    0.11691838146716656,
    0.1259247750527004,
    0.13168671358796508,
    0.1445263503219904,
    0.1533140649800151,
    0.16036172206309104,
    0.16714837501917568,
    0.17239644557789321,
    0.175818459698266,
    0.1769997910682197,
    0.17621592195238825,
    0.17604595443139126,
    0.17694586462156855,
    0.1683606293610103,
    0.16012045085559318,
    0.14802365931277645,
    0.12818596106236008,
    0.10848421326378145,
    0.08693118322046246,
    0.06093773018623808,
    0.032924773269581493,
    -0.0006264801869318914,
    -0.03419442424781346,
    -0.06849643086242521,
    -0.10431422908773284,
    -0.1376756310063926,
    -0.16615715861532826,
    -0.1909533608158037,
    -0.2086163662318812,
    -0.21750234275782696,
    -0.22366248161640062,
    -0.22765974892519045,
    -0.22652460176101247,
    -0.21944014021571762,
    -0.21234618137453865,
    -0.20589697518012284,
    -0.19543826647036042,
    -0.18960721201568448,
    -0.17200073155467616,
    -0.16377543474415346,
    -0.14715522323249383,
    -0.12882680749156705,
    -0.1179166131008271,
    -0.10152538636667152,
    -0.08313395780654742,
    -0.07293425367234727,
    -0.059124946728139956,
    -0.047012741906667814,
    -0.03796403632267812,
    -0.02383405557996723,
    -0.009569719878591197,
    0.003451632275033728,
    0.017979802820127705
  ],
  "errors_by_step": {},
  "final_error": NaN,
  "max_error": NaN,
  "_source": "solver"
}