xp, rho, u, p, Mach
0.1,0.9873892515189926,1.5144566740398806,0.6998644273053641,1.5203027229883592
0.3,0.8860462522971834,1.6125648890632904,0.6033238046656524,1.6516048427275374
0.5,0.6189261486131885,1.7430909119984515,0.3742888170607895,1.8944014203130937
0.7,0.5164046137586622,1.831445043072077,0.2883320804130098,2.071469043102849
0.9,0.48434559773817876,1.8704820486043354,0.26083071760230403,2.1542090048931475
