xp, rho, u, p, Mach
0.1,0.9873634503927322,1.5144819661574227,0.6998554937779886,1.5203179522217745
0.3,0.8860390192167273,1.612407740168,0.6033733301756862,1.6513693714040183
0.5,0.6186832320802236,1.7436471988181104,0.3740558845316582,1.8952239056024396
0.7,0.5162412746325837,1.832181838045691,0.2882065472325106,2.072425831571778
0.9,0.48456061799157163,1.8708224191675071,0.2608022686425744,2.1551967460093366
