{
  "grid": [
    0.0,
    0.14285714285714285,
    0.2857142857142857,
    0.42857142857142855,
    0.5714285714285714,
    0.7142857142857142,
    0.8571428571428571,
    1.0
  ],
  "solution_steps": {
    "0": [
      0.0,
      0.7818314824680298,
      0.9749279121818236,
      0.43388373911755823,
      -0.433883739117558,
      -0.9749279121818234,
      -0.7818314824680299,
      -2.4492935982947064e-16
    ],
    "2": [
      0.0,
      0.7279957787023688,
      1.0338690692462673,
      0.5114918148225756,
      -0.5114918148225752,
      -1.0338690692462669,
      -0.727995778702369,
      0.0
    ],
    "4": [
      0.0,
      0.6749608606537639,
      1.0797067001242826,
      0.6079941312277513,
      -0.607994131227751,
      -1.0797067001242824,
      -0.674960860653764,
      0.0
    ],
    "6": [
      0.0,
      0.6234600854805707,
      1.107911024384169,
      0.7291108035067952,
      -0.7291108035067951,
      -1.1079110243841688,
      -0.6234600854805709,
      0.0
    ],
    "8": [
      0.0,
      0.5742269810332199,
      1.1138881000672045,
      0.8829385233863536,
      -0.8829385233863537,
      -1.1138881000672043,
      -0.57422698103322,
      0.0
    ],
    "10": [
      0.0,
      0.5279351247505382,
      1.0932333050538752,
      1.0813296634896732,
      -1.0813296634896732,
      -1.093233305053875,
      -0.5279351247505384,
      0.0
    ],
    "12": [
      0.0,
      0.48515198404753085,
      1.0420637347765307,
      1.3424759189299917,
      -1.3424759189299915,
      -1.042063734776531,
      -0.485151984047531,
      0.0
    ],
    "13": [
      0.0,
      0.4652166532262384,
      1.0040684458625582,
      1.5051881338068986,
      -1.5051881338068986,
      -1.0040684458625582,
      -0.46521665322623845,
      0.0
    ]
  },
  "_source": "solver"
}