{
  "results": [
    {
      "u_initial": [
        0.0,
        0.7818314824680298,
        0.9749279121818236,
        0.43388373911755823,
        -0.433883739117558,
        -0.9749279121818234,
        -0.7818314824680299,
        -2.4492935982947064e-16
      ],
      "u_final_classical": [
        0.0,
        0.4650271050087969,
        1.0036738014210564,
        1.5058313396955698,
        -1.5058313396955694,
        -1.0036738014210562,
        -0.465027105008797,
        -2.4492935982947064e-16
      ],
      "u_final_method": [
        0.0,
        0.4652166532262384,
        1.0040684458625582,
        1.5051881338068986,
        -1.5051881338068986,
        -1.0040684458625582,
        -0.46521665322623845,
        0.0
      ],
      "errors_by_step": {
        "0": 0.0,
        "2": 1.8986245362724717e-05,
        "4": 3.9815415240898446e-05,
        "6": 6.913924863377255e-05,
        "8": 0.00011810305538537783,
        "10": 0.00020216199986884838,
        "12": 0.0003341544829632752,
        "13": 0.0004164211726031994
      },
      "final_error": 0.0004164211726031994,
      "max_error": 0.0004164211726031994,
      "_source": "solver"
    },
    {
      "_source": "stdout",
      "experiment_id": null,
      "algorithm": "burgers_quantum_exact",
      "q": 3,
      "N": 8,
      "nu": 0.0001,
      "n_steps": 13,
      "shock_pct": 100.0,
      "ic": "sine",
      "ic_modes": null,
      "ic_seed": null,
      "ic_alpha": null,
      "ic_center": null,
      "ic_sigma": null,
      "ic_cole_hopf_coeffs": null,
      "classical_reference": true,
      "analytic_reference": null,
      "method": "quantum_exact",
      "bc": "dirichlet",
      "trotter_order": 1,
      "trotter_reps": 1,
      "shots": 0,
      "t1": null,
      "t2": null,
      "backend_name": null,
      "final_error": 0.0004164211726031994,
      "max_error": 0.0004164211726031994,
      "classical_time_s": 0.0005054473876953125,
      "method_time_s": 0.08172178268432617,
      "exit_code": 0
    }
  ],
  "analysis": [
    {
      "final_error_epsilon": 0.0004164211726031994,
      "max_error_epsilon": 0.0004164211726031994,
      "classical_wall_time_s": 0.0005054473876953125,
      "method_wall_time_s": 0.08172178268432617,
      "speedup_ratio": 0.006184977506520483,
      "n_pauli_terms": 12,
      "shots": 0,
      "t1": null,
      "t2": null,
      "backend_name": null,
      "backend_type": "sim",
      "coupling_map": "default",
      "optimization_level": 1,
      "seed": null,
      "total_pauli_decomp_time": 0,
      "total_circuit_construction_time": 0,
      "total_transpilation_time": 0,
      "total_execution_time": 0,
      "total_sign_recovery_time": 0,
      "total_metric_transpile_time": 0,
      "n_circuits_executed": 0,
      "avg_circuit_depth": null,
      "avg_gate_count": null,
      "avg_cx_gates": null,
      "avg_sign_recovery_depth_per_circuit": null,
      "avg_sign_recovery_cx_per_circuit": null,
      "total_sign_recovery_cx": 0,
      "n_qubits": null,
      "circuit_metrics_n_available": 0,
      "circuit_metrics_n_total": 13,
      "sign_recovery": "none",
      "per_step_metrics": [
        {
          "n_pauli_terms": 12
        },
        {
          "n_pauli_terms": 12
        },
        {
          "n_pauli_terms": 12
        },
        {
          "n_pauli_terms": 12
        },
        {
          "n_pauli_terms": 12
        },
        {
          "n_pauli_terms": 12
        },
        {
          "n_pauli_terms": 12
        },
        {
          "n_pauli_terms": 14
        },
        {
          "n_pauli_terms": 12
        },
        {
          "n_pauli_terms": 12
        },
        {
          "n_pauli_terms": 12
        },
        {
          "n_pauli_terms": 13
        },
        {
          "n_pauli_terms": 16
        }
      ],
      "_source": "solver"
    }
  ],
  "code": [
    {
      "_source": "sweep",
      "entry_point": "-c",
      "interpreter": "bash",
      "library_versions_before": {
        "type": "venv",
        "path": "/autofs/nccs-svm1_home1/ishangore/q8020/q8020-mps-burgers/.venv",
        "packages": {
          "setuptools": "82.0.1",
          "packaging": "26.2",
          "pip": "26.1.2",
          "wheel": "0.47.0",
          "websockets": "16.0",
          "watchdog": "6.0.0",
          "urllib3": "2.7.0",
          "typing_extensions": "4.15.0",
          "toml": "0.10.2",
          "tenacity": "9.1.4",
          "subprocess-tee": "0.4.2",
          "smmap": "5.0.3",
          "six": "1.17.0",
          "rpds-py": "2026.5.1",
          "python-multipart": "0.0.30",
          "pyparsing": "3.3.2",
          "pyarrow": "24.0.0",
          "protobuf": "7.35.0",
          "pillow": "12.2.0",
          "numpy": "2.4.6",
          "narwhals": "2.22.0",
          "MarkupSafe": "3.0.3",
          "kiwisolver": "1.5.0",
          "itsdangerous": "2.2.0",
          "idna": "3.18",
          "httptools": "0.8.0",
          "h11": "0.16.0",
          "fonttools": "4.63.0",
          "duckdb": "1.5.3",
          "cycler": "0.12.1",
          "click": "8.4.1",
          "charset-normalizer": "3.4.7",
          "certifi": "2026.5.20",
          "cachetools": "7.1.4",
          "blinker": "1.9.0",
          "attrs": "26.1.0",
          "uvicorn": "0.48.0",
          "requests": "2.34.2",
          "referencing": "0.37.0",
          "python-dateutil": "2.9.0.post0",
          "plotly": "6.7.0",
          "Jinja2": "3.1.6",
          "gitdb": "4.0.12",
          "contourpy": "1.3.3",
          "anyio": "4.13.0",
          "starlette": "1.2.1",
          "pydeck": "0.9.2",
          "pandas": "3.0.3",
          "matplotlib": "3.10.9",
          "jsonschema-specifications": "2025.9.1",
          "GitPython": "3.1.50",
          "jsonschema": "4.26.0",
          "altair": "6.1.0",
          "streamlit": "1.58.0",
          "q8020-cfd-metautil": "0.1.0",
          "typing-inspection": "0.4.2",
          "stevedore": "5.8.0",
          "scipy": "1.17.1",
          "rustworkx": "0.17.1",
          "PyJWT": "2.13.0",
          "pydantic_core": "2.46.4",
          "pycparser": "3.0",
          "pybase64": "1.4.3",
          "psutil": "7.2.2",
          "orjson": "3.11.9",
          "dill": "0.4.1",
          "annotated-types": "0.7.0",
          "qiskit": "2.4.1",
          "pydantic": "2.13.4",
          "ibm-cloud-sdk-core": "3.24.4",
          "cffi": "2.0.0",
          "samplomatic": "0.19.0",
          "qiskit-aer": "0.17.2",
          "ibm-platform-services": "0.75.0",
          "cryptography": "48.0.0",
          "pyspnego": "0.12.1",
          "ibm-quantum-schemas": "0.7.20260419",
          "requests_ntlm": "1.3.0",
          "qiskit-ibm-runtime": "0.47.0",
          "q8020-cfd-qutil": "0.1.0",
          "tqdm": "4.67.3",
          "toolz": "1.1.0",
          "Pygments": "2.20.0",
          "pluggy": "1.6.0",
          "llvmlite": "0.47.0",
          "iniconfig": "2.3.0",
          "autoray": "0.8.10",
          "pytest": "9.0.3",
          "numba": "0.65.1",
          "cytoolz": "1.1.0",
          "cotengra": "0.8.0",
          "quimb": "1.14.0",
          "q8020-mps-burgers": "0.1.0"
        },
        "package_count": 93,
        "timestamp": "2026-06-03T18:33:00.459387Z"
      },
      "library_versions_after": {
        "type": "venv",
        "path": "/autofs/nccs-svm1_home1/ishangore/q8020/q8020-mps-burgers/.venv",
        "packages": {
          "setuptools": "82.0.1",
          "packaging": "26.2",
          "pip": "26.1.2",
          "wheel": "0.47.0",
          "websockets": "16.0",
          "watchdog": "6.0.0",
          "urllib3": "2.7.0",
          "typing_extensions": "4.15.0",
          "toml": "0.10.2",
          "tenacity": "9.1.4",
          "subprocess-tee": "0.4.2",
          "smmap": "5.0.3",
          "six": "1.17.0",
          "rpds-py": "2026.5.1",
          "python-multipart": "0.0.30",
          "pyparsing": "3.3.2",
          "pyarrow": "24.0.0",