{
  "grid": [
    0.0,
    0.0625,
    0.125,
    0.1875,
    0.25,
    0.3125,
    0.375,
    0.4375,
    0.5,
    0.5625,
    0.625,
    0.6875,
    0.75,
    0.8125,
    0.875,
    0.9375
  ],
  "solution_steps": {
    "0": [
      0.0,
      0.15307337294603593,
      0.282842712474619,
      0.36955181300451473,
      0.4,
      0.36955181300451473,
      0.28284271247461906,
      0.15307337294603596,
      4.898587196589413e-17,
      -0.15307337294603587,
      -0.282842712474619,
      -0.3695518130045146,
      -0.4,
      -0.3695518130045147,
      -0.28284271247461906,
      -0.15307337294603618
    ],
    "10": [
      0.0030851380810023787,
      0.12545928819701604,
      0.23903759739843455,
      0.31232601725966463,
      0.35405187610429356,
      0.34466536345437637,
      0.29881517260657575,
      0.1353173722712134,
      -0.024115888184917826,
      -0.14583000170922786,
      -0.2889898890917046,
      -0.32696381686741743,
      -0.34820330546352996,
      -0.3265274233875452,
      -0.23368070145015382,
      -0.11844679921807992
    ],
    "20": [
      0.005798172435805382,
      0.11098414024289749,
      0.21089075071713284,
      0.2809942937988731,
      0.3269829205316474,
      0.3251440205486486,
      0.30124681763135486,
      0.13376005208470965,
      -0.041244061662397656,
      -0.15741422840900246,
      -0.2763407010928502,
      -0.299500882564699,
      -0.32343379424141266,
      -0.29618558810119766,
      -0.20390010431928002,
      -0.0977818076002297
    ],
    "30": [
      0.0075446996298638245,
      0.10069903703885599,
      0.1885532882771296,
      0.2540875455853343,
      0.30268410148566993,
      0.3024924716075886,
      0.28191241585999677,
      0.13059376422506397,
      -0.04366645353874901,
      -0.165964125203763,
      -0.2605465628481472,
      -0.2704859552821471,
      -0.29705766964815467,
      -0.2681906434144265,
      -0.17942381921760928,
      -0.08323209455650622
    ],
    "40": [
      0.00972924869109284,
      0.09105998130727219,
      0.1693989360147669,
      0.2305885196937411,
      0.2771213084794888,
      0.2780981934953316,
      0.26118592992234674,
      0.12394646785685129,
      -0.04459057070864357,
      -0.1554418969433264,
      -0.23992280866345317,
      -0.2557249104153035,
      -0.27385259908616705,
      -0.24173273467816284,
      -0.15906944464943154,
      -0.07079362031640352
    ],
    "50": [
      0.012168989317792053,
      0.0846934681102201,
      0.15373127130915548,
      0.21079239729740065,
      0.25282266806172926,
      0.2559936379541807,
      0.24133828449183795,
      0.11890494169459831,
      -0.04025739203992423,
      -0.15215541821144757,
      -0.22447622566292372,
      -0.23732598691520676,
      -0.25354260214196117,
      -0.22010630136704273,
      -0.1417849933357056,
      -0.06079673856270264
    ],
    "60": [
      0.014013870053068107,
      0.07966231711096831,
      0.13968360815377748,
      0.19388467980956642,
      0.23165868527880662,
      0.2361853207560054,
      0.22073593825563048,
      0.10458050377018484,
      -0.03513108842456912,
      -0.14182202391039597,
      -0.2078142943462695,
      -0.21817051870461032,
      -0.23577464964242165,
      -0.2022479712264466,
      -0.12737206932802242,
      -0.052072307605272046
    ]
  },
  "_source": "solver"
}