{
  "u_initial": [
    0.0,
    0.15307337294603593,
    0.282842712474619,
    0.36955181300451473,
    0.4,
    0.36955181300451473,
    0.28284271247461906,
    0.15307337294603596,
    4.898587196589413e-17,
    -0.15307337294603587,
    -0.282842712474619,
    -0.3695518130045146,
    -0.4,
    -0.3695518130045147,
    -0.28284271247461906,
    -0.15307337294603618
  ],
  "u_final_classical": null,
  "u_final_method": [
    0.014013870053068107,
    0.07966231711096831,
    0.13968360815377748,
    0.19388467980956642,
    0.23165868527880662,
    0.2361853207560054,
    0.22073593825563048,
    0.10458050377018484,
    -0.03513108842456912,
    -0.14182202391039597,
    -0.2078142943462695,
    -0.21817051870461032,
    -0.23577464964242165,
    -0.2022479712264466,
    -0.12737206932802242,
    -0.052072307605272046
  ],
  "errors_by_step": {},
  "final_error": NaN,
  "max_error": NaN,
  "_source": "solver"
}