dq_lu, dq_hhl,
0.003869262366177829,0.0007183323704742052
-0.003695716880920854,-0.0007331449055773625
0.0029143430574903218,0.0005678916019315456
0.00022223679140454078,0.0001466289811148524
-0.00843336584718183,-0.0014808801188829397
0.0020496183221043905,0.0002539688451540006
0.0009996030986665616,0.0
-0.00504376564919771,-0.0008919092721850658
0.005411234736584172,0.0008163956156128739
-1.0535977352911565e-06,-0.0
-0.0035326383996282236,-0.0005486354103058375
-0.0009271670175080529,-0.00020736469373028207
0.0035345322840016472,0.0007032078898647998
-0.0054869548658246494,-0.0010052376489364957
-0.005226061430641395,-0.0010264028678083888
