dq_lu, dq_hhl,
0.0016988058220988875,2.6022159040590098e-05
-0.0015475710633677232,-2.1829221378303087e-05
0.0012597067978767098,1.9395772178686067e-05
7.340506215470013e-05,0.0
-0.0036738183372764265,-5.2762204656537526e-05
0.0009824517209944669,1.4164669256660135e-05
0.0005853778223585806,7.082334628325179e-06
-0.0021987705675161717,-2.602215904059358e-05
0.0024260491139974686,3.3965683669215184e-05
2.2045045649587395e-05,0.0
-0.0016189728938182176,-2.064837626050311e-05
-0.00033109351010274777,-7.082334628315886e-06
0.0015039702801182102,2.3489446601920293e-05
-0.0024027611567423203,-3.780932051689836e-05
-0.0022033109882288503,-3.167316333671135e-05
