xp, rho, u, p, Mach
0.1,0.9846090493395373,1.5215339934096048,0.6960395121727723,1.5294405705362086
0.3,0.8859574094746278,1.620366037835174,0.5984289788214366,1.6662847838142312
0.5,0.6188292780909954,1.749941144233548,0.3702443176884343,1.9120561861013734
0.7,0.5170060478354597,1.8344330742487522,0.2869860046613371,2.080919628575571
0.9,0.48114908778446025,1.888068176659236,0.2575028407660415,2.1812350894309893
