xp, rho, u, p, Mach
0.1,0.9857937678737861,1.518564578613797,0.6976204876151432,1.5256421141914955
0.3,0.8859574094746278,1.617393391802304,0.6004098059744979,1.6604820322579188
0.5,0.6191348247159627,1.7465525308612537,0.37222399708135007,1.9037418918265305
0.7,0.5170060478354597,1.8322898419160718,0.2877047900723723,2.07589040460025
0.9,0.4822715357030359,1.880304389569462,0.2589321449892677,2.168787355639215
