{
  "iterations_completed": 1,
  "converged": true,
  "_source": "harvester",
  "fidelity": 0.9789716196709723,
  "shots": 10000,
  "l2_error_abs": 0.20507745038900566,
  "l2_error_rel": 0.20507745038900566
}