{
  "quantum_solution": [
    0.6720202566920779,
    0.19098606776974342,
    0.6904746989742956,
    0.1875040975278155
  ],
  "classical_solution": [
    0.7055698197297996,
    0.046596453582414196,
    0.7055698197297996,
    0.046596453582414196
  ],
  "_source": "harvester"
}