dq_lu, dq_hhl,
-0.0042355147468576765,-0.0
0.002050729652799623,0.0
-0.014841191369797242,-0.0
-0.10465449070363192,-0.0
-0.061865968182190194,-0.0
-0.23154612707960825,-0.0
-0.4382278322964018,-0.02907909033657694
-0.4527443121565414,-0.0
-0.5595203322414207,-0.013004564543288665
-0.566967002729577,-0.0
-0.29511878512088957,-0.0
-0.9074915809647929,-0.022524566519284736
-0.6813268897188786,-0.0
-0.36878923418461346,-0.0
-1.142494335734504,-0.02907909033657698
