xp, rho, u, p, Mach
0.1,0.9876852984363572,1.5187023664062915,0.7037491237383698,1.520579086157598
0.3,0.9059435288984599,1.6405709057765847,0.5933019578763624,1.7133404193393114
0.5,0.6685957800684313,1.693063786416602,0.39691209256863036,1.857137044361549
0.7,0.5705852835436895,1.75095354066594,0.30791842303044414,2.014434037864114
0.9,0.5444789955884917,1.8086431406924397,0.2658326778354308,2.1876369494442156
