dq_lu, dq_hhl,
3.677980989502648e-05,0.0
4.804770307987623e-05,9.62547988678792e-05
0.0001427038989467474,0.00013612484200432843
1.4616615810937344e-05,0.0
0.00014361242483207598,0.00013612484200433445
0.00018333113904794415,0.00013612484200453982
-0.00012665522774858498,-0.0
7.164854874136126e-05,0.0
2.1103079132163144e-05,0.0
8.994787722776766e-05,0.0
9.710267342256566e-05,0.00013612484200388044
0.00010443634393707003,9.625479886896085e-05
0.0003225487709653869,0.00027224968400972057
0.00027833570225089334,0.000235775142524588
-9.582674852761393e-06,-0.0
0.00014738404221617977,0.0001361248420043587
3.1954682089785236e-07,0.0
7.186507038787117e-05,0.0
0.0001421582401428021,0.00019250959773841085
0.00024892272075208535,0.00013612484200473544
0.00034916044256068254,0.00033343640422896475
-1.631013473698926e-05,-0.0
-7.061169618750007e-05,-0.0
0.00023783090133065423,0.00013612484200470996
6.631356905242354e-05,0.0
0.00011041043026415016,0.0
0.00042008309256975885,0.0003043844001495055
3.351982249051244e-05,9.625479886701094e-05
-0.0001401344485505293,-0.0
-0.00014654081962342687,-0.0
