{
  "grid": [
    0.0,
    0.03225806451612903,
    0.06451612903225806,
    0.0967741935483871,
    0.12903225806451613,
    0.16129032258064516,
    0.1935483870967742,
    0.22580645161290322,
    0.25806451612903225,
    0.29032258064516125,
    0.3225806451612903,
    0.3548387096774194,
    0.3870967741935484,
    0.4193548387096774,
    0.45161290322580644,
    0.4838709677419355,
    0.5161290322580645,
    0.5483870967741935,
    0.5806451612903225,
    0.6129032258064516,
    0.6451612903225806,
    0.6774193548387096,
    0.7096774193548387,
    0.7419354838709677,
    0.7741935483870968,
    0.8064516129032258,
    0.8387096774193548,
    0.8709677419354839,
    0.9032258064516129,
    0.9354838709677419,
    0.967741935483871,
    1.0
  ],
  "solution_steps": {
    "0": [
      0.0,
      0.20129852008866006,
      0.39435585511331855,
      0.5712682150947923,
      0.7247927872291199,
      0.8486442574947509,
      0.9377521321470804,
      0.9884683243281114,
      0.9987165071710528,
      0.9680771188662044,
      0.8978045395707416,
      0.7907757369376985,
      0.6513724827222223,
      0.48530196253108143,
      0.29936312297335804,
      0.10116832198743228,
      -0.10116832198743204,
      -0.2993631229733574,
      -0.48530196253108043,
      -0.651372482722222,
      -0.7907757369376986,
      -0.8978045395707414,
      -0.9680771188662043,
      -0.9987165071710528,
      -0.9884683243281114,
      -0.9377521321470808,
      -0.8486442574947515,
      -0.72479278722912,
      -0.5712682150947924,
      -0.3943558551133187,
      -0.20129852008866028,
      -2.4492935982947064e-16
    ],
    "8": [
      0.0,
      0.17787168806834178,
      0.3511640412211185,
      0.5151937335899244,
      0.6651436129554762,
      0.7960048028532292,
      0.9025568696281654,
      0.9794269686434854,
      1.0212362116188816,
      1.0229296493081834,
      0.9803299122516971,
      0.890890374288042,
      0.7546766932435021,
      0.5753379528527554,
      0.36075591468438234,
      0.12295236689443174,
      -0.12295236689412094,
      -0.3607559146841752,
      -0.5753379528524496,
      -0.7546766932436045,
      -0.8908903742875706,
      -0.9803299122517929,
      -1.0229296493080868,
      -1.0212362116194287,
      -0.9794269686430023,
      -0.9025568696283032,
      -0.7960048028531896,
      -0.6651436129558981,
      -0.5151937335899052,
      -0.3511640412213828,
      -0.17787168806854808,
      0.0
    ],
    "16": [
      0.0,
      0.1600907332899288,
      0.3174136151226668,
      0.4690576186921675,
      0.6119115010933088,
      0.7425267413190211,
      0.856945787731375,
      0.9505245389199843,
      1.017686931829919,
      1.051697257040831,
      1.0445742631698842,
      0.9872757572492767,
      0.8708816397007539,
      0.6895353983516671,
      0.44551171170134435,
      0.1543922448277252,
      -0.15439224482701622,
      -0.44551171170091153,
      -0.6895353983509486,
      -0.8708816397010599,
      -0.9872757572481922,
      -1.0445742631701733,
      -1.0516972570405703,
      -1.0176869318311754,
      -0.9505245389189452,
      -0.8569457877317497,
      -0.7425267413189114,
      -0.6119115010942086,
      -0.4690576186921058,
      -0.3174136151232368,
      -0.16009073329031911,
      0.0
    ],
    "24": [
      0.0,
      0.1461057926676144,
      0.2903904799306555,
      0.4309298873819419,
      0.565656871303174,
      0.6922566722511149,
      0.8080071839701072,
      0.9095877982423534,
      0.9927477978801906,
      1.0518087257288546,
      1.0789524190388844,
      1.062896925790583,
      0.9871191630448325,
      0.8289834646844223,
      0.5665796771453603,
      0.20350019594939536,
      -0.2035001959481833,
      -0.5665796771446866,
      -0.8289834646832108,
      -0.9871191630454569,
      -1.0628969257887957,
      -1.0789524190394175,
      -1.0518087257284563,
      -0.9927477978822233,
      -0.9095877982407464,
      -0.8080071839707277,
      -0.6922566722509541,
      -0.5656568713045694,
      -0.43092988738182225,
      -0.2903904799315175,
      -0.1461057926681916,
      0.0
    ],
    "32": [
      0.0,
      0.134719198795604,
      0.26812451736087584,
      0.3988787663095674,
      0.5255406569494098,
      0.6465147122827097,
      0.7599467140074624,
      0.863587972077484,
      0.954548463633854,
      1.0289023548067027,
      1.0810857469312671,
      1.102481907061779,
      1.0784252919452166,
      0.9794189308312721,
      0.7412013433252744,
      0.28897146050011424,
      -0.2889714604983095,
      -0.741201343324352,
      -0.9794189308295368,
      -1.0784252919462471,
      -1.1024819070592986,
      -1.0810857469321085,
      -1.0289023548061758,
      -0.9545484636366571,
      -0.863587972075341,
      -0.7599467140083493,
      -0.6465147122825027,
      -0.5255406569513003,
      -0.39887876630940855,
      -0.26812451736203363,
      -0.13471919879635258,
      0.0
    ],
    "40": [
      0.0,
      0.12512512255008787,
      0.24919225891453478,
      0.3712767539736814,
      0.4903093448339986,
      0.6051438936639201,
      0.7144776273608888,
      0.8167771059463914,
      0.9101090387711743,
      0.9919167003175575,
      1.0586789902227536,
      1.104973540698694,
      1.1216988844701195,
      1.096332364276958,
      0.9752017138677262,
      0.4611109584679188,
      -0.46111095846538525,
      -0.9752017138665883,
      -1.096332364274693,
      -1.121698884471661,
      -1.1049735406955559,
      -1.0586789902239653,
      -0.9919167003169638,
      -0.9101090387747668,
      -0.8167771059437385,
      -0.7144776273620227,
      -0.6051438936636756,
      -0.49030934483634486,
      -0.371276753973496,
      -0.24919225891596786,
      -0.12512512255099495,
      0.0
    ],
    "48": [
      0.0,
      0.11675506179071622,
      0.23255777080076734,
      0.34684870651806365,
      0.45873371172121263,
      0.5674054315761361,
      0.6718724091656026,
      0.7710635738769966,
      0.8636464167412966,
      0.9479981670127373,
      1.0218252057859334,
      1.0822962872906725,
      1.1232260764832354,
      1.1238320610600498,
      1.1946953666002698,
      0.8824645631695237,
      -0.8824645631660921,
      -1.1946953665990014,
      -1.123832061057261,
      -1.1232260764853932,
      -1.0822962872868704,
      -1.021825205787561,
      -0.9479981670120804,
      -0.8636464167457093,
      -0.7710635738738228,
      -0.671872409166982,
      -0.567405431575861,
      -0.45873371172403266,
      -0.34684870651782906,
      -0.232557770802469,
      -0.11675506179179672,
      0.0
    ],
    "50": [
      0.0,
      0.11479957240715727,
      0.22866520580984112,
      0.341120877715278,
      0.4512825018366086,
      0.5584385578045271,
      0.6616338745782689,
      0.7598902077867989,
      0.8519776857314831,
      0.9364848586637591,
      1.0112646838125607,
      1.0739435801184574,
      1.1208131096151295,
      1.1167082093464162,
      1.21885250086622,
      1.0797738639536372,
      -1.079773863949937,
      -1.218852500864939,
      -1.1167082093434901,
      -1.1208131096174592,
      -1.0739435801144714,
      -1.0112646838143133,
      -0.9364848586630848,
      -0.8519776857361363,
      -0.7598902077834796,
      -0.6616338745797272,
      -0.5584385578042448,
      -0.45128250183956686,
      -0.34112087771504007,
      -0.2286652058116355,
      -0.11479957240828303,
      0.0
    ]
  },
  "_source": "solver"
}