{
  "u_initial": [
    0.0,
    0.20129852008866006,
    0.39435585511331855,
    0.5712682150947923,
    0.7247927872291199,
    0.8486442574947509,
    0.9377521321470804,
    0.9884683243281114,
    0.9987165071710528,
    0.9680771188662044,
    0.8978045395707416,
    0.7907757369376985,
    0.6513724827222223,
    0.48530196253108143,
    0.29936312297335804,
    0.10116832198743228,
    -0.10116832198743204,
    -0.2993631229733574,
    -0.48530196253108043,
    -0.651372482722222,
    -0.7907757369376986,
    -0.8978045395707414,
    -0.9680771188662043,
    -0.9987165071710528,
    -0.9884683243281114,
    -0.9377521321470808,
    -0.8486442574947515,
    -0.72479278722912,
    -0.5712682150947924,
    -0.3943558551133187,
    -0.20129852008866028,
    -2.4492935982947064e-16
  ],
  "u_final_classical": [
    0.0,
    0.11465753632850059,
    0.22858560009524026,
    0.34104229567526934,
    0.45125864150819267,
    0.558418962127498,
    0.6616325262531132,
    0.7598903858913767,
    0.8519976328093486,
    0.9364633816334008,
    1.011230685873693,
    1.073925629372657,
    1.120783807238316,
    1.11669620945892,
    1.2187235751677745,
    1.0804685486537364,
    -1.0804685486537329,
    -1.218723575167775,
    -1.1166962094589221,
    -1.1207838072383158,
    -1.0739256293726573,
    -1.011230685873694,
    -0.9364633816334001,
    -0.8519976328093489,
    -0.7598903858913767,
    -0.661632526253113,
    -0.5584189621274979,
    -0.4512586415081927,
    -0.3410422956752695,
    -0.22858560009524032,
    -0.11465753632850076,
    -2.4492935982947064e-16
  ],
  "u_final_method": [
    0.0,
    0.11479957240715727,
    0.22866520580984112,
    0.341120877715278,
    0.4512825018366086,
    0.5584385578045271,
    0.6616338745782689,
    0.7598902077867989,
    0.8519776857314831,
    0.9364848586637591,
    1.0112646838125607,
    1.0739435801184574,
    1.1208131096151295,
    1.1167082093464162,
    1.21885250086622,
    1.0797738639536372,
    -1.079773863949937,
    -1.218852500864939,
    -1.1167082093434901,
    -1.1208131096174592,
    -1.0739435801144714,
    -1.0112646838143133,
    -0.9364848586630848,
    -0.8519776857361363,
    -0.7598902077834796,
    -0.6616338745797272,
    -0.5584385578042448,
    -0.45128250183956686,
    -0.34112087771504007,
    -0.2286652058116355,
    -0.11479957240828303,
    0.0
  ],
  "errors_by_step": {
    "0": 0.0,
    "8": 1.4582101818825793e-05,
    "16": 2.476629138788076e-05,
    "24": 3.136081409594697e-05,
    "32": 4.171518043621889e-05,
    "40": 6.999852451964015e-05,
    "48": 0.00016556304013912656,
    "50": 0.00022441186875451585
  },
  "final_error": 0.00022441186875451585,
  "max_error": 0.00022441186875451585,
  "_source": "solver"
}