xp, rho, u, p, Mach
0.1,0.9874709749400976,1.5144362578738215,0.6998202796761596,1.5203930955962957
0.3,0.8860313514442825,1.6131635949422056,0.6031849445739107,1.6523943174809663
0.5,0.6197111370220755,1.7414125105605285,0.3750528215822836,1.8918472774196236
0.7,0.5170337166686185,1.829106711488583,0.28876814399035383,2.068520442547451
0.9,0.48377191265466624,1.8695824491587119,0.26090215112711673,2.1516027945363447
