xp, rho, u, p, Mach
0.1,0.9874709719222908,1.5144364118250573,0.6998201409183884,1.5203933985588356
0.3,0.8860307604371138,1.6131643014083745,0.6031841667500695,1.65239555543678
0.5,0.6197098025986206,1.7414138292763,0.3750517501983261,1.891849375346361
0.7,0.5170368409735175,1.829101118942063,0.28877031817012944,2.0685125806727145
0.9,0.4837866597516568,1.8695550498692688,0.260912980257269,2.151559404329319
