xp, rho, u, p, Mach
0.1,0.9876122247645035,1.5142092209880302,0.6999334229928105,1.520151005434059
0.3,0.8846602187887853,1.6124409688976582,0.6029602542803979,1.6506831301464557
0.5,0.6279863432441986,1.7295472607605196,0.3816415029403371,1.8750623643899793
0.7,0.5770446647747962,1.731873409923982,0.33620409489117015,1.9175881717347116
0.9,0.6181381803342866,1.6424188862629605,0.3714244793389786,1.7907189751202317
