xp, rho, u, p, Mach
0.1,0.9874725593074813,1.514435772119308,0.6998190235255962,1.5203951921688157
0.3,0.886026440685145,1.6131679277312638,0.6031787418856828,1.652402672526623
0.5,0.6196981391914504,1.7414257655626717,0.3750427681212839,1.891867193754301
0.7,0.5170652996175772,1.8290488150950044,0.28879149744926447,2.068434504494372
0.9,0.4839186561776578,1.8693051975573731,0.2610126196142611,2.151154610741719
