xp, rho, u, p, Mach
0.1,0.9874911962810885,1.5143948048659215,0.6998195639925148,1.520367823684278
0.3,0.8853590995437363,1.6136190104052428,0.6026271484709991,1.652998140871645
0.5,0.6189290441682284,1.741801570315427,0.37448322778360105,1.8925131494901863
0.7,0.5217897779604059,1.82064679196445,0.2924805196214432,2.0552326612398666
0.9,0.5004960275125814,1.8385015257489072,0.27386728984113834,2.1005364016583474
