xp, rho, u, p, Mach
0.1,0.9876122247645035,1.5142092209880302,0.6999334229928105,1.520151005434059
0.3,0.8840347480048184,1.6131343265522715,0.6023195529529334,1.651686815193641
0.5,0.6241714841774177,1.7346845764319991,0.37856929546236184,1.8825033930237773
0.7,0.5638770563151043,1.752498232321567,0.32550011406514984,1.9494415133699952
0.9,0.5947402220042367,1.6781370409130558,0.35146512108213795,1.8449557087239497
