xp, rho, u, p, Mach
0.1,0.9874709719222908,1.5144362863124559,0.6998202439371694,1.520393160645892
0.3,0.8860312169571015,1.6131637355063497,0.603184792729095,1.6523945440439014
0.5,0.6197108918488081,1.7414127383847942,0.375052633090886,1.8918476260894281
0.7,0.5170341378723683,1.8291058926234178,0.28876846204129,2.068519219924838
0.9,0.48377413958804105,1.8695783008835845,0.2609037997260776,2.151596174911339
