xp, rho, u, p, Mach
0.1,0.9876122247645035,1.5142092209880302,0.6999334229928105,1.520151005434059
0.3,0.8839643277556626,1.6142452541278705,0.6017323858145286,1.6535646411581226
0.5,0.6193275833883408,1.7407127734238184,0.3748672069223916,1.8909697638221201
0.7,0.5378219294089869,1.7944070915765886,0.3047588611527447,2.0146427314199378
0.9,0.5417196261092532,1.7654741552400264,0.3071249878605591,1.9816504732608036
