xp, rho, u, p, Mach
0.1,0.9874709719222908,1.5144362772554103,0.6998202573543266,1.520393136978512
0.3,0.8860312598489561,1.6131636908926656,0.603184835748953,1.6523944794152328
0.5,0.6197109563418096,1.741412696332501,0.37505268277686044,1.8918475535327284
0.7,0.5170340019418693,1.8291061623563347,0.28876836253187943,2.06851960945722
0.9,0.4837734607009502,1.8695795662253867,0.2609033001449879,2.1515981813916776
