xp, rho, u, p, Mach
0.1,0.9882547728392237,1.5132247054092447,0.700772705103285,1.5187464527626424
0.3,0.8881316186416406,1.6084260054730632,0.6067307591343939,1.6446660514343476
0.5,0.6419260567300603,1.711761336592537,0.3923546056602279,1.8504711553421331
0.7,0.6128557863334942,1.675983506050834,0.3654349791757321,1.8343398889549702
0.9,0.6738369836793852,1.5652996278287294,0.41916408414504697,1.677331311892565
