xp, rho, u, p, Mach
0.1,1.0,1.5,0.7142857142857144,1.5
0.3,0.9704344515352628,1.5197737585697373,0.684063252596208,1.5298536820355497
0.5,0.871771571907742,1.512094611930194,0.5908797789140678,1.5522681104689187
0.7,0.9261371215114633,1.4796608593582967,0.640528077747868,1.5037191411831228
0.9,0.9706904351280017,1.487612148771786,0.6875339604587399,1.4938912939036815
