xp, rho, u, p, Mach
0.1,0.9874807291441012,1.5144318039361373,0.6998183890817454,1.5203981870058523
0.3,0.886002857892324,1.6131823931686737,0.6031548822065858,1.6524281814902442
0.5,0.6196430264482077,1.7414625514524902,0.3750018360953897,1.8919262723629482
0.7,0.517202108304313,1.828791967433947,0.2888957213645024,2.0680444828095377
0.9,0.4845641593919964,1.8680788982023884,0.2615098678651431,2.1491305636800666
