dq_lu, dq_hhl,
0.0038542938373455193,0.0
0.0018043342053289013,0.0
0.008079043363172798,0.0
0.003781685814320028,0.0
0.0006995239958054559,0.0
0.005535489672785166,0.0
-0.024863822393714805,-0.0
-0.01712586455643038,-0.0
0.006945175396671934,0.0
-0.06877642763094144,-0.0
-0.04009228993439891,-0.0
-0.10676725912070283,-0.011745809878380238
-0.07930114408344306,-0.006781446495132974
-0.1341189208322843,-0.0
-0.14951402306566544,-0.009590413605924598
-0.14137302520181078,-0.00678144649513301
-0.14131746007152374,-0.009590413605924594
-0.26337522013932685,-0.0166110836310613
-0.12528807513817863,-0.0
-0.1468852739873937,-0.009590413605924598
-0.27366487996871114,-0.0166110836310613
-0.15953117905523242,-0.009590413605924603
-0.18194847957564528,-0.013562892990266043
-0.3185156348652325,-0.015163775348895172
-0.19296197691672923,-0.006781446495133023
-0.21642147410626203,-0.013562892990266055
-0.3005198488868444,-0.016611083631061306
-0.16976543064617247,-0.011745809878380278
-0.21353796644287412,-0.016611083631061285
-0.3540508479249164,-0.02712578598053216
