dq_lu, dq_hhl,
0.004148376260770467,0.0
0.001921502573895277,0.0
0.008673120787378141,0.0
0.004623945108248509,0.0
0.0011667762906680918,0.0
0.007532052707836773,0.0
-0.024928172959083415,-0.0
-0.017645565391048293,-0.0
0.005989368821416549,0.0
-0.07148333247114769,-0.0
-0.04487816062824078,-0.0
-0.18217275738366442,-0.0034967450664338895
-0.18248465165093292,-0.002472572148556008
-0.17780165822666147,-0.0
-0.4094152092193518,-0.0
-0.23989621631725722,-0.003496745066433894
-0.27114020802943106,-0.004282620586678756
-0.6810424615519199,-0.006993490132867807
-0.3211654751670993,-0.0034967450664338978
-0.3115427856047427,-0.0024725721485560135
-0.6729355036866671,-0.007417716445668055
-0.24610421171909594,-0.0
-0.31625880549377716,-0.0034967450664338978
-0.730384800978664,-0.007818959668533227
-0.31393960538684357,-0.0
-0.3701940550822716,-0.005528839403443958
-0.6452272067269702,-0.005528839403443964
-0.24014353846943928,-0.0034967450664338943
-0.3232525945435032,-0.0
-0.7251706388840441,-0.006541811003743877
