dq_lu, dq_hhl,
0.003990932287464387,0.0
0.0018349147843923267,0.0
0.008314406413034815,0.0
0.004500615897214513,0.0
0.0012187252444010059,0.0
0.007279477025294108,0.0
-0.0243649482071597,-0.0
-0.017533665085224227,-0.0
0.006979439020221839,0.0
-0.06909686632021017,-0.0
-0.04360300364275597,-0.0
-0.12383222318693697,-0.011780256851146306
-0.1773169199986248,-0.0
-0.17817887394141266,-0.0
-0.3336650424625844,-0.02040400339239686
-0.16724177339010537,-0.01178025685114633
-0.20098192104531376,-0.011780256851146342
-0.49848814045184925,-0.026341455111570922
-0.269014661519343,-0.020404003392396845
-0.22694613486635978,-0.0
-0.5489708951435477,-0.03116763000859816
-0.17745963524615657,-0.011780256851146335
-0.24776825780093129,-0.016659799007129744
-0.585941906542478,-0.037252443071425695
-0.2643607582366441,-0.0
-0.31804469712557487,-0.02634145511157089
-0.5173766534139383,-0.031167630008598155
-0.23473978890169533,-0.0
-0.32322875033617576,-0.016659799007129758
-0.5833942558269506,-0.02885561832423432
