{
  "grid": [
    0.0,
    0.06666666666666667,
    0.13333333333333333,
    0.2,
    0.26666666666666666,
    0.3333333333333333,
    0.4,
    0.4666666666666667,
    0.5333333333333333,
    0.6,
    0.6666666666666666,
    0.7333333333333333,
    0.8,
    0.8666666666666667,
    0.9333333333333333,
    1.0
  ],
  "solution_steps": {
    "0": [
      0.0,
      0.40673664307580015,
      0.7431448254773941,
      0.9510565162951535,
      0.9945218953682734,
      0.8660254037844387,
      0.5877852522924732,
      0.20791169081775931,
      -0.20791169081775907,
      -0.587785252292473,
      -0.8660254037844384,
      -0.9945218953682733,
      -0.9510565162951536,
      -0.743144825477394,
      -0.40673664307580015,
      -2.4492935982947064e-16
    ],
    "4": [
      0.012501667315361243,
      0.10309614873102602,
      0.09684531507334539,
      -0.0,
      -0.0,
      -0.0,
      -0.0,
      -0.0,
      -0.0,
      -0.0,
      -0.0,
      -0.09467753625492326,
      -0.09467753625492326,
      -0.0023182818400187375,
      -0.008418462397060615,
      -0.012200361114083756
    ],
    "8": [
      0.011095942633677254,
      0.007899591978785491,
      0.0023516206619468624,
      0.09519739664034323,
      0.09519739664034323,
      -0.0,
      -0.0,
      -0.0,
      -0.0,
      -0.0,
      -0.0,
      -0.09467753625492326,
      -0.0960213558568443,
      -0.0028876107012825434,
      -0.007073030052857323,
      -0.011058477906991642
    ],
    "12": [
      0.010672114188010381,
      0.007379491721295257,
      0.09776069165305326,
      0.09571725702576318,
      -0.0,
      -0.0,
      -0.0,
      -0.0,
      -0.0,
      -0.0,
      -0.0,
      -0.09519739664034323,
      -0.09571725702576318,
      -0.0027281896197947886,
      -0.007376988481450906,
      -0.010337318494152153
    ],
    "16": [
      0.010190979745270095,
      0.007378881700927615,
      0.09800064885405575,
      0.0005198603854199591,
      -0.0,
      0.09519739664034323,
      -0.0,
      -0.0,
      -0.0,
      -0.0,
      -0.09467753625492326,
      -0.0,
      -0.0012070784343255747,
      -0.0981085694888008,
      -0.007209761192575289,
      -0.009971612786046654
    ],
    "20": [
      0.009558258881135375,
      0.008418152138507402,
      0.003119162312519754,
      0.09467753625492326,
      0.0005198603854199591,
      -0.0,
      0.09467753625492326,
      -0.0,
      -0.0,
      -0.09519739664034323,
      -0.0,
      -0.0,
      -0.09632545468792542,
      -0.0031013749175567667,
      -0.006768680484606593,
      -0.009590727229264061
    ]
  },
  "_source": "solver"
}