{
  "u_initial": [
    0.0,
    0.20129852008866006,
    0.39435585511331855,
    0.5712682150947923,
    0.7247927872291199,
    0.8486442574947509,
    0.9377521321470804,
    0.9884683243281114,
    0.9987165071710528,
    0.9680771188662044,
    0.8978045395707416,
    0.7907757369376985,
    0.6513724827222223,
    0.48530196253108143,
    0.29936312297335804,
    0.10116832198743228,
    -0.10116832198743204,
    -0.2993631229733574,
    -0.48530196253108043,
    -0.651372482722222,
    -0.7907757369376986,
    -0.8978045395707414,
    -0.9680771188662043,
    -0.9987165071710528,
    -0.9884683243281114,
    -0.9377521321470808,
    -0.8486442574947515,
    -0.72479278722912,
    -0.5712682150947924,
    -0.3943558551133187,
    -0.20129852008866028,
    -2.4492935982947064e-16
  ],
  "u_final_classical": [
    0.0,
    0.09839179010377658,
    0.1962782989898906,
    0.29313054584592063,
    0.3883690882028365,
    0.4813303401560362,
    0.5712201680571987,
    0.6570448996530251,
    0.7375013551493942,
    0.8107885104654762,
    0.8742569673413902,
    0.9236824215361206,
    0.9515769639887613,
    0.9421244819586885,
    0.8332528550024384,
    0.3881166374062371,
    -0.38811663740623537,
    -0.8332528550024381,
    -0.9421244819586885,
    -0.9515769639887613,
    -0.9236824215361207,
    -0.8742569673413905,
    -0.8107885104654763,
    -0.7375013551493943,
    -0.6570448996530251,
    -0.5712201680571987,
    -0.48133034015603626,
    -0.38836908820283655,
    -0.29313054584592074,
    -0.19627829898989074,
    -0.09839179010377674,
    -2.4492935982947064e-16
  ],
  "u_final_method": [
    0.054282334871633885,
    0.08737656668018884,
    0.20724842853388595,
    0.2626776338361633,
    0.3597739211855815,
    0.43962603234004166,
    0.5539796017797742,
    0.6496577063107477,
    0.6073492478373292,
    0.21454491040504778,
    -0.3835295858124384,
    -2.160701346940476,
    2.5782113909718567,
    1.0740259633870455,
    0.5452088868308014,
    0.17075377900543928,
    -0.17075377900543845,
    -0.5452088868308005,
    -1.0740259633870406,
    -2.5782113909719553,
    2.1607013469403666,
    0.38352958581234664,
    -0.21454491040507756,
    -0.6073492478373178,
    -0.6496577063107398,
    -0.5539796017797867,
    -0.43962603234003433,
    -0.3597739211855816,
    -0.2626776338361646,
    -0.20724842853388561,
    -0.08737656668018903,
    -0.05428233487163385
  ],
  "errors_by_step": {
    "0": 0.0,
    "10": 0.05440888274392486,
    "20": 0.08646233607188315,
    "30": 0.15726796921017208,
    "40": 0.34003615950239996,
    "50": 1.4559060299094653
  },
  "final_error": 1.4559060299094653,
  "max_error": 1.4559060299094653,
  "_source": "solver"
}