{
  "iterations_completed": 1,
  "converged": true,
  "_source": "harvester",
  "fidelity": 1.4770713614939737,
  "shots": 100,
  "l2_error_abs": 0.332144677707484,
  "l2_error_rel": 0.2683274589646083
}