{
  "quantum_solution": [
    1.2282654953725234,
    0.14450182298500275,
    0.02890036459700055,
    0.04335054689550082
  ],
  "classical_solution": [
    1.1454545454545455,
    0.43636363636363634,
    0.16363636363636364,
    0.05454545454545454
  ],
  "_source": "harvester"
}