{
  "grid": [
    0.0,
    0.03225806451612903,
    0.06451612903225806,
    0.0967741935483871,
    0.12903225806451613,
    0.16129032258064516,
    0.1935483870967742,
    0.22580645161290322,
    0.25806451612903225,
    0.29032258064516125,
    0.3225806451612903,
    0.3548387096774194,
    0.3870967741935484,
    0.4193548387096774,
    0.45161290322580644,
    0.4838709677419355,
    0.5161290322580645,
    0.5483870967741935,
    0.5806451612903225,
    0.6129032258064516,
    0.6451612903225806,
    0.6774193548387096,
    0.7096774193548387,
    0.7419354838709677,
    0.7741935483870968,
    0.8064516129032258,
    0.8387096774193548,
    0.8709677419354839,
    0.9032258064516129,
    0.9354838709677419,
    0.967741935483871,
    1.0
  ],
  "solution_steps": {
    "0": [
      0.0,
      0.20129852008866006,
      0.39435585511331855,
      0.5712682150947923,
      0.7247927872291199,
      0.8486442574947509,
      0.9377521321470804,
      0.9884683243281114,
      0.9987165071710528,
      0.9680771188662044,
      0.8978045395707416,
      0.7907757369376985,
      0.6513724827222223,
      0.48530196253108143,
      0.29936312297335804,
      0.10116832198743228,
      -0.10116832198743204,
      -0.2993631229733574,
      -0.48530196253108043,
      -0.651372482722222,
      -0.7907757369376986,
      -0.8978045395707414,
      -0.9680771188662043,
      -0.9987165071710528,
      -0.9884683243281114,
      -0.9377521321470808,
      -0.8486442574947515,
      -0.72479278722912,
      -0.5712682150947924,
      -0.3943558551133187,
      -0.20129852008866028,
      -2.4492935982947064e-16
    ],
    "8": [
      0.0,
      0.18536670359856647,
      0.3556828259612323,
      0.5132571611674379,
      0.6481813432424418,
      0.7933647666629803,
      0.904085669384537,
      0.979540567027949,
      1.0474001648589961,
      1.0343959339774775,
      0.9793811063165208,
      0.8866418629977516,
      0.7564811643337603,
      0.5385020447510533,
      0.34134205613509194,
      0.14139217373840754,
      0.07771211945912998,
      0.2775815629750907,
      0.4266241844699763,
      0.5842237816480268,
      0.7366060703277684,
      0.8216677850800258,
      0.9460693229238055,
      0.9268335179928323,
      0.9724460256749549,
      0.9709994508021323,
      0.866628012845521,
      0.7725522252637467,
      0.6158071508253546,
      0.4614465603917438,
      0.22356065616780618,
      0.0
    ],
    "16": [
      0.0,
      0.15666198966589442,
      0.3174631809166532,
      0.4652960415651078,
      0.6084681168819629,
      0.739555878960904,
      0.8567941221804909,
      0.9585652605347752,
      1.0265386130746645,
      1.0731449694854622,
      1.0690497256979619,
      0.9770185392425178,
      0.88985981880503,
      0.6489182204401078,
      0.413732067637159,
      0.15397231354300306,
      0.06778850327014066,
      0.22874339876111188,
      0.34851346678133704,
      0.4874391494540943,
      0.6565184587124139,
      0.7173332931485344,
      0.8648017179272112,
      0.8922625531051481,
      0.9110271363903176,
      1.008629064301648,
      0.9126878717760529,
      0.8154496144777291,
      0.6754154979621205,
      0.5180793336341429,
      0.26014603424163535,
      0.0
    ],
    "24": [
      0.0,
      0.1437744952458842,
      0.31305610435461945,
      0.421231210682839,
      0.5692294806894967,
      0.663539037167672,
      0.8109857671760932,
      0.9196366259728762,
      0.9922465479524705,
      1.0419717944747937,
      1.1233818269717182,
      1.0740552067842188,
      1.0145211510425325,
      0.7938553983971031,
      0.5130965200329298,
      0.19273046512708122,
      0.053226832287518684,
      0.1986290022030397,
      0.30283387575734594,
      0.40041507130937326,
      0.593328214423768,
      0.6453410449355095,
      0.7818689717988552,
      0.8461906992993931,
      0.8297242006313692,
      0.9709743987764791,
      0.9464580713175835,
      0.8903606807100872,
      0.7535073717202542,
      0.589068549064807,
      0.3242519520324102,
      0.0
    ],
    "32": [
      0.0,
      0.13200370686540444,
      0.29925545867302134,
      0.38588128071438527,
      0.5405660100903019,
      0.6156457476526438,
      0.7509565046676935,
      0.8690763021724844,
      0.9687178657739215,
      1.0223413812319513,
      1.1206070347488883,
      1.1217844153871073,
      1.107096398681857,
      0.9781562939916097,
      0.6742651802128129,
      0.23139189063456386,
      0.05628656973060048,
      0.18267860908564063,
      0.2962406601353799,
      0.31640863239234307,
      0.5124860491427348,
      0.5975396664160919,
      0.6889837880170496,
      0.8073411958715058,
      0.7781673398077574,
      0.8907990604195698,
      0.9298364144585336,
      0.9359493566472695,
      0.8152813809609047,
      0.6843700053963845,
      0.40353976967176397,
      0.0
    ],
    "40": [
      0.0,
      0.12853036112232752,
      0.29400201420443817,
      0.3514646063338974,
      0.49349525456808585,
      0.5822663779930662,
      0.7027017397490504,
      0.7988785758462587,
      0.9256949681920651,
      0.991193009703913,
      1.1129140603840273,
      1.1358064645192478,
      1.1658133673685853,
      1.1310577547902265,
      0.9477119910425289,
      0.31517215036394236,
      0.05840027172757981,
      0.1642102034814443,
      0.27236073560326146,
      0.26381316807658944,
      0.4194820824242253,
      0.5322520795878528,
      0.6264433029707949,
      0.7551213850584946,
      0.7240662253574754,
      0.7955362526973536,
      0.8858043021403216,
      0.9231584969530192,
      0.8795859364121739,
      0.7692448677228012,
      0.5354464193207843,
      0.0
    ],
    "48": [
      0.0,
      0.11954300827360403,
      0.26568131541023854,
      0.34821399862157343,
      0.4664823794333448,
      0.558287684144017,
      0.6627347129425666,
      0.7577727307156936,
      0.8829449367074579,
      0.9276115428060813,
      1.0290319149418519,
      1.1197704311514525,
      1.1687792063321598,
      1.1666468187435228,
      1.3227303852053667,
      0.46146566680877693,
      0.05793193862133129,
      0.15676537423401285,
      0.2529478284754354,
      0.24819518285532413,
      0.3971613615194807,
      0.484134648505892,
      0.5403531508014324,
      0.6879036569549716,
      0.7206461556468492,
      0.7269283704817722,
      0.8168993114128805,
      0.8661088885502392,
      0.9103529680155917,
      0.8498949207706502,
      0.7216219802721214,
      0.0
    ],
    "50": [
      0.0,
      0.12822601998429597,
      0.2608721379434503,
      0.34340128586985125,
      0.46031921794023434,
      0.5381811805922556,
      0.649817781466052,
      0.738374150882783,
      0.8694207346869113,
      0.9162518779099892,
      1.0143868088704728,
      1.1172639281959185,
      1.173913026371028,
      1.1613704123413486,
      1.4075109555411722,
      0.5261086736816024,
      0.06516583917179032,
      0.1486742333458108,
      0.2637777247152283,
      0.24582960328529532,
      0.37695798264213687,
      0.4798912977435113,
      0.5227867230318969,
      0.6711667747836234,
      0.7128638457171532,
      0.7182658476289948,
      0.809561526067901,
      0.8548330567081805,
      0.9024215449063175,
      0.8405752062132746,
      0.7877474703504501,
      0.0
    ]
  },
  "_source": "solver"
}