{
  "quantum_solution": [
    0.6939283330029256,
    0.09359372295368057,
    0.7077528727261346,
    0.09375262570911978
  ],
  "classical_solution": [
    0.7055698197297996,
    0.046596453582414196,
    0.7055698197297996,
    0.046596453582414196
  ],
  "_source": "harvester"
}