xp, rho, u, p, Mach
0.1,0.9874709700396207,1.5144362664144408,0.6998202700398849,1.5203931108655504
0.3,0.8860312957259433,1.6131636517083938,0.6031848934929362,1.6523943936388708
0.5,0.6197110165595486,1.7414126406486805,0.37505274078808065,1.8918474386440145
0.7,0.5170337638268983,1.8291066210614002,0.2887681853059027,2.0685202866413626
0.9,0.4837725068950893,1.8695813601310536,0.26090259964224866,2.1516010132895205
