xp, rho, u, p, Mach
0.1,0.9876188790421261,1.5143694070012717,0.6996703071428881,1.5206027777182785
0.3,0.8834673265583869,1.6142559479136225,0.601411604609061,1.6535514855719629
0.5,0.6233036827708832,1.7358524652780118,0.3779634554442383,1.883968919457063
0.7,0.5628589709245667,1.7544162135480306,0.3244570955945721,1.9529439200921805
0.9,0.5931760430939104,1.68125810247021,0.3500359838729835,1.8497192984475388
