xp, rho, u, p, Mach
0.1,0.9874709551684662,1.5144363038107131,0.6998202450119261,1.5203931641476993
0.3,0.886031203459121,1.6131637278548807,0.6031848044087302,1.6523945076220092
0.5,0.6197108269284805,1.7414128194780307,0.3750525945502953,1.8918477122975463
0.7,0.5170340192456753,1.829106179290186,0.288768362753766,2.068519662426876
0.9,0.4837740518988889,1.869578442718455,0.2609037669046963,2.151596278475751
