xp, rho, u, p, Mach
0.1,0.9876188790421261,1.5139608401743596,0.6999146984278943,1.519927100936729
0.3,0.8842368845483701,1.6142823199492926,0.601887797430373,1.6536439890835342
0.5,0.6187604909810821,1.7412364518905357,0.37465024798078905,1.89121980841185
0.7,0.5321290072080194,1.803803744366432,0.30019722541715493,2.029693197208763
0.9,0.5282647980775298,1.7891930894897476,0.29593913702020963,2.020309139700764
