xp, rho, u, p, Mach
0.1,0.9874984606134934,1.5144298706729602,0.6997932830936556,1.520437169476788
0.3,0.8858002397218014,1.6132675781797792,0.602998559096023,1.6525406360107702
0.5,0.6193153606663022,1.7416801010617655,0.3747905363742583,1.8921954330196977
0.7,0.519007995555999,1.8254649185165592,0.29030229654288164,2.0628671583628195
0.9,0.4909997578420928,1.8559132203672084,0.26646677728707835,2.129181832259593
