xp, rho, u, p, Mach
0.1,0.9874709540844558,1.514436365848066,0.69982018391432,1.5203932919633043
0.3,0.8860307477315503,1.613164204473858,0.6031843193684193,1.6523952352518487
0.5,0.6197099470634749,1.7414136386629084,0.3750519270489815,1.8918489427394534
0.7,0.5170356589968617,1.8291031506234194,0.2887695942349189,2.0685151067489773
0.9,0.48378262231375685,1.869562505222051,0.2609102001960843,2.1515704689441493
