xp, rho, u, p, Mach
0.1,0.9874709767291815,1.514436254574455,0.6998202830998246,1.5203930899422253
0.3,0.8860313616779804,1.6131635790123664,0.6031849543688024,1.6523942972900356
0.5,0.6197111391349456,1.7414125039473956,0.3750528272432318,1.8918472591827562
0.7,0.5170336655989952,1.8291067966761299,0.288768109682441,2.0685205596052003
0.9,0.4837717556562646,1.8695827358841883,0.26090204128594113,2.1516032283018967
