xp, rho, u, p, Mach
0.1,0.9874761254721777,1.514431060102994,0.6998206085589949,1.5203914852009819
0.3,0.8860183427543742,1.6131705953711233,0.6031706459914496,1.6524089432584392
0.5,0.6196821100748044,1.741430056017749,0.3750315534043088,1.8918756732361715
0.7,0.5171432619598956,1.8289026106972888,0.288849425099945,2.068217666509642
0.9,0.4842231775317765,1.8687307573113892,0.26124340397272755,2.150219695167857
