xp, rho, u, p, Mach
0.1,0.9874984606134934,1.5144128123085392,0.6998211434605753,1.5203897786554188
0.3,0.8858920252092272,1.613224761395593,0.6030751518904319,1.6524774440896772
0.5,0.6194660788638602,1.741573140346752,0.3748810011328775,1.8920811094707817
0.7,0.5181378044501922,1.8270847407308173,0.28962336623561297,2.0653826024526714
0.9,0.4879583642588276,1.861725674082311,0.2640867816865589,2.138797764268753
