xp, rho, u, p, Mach
0.1,0.9874726962664248,1.514435505952862,0.6998195809341584,1.5203944248917711
0.3,0.8860228991424977,1.6131721579342457,0.6031766127288657,1.6524066195998452
0.5,0.6196979173709355,1.7414204273378389,0.3750438574391023,1.891858308301403
0.7,0.517080511639113,1.8290201975939455,0.2888030358500728,2.068391247500866
0.9,0.48396831630792,1.869211972086855,0.2610498280258427,2.151004385493821
