xp, rho, u, p, Mach
0.1,0.9905741935831166,1.510652316698038,0.7026900626412599,1.5158705025562316
0.3,0.8965804930885424,1.600517401022793,0.6140336306959343,1.634537716044467
0.5,0.6655779232922816,1.680836101306776,0.41090887976567875,1.807956764012441
0.7,0.66050718531294,1.6047266047066242,0.406883008618163,1.7279892292001162
0.9,0.7410130436937429,1.4949054646372024,0.4789243360729327,1.5715535538170449
