{
  "iterations_completed": 1,
  "converged": true,
  "_source": "harvester",
  "fidelity": 1.225363574025474,
  "shots": 10000,
  "l2_error_abs": 0.7834128297815958,
  "l2_error_rel": 0.6328903879673163
}