{
  "quantum_solution": [
    0.731746902577055,
    0.6080263338388168,
    0.5571115073401777,
    0.5627687102844712
  ],
  "classical_solution": [
    1.1454545454545455,
    0.43636363636363634,
    0.16363636363636364,
    0.05454545454545454
  ],
  "_source": "harvester"
}