{
  "grid": [
    0.0,
    0.0625,
    0.125,
    0.1875,
    0.25,
    0.3125,
    0.375,
    0.4375,
    0.5,
    0.5625,
    0.625,
    0.6875,
    0.75,
    0.8125,
    0.875,
    0.9375
  ],
  "solution_steps": {
    "0": [
      0.0,
      0.3826834323650898,
      0.7071067811865475,
      0.9238795325112867,
      1.0,
      0.9238795325112867,
      0.7071067811865476,
      0.3826834323650899,
      1.2246467991473532e-16,
      -0.38268343236508967,
      -0.7071067811865475,
      -0.9238795325112865,
      -1.0,
      -0.9238795325112866,
      -0.7071067811865477,
      -0.3826834323650904
    ],
    "2": [
      0.0010612618857440026,
      0.33272686124167666,
      0.47338667982119265,
      0.35455187717712433,
      0.18420680743952367,
      0.10394263873042092,
      10.298973460971505,
      -0.023014565796142535,
      -10.22567020242157,
      0.05545177444479563,
      -0.0,
      -0.08788898309344872,
      -0.24544423481068933,
      -0.3895052544489305,
      -0.4865137728857033,
      -0.34626434825549574
    ],
    "4": [
      0.002139381845680912,
      0.3127707110130658,
      0.40638261944059856,
      0.29011913292117236,
      0.18080203828602,
      0.11904616443438663,
      0.11090354888959127,
      0.026917778929696965,
      -0.09631782434607487,
      -0.01458572454351625,
      -0.0,
      -0.1663553233343869,
      -0.19812307200939877,
      -0.25710906264357253,
      -0.40578669210641716,
      -0.3108036767768461
    ],
    "6": [
      9.368181195100078e-05,
      0.291975817495651,
      0.34519054387192605,
      0.2798820580498174,
      0.19847444011266888,
      0.09933705058470267,
      0.11480676202314584,
      0.03884062526253601,
      -0.06307658882914169,
      -0.07720647168348692,
      -0.05173017319400415,
      -0.0784663402409381,
      -0.18534157823888017,
      -0.2596525478036675,
      -0.35841708755766577,
      -0.2947101916646146
    ],
    "8": [
      -0.0005747211871052294,
      0.2755745994881515,
      0.33213584414350833,
      0.24289456846457635,
      0.21247369085338108,
      0.11668920181596136,
      0.04476926303483381,
      0.04782696006044958,
      0.023014565796142392,
      -0.04782696006044958,
      -0.09631782434607487,
      -0.12032619174210198,
      -0.18657151161884714,
      -0.23726765118430332,
      -0.3289293066758384,
      -0.27756452684228394
    ],
    "10": [
      -0.001090973863973357,
      0.26331471022852027,
      0.31389604704206436,
      0.24685672859063623,
      0.20007255929075526,
      0.14165648480241777,
      0.04806190883431448,
      -0.009422642852510564,
      -0.020626328744167994,
      -0.008428841252626143,
      -0.06241268460396605,
      -0.13111973717405156,
      -0.15962136368203247,
      -0.23895648083959806,
      -0.31827916427299424,
      -0.26390022150278797
    ],
    "12": [
      0.000541973068943129,
      0.25072209097573456,
      0.296784686292364,
      0.212726343816709,
      0.1975869117493601,
      0.15144895707906741,
      0.0495231366724979,
      0.02628032535776292,
      -0.010682511409961818,
      -0.05545177444479563,
      -0.07330325854993242,
      -0.09958358390769532,
      -0.1639872857522836,
      -0.2348446040414337,
      -0.2964636520709873,
      -0.2512977548353492
    ],
    "14": [
      -0.0002687384429293083,
      0.24505426603968464,
      0.27677407291358813,
      0.22526462730878066,
      0.17537896286601445,
      0.14020310048598192,
      0.08909201328261197,
      0.029417982410025446,
      0.011728277935350065,
      -0.04348923572711861,
      -0.09199244664445282,
      -0.12118181487144171,
      -0.17680833921599046,
      -0.23160709982194433,
      -0.283903802694192,
      -0.243661825823968
    ],
    "16": [
      -0.0006031716022128819,
      0.2360239452404824,
      0.2740869590501324,
      0.2130263032705632,
      0.16171088203362735,
      0.14629623875357914,
      0.07281693486382189,
      -0.005001628558506681,
      -0.0,
      -0.0,
      -0.08288735453494205,
      -0.13391811468573372,
      -0.1536820404591549,
      -0.22382684039796524,
      -0.2714422093512718,
      -0.2325999036224191
    ],
    "18": [
      5.9130988384445975e-05,
      0.22900365985272036,
      0.25818470999397614,
      0.20926835460284757,
      0.16710449268887032,
      0.12622660584150153,
      0.10836365302442481,
      0.013526106403514718,
      -0.03884062526253608,
      -0.02033873107073923,
      -0.0668998419360495,
      -0.11251976547499283,
      -0.17478416458701296,
      -0.21629659613344587,
      -0.25318735491005717,
      -0.22886963402140625
    ],
    "20": [
      0.0008141597859936489,
      0.22070706787690053,
      0.24799890359358323,
      0.21161780618057516,
      0.17282150966510323,
      0.12404779299289338,
      0.073712466603274,
      0.05710131742101446,
      0.006403416613882982,
      -0.046651702827649334,
      -0.08173209980255855,
      -0.14786173435931182,
      -0.17120529307970167,
      -0.19847444011266888,
      -0.24881306337957687,
      -0.22048610717175351
    ],
    "22": [
      0.0006630630540551153,
      0.2148125591614343,
      0.2409583111992761,
      0.20202362699584042,
      0.1623208550442356,
      0.1123607840808986,
      0.09989383865950742,
      0.03482544570062764,
      -0.008657086771218658,
      -0.016383553011681116,
      -0.0703786508912286,
      -0.1308026767698451,
      -0.1884335801647987,
      -0.19965429974159288,
      -0.23636675012982827,
      -0.21718188641568184
    ],
    "24": [
      0.0012836318319038398,
      0.20986636286068647,
      0.22987446008441353,
      0.18331050075545832,
      0.17592976888899287,
      0.1550232819693447,
      0.08996702200570958,
      0.022512996755054856,
      -0.01700491535869375,
      -0.025476298489482758,
      -0.08015061297676475,
      -0.14430462461953839,
      -0.16612060433960388,
      -0.19228758723244815,
      -0.23377875013595745,
      -0.20864463199907504
    ],
    "26": [
      0.0007708132348051144,
      0.20391310946690047,
      0.22469574986971505,
      0.19183162182386962,
      0.17852191747544274,
      0.1207807384194964,
      0.09265635086962845,
      0.03884062526253608,
      -0.029579762040486842,
      -0.04381116775109654,
      -0.06881610121784888,
      -0.12000425971812391,
      -0.17235535780932623,
      -0.1856559680026258,
      -0.2258936103819294,
      -0.20589469950095635
    ]
  },
  "_source": "solver"
}