{
  "quantum_solution": [
    0.913311070155753,
    0.34950087209492653,
    0.19295520674779248,
    0.08050042064955674
  ],
  "classical_solution": [
    0.7055698197297996,
    0.046596453582414196,
    0.7055698197297996,
    0.046596453582414196
  ],
  "_source": "harvester"
}