{
  "iterations_completed": 1,
  "converged": true,
  "_source": "harvester",
  "fidelity": 0.8005846328457376,
  "shots": 10000,
  "l2_error_abs": 0.6315304698179849,
  "l2_error_rel": 0.6315304698179849
}