xp, rho, u, p, Mach
0.1,0.9885022954349443,1.5129397750170546,0.6996519098251786,1.519866532174636
0.3,0.8842375457964947,1.6169640643272656,0.6001886805035346,1.6587346845208468
0.5,0.6183443304929949,1.7473899915455542,0.37001247768375256,1.9091182654586658
0.7,0.5117049375966067,1.8468181059321278,0.282001289173692,2.102540464523464
0.9,0.48050084910654617,1.8808551711938533,0.2561708978854258,2.1770756588313245
