xp, rho, u, p, Mach
0.1,0.9874723169475925,1.5144324994986762,0.6998194682663705,1.5203912369812826
0.3,0.8860275050843142,1.6131717883230057,0.6031765539433867,1.6524106164873624
0.5,0.619709162807831,1.741422716800555,0.3750389116024566,1.891890435486604
0.7,0.5170175891695528,1.8291639520319467,0.2887466665451241,2.0686298428231544
0.9,0.48376613892037923,1.8696013457633136,0.26089105175368504,2.1516574706577885
