xp, rho, u, p, Mach
0.1,0.9875592299838349,1.5142651768938564,0.6998196018102767,1.5202900112288196
0.3,0.8858650188436674,1.613557173822401,0.6028524631926162,1.6530979872721379
0.5,0.6195987998269377,1.7419122032510408,0.3745757261856775,1.8934232806709363
0.7,0.516492384643549,1.8309178800550188,0.2880637957802182,2.0720129707231383
0.9,0.4834939597546207,1.8706059325039552,0.26043670772823063,2.154084410227606
