{
  "u_initial": [
    0.0,
    0.20129852008866006,
    0.39435585511331855,
    0.5712682150947923,
    0.7247927872291199,
    0.8486442574947509,
    0.9377521321470804,
    0.9884683243281114,
    0.9987165071710528,
    0.9680771188662044,
    0.8978045395707416,
    0.7907757369376985,
    0.6513724827222223,
    0.48530196253108143,
    0.29936312297335804,
    0.10116832198743228,
    -0.10116832198743204,
    -0.2993631229733574,
    -0.48530196253108043,
    -0.651372482722222,
    -0.7907757369376986,
    -0.8978045395707414,
    -0.9680771188662043,
    -0.9987165071710528,
    -0.9884683243281114,
    -0.9377521321470808,
    -0.8486442574947515,
    -0.72479278722912,
    -0.5712682150947924,
    -0.3943558551133187,
    -0.20129852008866028,
    -2.4492935982947064e-16
  ],
  "u_final_classical": [
    0.0,
    0.09839179010377658,
    0.1962782989898906,
    0.29313054584592063,
    0.3883690882028365,
    0.4813303401560362,
    0.5712201680571987,
    0.6570448996530251,
    0.7375013551493942,
    0.8107885104654762,
    0.8742569673413902,
    0.9236824215361206,
    0.9515769639887613,
    0.9421244819586885,
    0.8332528550024384,
    0.3881166374062371,
    -0.38811663740623537,
    -0.8332528550024381,
    -0.9421244819586885,
    -0.9515769639887613,
    -0.9236824215361207,
    -0.8742569673413905,
    -0.8107885104654763,
    -0.7375013551493943,
    -0.6570448996530251,
    -0.5712201680571987,
    -0.48133034015603626,
    -0.38836908820283655,
    -0.29313054584592074,
    -0.19627829898989074,
    -0.09839179010377674,
    -2.4492935982947064e-16
  ],
  "u_final_method": [
    0.08407135348013643,
    0.127749899627904,
    0.2162870084053104,
    0.3056276437978259,
    0.392820887125565,
    0.4756165638049432,
    0.5527398791570082,
    0.6235963338234208,
    0.687915852061355,
    0.745452195814216,
    0.7956729201850992,
    0.8372250797079441,
    0.8663936915049628,
    0.8698574737261329,
    0.776504906835376,
    0.34524561613406063,
    -0.34524563085465315,
    -0.7765048912131115,
    -0.8698574745368594,
    -0.8663936915715135,
    -0.8372250797491764,
    -0.7956729201688058,
    -0.7454521958201061,
    -0.6879158520549379,
    -0.6235963338231195,
    -0.5527398791570761,
    -0.4756165638050817,
    -0.3928208871256251,
    -0.3056276437978555,
    -0.21628700840530696,
    -0.127749899627878,
    -0.08407135348011165
  ],
  "errors_by_step": {
    "0": 0.0,
    "1": 0.03817438025446601,
    "2": 0.03889030041877666,
    "3": 0.039707398545733574,
    "4": 0.04061162746421645,
    "5": 0.04159033073210681,
    "6": 0.04263216644317104,
    "7": 0.04372699466809112,
    "8": 0.04486574447470578,
    "9": 0.046040272699003,
    "10": 0.04724322305890553,
    "11": 0.048467891247683595,
    "12": 0.049708099435441175,
    "13": 0.05095808209922836,
    "14": 0.05221238417646108,
    "15": 0.05346577205844345,
    "16": 0.05471315778815703,
    "17": 0.055949536895675694,
    "18": 0.057169940510032845,
    "19": 0.05836940265638943,
    "20": 0.05954294392169826,
    "21": 0.060685572902549854,
    "22": 0.061792307001726464,
    "23": 0.06285821419717343,
    "24": 0.06387847736469437,
    "25": 0.06484848259787063,
    "26": 0.0657639327389651,
    "27": 0.066620987006245,
    "28": 0.06741642715275808,
    "29": 0.06814784997652369,
    "30": 0.06881388516345965,
    "31": 0.06941443631345193,
    "32": 0.06995094150632457,
    "33": 0.07042664784398789,
    "34": 0.07084689200810136,
    "35": 0.0712193759752415,
    "36": 0.07155442365528783,
    "37": 0.0718652004662865,
    "38": 0.072167873972186,
    "39": 0.07248169014856339,
    "40": 0.07282893736951217,
    "41": 0.07323476994685521,
    "42": 0.0737268664316452,
    "43": 0.07433490641551753,
    "44": 0.0750898643426013,
    "45": 0.07602313982492973,
    "46": 0.07716556921760039,
    "47": 0.07854638854188552,
    "48": 0.08019223720626541,
    "49": 0.08212629906965786,
    "50": 0.08436766801428174
  },
  "final_error": 0.08436766801428174,
  "max_error": 0.08436766801428174,
  "_source": "solver"
}