{
  "iterations_completed": 1,
  "converged": true,
  "_source": "harvester",
  "fidelity": 0.9968017045858207,
  "shots": 1000,
  "l2_error_abs": 0.0799786898389711,
  "l2_error_rel": 0.0799786898389711
}