{
  "quantum_solution": [
    0.6885104580962017,
    0.1104819107177626,
    0.7109270776621246,
    0.09126766537554301
  ],
  "classical_solution": [
    0.7055698197297996,
    0.046596453582414196,
    0.7055698197297996,
    0.046596453582414196
  ],
  "_source": "harvester"
}