{
  "grid": [
    0.0,
    0.125,
    0.25,
    0.375,
    0.5,
    0.625,
    0.75,
    0.875
  ],
  "solution_steps": {
    "0": [
      0.0,
      0.7071067811865475,
      1.0,
      0.7071067811865476,
      1.2246467991473532e-16,
      -0.7071067811865475,
      -1.0,
      -0.7071067811865477
    ],
    "2": [
      -1.4210854715202004e-16,
      0.4824428824615992,
      0.6795029773312169,
      0.6572727697330782,
      -3.134914550173562e-13,
      -0.6572727697330742,
      -0.6795029773309031,
      -0.48244288246160316
    ],
    "4": [
      -2.1316282072803005e-16,
      0.4319516963350663,
      0.597316348590851,
      0.608285039694891,
      -2.305000634805765e-13,
      -0.608285039694887,
      -0.5973163485906203,
      -0.4319516963350703
    ],
    "6": [
      -2.842170943040401e-16,
      0.39844450717187535,
      0.5454580776501806,
      0.5613892427571914,
      -1.1766587704187258e-13,
      -0.5613892427571872,
      -0.5454580776500627,
      -0.39844450717187957
    ],
    "8": [
      -3.019806626980426e-16,
      0.3729184981799677,
      0.5078586073442819,
      0.5239187582893257,
      -1.0359713087382261e-13,
      -0.5239187582893219,
      -0.507858607344178,
      -0.3729184981799714
    ],
    "10": [
      -3.907985046680551e-16,
      0.3521065250673229,
      0.4784589048244311,
      0.49357267562303253,
      -8.490985692333198e-14,
      -0.49357267562302914,
      -0.47845890482434583,
      -0.3521065250673262
    ],
    "12": [
      -4.085620730620576e-16,
      0.3344414492257192,
      0.4543546872525964,
      0.4682952209080713,
      -6.473044322774512e-14,
      -0.46829522090806813,
      -0.45435468725253125,
      -0.33444144922572244
    ],
    "14": [
      -4.796163466380677e-16,
      0.3190452486456031,
      0.4339394887904215,
      0.44671583035957435,
      -5.4214410738495643e-14,
      -0.4467158303595711,
      -0.43393948879036687,
      -0.3190452486456063
    ]
  },
  "_source": "solver"
}