{
  "u_initial": [
    0.0,
    0.7071067811865475,
    1.0,
    0.7071067811865476,
    1.2246467991473532e-16,
    -0.7071067811865475,
    -1.0,
    -0.7071067811865477
  ],
  "u_final_classical": [
    -1.4778213349946724e-17,
    0.361989589826444,
    0.7161619111719113,
    1.174496075191928,
    3.3455384452398253e-16,
    -1.1744960751919282,
    -0.7161619111719114,
    -0.3619895898264442
  ],
  "u_final_method": [
    -4.796163466380677e-16,
    0.3190452486456031,
    0.4339394887904215,
    0.44671583035957435,
    -5.4214410738495643e-14,
    -0.4467158303595711,
    -0.43393948879036687,
    -0.3190452486456063
  ],
  "errors_by_step": {
    "0": 0.0,
    "2": 0.2571604261399013,
    "4": 0.32374754925808874,
    "6": 0.37797027515864295,
    "8": 0.4259974322688249,
    "10": 0.4701999874381705,
    "12": 0.5113880800372363,
    "14": 0.5495908849097056
  },
  "final_error": 0.5495908849097056,
  "max_error": 0.5495908849097056,
  "_source": "solver"
}