{
  "iterations_completed": 1,
  "converged": true,
  "_source": "harvester",
  "fidelity": 0.06723260814745742,
  "shots": 100,
  "l2_error_abs": 1.509139818169652,
  "l2_error_rel": 1.217133916511812
}