{
  "u_initial": [
    0.0,
    0.039206856131824244,
    0.0780361288064513,
    0.11611387090178493,
    0.15307337294603593,
    0.18855869473039907,
    0.22222809320784087,
    0.25375731366545823,
    0.282842712474619,
    0.3092041813450948,
    0.3325878449210181,
    0.352768505739342,
    0.36955181300451473,
    0.3827761342928836,
    0.3923141121612922,
    0.39807389066887877,
    0.4,
    0.39807389066887877,
    0.3923141121612922,
    0.3827761342928836,
    0.36955181300451473,
    0.35276850573934204,
    0.3325878449210182,
    0.30920418134509486,
    0.28284271247461906,
    0.25375731366545823,
    0.22222809320784087,
    0.18855869473039916,
    0.15307337294603596,
    0.11611387090178496,
    0.07803612880645144,
    0.039206856131824334,
    4.898587196589413e-17,
    -0.03920685613182424,
    -0.07803612880645135,
    -0.11611387090178485,
    -0.15307337294603587,
    -0.18855869473039907,
    -0.2222280932078408,
    -0.2537573136654581,
    -0.282842712474619,
    -0.3092041813450947,
    -0.3325878449210181,
    -0.352768505739342,
    -0.3695518130045146,
    -0.38277613429288354,
    -0.39231411216129214,
    -0.39807389066887877,
    -0.4,
    -0.39807389066887877,
    -0.3923141121612922,
    -0.3827761342928836,
    -0.3695518130045147,
    -0.35276850573934204,
    -0.3325878449210182,
    -0.30920418134509475,
    -0.28284271247461906,
    -0.2537573136654584,
    -0.22222809320784087,
    -0.18855869473039918,
    -0.15307337294603618,
    -0.116113870901785,
    -0.0780361288064515,
    -0.0392068561318242
  ],
  "u_final_classical": null,
  "u_final_method": [
    0.016918874899814824,
    0.04192463912279447,
    0.06262629390105036,
    0.07852225514662904,
    0.09147914708337371,
    0.10462137278257483,
    0.12057237781593866,
    0.14003900843887193,
    0.1615199299871684,
    0.18224569793687545,
    0.19979444665401927,
    0.21348394445192986,
    0.22470460428355926,
    0.23587057539736364,
    0.24849644705840332,
    0.2615639030078752,
    0.2713213381600748,
    0.27295709982071586,
    0.26356235682130047,
    0.24478356389463996,
    0.22313413730381726,
    0.20701288724402175,
    0.20190135434396936,
    0.20682794514646857,
    0.2142976869535961,
    0.2136645863304821,
    0.19634529168709206,
    0.16042999563747798,
    0.1118212235401036,
    0.060416272184084074,
    0.013638593711092852,
    -0.027635942843917433,
    -0.06762909691817143,
    -0.11027665142727898,
    -0.15449316211167313,
    -0.19394609443615934,
    -0.2214987334025399,
    -0.23460002035248365,
    -0.2373785886875997,
    -0.23820546821353758,
    -0.2446227835641899,
    -0.25869727140132825,
    -0.2755156535639922,
    -0.28593809013677696,
    -0.28197189281341833,
    -0.2612436018202643,
    -0.22807388193369205,
    -0.19132413321951447,
    -0.1606961070112932,
    -0.14302131901348147,
    -0.13967227966834214,
    -0.1461668995812583,
    -0.15449284426798685,
    -0.15713911785258589,
    -0.15050610940900863,
    -0.13582479752244037,
    -0.11752593433143196,
    -0.1003967087949585,
    -0.08707709002799899,
    -0.07697244458911466,
    -0.06694964782730523,
    -0.053332317884027806,
    -0.03403029866573067,
    -0.0096428674536768
  ],
  "errors_by_step": {},
  "final_error": NaN,
  "max_error": NaN,
  "_source": "solver"
}