{
  "u_initial": [
    0.0,
    0.20129852008866006,
    0.39435585511331855,
    0.5712682150947923,
    0.7247927872291199,
    0.8486442574947509,
    0.9377521321470804,
    0.9884683243281114,
    0.9987165071710528,
    0.9680771188662044,
    0.8978045395707416,
    0.7907757369376985,
    0.6513724827222223,
    0.48530196253108143,
    0.29936312297335804,
    0.10116832198743228,
    -0.10116832198743204,
    -0.2993631229733574,
    -0.48530196253108043,
    -0.651372482722222,
    -0.7907757369376986,
    -0.8978045395707414,
    -0.9680771188662043,
    -0.9987165071710528,
    -0.9884683243281114,
    -0.9377521321470808,
    -0.8486442574947515,
    -0.72479278722912,
    -0.5712682150947924,
    -0.3943558551133187,
    -0.20129852008866028,
    -2.4492935982947064e-16
  ],
  "u_final_classical": [
    0.0,
    0.11465753632850059,
    0.22858560009524026,
    0.34104229567526934,
    0.45125864150819267,
    0.558418962127498,
    0.6616325262531132,
    0.7598903858913767,
    0.8519976328093486,
    0.9364633816334008,
    1.011230685873693,
    1.073925629372657,
    1.120783807238316,
    1.11669620945892,
    1.2187235751677745,
    1.0804685486537364,
    -1.0804685486537329,
    -1.218723575167775,
    -1.1166962094589221,
    -1.1207838072383158,
    -1.0739256293726573,
    -1.011230685873694,
    -0.9364633816334001,
    -0.8519976328093489,
    -0.7598903858913767,
    -0.661632526253113,
    -0.5584189621274979,
    -0.4512586415081927,
    -0.3410422956752695,
    -0.22858560009524032,
    -0.11465753632850076,
    -2.4492935982947064e-16
  ],
  "u_final_method": [
    0.0,
    0.12822601998429597,
    0.2608721379434503,
    0.34340128586985125,
    0.46031921794023434,
    0.5381811805922556,
    0.649817781466052,
    0.738374150882783,
    0.8694207346869113,
    0.9162518779099892,
    1.0143868088704728,
    1.1172639281959185,
    1.173913026371028,
    1.1613704123413486,
    1.4075109555411722,
    0.5261086736816024,
    0.06516583917179032,
    0.1486742333458108,
    0.2637777247152283,
    0.24582960328529532,
    0.37695798264213687,
    0.4798912977435113,
    0.5227867230318969,
    0.6711667747836234,
    0.7128638457171532,
    0.7182658476289948,
    0.809561526067901,
    0.8548330567081805,
    0.9024215449063175,
    0.8405752062132746,
    0.7877474703504501,
    0.0
  ],
  "errors_by_step": {
    "0": 0.0,
    "8": 1.379712662345538,
    "16": 1.3329112215926722,
    "24": 1.2863374267232106,
    "32": 1.2382765401871874,
    "40": 1.1870316436738548,
    "48": 1.1432805648627014,
    "50": 1.1310375236758536
  },
  "final_error": 1.1310375236758536,
  "max_error": 1.379712662345538,
  "_source": "solver"
}