{
  "u_initial": [
    0.0,
    0.11480502970952693,
    0.21213203435596423,
    0.27716385975338603,
    0.3,
    0.27716385975338603,
    0.21213203435596426,
    0.11480502970952697,
    3.6739403974420595e-17,
    -0.1148050297095269,
    -0.21213203435596423,
    -0.2771638597533859,
    -0.3,
    -0.277163859753386,
    -0.2121320343559643,
    -0.1148050297095271
  ],
  "u_final_classical": null,
  "u_final_method": [
    -2.2565536951455402e-17,
    0.0570509463331058,
    0.10774967820339817,
    0.14564978645865173,
    0.1644380425513143,
    0.15885229633900583,
    0.12653701764026135,
    0.07041880562628151,
    3.7298267608719313e-17,
    -0.07041880562628142,
    -0.12653701764026126,
    -0.15885229633900583,
    -0.16443804255131433,
    -0.14564978645865176,
    -0.10774967820339817,
    -0.05705094633310582
  ],
  "errors_by_step": {},
  "final_error": NaN,
  "max_error": NaN,
  "_source": "solver"
}