dq_lu, dq_hhl,
-0.003881067973477771,-0.001388223617888731
-0.00115175531286975,-0.0
0.002110224044551964,0.000566739918784511
-0.0020871921922718884,-0.0005667399187845079
-0.0024331752914260314,-0.0011334798375690932
-0.0008986291808765668,-0.0
-0.0005224388671466721,-0.0
0.0010888934012374316,0.000566739918784259
-0.0026239892356746644,-0.0009816223340123231
0.003992926002229517,0.0014994528831570944
-0.0029896338705356763,-0.000981622334012369
-0.004243895732972601,-0.0019632446680249317
0.0008453263037852128,0.0
0.0034738700499572154,0.001267268983965112
0.0009242881562048227,0.0
