dq_lu, dq_hhl,
0.00031836187459520835,0.0
0.0002807606766810637,0.0009137387832081469
0.0013061726338804754,0.002043182032937073
0.00015401805343094282,0.0
0.0003731816301993565,0.0
0.00010803585133859193,0.0
-0.0005108073041162152,-0.0
-0.0004832222721908991,-0.0006461108898405895
0.0002830142078150807,0.0
0.0011358360036408906,0.0012922217796827156
-0.0003914346664928107,-0.0
-0.0003972437379241924,-0.0009137387832091012
-0.0004639338495858191,-0.0
0.0005764106690896226,0.0009137387832098162
0.0017340003204622495,0.0021429073945670846
