dq_lu, dq_hhl,
0.00031815556676874,0.0003633182639417668
-0.0006328247226118363,-0.0005744566147980019
-0.0007370365203970105,-0.0006292856924659839
0.00015367817995086985,0.0
0.0003730393542031359,0.00036331826394193483
0.00010714037917155628,0.0
-0.0005109682181040756,-0.00044497218044610236
0.00016217406031238923,0.0
0.00028286208328692607,0.0
-0.0001540264685512235,-0.00036331826394055003
-0.00039042545512137344,-0.00044497218044583343
0.0005193442480033909,0.0007707144244873802
-0.0004608775598340245,-0.0005744566147976631
-0.0003367960537736706,-0.00036331826394183
-0.0004092754503244364,-0.000363318263942021
