dq_lu, dq_hhl,
-0.012421132809263033,-0.0
-0.004431043850015061,-0.0
-0.028901648379532033,-0.006240244440328632
0.047658865784785814,0.009667345117462617
0.061279541759295675,0.011162888611832164
0.030569688959193052,0.004833672558731252
-0.018290159253104916,-0.003946677117528154
-0.04673012164066686,-0.009667345117462613
0.06455370510649375,0.012480488880657501
-0.04477891412070413,-0.008372166458874073
-0.09631222151968534,-0.021069490209675665
-0.044026258914809456,-0.010441926158049064
-0.030703522810648393,-0.005581444305915992
-0.07471397150058537,-0.01367169057725706
0.008429469298582635,0.0
