xp, rho, u, p, Mach
0.1,0.9873831226401547,1.5146061919689366,0.6997512537136301,1.5205710483596868
0.3,0.8860580100971813,1.6131041677292954,0.6032119925682649,1.6523212560814007
0.5,0.619753055084416,1.7412912629890378,0.37506842980657656,1.8917401706535752
0.7,0.5169962636604036,1.829133488570015,0.28876310397306065,2.0684938533908266
0.9,0.4838004549468798,1.8694164246005693,0.26095071844713597,2.1512749686879875
