xp, rho, u, p, Mach
0.1,0.9875160304252308,1.5144264380996089,0.6998486529469313,1.52038710146641
0.3,0.8858775160586118,1.6134328313205808,0.6030680840020678,1.652686727348024
0.5,0.6197768482111611,1.740966517173136,0.3750924274671462,1.8913631668995097
0.7,0.5168242848849154,1.8297421521850363,0.2887684350502297,2.068818884487692
0.9,0.4836576818131582,1.8699682662257664,0.26086041587880043,2.1519648459260377
