xp, rho, u, p, Mach
0.1,0.9871527121612891,1.5155657505740623,0.6995854688638247,1.5215370986980365
0.3,0.8858775160586118,1.6130227088630673,0.6033025300471768,1.651945556572716
0.5,0.6202218203916072,1.7397174774880422,0.37536197291434026,1.8900056077991667
0.7,0.5171876031488559,1.8293171486458824,0.28837773159196944,2.070466367912938
0.9,0.48423213842795587,1.8685001741277054,0.2611355268337434,2.1504183119013787
