{
  "u_initial": [
    0.0,
    0.11480502970952693,
    0.21213203435596423,
    0.27716385975338603,
    0.3,
    0.27716385975338603,
    0.21213203435596426,
    0.11480502970952697,
    3.6739403974420595e-17,
    -0.1148050297095269,
    -0.21213203435596423,
    -0.2771638597533859,
    -0.3,
    -0.277163859753386,
    -0.2121320343559643,
    -0.1148050297095271
  ],
  "u_final_classical": null,
  "u_final_method": [
    0.0025990417442976186,
    0.08169571293400237,
    0.15951064836475728,
    0.21566994161809147,
    0.2608727644290178,
    0.26292875263361265,
    0.26409628784209294,
    0.07489851708875904,
    -0.02014570471670009,
    -0.1016757432464642,
    -0.25408202467940755,
    -0.2347054618708351,
    -0.25993331477845816,
    -0.22555532302251521,
    -0.1529176982055998,
    -0.07325639613465097
  ],
  "errors_by_step": {},
  "final_error": NaN,
  "max_error": NaN,
  "_source": "solver"
}