xp, rho, u, p, Mach
0.1,0.9874274239030391,1.5145102813294302,0.6997499954581916,1.520510236506652
0.3,0.8857902509894912,1.6133620992931157,0.6029896942730104,1.652640288082512
0.5,0.6192958782564664,1.7418348862343285,0.3747804864715022,1.8923592011762544
0.7,0.5175482476023021,1.8280612505319886,0.2892074333947022,2.066795088037941
0.9,0.48664180869753404,1.86413487745204,0.2631515692071924,2.1424714382543426
