xp, rho, u, p, Mach
0.1,0.9874671507718329,1.5144418521324594,0.6998151366915718,1.5204013545713257
0.3,0.8860096795209149,1.6131845455614213,0.6031647151995913,1.6524232781948807
0.5,0.6196701958386048,1.741457780085487,0.37502267248871407,1.8919100058875387
0.7,0.51703735792137,1.8290912697598447,0.2887730376582811,2.0684927364316423
0.9,0.48392436061213323,1.8692847361708769,0.2610232507446566,2.1510999359077894
