xp, rho, u, p, Mach
0.1,0.993005567410347,1.5074933956221965,0.7067912300909379,1.5101554905479924
0.3,0.9145033466913923,1.5810847368655936,0.6307611503334905,1.6089824596622928
0.5,0.7077528362400307,1.6298640268035987,0.4461866250665458,1.7348818036971785
0.7,0.7330774399708971,1.529892145970384,0.46769494159386626,1.618789534999659
0.9,0.8260705889291796,1.4558694307985707,0.5532756643720476,1.5034749797721252
