xp, rho, u, p, Mach
0.1,0.9874708131660183,1.514436450756962,0.6998200852246786,1.5203933759252628
0.3,0.8860303509864527,1.6131645950506126,0.6031840187268687,1.652395677170786
0.5,0.6197088537768907,1.7414152954978954,0.3750511282840263,1.8918510884909314
0.7,0.5170308514913378,1.8291110624295313,0.288766104351625,2.0685269368073085
0.9,0.48377125497542733,1.8695829003050133,0.2609018679239667,2.151603018960581
