xp, rho, u, p, Mach
0.1,0.987469741902645,1.5144378782213819,0.6998186048072821,1.5203955924425823
0.3,0.8860225739457623,1.6131720793616624,0.603176700660993,1.6524061154297895
0.5,0.6196930423691495,1.741434004550419,0.3750392138030661,1.8918773292249953
0.7,0.5170285207069433,1.8291113441769813,0.28876509301785747,2.0685262152096353
0.9,0.4838183111443962,1.8694901351825808,0.26093958875606243,2.1514453745550215
