xp, rho, u, p, Mach
0.1,0.9888887861980182,1.513769147329997,0.7015075179398135,1.5189839774773661
0.3,0.8944298701511271,1.6035884338335091,0.6126636187562959,1.6375365362153818
0.5,0.6649026260791217,1.6827988446498257,0.41071915385057034,1.8095672727617953
0.7,0.6614849415339319,1.6055266462595077,0.4069658188322706,1.7299538350226957
0.9,0.7422740259528615,1.4957704244885757,0.47875495444868493,1.574078601897792
