xp, rho, u, p, Mach
0.1,0.9874628688618858,1.5144484191678746,0.6998098071177087,1.52041044050341
0.3,0.8859871818664449,1.6132047626924664,0.6031453224303029,1.6524495721732757
0.5,0.6196298375983486,1.7415046240796248,0.37499431014556744,1.891970830235898
0.7,0.5170682120212337,1.8290248682559584,0.2887989244637742,2.0683866519423018
0.9,0.48414210054632933,1.8688638017583896,0.2611961642592567,2.1503871786953392
