dq_lu, dq_hhl,
-0.011545356802255668,-0.0012526640098996455
-0.004558101679551046,-0.0
0.01180988323725348,0.001372224670393824
-0.001021713325897326,-0.0
-0.008454121178251473,-0.0
0.0054326441290077285,0.0007922542828404409
0.0021226708792400207,0.0005602083758204
0.0017735363179382762,0.0
-0.0031455205448271983,-0.0
0.0011369146851243227,0.0
-0.002901960380923042,-0.0
0.002837545152749709,0.0
-0.004977486517446953,-0.0
-0.001842945477636852,-0.0
-0.0012750264826474616,-0.0
