dq_lu, dq_hhl,
-0.002882153265845819,-0.0033640167395919667
-8.571813864303193e-05,-0.0
0.004134812326179782,0.0033640167395923197
-0.0009928715016107098,-0.0
-0.004906055586830149,-0.0
0.0026926677032659964,0.0
0.0015548534875461592,0.0
0.0017610929995316904,0.0
-0.0014282041323015076,-0.003364016739590778
-0.0009072442099807383,-0.0
-0.0011752243194125993,-0.0
0.0020414390257859,0.0
-0.0003095432196772091,-0.0
-0.0009699985786303925,-0.0
-0.0012079204858812642,-0.0
