xp, rho, u, p, Mach
0.1,0.9903466181836883,1.5101265122318335,0.6990768654567944,1.5190793522085404
0.3,0.8870226444913264,1.6185973518939067,0.5984700135305374,1.6654092163912397
0.5,0.6181585750835233,1.7429399035114639,0.3765905682533692,1.8872682108681171
0.7,0.5179441358047622,1.8314558765409163,0.28610703598717824,2.0826180751485563
0.9,0.48408522152665906,1.8721743359410417,0.2602299804589962,2.158064980491064
