{
  "quantum_solution": [
    0.7005957388671069,
    0.09413574466268582,
    0.7009932715726084,
    0.09440606690242663
  ],
  "classical_solution": [
    0.7055698197297996,
    0.046596453582414196,
    0.7055698197297996,
    0.046596453582414196
  ],
  "_source": "harvester"
}