{
  "iterations_completed": 1,
  "converged": true,
  "_source": "harvester",
  "fidelity": 0.9977042852021563,
  "shots": 100000,
  "l2_error_abs": 0.06776008851593687,
  "l2_error_rel": 0.06776008851593687
}