{
  "u_initial": [
    0.0,
    0.20129852008866006,
    0.39435585511331855,
    0.5712682150947923,
    0.7247927872291199,
    0.8486442574947509,
    0.9377521321470804,
    0.9884683243281114,
    0.9987165071710528,
    0.9680771188662044,
    0.8978045395707416,
    0.7907757369376985,
    0.6513724827222223,
    0.48530196253108143,
    0.29936312297335804,
    0.10116832198743228,
    -0.10116832198743204,
    -0.2993631229733574,
    -0.48530196253108043,
    -0.651372482722222,
    -0.7907757369376986,
    -0.8978045395707414,
    -0.9680771188662043,
    -0.9987165071710528,
    -0.9884683243281114,
    -0.9377521321470808,
    -0.8486442574947515,
    -0.72479278722912,
    -0.5712682150947924,
    -0.3943558551133187,
    -0.20129852008866028,
    -2.4492935982947064e-16
  ],
  "u_final_classical": [
    0.0,
    0.16842685999318183,
    0.33331211881619505,
    0.4910075166540398,
    0.6376485099672735,
    0.7690404821007752,
    0.8805442404374964,
    0.9669744109560453,
    1.022544804712009,
    1.0409324806008284,
    1.015591983263906,
    0.9405206331692635,
    0.8116914434016061,
    0.6291888576774569,
    0.3995554033586374,
    0.13712367448567545,
    -0.13712367448567503,
    -0.3995554033586362,
    -0.6291888576774559,
    -0.8116914434016066,
    -0.9405206331692632,
    -1.0155919832639058,
    -1.0409324806008287,
    -1.022544804712009,
    -0.9669744109560455,
    -0.8805442404374968,
    -0.7690404821007755,
    -0.6376485099672734,
    -0.4910075166540399,
    -0.3333121188161952,
    -0.168426859993182,
    -2.4492935982947064e-16
  ],
  "u_final_method": [
    0.0,
    0.1328149265037723,
    0.34499158374918887,
    0.5244942364670709,
    0.6841214688919309,
    0.7661035606474861,
    0.8890594221853451,
    0.9210660660718343,
    1.0155876756302842,
    1.0373662445776899,
    1.0259644351424038,
    0.9428514851345746,
    0.8220362720286066,
    0.5753080061760909,
    0.4023473983748982,
    0.16600371242307563,
    -0.07088715269819397,
    -0.4191838541591567,
    -0.6057202635273793,
    -0.8405535456538699,
    -0.947807347043808,
    -1.0176679547893535,
    -1.0070299306257584,
    -1.0441812532994323,
    -0.9936542249362446,
    -0.8709331592988098,
    -0.7677035055424507,
    -0.6156367966148878,
    -0.4949513593116116,
    -0.33977894055198793,
    -0.11767433348489295,
    0.0
  ],
  "errors_by_step": {
    "0": 0.0,
    "1": 0.01637726641537517,
    "2": 0.020737982262955493,
    "3": 0.024772945677821998,
    "4": 0.03260093554601209,
    "5": 0.03418397672135403,
    "6": 0.03774034394319349,
    "7": 0.0402869194338861,
    "8": 0.03908331697364242,
    "9": 0.04290072848480865,
    "10": 0.040784923701057595,
    "11": 0.04139315789517432,
    "12": 0.036794247601416384
  },
  "final_error": 0.036794247601416384,
  "max_error": 0.04290072848480865,
  "_source": "solver"
}