{
  "grid": [
    0.0,
    0.03125,
    0.0625,
    0.09375,
    0.125,
    0.15625,
    0.1875,
    0.21875,
    0.25,
    0.28125,
    0.3125,
    0.34375,
    0.375,
    0.40625,
    0.4375,
    0.46875,
    0.5,
    0.53125,
    0.5625,
    0.59375,
    0.625,
    0.65625,
    0.6875,
    0.71875,
    0.75,
    0.78125,
    0.8125,
    0.84375,
    0.875,
    0.90625,
    0.9375,
    0.96875
  ],
  "solution_steps": {
    "0": [
      0.0,
      0.19509032201612825,
      0.3826834323650898,
      0.5555702330196022,
      0.7071067811865475,
      0.8314696123025452,
      0.9238795325112867,
      0.9807852804032304,
      1.0,
      0.9807852804032304,
      0.9238795325112867,
      0.8314696123025455,
      0.7071067811865476,
      0.5555702330196022,
      0.3826834323650899,
      0.1950903220161286,
      1.2246467991473532e-16,
      -0.19509032201612836,
      -0.38268343236508967,
      -0.555570233019602,
      -0.7071067811865475,
      -0.8314696123025452,
      -0.9238795325112865,
      -0.9807852804032303,
      -1.0,
      -0.9807852804032304,
      -0.9238795325112866,
      -0.8314696123025455,
      -0.7071067811865477,
      -0.5555702330196022,
      -0.3826834323650904,
      -0.19509032201612872
    ],
    "10": [
      -1.8109266269419935e-16,
      0.13998035343686313,
      0.2834994611477082,
      0.4318847494428199,
      0.5825393256568421,
      0.7282566314324435,
      0.8579731710668709,
      0.9589326814781692,
      1.0195911582083181,
      1.0321726986284858,
      0.9939692270800761,
      0.9071589687041162,
      0.7775929348180656,
      0.6132614666460059,
      0.42300310705695926,
      0.2157064722939191,
      1.463010665314327e-16,
      -0.21570647229391887,
      -0.42300310705695915,
      -0.613261466646006,
      -0.7775929348180654,
      -0.9071589687041164,
      -0.9939692270800754,
      -1.0321726986284854,
      -1.0195911582083184,
      -0.9589326814781687,
      -0.8579731710668708,
      -0.7282566314324439,
      -0.5825393256568425,
      -0.4318847494428201,
      -0.28349946114770863,
      -0.13998035343686324
    ],
    "20": [
      -3.7687126981941246e-17,
      0.12886965249621213,
      0.252733751723063,
      0.3694226071669295,
      0.48193499463872613,
      0.5982270229770251,
      0.7259645446390378,
      0.8627550877026291,
      0.9886364194497261,
      1.0710583012753454,
      1.0825939905718192,
      1.0153871569307393,
      0.8800280240717129,
      0.6950271900154473,
      0.4781374111847635,
      0.24310565632976594,
      1.2451110144769079e-16,
      -0.24310565632976563,
      -0.4781374111847634,
      -0.6950271900154473,
      -0.8800280240717124,
      -1.0153871569307398,
      -1.0825939905718174,
      -1.0710583012753452,
      -0.9886364194497272,
      -0.8627550877026277,
      -0.7259645446390385,
      -0.5982270229770258,
      -0.4819349946387266,
      -0.3694226071669293,
      -0.2527337517230634,
      -0.12886965249621246
    ],
    "30": [
      -1.2734278262559416e-16,
      0.10700827267547017,
      0.21678521448182292,
      0.3279215408016471,
      0.4338695188618787,
      0.5271406112903728,
      0.6087103120133585,
      0.6999885211652096,
      0.8387614094277647,
      1.0271510162372284,
      1.1733070298227528,
      1.1724471104204193,
      1.0274277617299932,
      0.8013347266887763,
      0.5422067788080409,
      0.27241085100227624,
      1.3640299603300084e-16,
      -0.2724108510022761,
      -0.5422067788080407,
      -0.8013347266887765,
      -1.027427761729992,
      -1.1724471104204213,
      -1.1733070298227464,
      -1.0271510162372315,
      -0.8387614094277673,
      -0.6999885211652056,
      -0.608710312013361,
      -0.5271406112903733,
      -0.43386951886187897,
      -0.32792154080164676,
      -0.21678521448182347,
      -0.10700827267547024
    ],
    "40": [
      -1.1756674875942695e-17,
      0.09758166130813822,
      0.19293179747823494,
      0.28740535635352704,
      0.38534795371735014,
      0.4858574673154146,
      0.5724807976092976,
      0.6177838189982019,
      0.6201174793184213,
      0.705552979739144,
      1.1198124055655565,
      1.5029864787532372,
      1.3269373640657998,
      0.9679980791626701,
      0.6215871894778799,
      0.3033092177225578,
      8.11089975308516e-17,
      -0.3033092177225575,
      -0.6215871894778799,
      -0.9679980791626706,
      -1.3269373640657955,
      -1.5029864787532525,
      -1.119812405565525,
      -0.7055529797391622,
      -0.6201174793184207,
      -0.6177838189981939,
      -0.572480797609304,
      -0.4858574673154137,
      -0.38534795371735064,
      -0.28740535635352665,
      -0.19293179747823538,
      -0.09758166130813845
    ],
    "50": [
      -9.671312441290769e-17,
      0.0864035284568784,
      0.17405882965800598,
      0.2609966240309572,
      0.3447268138019733,
      0.43144123648521937,
      0.5345714590260732,
      0.6340919976564104,
      0.641142688957969,
      0.41947134735119346,
      0.041083294327500935,
      -60.756520184394155,
      3.5004713569073065,
      1.3435381401166426,
      0.7310474458924635,
      0.33566333577890645,
      1.4613991671642225e-16,
      -0.33566333577890634,
      -0.7310474458924632,
      -1.343538140116645,
      -3.500471356907163,
      60.756520183963936,
      -0.041083294327497216,
      -0.41947134735123,
      -0.6411426889579571,
      -0.6340919976563977,
      -0.534571459026087,
      -0.4314412364852153,
      -0.34472681380197395,
      -0.26099662403095647,
      -0.17405882965800662,
      -0.08640352845687846
    ]
  },
  "_source": "solver"
}