{
  "u_initial": [
    0.0,
    0.15307337294603593,
    0.282842712474619,
    0.36955181300451473,
    0.4,
    0.36955181300451473,
    0.28284271247461906,
    0.15307337294603596,
    4.898587196589413e-17,
    -0.15307337294603587,
    -0.282842712474619,
    -0.3695518130045146,
    -0.4,
    -0.3695518130045147,
    -0.28284271247461906,
    -0.15307337294603618
  ],
  "u_final_classical": null,
  "u_final_method": [
    -2.8940737107030516e-17,
    0.0686915350656501,
    0.13399842193139724,
    0.19157559161657084,
    0.23469317832354541,
    0.25202114832445804,
    0.2259474270473078,
    0.13908216708514712,
    -1.4070337084092674e-17,
    -0.13908216708514715,
    -0.2259474270473078,
    -0.252021148324458,
    -0.23469317832354541,
    -0.19157559161657087,
    -0.1339984219313973,
    -0.06869153506565015
  ],
  "errors_by_step": {},
  "final_error": NaN,
  "max_error": NaN,
  "_source": "solver"
}