{
  "grid": [
    0.0,
    0.0625,
    0.125,
    0.1875,
    0.25,
    0.3125,
    0.375,
    0.4375,
    0.5,
    0.5625,
    0.625,
    0.6875,
    0.75,
    0.8125,
    0.875,
    0.9375
  ],
  "solution_steps": {
    "0": [
      0.0,
      0.15307337294603593,
      0.282842712474619,
      0.36955181300451473,
      0.4,
      0.36955181300451473,
      0.28284271247461906,
      0.15307337294603596,
      4.898587196589413e-17,
      -0.15307337294603587,
      -0.282842712474619,
      -0.3695518130045146,
      -0.4,
      -0.3695518130045147,
      -0.28284271247461906,
      -0.15307337294603618
    ],
    "10": [
      -1.822170165939323e-17,
      0.12607942291143656,
      0.23864133343077565,
      0.32391370624862154,
      0.3680873091688542,
      0.3587574572877686,
      0.2886567541513282,
      0.16198981024005937,
      1.0476494159562106e-17,
      -0.16198981024005935,
      -0.28865675415132813,
      -0.35875745728776853,
      -0.3680873091688542,
      -0.32391370624862154,
      -0.23864133343077568,
      -0.12607942291143662
    ],
    "20": [
      -1.460584562260172e-17,
      0.10769856061636504,
      0.20647675346943423,
      0.2864284973609543,
      0.335715746854569,
      0.34017383710951676,
      0.2854535955114461,
      0.16585865392189866,
      -2.176564686458135e-18,
      -0.1658586539218986,
      -0.285453595511446,
      -0.3401738371095167,
      -0.335715746854569,
      -0.28642849736095427,
      -0.20647675346943428,
      -0.10769856061636507
    ],
    "30": [
      -1.7764114798541364e-17,
      0.09421755639291216,
      0.1820116322219092,
      0.2558720649789883,
      0.3058713581323182,
      0.31818123703707124,
      0.27526738257416206,
      0.16432669896287042,
      2.0779333522794327e-17,
      -0.16432669896287036,
      -0.27526738257416195,
      -0.31818123703707124,
      -0.3058713581323182,
      -0.25587206497898835,
      -0.18201163222190925,
      -0.09421755639291221
    ],
    "40": [
      -2.68129214882308e-17,
      0.08382592115171388,
      0.1627147334598815,
      0.23067635266470762,
      0.27923012954477056,
      0.2953995132716633,
      0.26065716078785495,
      0.15838980158489505,
      1.043962882276179e-17,
      -0.1583898015848951,
      -0.26065716078785495,
      -0.2953995132716633,
      -0.27923012954477056,
      -0.23067635266470765,
      -0.16271473345988158,
      -0.08382592115171393
    ],
    "50": [
      -2.195957827787457e-17,
      0.0755198322235809,
      0.14704104087814462,
      0.20956297600265011,
      0.2556340285055921,
      0.2731473053751918,
      0.24372703275627472,
      0.1495242241453111,
      3.269326393688625e-18,
      -0.14952422414531114,
      -0.2437270327562747,
      -0.2731473053751918,
      -0.2556340285055921,
      -0.2095629760026501,
      -0.1470410408781447,
      -0.07551983222358095
    ],
    "60": [
      -2.8940737107030516e-17,
      0.0686915350656501,
      0.13399842193139724,
      0.19157559161657084,
      0.23469317832354541,
      0.25202114832445804,
      0.2259474270473078,
      0.13908216708514712,
      -1.4070337084092674e-17,
      -0.13908216708514715,
      -0.2259474270473078,
      -0.252021148324458,
      -0.23469317832354541,
      -0.19157559161657087,
      -0.1339984219313973,
      -0.06869153506565015
    ]
  },
  "_source": "solver"
}