dq_lu, dq_hhl,
-0.00017191085262447346,-1.3732272644887915e-05
-3.358025303156839e-05,-0.0
-0.0013080573392045354,-6.089866831530091e-05
0.0016827334017872947,7.686802397091096e-05
0.001165949763452634,4.4849414651895716e-05
0.0014956606408345402,6.0380372351004265e-05
0.001247444227888949,5.606176831487278e-05
-0.0003302566035637125,-0.0
0.0002476072196897601,1.1212353662938264e-05
-0.0008493922401461429,-4.622971846420781e-05
0.0001441993004542032,7.92833130810251e-06
-0.001206644918568247,-4.951241315004185e-05
-0.0005616442576982986,-3.2689347418366575e-05
-0.0012105695895673456,-4.8873516536143005e-05
-0.0018061054704564894,-8.201129674933174e-05
