dq_lu, dq_hhl,
-0.0004019253723026511,-0.0
-0.0002581411641523148,-0.0002134974767825741
-0.005289699397634707,-0.0018855586605150236
0.006567787428537735,0.0021242730725341405
0.0039964605602891695,0.001109365431229545
0.004852454367072906,0.0013502766026686549
0.003882412919160733,0.0011887036427884448
-0.0018584510046049127,-0.0007395769541528171
0.000717413849874113,0.00021349747678310358
-0.003301007337563222,-0.0009547897422244469
0.00024895423204391193,0.0
-0.004273806878093636,-0.0012448935167945722
-0.0018680528046773222,-0.0005229598794907509
-0.004356071887894517,-0.0014636649588838032
-0.006233014987191469,-0.001848942385382741
