{
  "grid": [
    0.0,
    0.03225806451612903,
    0.06451612903225806,
    0.0967741935483871,
    0.12903225806451613,
    0.16129032258064516,
    0.1935483870967742,
    0.22580645161290322,
    0.25806451612903225,
    0.29032258064516125,
    0.3225806451612903,
    0.3548387096774194,
    0.3870967741935484,
    0.4193548387096774,
    0.45161290322580644,
    0.4838709677419355,
    0.5161290322580645,
    0.5483870967741935,
    0.5806451612903225,
    0.6129032258064516,
    0.6451612903225806,
    0.6774193548387096,
    0.7096774193548387,
    0.7419354838709677,
    0.7741935483870968,
    0.8064516129032258,
    0.8387096774193548,
    0.8709677419354839,
    0.9032258064516129,
    0.9354838709677419,
    0.967741935483871,
    1.0
  ],
  "solution_steps": {
    "0": [
      0.0,
      0.20129852008866006,
      0.39435585511331855,
      0.5712682150947923,
      0.7247927872291199,
      0.8486442574947509,
      0.9377521321470804,
      0.9884683243281114,
      0.9987165071710528,
      0.9680771188662044,
      0.8978045395707416,
      0.7907757369376985,
      0.6513724827222223,
      0.48530196253108143,
      0.29936312297335804,
      0.10116832198743228,
      -0.10116832198743204,
      -0.2993631229733574,
      -0.48530196253108043,
      -0.651372482722222,
      -0.7907757369376986,
      -0.8978045395707414,
      -0.9680771188662043,
      -0.9987165071710528,
      -0.9884683243281114,
      -0.9377521321470808,
      -0.8486442574947515,
      -0.72479278722912,
      -0.5712682150947924,
      -0.3943558551133187,
      -0.20129852008866028,
      -2.4492935982947064e-16
    ],
    "5": [
      0.1041263647160467,
      0.18905611670922606,
      0.3584122736156176,
      0.5192894988104525,
      0.6615831987590842,
      0.780992105358731,
      0.8744776443524838,
      0.9392033610890171,
      0.9718575425703901,
      0.9683435735596925,
      0.9241845798909576,
      0.8359768018881886,
      0.7036505546362812,
      0.5321796778181769,
      0.3311349988694079,
      0.11232284474997052,
      -0.11232283947504103,
      -0.33113500442328453,
      -0.5321796781607414,
      -0.7036505542078176,
      -0.8359768019205587,
      -0.9241845797045132,
      -0.9683435735315885,
      -0.9718575425639289,
      -0.9392033610859492,
      -0.8744776443511825,
      -0.7809921053586888,
      -0.6615831987590894,
      -0.519289498810453,
      -0.358412273615615,
      -0.18905611670922248,
      -0.10412636471604364
    ]
  },
  "_source": "solver"
}