{
  "final_error_epsilon": 1.2313755701117424,
  "max_error_epsilon": 1.2313755701117424,
  "classical_wall_time_s": 0.0010085105895996094,
  "method_wall_time_s": 0.01711249351501465,
  "speedup_ratio": 0.05893416927899686,
  "n_pauli_terms": 60,
  "shots": 0,
  "t1": null,
  "t2": null,
  "backend_name": null,
  "backend_type": "sim",
  "coupling_map": "default",
  "optimization_level": 1,
  "seed": null,
  "total_pauli_decomp_time": 0,
  "total_circuit_construction_time": 0,
  "total_transpilation_time": 0,
  "total_execution_time": 0,
  "total_sign_recovery_time": 0,
  "total_metric_transpile_time": 0,
  "n_circuits_executed": 0,
  "avg_circuit_depth": null,
  "avg_gate_count": null,
  "avg_cx_gates": null,
  "avg_sign_recovery_depth_per_circuit": null,
  "avg_sign_recovery_cx_per_circuit": null,
  "total_sign_recovery_cx": 0,
  "n_qubits": 6,
  "circuit_metrics_n_available": 0,
  "circuit_metrics_n_total": 3,
  "sign_recovery": "none",
  "per_step_metrics": [
    {
      "step": 1,
      "rho_max": 1.5291300417718159,
      "rho_min": 0.7294019499269015,
      "u_max": 1.0823922002923942,
      "mass": 16.0,
      "norm": 3.605551275463989,
      "step_time_s": 0.0015909671783447266,
      "n_qubits": 6
    },
    {
      "step": 2,
      "rho_max": 2.473132010244945,
      "rho_min": 0.3943567572585744,
      "u_max": 1.7208523615191043,
      "mass": 16.0,
      "norm": 4.2253479915454495,
      "step_time_s": 0.0010905265808105469,
      "n_qubits": 6
    },
    {
      "step": 3,
      "rho_max": 4.232539168634974,
      "rho_min": -1.1848849246205542,
      "u_max": 2.238149141816375,
      "mass": 15.999999999999996,
      "norm": 6.152498434916308,
      "step_time_s": 0.0008969306945800781,
      "n_qubits": 6
    }
  ],
  "_source": "solver"
}