{
  "grid": [
    0.0,
    0.0625,
    0.125,
    0.1875,
    0.25,
    0.3125,
    0.375,
    0.4375,
    0.5,
    0.5625,
    0.625,
    0.6875,
    0.75,
    0.8125,
    0.875,
    0.9375
  ],
  "solution_steps": {
    "0": [
      0.0,
      0.3826834323650898,
      0.7071067811865475,
      0.9238795325112867,
      1.0,
      0.9238795325112867,
      0.7071067811865476,
      0.3826834323650899,
      1.2246467991473532e-16,
      -0.38268343236508967,
      -0.7071067811865475,
      -0.9238795325112865,
      -1.0,
      -0.9238795325112866,
      -0.7071067811865477,
      -0.3826834323650904
    ],
    "10": [
      -9.08513805389829e-17,
      0.1380711874576984,
      0.41092307454751437,
      0.8047378541243649,
      1.082392200292394,
      1.0581652758743958,
      0.7924102142086069,
      0.4142135623730952,
      1.0890731928908398e-16,
      -0.414213562373095,
      -0.7924102142086066,
      -1.0581652758743954,
      -1.0823922002923942,
      -0.8047378541243648,
      -0.4109230745475151,
      -0.1380711874576984
    ],
    "20": [
      4.8067305203665547e-17,
      0.2845790287376382,
      0.2701540556903841,
      0.18517065686248813,
      1.0454972451372937,
      1.7208523615191043,
      1.0550989825940724,
      0.4835768670612808,
      1.3467413223710577e-16,
      -0.4835768670612804,
      -1.0550989825940718,
      -1.7208523615191016,
      -1.0454972451372972,
      -0.1851706568624881,
      -0.27015405569038414,
      -0.28457902873763874
    ],
    "26": [
      1.4493048634202766e-16,
      0.1277172613092312,
      0.3957373861772822,
      0.21156699193729825,
      -0.9106012212497027,
      -0.14726937736531634,
      2.238149141816375,
      0.5602965700658007,
      2.8853727713559073e-16,
      -0.5602965700658002,
      -2.238149141816372,
      0.14726937736531912,
      0.9106012212497078,
      -0.21156699193729575,
      -0.39573738617728316,
      -0.1277172613092313
    ]
  },
  "_source": "solver"
}