{
  "quantum_solution": [
    0.6925646644411967,
    0.0913393854588733,
    0.7099777188614327,
    0.08912317853266145
  ],
  "classical_solution": [
    0.7055698197297996,
    0.046596453582414196,
    0.7055698197297996,
    0.046596453582414196
  ],
  "_source": "harvester"
}