{
  "iterations_completed": 1,
  "converged": true,
  "_source": "harvester",
  "fidelity": 0.9980004920366347,
  "shots": 10000,
  "l2_error_abs": 0.06323777294252834,
  "l2_error_rel": 0.06323777294252834
}