{
  "iterations_completed": 1,
  "converged": true,
  "_source": "harvester",
  "fidelity": 0.946444800484649,
  "shots": 100,
  "l2_error_abs": 0.32727725101311567,
  "l2_error_rel": 0.32727725101311567
}