{
  "quantum_solution": [
    0.442760992000533,
    0.10687334289668037,
    0.885521984001066,
    0.09160572248286888
  ],
  "classical_solution": [
    0.7055698197297996,
    0.046596453582414196,
    0.7055698197297996,
    0.046596453582414196
  ],
  "_source": "harvester"
}