{
  "quantum_solution": [
    0.8049755525526344,
    0.0141223781149585,
    0.593139880828257,
    0.0
  ],
  "classical_solution": [
    0.7055698197297996,
    0.046596453582414196,
    0.7055698197297996,
    0.046596453582414196
  ],
  "_source": "harvester"
}