{
  "iterations_completed": 1,
  "converged": true,
  "_source": "harvester",
  "fidelity": 0.974417951176873,
  "shots": 100,
  "l2_error_abs": 0.16046116646520278,
  "l2_error_rel": 0.16046116646520278
}