xp, rho, u, p, Mach
0.1,0.9874664946704398,1.5144411356650276,0.6998160681694475,1.5203991183343437
0.3,0.8860216632112005,1.6131750782045158,0.6031755016744573,1.652409980279211
0.5,0.6196997359561481,1.7414302144856142,0.37504352174339156,1.8918725636014424
0.7,0.5170270602880164,1.8291195089208758,0.28876227150204764,2.068542633074315
0.9,0.4837761315212719,1.8695754148082515,0.26090425412428536,2.151595409413969
