xp, rho, u, p, Mach
0.1,0.9874609351445066,1.5144472803857447,0.6998105657218537,1.5204069844810948
0.3,0.8860092197729502,1.613190121246102,0.6031626501234565,1.6524313895267748
0.5,0.6196853531758681,1.7414525821255986,0.37503165232755,1.8919048465178232
0.7,0.5170226589908476,1.8291302839413455,0.2887577166403458,2.0685623285293713
0.9,0.4837945513881425,1.8695425940250436,0.26091585565732417,2.1515507622271537
