xp, rho, u, p, Mach
0.1,0.9874709788962035,1.5144362504323081,0.699820289665438,1.5203930803199952
0.3,0.8860313968788989,1.613163545671471,0.6031849886168352,1.6523942490517338
0.5,0.6197112147403272,1.7414124173752403,0.3750528836773826,1.8918471382025557
0.7,0.517033639664721,1.8291068531387762,0.2887680875610706,2.0685206508106244
0.9,0.4837713960238713,1.8695834019699493,0.2609017705302883,2.151604311553808
