xp, rho, u, p, Mach
0.1,0.9870572306619184,1.5148151288939524,0.6992684415601162,1.52105465258416
0.3,0.8862192662243622,1.6123708647339048,0.6022520283693221,1.6530362673929138
0.5,0.6184716624020795,1.7438742208188005,0.3739728678792252,1.8953568763403768
0.7,0.5196652528801127,1.8262366748452834,0.29021891307733855,2.0653422346683508
0.9,0.4921961169049954,1.8554465669550824,0.2666896851281954,2.130347331284803
