xp, rho, u, p, Mach
0.1,0.987466176082698,1.514441482211914,0.6998157665235304,1.5203995486537305
0.3,0.8860209782513357,1.6131759224758095,0.6031748044150731,1.6524111614450256
0.5,0.6196989529288964,1.7414314254504473,0.37504287954308635,1.8918743036964198
0.7,0.5170267566815432,1.8291201384927216,0.2887619607081001,2.068543850897365
0.9,0.4837768532932486,1.8695741670426116,0.26090469369466807,2.151593765968811
