xp, rho, u, p, Mach
0.1,0.9874667450388244,1.5144408656112975,0.6998162881197851,1.5203988010352198
0.3,0.8860221744554989,1.6131744677972575,0.6031760016953146,1.6524091468475615
0.5,0.6197003407410703,1.7414292606048973,0.37504400346021394,1.8918712354969363
0.7,0.5170272808726147,1.8291190519859042,0.28876250405556675,2.0685417246447546
0.9,0.4837756139693831,1.869576346603698,0.2609039310332809,2.1515966630767642
