{
  "case_id": "tridiag_nq5_3",
  "params": {
    "max_condition_number": 1000000.0,
    "run_circuit": true,
    "postprocess": true,
    "warmup_sites": false,
    "show_plot": false,
    "preprocess_site": "frontier-qlsa",
    "circuit_hhl_path": "~/proj/src/frontier-qlsa/circuit_HHL.py",
    "savedir": "/Users/agallojr/.lwfm/out/qt02-cfd//320a98b0/tridiag_nq5_3",
    "exec_site": "ibm-quantum",
    "sim_custom_noise": false,
    "case": "sample-tridiag",
    "qc_backend": "statevector_sim_aer",
    "NQ_MATRIX": 5,
    "qc_shots": 100000,
    "_metadata": {
      "_original_case_id": "tridiag_nq5",
      "_list_params": [
        "qc_shots"
      ],
      "_scalar_params": [
        "qc_backend",
        "NQ_MATRIX"
      ],
      "_combination_index": 3
    },
    "_time_circuit_generation": 55.27083396911621,
    "_time_circuit_construction": 35.71406412124634,
    "_matrix_condition_number": 4.946150738131262,
    "_time_execution": 100.06019568443298,
    "_circuit_gates_transpiled": 4104003,
    "_circuit_qubits": 13,
    "_circuit_depth": 2970897,
    "_circuit_gates": 4104003,
    "_circuit_depth_transpiled": 2970897,
    "_matrix_size": 32
  },
  "quantum_solution": [
    1.2393883519619338,
    0.035254319943877246,
    0.007226040733838188,
    0.0019449770959172321,
    0.0007470772951205264,
    0.00032201607548298553,
    0.0002704935034057078,
    0.0001288064301931942,
    0.00024473221736706895,
    0.00023185157434774952,
    0.0002189709313284301,
    5.152257207727768e-05,
    0.0001288064301931942,
    6.44032150965971e-05,
    0.00011592578717387476,
    6.44032150965971e-05,
    0.00011592578717387476,
    0.00023185157434774952,
    7.728385811591651e-05,
    7.728385811591651e-05,
    5.152257207727768e-05,
    0.00010304514415455536,
    0.0001416870732125136,
    0.00010304514415455536,
    2.576128603863884e-05,
    7.728385811591651e-05,
    6.44032150965971e-05,
    5.152257207727768e-05,
    0.00010304514415455536,
    0.00015456771623183302,
    0.00024473221736706895,
    3.8641929057958256e-05
  ],
  "classical_solution": [
    1.1458980337503155,
    0.4376941012509464,
    0.16718427000252364,
    0.06385870875662455,
    0.02439185626735004,
    0.009316860045425573,
    0.0035587238689266795,
    0.001359311561354466,
    0.000519210815136718,
    0.0001983208840556879,
    7.575183703034567e-05,
    2.8934627035349148e-05,
    1.1052044075701766e-05,
    4.221505191756158e-06,
    1.6124714995667087e-06,
    6.159093069439681e-07,
    2.352564212651957e-07,
    8.985995685161903e-08,
    3.432344928966143e-08,
    1.3110391017365256e-08,
    5.007723762434342e-09,
    1.912780269937772e-09,
    7.306170473789749e-10,
    2.7907087219915313e-10,
    1.0659556921848457e-10,
    4.0715835456300584e-11,
    1.5551937150417196e-11,
    5.939975994951012e-12,
    2.2679908344358403e-12,
    8.639965083565106e-13,
    3.239986906336914e-13,
    1.0799956354456378e-13
  ],
  "metadata": {
    "_original_case_id": "tridiag_nq5",
    "_list_params": [
      "qc_shots"
    ],
    "_scalar_params": [
      "qc_backend",
      "NQ_MATRIX"
    ],
    "_combination_index": 3
  }
}