{
  "u_initial": [
    0.0,
    0.05881028419773636,
    0.11705419320967694,
    0.1741708063526774,
    0.22961005941905385,
    0.2828380420955986,
    0.3333421398117613,
    0.38063597049818726,
    0.42426406871192845,
    0.4638062720176422,
    0.4988817673815271,
    0.5291527586090129,
    0.5543277195067721,
    0.5741642014393253,
    0.5884711682419382,
    0.597110836003318,
    0.6,
    0.5971108360033182,
    0.5884711682419382,
    0.5741642014393253,
    0.5543277195067721,
    0.529152758609013,
    0.49888176738152723,
    0.46380627201764224,
    0.4242640687119285,
    0.38063597049818726,
    0.3333421398117613,
    0.2828380420955987,
    0.22961005941905394,
    0.17417080635267743,
    0.11705419320967717,
    0.05881028419773649,
    7.347880794884119e-17,
    -0.05881028419773635,
    -0.11705419320967701,
    -0.17417080635267726,
    -0.2296100594190538,
    -0.2828380420955986,
    -0.33334213981176114,
    -0.38063597049818715,
    -0.42426406871192845,
    -0.46380627201764196,
    -0.4988817673815271,
    -0.5291527586090129,
    -0.5543277195067718,
    -0.5741642014393252,
    -0.5884711682419381,
    -0.5971108360033182,
    -0.6,
    -0.5971108360033182,
    -0.5884711682419382,
    -0.5741642014393253,
    -0.554327719506772,
    -0.529152758609013,
    -0.49888176738152723,
    -0.46380627201764213,
    -0.4242640687119286,
    -0.38063597049818754,
    -0.3333421398117613,
    -0.28283804209559876,
    -0.2296100594190542,
    -0.17417080635267748,
    -0.11705419320967722,
    -0.058810284197736304
  ],
  "u_final_classical": null,
  "u_final_method": [
    3.003530366679974e-17,
    0.03314724255970044,
    0.06618027713960765,
    0.09898353917849502,
    0.13143871685889638,
    0.1634232913684206,
    0.19480897143904627,
    0.2254599831677622,
    0.25523117344336044,
    0.28396588284861235,
    0.31149354265200785,
    0.3376269520893862,
    0.36215919923406054,
    0.38486020558442485,
    0.40547290751990317,
    0.4237091465228875,
    0.4392454379801258,
    0.45171894327559337,
    0.46072420321861923,
    0.4658115242650761,
    0.4664883557339513,
    0.4622255440495552,
    0.4524709324475252,
    0.4366732305165192,
    0.41431910993850674,
    0.38498564298731386,
    0.34840796065829427,
    0.3045579855881276,
    0.25372447052997843,
    0.196578578745721,
    0.13420537205137134,
    0.06808297584341047,
    -9.715219695512753e-17,
    -0.06808297584341066,
    -0.13420537205137154,
    -0.1965785787457212,
    -0.2537244705299787,
    -0.3045579855881278,
    -0.34840796065829455,
    -0.3849856429873142,
    -0.41431910993850707,
    -0.4366732305165195,
    -0.4524709324475254,
    -0.4622255440495554,
    -0.46648835573395153,
    -0.4658115242650763,
    -0.46072420321861945,
    -0.4517189432755936,
    -0.439245437980126,
    -0.42370914652288766,
    -0.4054729075199033,
    -0.38486020558442496,
    -0.36215919923406065,
    -0.3376269520893862,
    -0.31149354265200785,
    -0.28396588284861235,
    -0.25523117344336044,
    -0.2254599831677622,
    -0.19480897143904627,
    -0.1634232913684206,
    -0.13143871685889633,
    -0.09898353917849499,
    -0.0661802771396076,
    -0.03314724255970039
  ],
  "errors_by_step": {},
  "final_error": NaN,
  "max_error": NaN,
  "_source": "solver"
}