{
  "grid": [
    0.0,
    0.06666666666666667,
    0.13333333333333333,
    0.2,
    0.26666666666666666,
    0.3333333333333333,
    0.4,
    0.4666666666666667,
    0.5333333333333333,
    0.6,
    0.6666666666666666,
    0.7333333333333333,
    0.8,
    0.8666666666666667,
    0.9333333333333333,
    1.0
  ],
  "solution_steps": {
    "0": [
      0.0,
      0.40673664307580015,
      0.7431448254773941,
      0.9510565162951535,
      0.9945218953682734,
      0.8660254037844387,
      0.5877852522924732,
      0.20791169081775931,
      -0.20791169081775907,
      -0.587785252292473,
      -0.8660254037844384,
      -0.9945218953682733,
      -0.9510565162951536,
      -0.743144825477394,
      -0.40673664307580015,
      -2.4492935982947064e-16
    ],
    "4": [
      0.0,
      0.3614438916561999,
      0.6832372841557354,
      0.9218858727858635,
      1.028962271549155,
      0.9583206344523618,
      0.6879828200535298,
      0.2513038395358527,
      -0.2513038395358524,
      -0.6879828200535296,
      -0.9583206344523615,
      -1.0289622715491553,
      -0.9218858727858636,
      -0.6832372841557351,
      -0.36144389165619994,
      -2.4492935982947064e-16
    ],
    "8": [
      0.0,
      0.3259213827655376,
      0.6284108718126554,
      0.8790684307739485,
      1.0372890140088504,
      1.0404756789165057,
      0.8082296121503243,
      0.31145098439206825,
      -0.3114509843920679,
      -0.8082296121503241,
      -1.0404756789165055,
      -1.0372890140088507,
      -0.8790684307739484,
      -0.6284108718126552,
      -0.3259213827655377,
      -2.4492935982947064e-16
    ],
    "12": [
      0.0,
      0.29748540750588315,
      0.5800324133673783,
      0.8296205014391201,
      1.0195512037388488,
      1.0984067258776704,
      0.9466696624050908,
      0.39872885893298604,
      -0.3987288589329856,
      -0.9466696624050905,
      -1.0984067258776704,
      -1.019551203738849,
      -0.8296205014391199,
      -0.5800324133673782,
      -0.29748540750588326,
      -2.4492935982947064e-16
    ],
    "16": [
      0.0,
      0.27409343623802324,
      0.5378279345545152,
      0.7791902588883701,
      0.9817617955581097,
      1.118798912223395,
      1.092660114458884,
      0.5321361210137445,
      -0.5321361210137439,
      -1.092660114458884,
      -1.1187989122233952,
      -0.9817617955581099,
      -0.7791902588883698,
      -0.5378279345545152,
      -0.27409343623802335,
      -2.4492935982947064e-16
    ],
    "20": [
      0.0,
      0.2542300174956381,
      0.5007344366058225,
      0.7309548703825933,
      0.9334415565959172,
      1.095989187793496,
      1.2198861723103023,
      0.7482559223804192,
      -0.7482559223804184,
      -1.2198861723103027,
      -1.0959891877934962,
      -0.9334415565959173,
      -0.730954870382593,
      -0.5007344366058225,
      -0.2542300174956382,
      -2.4492935982947064e-16
    ],
    "24": [
      0.0,
      0.2367860469647107,
      0.46749962346278146,
      0.6857685686032318,
      0.8835481948681431,
      1.0381937761116384,
      1.2799886499345767,
      1.1230716883486822,
      -1.1230716883486813,
      -1.2799886499345774,
      -1.0381937761116384,
      -0.8835481948681431,
      -0.6857685686032315,
      -0.46749962346278157,
      -0.2367860469647108,
      -2.4492935982947064e-16
    ],
    "25": [
      0.0,
      0.2327032026500107,
      0.4596574448446474,
      0.6748971873077655,
      0.8715251018302631,
      1.0207213452962849,
      1.2765963788637327,
      1.2584414536519224,
      -1.2584414536519215,
      -1.2765963788637336,
      -1.0207213452962849,
      -0.8715251018302631,
      -0.6748971873077653,
      -0.4596574448446475,
      -0.23270320265001082,
      -2.4492935982947064e-16
    ]
  },
  "_source": "solver"
}