{
  "u_initial": [
    0.0,
    0.0490085701647803,
    0.09754516100806412,
    0.14514233862723117,
    0.1913417161825449,
    0.23569836841299882,
    0.2777851165098011,
    0.31719664208182274,
    0.35355339059327373,
    0.3865052266813685,
    0.4157348061512726,
    0.44096063217417747,
    0.46193976625564337,
    0.4784701678661044,
    0.4903926402016152,
    0.4975923633360984,
    0.5,
    0.49759236333609846,
    0.4903926402016152,
    0.47847016786610447,
    0.46193976625564337,
    0.4409606321741775,
    0.4157348061512727,
    0.38650522668136855,
    0.3535533905932738,
    0.31719664208182274,
    0.2777851165098011,
    0.23569836841299893,
    0.19134171618254495,
    0.1451423386272312,
    0.0975451610080643,
    0.04900857016478041,
    6.123233995736766e-17,
    -0.049008570164780295,
    -0.09754516100806418,
    -0.14514233862723105,
    -0.19134171618254484,
    -0.23569836841299882,
    -0.277785116509801,
    -0.31719664208182263,
    -0.35355339059327373,
    -0.38650522668136833,
    -0.4157348061512726,
    -0.44096063217417747,
    -0.46193976625564326,
    -0.4784701678661044,
    -0.49039264020161516,
    -0.49759236333609846,
    -0.5,
    -0.49759236333609846,
    -0.4903926402016152,
    -0.47847016786610447,
    -0.4619397662556433,
    -0.4409606321741775,
    -0.41573480615127273,
    -0.38650522668136844,
    -0.35355339059327384,
    -0.31719664208182297,
    -0.2777851165098011,
    -0.235698368412999,
    -0.1913417161825452,
    -0.14514233862723125,
    -0.09754516100806436,
    -0.04900857016478025
  ],
  "u_final_classical": null,
  "u_final_method": [
    0.010055489067724006,
    0.022502943417204876,
    0.03845638315008631,
    0.05837453202413961,
    0.07617854125093766,
    0.09424680567383277,
    0.11024127219328587,
    0.1242453822209446,
    0.14385034788521628,
    0.15806659101247308,
    0.18105045586518834,
    0.19854014217615432,
    0.21439287066149776,
    0.22370447022900225,
    0.23590950268870697,
    0.2502084607864584,
    0.261544799566456,
    0.2716485185593132,
    0.2780740472653375,
    0.2830882578009896,
    0.2854452887464572,
    0.28581773074906247,
    0.28375343296176553,
    0.27607010210646743,
    0.2659788043374645,
    0.2504302538444666,
    0.2282108026311136,
    0.20396095963208377,
    0.1707535906548507,
    0.13566882347877982,
    0.09507127780275927,
    0.05050595958681938,
    0.004770287063603244,
    -0.03595275752947208,
    -0.08071287584347703,
    -0.12521522987771377,
    -0.16528587427285196,
    -0.2061923473958279,
    -0.23918975319759825,
    -0.2638991257545402,
    -0.28214320767909923,
    -0.29048112985378854,
    -0.30004545774637187,
    -0.3039904829666854,
    -0.30134425869841786,
    -0.2967668318540507,
    -0.29066227906269565,
    -0.2850392540152612,
    -0.2674047603820559,
    -0.2570460686520784,
    -0.24269170793203382,
    -0.2257999895270031,
    -0.20557802909138237,
    -0.18738607682234507,
    -0.1651764941557688,
    -0.14675368337566802,
    -0.12960577356493388,
    -0.11372508389177194,
    -0.09780396679261917,
    -0.07877587111798932,
    -0.05972406660500696,
    -0.040032242475927904,
    -0.023692551380389337,
    -0.004226931911744835
  ],
  "errors_by_step": {},
  "final_error": NaN,
  "max_error": NaN,
  "_source": "solver"
}