{
  "u_initial": [
    0.0,
    0.20129852008866006,
    0.39435585511331855,
    0.5712682150947923,
    0.7247927872291199,
    0.8486442574947509,
    0.9377521321470804,
    0.9884683243281114,
    0.9987165071710528,
    0.9680771188662044,
    0.8978045395707416,
    0.7907757369376985,
    0.6513724827222223,
    0.48530196253108143,
    0.29936312297335804,
    0.10116832198743228,
    -0.10116832198743204,
    -0.2993631229733574,
    -0.48530196253108043,
    -0.651372482722222,
    -0.7907757369376986,
    -0.8978045395707414,
    -0.9680771188662043,
    -0.9987165071710528,
    -0.9884683243281114,
    -0.9377521321470808,
    -0.8486442574947515,
    -0.72479278722912,
    -0.5712682150947924,
    -0.3943558551133187,
    -0.20129852008866028,
    -2.4492935982947064e-16
  ],
  "u_final_classical": [
    NaN,
    NaN,
    NaN,
    NaN,
    NaN,
    NaN,
    NaN,
    NaN,
    NaN,
    NaN,
    NaN,
    NaN,
    NaN,
    NaN,
    NaN,
    NaN,
    NaN,
    NaN,
    NaN,
    NaN,
    NaN,
    NaN,
    NaN,
    NaN,
    NaN,
    NaN,
    NaN,
    NaN,
    NaN,
    NaN,
    NaN,
    NaN
  ],
  "u_final_method": [
    0.0,
    0.0,
    0.0,
    0.17295340980204776,
    0.13008470899508756,
    0.36401643045998394,
    0.40368613380121826,
    0.44651201067210244,
    0.6315883609340552,
    0.18407287496071345,
    1.0397023392342766,
    0.17347867545094636,
    2.4804893188015,
    0.015399100347972147,
    3.8952188421970977,
    0.0,
    -3.8052856986918577,
    -0.05201885987757005,
    -2.4092695111503337,
    -0.3296022913657328,
    -0.8508945216979589,
    -0.9316621663281652,
    -0.47762727399674315,
    -0.7009582733997932,
    -0.5049404606526953,
    -0.5359649641906644,
    -0.21229173988973715,
    -0.2634158932325685,
    -0.23296073674362197,
    0.0,
    -0.12225195278673821,
    0.0
  ],
  "errors_by_step": {
    "0": 0.0,
    "1": 0.015850722268115038,
    "2": 0.022023650699037115,
    "3": 0.029983233174400718,
    "4": 0.03333364157840641,
    "5": 0.03827276671018232,
    "6": 0.041283447058147314,
    "7": 0.04030126408547448,
    "8": 0.04361154335850948,
    "9": 0.048336252239283985,
    "10": 0.050514067016245695,
    "11": 0.05559990673817676,
    "12": 0.05575560220516199,
    "13": 0.05497927284168244,
    "14": 0.05769171797507771,
    "15": 0.06446734908667477,
    "16": 0.06888533032580149,
    "17": 0.06954978257091338,
    "18": 0.0729963129163252,
    "19": 0.0782135207575117,
    "20": 0.07791664249859552,
    "21": 0.08055643768985028,
    "22": 0.08751273572037588,
    "23": 0.0929350988901233,
    "24": 0.09553116785491889,
    "25": 0.09846241118550868,
    "26": 0.09973721042248336,
    "27": 0.10085639724086257,
    "28": 0.10482964173003873,
    "29": 0.10610195337548765,
    "30": 0.11010427855682985,
    "31": 0.11265824354442569,
    "32": 0.11807319372563906,
    "33": 0.12410868778690153,
    "34": 0.1279905407673749,
    "35": 0.13647507409112622,
    "36": 0.1456740972565851,
    "37": 0.15179450728542618,
    "38": 0.16413892693695203,
    "39": 0.177441771017898,
    "40": 0.1861387938294321,
    "41": 0.1962666719197706,
    "42": 0.20524276221826465,
    "43": 0.2160804973274767,
    "44": 0.22865313320620764,
    "45": 0.2417845124329627,
    "46": 0.26124693293425116,
    "47": 0.27997912241223516,
    "48": 0.30074013307568187,
    "49": 0.32359396116556177,
    "50": 0.3509631160072295,
    "51": 0.3807771387106902,
    "52": 0.4105511722404811,
    "53": 0.4476238383658655,
    "54": 0.4906811538093216,
    "55": 0.5386904391731556,
    "56": 0.5906106756305877,
    "57": 0.6438430117182675,
    "58": 0.697663666821645,
    "59": 0.7531539669755669,
    "60": 0.8034437412892438,
    "61": 0.8496637070534776,
    "62": 0.888106643056195,
    "63": 0.9199755157550814,
    "64": 0.9480614650462614,
    "65": 0.9713196291523666,
    "66": 0.988739368967544,
    "67": 0.9978274580540231,
    "68": 0.9999102705519356,
    "69": 0.9999998495776625,
    "70": 0.9999999999995981,
    "71": 1.0,
    "72": 1.0,
    "73": 1.0,
    "74": NaN,
    "75": NaN,
    "76": NaN,
    "77": NaN,
    "78": NaN,
    "79": NaN,
    "80": NaN,
    "81": NaN,
    "82": NaN,
    "83": NaN,
    "84": NaN,
    "85": NaN,
    "86": NaN,
    "87": NaN,
    "88": NaN,
    "89": NaN,
    "90": NaN,
    "91": NaN,
    "92": NaN,
    "93": NaN,
    "94": NaN,
    "95": NaN,
    "96": NaN,
    "97": NaN,
    "98": NaN,
    "99": NaN
  },
  "final_error": NaN,
  "max_error": 1.0,
  "_source": "solver"
}