{
  "u_initial": [
    0.0,
    0.11480502970952693,
    0.21213203435596423,
    0.27716385975338603,
    0.3,
    0.27716385975338603,
    0.21213203435596426,
    0.11480502970952697,
    3.6739403974420595e-17,
    -0.1148050297095269,
    -0.21213203435596423,
    -0.2771638597533859,
    -0.3,
    -0.277163859753386,
    -0.2121320343559643,
    -0.1148050297095271
  ],
  "u_final_classical": null,
  "u_final_method": [
    -0.0005970438318080546,
    0.012638476675626006,
    0.022984902440569322,
    0.03742738321584839,
    0.04046743151029068,
    0.03773872769566117,
    0.03300820659587723,
    0.0242113188931581,
    0.0039141350758181825,
    -0.014753112369456152,
    -0.033599843832731416,
    -0.036093184572114134,
    -0.03454164052799972,
    -0.029765869225071143,
    -0.01929997973211726,
    -0.00797413731221022
  ],
  "errors_by_step": {},
  "final_error": NaN,
  "max_error": NaN,
  "_source": "solver"
}