xp, rho, u, p, Mach
0.1,0.990213247470099,1.5148252195497867,0.699136785997234,1.5236380094836643
0.3,0.892395517863329,1.62911318127831,0.5995841916038371,1.6797352763364013
0.5,0.6392014534110636,1.7273087331729051,0.39193592607289424,1.8643064014541
0.7,0.5323556152690575,1.8467902931431126,0.2884674542198936,2.120342772061211
0.9,0.5025349256279049,1.8537547170518722,0.2742837967231315,2.1206612469078663
