dq_lu, dq_hhl,
0.0006069362032372535,0.0
0.003903281714250307,0.0
-0.0048981755520067635,-0.0
-0.058130758659331885,-0.0
-0.02654882704866642,-0.0
-0.1410525108914319,-0.0
-0.2508221419928875,-0.0
-0.3894690163255101,-0.0
-0.33330713057677286,-0.0
-0.6687391166087114,-0.0
-0.6536965697566148,-0.05421785850159648
-1.0167489100256568,-0.0542178585015965
-0.8377025887624162,-0.054217858501596494
-0.3141813412877134,-0.0
-2.0515403254936926,-0.05421785850159654
