dq_lu, dq_hhl,
-0.006766494366059956,-0.0
0.0013082537150687825,0.0
-0.020270199954313447,-0.0
-0.0913159270297167,-0.0
-0.05070990823015994,-0.0
-0.21083987690973283,-0.0
-0.2774570177869708,-0.0
-0.40241140341494164,-0.19815756393494646
-0.3069036472724872,-0.0
-0.5475951843895278,-0.19815756393494657
-0.4545374198179336,-0.2802371144036151
-0.6785849921640723,-0.19815756393494666
-0.4852652236927003,-0.0
-0.29467477614540516,-0.0
-1.2144272073136848,-0.39631512786989354
