dq_lu, dq_hhl,
-0.011277791908251206,-0.0
-0.002512631946819053,-0.0
-0.028470840135406184,-0.0
-0.10659413101816821,-0.0
-0.061876179533873935,-0.0
-0.23448848858233215,-0.0
-0.27463597262534817,-0.0
-0.3934487951357268,-0.0
-0.5432117574131772,-0.1575355962999057
-0.49010974507395644,-0.0
-0.5619068936207912,-0.0
-0.8492139310290593,-0.11139448842192978
-0.4622349847655173,-0.0
-0.4881605405790589,-0.1929409136299253
-1.4361596051506753,-0.27285965679209667
