dq_lu, dq_hhl,
-0.011780791358651692,-0.0
-0.0033580897439443487,-0.0
-0.027526702815041673,-0.0
-0.11467689606960421,-0.0
-0.06867028042223017,-0.0
-0.2495091803183266,-0.0
-0.28821991548000586,-0.0
-0.42782493596678456,-0.030257409786448853
-0.919238399002028,-0.0
-0.5195335536957272,-0.030257409786448867
-0.5525897089874823,-0.0
-1.4177982410619754,-0.05240737105556127
-0.44233353955768623,-0.0
-0.4861074238218936,-0.0
-1.4137935514711337,-0.030257409786448898
