xp, rho, u, p, Mach
0.1,0.9999999999999999,1.5000000000000002,0.7142857142857143,1.5000000000000002
0.3,0.9999999999999999,1.5000000000000002,0.7142857142857143,1.5000000000000002
0.5,0.8922386065070612,1.6472528530986847,0.425376282055538,2.0162766492494875
0.7,0.9697425902135511,1.49089269264746,0.46109844923098736,1.82731648592978
0.9,0.8380207480054647,1.4311073988699325,0.6349824265116601,1.3894878121539254
