xp, rho, u, p, Mach
0.1,0.9999999999999998,1.5000000000000004,0.7120365926103224,1.5023671694831484
0.3,0.9488971230409563,1.5509636667534497,0.6429502841387226,1.5924231218075025
0.5,0.737224530239081,1.5830828967178778,0.4423931621635586,1.7271709504251584
0.7,0.6228695687343209,1.6550862201495806,0.3553380818837027,1.8519714393078703
0.9,0.6107697315655097,1.6661558536925656,0.34298406736182174,1.879115112946033
