xp, rho, u, p, Mach
0.1,1.0,1.5,0.7142857142857144,1.5
0.3,1.0,1.5,0.7142857142857144,1.5
0.5,0.8922386065070612,1.6472528530986847,0.6191191296045546,1.6712816487588373
0.7,0.9697425902135511,1.5468022288983705,0.6792820971939787,1.561974436746646
0.9,0.8922386065070612,1.5603882149388286,0.6745916501786641,1.5166615211079137
