{
  "grid": [
    0.0,
    0.125,
    0.25,
    0.375,
    0.5,
    0.625,
    0.75,
    0.875
  ],
  "solution_steps": {
    "0": [
      0.0,
      0.21213203435596423,
      0.3,
      0.21213203435596426,
      3.6739403974420595e-17,
      -0.21213203435596423,
      -0.3,
      -0.2121320343559643
    ],
    "1": [
      -0.15871200659563597,
      0.05937779196518434,
      0.19581539845602877,
      0.09088961927478385,
      -0.03482105658527289,
      -0.038410532873733846,
      -0.0022823352751199268,
      -0.11185687836623436
    ]
  },
  "_source": "solver"
}