{
  "grid": [
    0.0,
    0.0625,
    0.125,
    0.1875,
    0.25,
    0.3125,
    0.375,
    0.4375,
    0.5,
    0.5625,
    0.625,
    0.6875,
    0.75,
    0.8125,
    0.875,
    0.9375
  ],
  "solution_steps": {
    "0": [
      0.0,
      0.22961005941905385,
      0.42426406871192845,
      0.5543277195067721,
      0.6,
      0.5543277195067721,
      0.4242640687119285,
      0.22961005941905394,
      7.347880794884119e-17,
      -0.2296100594190538,
      -0.42426406871192845,
      -0.5543277195067718,
      -0.6,
      -0.554327719506772,
      -0.4242640687119286,
      -0.2296100594190542
    ],
    "10": [
      0.003518340027823701,
      0.17641773777226377,
      0.3360804444445452,
      0.44581525728429716,
      0.5097151393578849,
      0.5102091781238258,
      0.44145930526033483,
      0.20860546139294683,
      -0.015374135626467195,
      -0.2301950424036528,
      -0.4368916213660309,
      -0.4790168926883709,
      -0.5076545736151526,
      -0.4646024486570458,
      -0.330852898482938,
      -0.16723325082426407
    ],
    "20": [
      0.007429268230322421,
      0.14864051341770995,
      0.28496735364007825,
      0.38470837831038074,
      0.4551825401226606,
      0.4715636388080124,
      0.4328488627078055,
      0.20423836357511987,
      -0.03786919268177485,
      -0.23334933260095242,
      -0.4180997200772491,
      -0.43933449651028283,
      -0.447745351257577,
      -0.4036142091343477,
      -0.27671376068426584,
      -0.13285285586563997
    ],
    "30": [
      0.00983897436783277,
      0.13044774077151916,
      0.2454431154790181,
      0.33605625402289624,
      0.40922110350314556,
      0.4284706343672013,
      0.39863537046013137,
      0.18822131365726777,
      -0.048655241481752966,
      -0.23643713147227488,
      -0.37618346553735665,
      -0.3859762660733855,
      -0.40174440536128364,
      -0.35212989034871006,
      -0.23655545142973453,
      -0.10865265492451402
    ]
  },
  "_source": "solver"
}