{
  "u_initial": [
    0.0,
    0.22961005941905385,
    0.42426406871192845,
    0.5543277195067721,
    0.6,
    0.5543277195067721,
    0.4242640687119285,
    0.22961005941905394,
    7.347880794884119e-17,
    -0.2296100594190538,
    -0.42426406871192845,
    -0.5543277195067718,
    -0.6,
    -0.554327719506772,
    -0.4242640687119286,
    -0.2296100594190542
  ],
  "u_final_classical": null,
  "u_final_method": [
    0.00983897436783277,
    0.13044774077151916,
    0.2454431154790181,
    0.33605625402289624,
    0.40922110350314556,
    0.4284706343672013,
    0.39863537046013137,
    0.18822131365726777,
    -0.048655241481752966,
    -0.23643713147227488,
    -0.37618346553735665,
    -0.3859762660733855,
    -0.40174440536128364,
    -0.35212989034871006,
    -0.23655545142973453,
    -0.10865265492451402
  ],
  "errors_by_step": {},
  "final_error": NaN,
  "max_error": NaN,
  "_source": "solver"
}