{
  "grid": [
    0.0,
    0.125,
    0.25,
    0.375,
    0.5,
    0.625,
    0.75,
    0.875
  ],
  "solution_steps": {
    "0": [
      0.0,
      0.7071067811865475,
      1.0,
      0.7071067811865476,
      1.2246467991473532e-16,
      -0.7071067811865475,
      -1.0,
      -0.7071067811865477
    ],
    "2": [
      1.749433867792871e-16,
      0.6549034071925516,
      1.0212897057107364,
      0.7980566589775331,
      1.8655407724911975e-16,
      -0.7980566589775324,
      -1.0212897057107366,
      -0.6549034071925519
    ],
    "4": [
      8.230665806991828e-16,
      0.6064213292817631,
      1.0272413669455196,
      0.8995058776976562,
      -3.2827476656782524e-16,
      -0.899505877697656,
      -1.0272413669455203,
      -0.6064213292817633
    ],
    "6": [
      9.175781209903054e-16,
      0.5619493800921824,
      1.0165861290009366,
      1.0109763749218774,
      7.537690894870124e-17,
      -1.0109763749218774,
      -1.016586129000937,
      -0.5619493800921829
    ],
    "8": [
      7.86467694242027e-16,
      0.521602521072878,
      0.9889312626078965,
      1.1313514648686152,
      4.734367289289718e-16,
      -1.1313514648686156,
      -0.9889312626078972,
      -0.5216025210728781
    ],
    "10": [
      4.516055666049557e-16,
      0.4853243777117971,
      0.9448821667137504,
      1.2587853449982107,
      1.7887624064511004e-15,
      -1.2587853449982127,
      -0.9448821667137519,
      -0.48532437771179626
    ],
    "12": [
      4.842272800800324e-17,
      0.4529041264161934,
      0.8860656807265441,
      1.3906943033211618,
      3.1410145440587967e-15,
      -1.3906943033211643,
      -0.8860656807265453,
      -0.4529041264161917
    ],
    "14": [
      2.821694363077439e-16,
      0.4240033785453642,
      0.8150293469703206,
      1.5238589177525514,
      3.806660958358892e-15,
      -1.5238589177525548,
      -0.8150293469703215,
      -0.4240033785453626
    ]
  },
  "_source": "solver"
}