dq_lu, dq_hhl,
0.00010624263454692763,3.72286221651223e-05
6.031255054525472e-05,2.308821134669885e-05
0.00019274062298768415,7.078711556560701e-05
0.00030587506384144666,0.00011273101435001792
0.00019349679872625796,7.212987807595078e-05
0.000564370672003579,0.00021766685996015933
0.00037843040910069697,0.00014798084629994782
0.0002784377920250284,0.000112446937423797
0.0006179411459634516,0.0002450397891794302
0.00016145581406859527,6.675647988592255e-05
9.869397314170512e-05,4.594496047075198e-05
0.0001862661872094474,9.130796498704776e-05
-0.00031371164526830547,-0.0001232140638533325
-0.0003150334487039794,-0.000129128962437654
-0.000691013616629606,-0.0002749727458762676
