xp, rho, u, p, Mach
0.1,0.9874709832583013,1.5144362437803942,0.6998202932068187,1.5203930731531332
0.3,0.886031400083482,1.613163543752447,0.6031849909315308,1.6523942469037216
0.5,0.6197112233299396,1.7414124073267205,0.37505289027395083,1.8918471237598602
0.7,0.51703366431792,1.8291068103933756,0.28876810816369786,2.0685205779948572
0.9,0.4837714463973361,1.8695833128624622,0.2609018077649443,2.151604167490994
