xp, rho, u, p, Mach
0.1,0.9874709832583013,1.5144362437803942,0.6998202930076419,1.5203930733694937
0.3,0.886031399284792,1.6131635452065913,0.6031849902192894,1.65239424862405
0.5,0.6197112227093141,1.741412409070702,0.37505288942273995,1.8918471268540242
0.7,0.5170336630561495,1.8291068129953871,0.288768107039443,2.068520582440101
0.9,0.48377144532976873,1.8695833148687078,0.2609018067645399,2.151604171550905
