xp, rho, u, p, Mach
0.1,0.9874710294426331,1.5144361978628826,0.699820339745513,1.5203930120558762
0.3,0.886031585176135,1.6131633373701137,0.603185143208024,1.6523939995187837
0.5,0.6197114457217404,1.7414120805951139,0.37505304271088724,1.8918467237982972
0.7,0.5170336610636541,1.8291067607989588,0.2887681010436618,2.0685205409005563
0.9,0.4837709638395013,1.8695842050184004,0.2609014217115916,2.151605712975327
