xp, rho, u, p, Mach
0.1,0.9874710162477335,1.5144362180992574,0.6998203234043298,1.5203930399648617
0.3,0.8860315163599561,1.6131634210696049,0.6031850926020556,1.6523940904010117
0.5,0.6197113754039408,1.7414121848938464,0.37505300091026844,1.8918468351999997
0.7,0.5170337079009022,1.8291067033769621,0.288768136705298,2.0685204419277534
0.9,0.48377123088550206,1.8695836986296908,0.2609016311740949,2.151604860353367
