xp, rho, u, p, Mach
0.1,0.9874709881863757,1.5144362400227225,0.6998202973977484,1.5203930686220215
0.3,0.8860314177044802,1.613163525253716,0.6031850068550377,1.652394222575345
0.5,0.6197112490903431,1.7414123716388636,0.3750529087938042,1.8918470776005254
0.7,0.5170336859729993,1.829106772307689,0.2887681235004228,2.0685205233118733
0.9,0.4837714482185941,1.8695833116831657,0.2609018072798554,2.1516041721840993
