xp, rho, u, p, Mach
0.1,0.98747100140686,1.514436228153179,0.6998203099750615,1.5203930532210663
0.3,0.886031464499296,1.6131634745561514,0.6031850489936286,1.6523941565613438
0.5,0.6197113115081515,1.7414122797526361,0.3750529547521931,1.89184695713876
0.7,0.5170337095013494,1.8291067218477448,0.2887681393806796,2.0685204564354644
0.9,0.4837713798865315,1.869583430943694,0.26090175072734595,2.1516043906676665
