xp, rho, u, p, Mach
0.1,0.9877403477196176,1.5136951121560749,0.7002067615973289,1.5194367902421821
0.3,0.8858471561913956,1.6137061566901565,0.6030726495602322,1.652932121159674
0.5,0.619335431601133,1.7425696235461723,0.37466701016700144,1.8935045677532714
0.7,0.5172036753601872,1.8296478766245252,0.2883302528136833,2.0710433669383894
0.9,0.4844129407413305,1.8678247037202562,0.26114940518237023,2.149985074366516
