xp, rho, u, p, Mach
0.1,0.9888386601645669,1.5088390677438042,0.702674540577166,1.5127407717156574
0.3,0.8819043591221817,1.6226336798664471,0.6020973394986068,1.6597162983943186
0.5,0.6166263997741949,1.7502252746382614,0.37205645608904553,1.9043052640776768
0.7,0.5213470535320613,1.8225314374968367,0.28705579005222415,2.075827765472694
0.9,0.49181028454112863,1.8451742802194029,0.26441899934443364,2.1267960693180656
