xp, rho, u, p, Mach
0.1,0.9888386601645669,1.509139614807142,0.7024951564177874,1.5132352634586026
0.3,0.8822015516776094,1.6218925580100227,0.6021835202947349,1.6591190074805604
0.5,0.6169695681779495,1.7492517711711741,0.37226658391330236,1.903238213899791
0.7,0.5209633795927986,1.8230022742170133,0.28722889496795734,2.0749743237895184
0.9,0.4910623663448372,1.8473793908902478,0.26405995427955503,2.1291640800096476
