xp, rho, u, p, Mach
0.1,0.9941625347565848,1.5088076119940155,0.7035971536867173,1.5157811709469002
0.3,0.8820557193661706,1.6081655383168503,0.6035812838752811,1.643035175850624
0.5,0.6292065337127429,1.7293478064972945,0.36057699193664955,1.9307050641307375
0.7,0.502660698938937,1.916209470570759,0.26047554009350876,2.2497432435636795
0.9,0.4867189304902238,1.9074159652850224,0.24259884092575942,2.2833692797804646
