xp, rho, u, p, Mach
0.1,0.9874671663112781,1.5144140189239554,0.6998537213845992,1.5203315122187864
0.3,0.8860274919489385,1.6133286000433709,0.6032404950932042,1.6524836448626237
0.5,0.6196252302900989,1.741182065690896,0.37535179004261543,1.8907123822133216
0.7,0.5169834799720822,1.8286721545844564,0.2889256658703736,2.0673647425677317
0.9,0.4835345350579598,1.8694413042369324,0.26107443118071444,2.150202659874081
