{
  "u_initial": [
    0.0,
    0.20129852008866006,
    0.39435585511331855,
    0.5712682150947923,
    0.7247927872291199,
    0.8486442574947509,
    0.9377521321470804,
    0.9884683243281114,
    0.9987165071710528,
    0.9680771188662044,
    0.8978045395707416,
    0.7907757369376985,
    0.6513724827222223,
    0.48530196253108143,
    0.29936312297335804,
    0.10116832198743228,
    -0.10116832198743204,
    -0.2993631229733574,
    -0.48530196253108043,
    -0.651372482722222,
    -0.7907757369376986,
    -0.8978045395707414,
    -0.9680771188662043,
    -0.9987165071710528,
    -0.9884683243281114,
    -0.9377521321470808,
    -0.8486442574947515,
    -0.72479278722912,
    -0.5712682150947924,
    -0.3943558551133187,
    -0.20129852008866028,
    -2.4492935982947064e-16
  ],
  "u_final_classical": [
    0.0,
    0.11465753632850059,
    0.22858560009524026,
    0.34104229567526934,
    0.45125864150819267,
    0.558418962127498,
    0.6616325262531132,
    0.7598903858913767,
    0.8519976328093486,
    0.9364633816334008,
    1.011230685873693,
    1.073925629372657,
    1.120783807238316,
    1.11669620945892,
    1.2187235751677745,
    1.0804685486537364,
    -1.0804685486537329,
    -1.218723575167775,
    -1.1166962094589221,
    -1.1207838072383158,
    -1.0739256293726573,
    -1.011230685873694,
    -0.9364633816334001,
    -0.8519976328093489,
    -0.7598903858913767,
    -0.661632526253113,
    -0.5584189621274979,
    -0.4512586415081927,
    -0.3410422956752695,
    -0.22858560009524032,
    -0.11465753632850076,
    -2.4492935982947064e-16
  ],
  "u_final_method": [
    0.0,
    0.0003919807605924,
    0.12948093001510294,
    0.0011124102851240286,
    0.21122188716866336,
    0.00163374200038935,
    0.24162441085453995,
    0.0119186485356077,
    0.9030147870529589,
    0.025014686289522386,
    1.0135464943582324,
    0.02425759737517617,
    1.801283230712896,
    0.038350144907224944,
    2.049081389511424,
    0.03459973836508428,
    0.09029464803401284,
    -0.00046725807959343706,
    0.09869918415500592,
    -0.001060221372901606,
    0.1745459323079995,
    -0.0014776323583539988,
    0.19182426155345558,
    -0.001697765295260893,
    0.7229336969321213,
    -0.001218474758234428,
    0.8203881869451044,
    0.009120261350978254,
    1.4645423435436191,
    0.028818957220287315,
    1.6732308847349993,
    0.0
  ],
  "errors_by_step": {
    "0": 0.0,
    "8": 1.393309982073252,
    "16": 1.3543964574595193,
    "24": 1.2897365523018753,
    "32": 1.22678724981452,
    "40": 1.1881992883375296,
    "48": 1.1538890953948981,
    "50": 1.1470570186916624
  },
  "final_error": 1.1470570186916624,
  "max_error": 1.393309982073252,
  "_source": "solver"
}