{
  "grid": [
    0.0,
    0.14285714285714285,
    0.2857142857142857,
    0.42857142857142855,
    0.5714285714285714,
    0.7142857142857142,
    0.8571428571428571,
    1.0
  ],
  "solution_steps": {
    "0": [
      0.0,
      0.7818314824680298,
      0.9749279121818236,
      0.43388373911755823,
      -0.433883739117558,
      -0.9749279121818234,
      -0.7818314824680299,
      -2.4492935982947064e-16
    ],
    "2": [
      0.006495113144373771,
      0.04811147537665377,
      0.044863918804466885,
      -0.0,
      -0.044182850252297526,
      -0.0,
      -0.003928933173664017,
      -0.09622356685192308
    ],
    "4": [
      0.0062466536937842345,
      0.0036866301162440523,
      0.04498875503484544,
      0.0444254517654935,
      -0.044182850252297526,
      -0.04505256757972332,
      -0.003928204619700137,
      -0.006116974584548674
    ],
    "6": [
      0.005916223314638818,
      0.003685916196907351,
      0.04515325630508145,
      0.0444254517654935,
      -0.0444254517654935,
      -0.045213403895005784,
      -0.003686271005527839,
      -0.005796637752031132
    ],
    "8": [
      0.005576900123951584,
      0.003544269549249473,
      0.045323184040605036,
      0.0001419127878378573,
      -0.0,
      -0.0008840050255078895,
      -0.048111325921761525,
      -0.005603738261520254
    ],
    "10": [
      0.005391473038035736,
      0.0035454484015996863,
      0.0008497118825818181,
      -0.0,
      -0.00010068872535812359,
      -0.000769028602067677,
      -0.003442093450277809,
      -0.005547507147136512
    ]
  },
  "_source": "solver"
}