{
  "iterations_completed": 1,
  "converged": true,
  "_source": "harvester",
  "fidelity": 1.2416769591254009,
  "shots": 1000,
  "l2_error_abs": 0.7623049859908786,
  "l2_error_rel": 0.6158381379427862
}