{
  "quantum_solution": [
    0.7357491138967578,
    0.6474592202291467,
    0.5321918590519882,
    0.5370968531446332
  ],
  "classical_solution": [
    1.1454545454545455,
    0.43636363636363634,
    0.16363636363636364,
    0.05454545454545454
  ],
  "_source": "harvester"
}