{
  "final_error_epsilon": 9.394996944671877e-17,
  "max_error_epsilon": 9.93156737144202e-17,
  "classical_wall_time_s": 0.0005366802215576172,
  "method_wall_time_s": 0.00046443939208984375,
  "speedup_ratio": 1.1555441478439425,
  "n_pauli_terms": null,
  "shots": 0,
  "t1": null,
  "t2": null,
  "backend_name": null,
  "backend_type": "sim",
  "coupling_map": "default",
  "optimization_level": 1,
  "seed": null,
  "_source": "solver"
}