{
  "u_initial": [
    0.0,
    0.3826834323650898,
    0.7071067811865475,
    0.9238795325112867,
    1.0,
    0.9238795325112867,
    0.7071067811865476,
    0.3826834323650899,
    1.2246467991473532e-16,
    -0.38268343236508967,
    -0.7071067811865475,
    -0.9238795325112865,
    -1.0,
    -0.9238795325112866,
    -0.7071067811865477,
    -0.3826834323650904
  ],
  "u_final_classical": [
    -5.857590438709849e-17,
    0.1889547358027246,
    0.37461807356714477,
    0.5530941296344742,
    0.7189359818183182,
    0.8627457524740141,
    0.9804309490943023,
    0.978818493029693,
    5.190854798563756e-16,
    -0.9788184930296926,
    -0.9804309490943022,
    -0.862745752474014,
    -0.7189359818183185,
    -0.5530941296344745,
    -0.3746180735671451,
    -0.18895473580272476
  ],
  "u_final_method": [
    4.707345624410664e-16,
    0.20558520122382423,
    0.3705038894490156,
    0.49391232287627285,
    0.5885097591363473,
    0.6629843686243215,
    0.7200397305262951,
    0.6496966498581415,
    -7.443929916917114e-12,
    -0.6496966498580079,
    -0.720039730518694,
    -0.6629843686244193,
    -0.5885097591365106,
    -0.49391232287630976,
    -0.37050388944900997,
    -0.2055852012238231
  ],
  "errors_by_step": {
    "0": 0.0,
    "4": 0.08230374726032655,
    "8": 0.12123779582600042,
    "12": 0.1451805267787255,
    "16": 0.16411605525127512,
    "20": 0.19056636298835689,
    "24": 0.23008730800248084,
    "26": 0.2542940788488407
  },
  "final_error": 0.2542940788488407,
  "max_error": 0.2542940788488407,
  "_source": "solver"
}