xp, rho, u, p, Mach
0.1,0.9875686959304196,1.5156962092267627,0.6983380648175495,1.5233473683190175
0.3,0.8853279232338231,1.6123261460289227,0.6040840538215525,1.6496517575325351
0.5,0.6168839931609756,1.7469505607013598,0.37396414676675377,1.8962839266235445
0.7,0.5183334412059932,1.8306134075274192,0.287955177428133,2.0757487723405563
0.9,0.493033473348201,1.8516519136940652,0.26714072149102597,2.1260011057030366
