xp, rho, u, p, Mach
0.1,0.9875686959304196,1.5156686823748207,0.6983648619928088,1.523290476345559
0.3,0.8853279232338231,1.6123618228856456,0.6040556187323631,1.6497270882626678
0.5,0.6169265438801047,1.746861228271618,0.3739766850758544,1.896220565157939
0.7,0.518302445927828,1.8305998762374727,0.28797106159686564,2.0756141191889
0.9,0.49286111318817105,1.8519903860909241,0.26702750677191656,2.126468660039485
