{
  "classical_solution": [
    1.8659977352180732,
    3.235281317424914,
    4.742829200802939,
    5.602688546080272,
    4.939518034949579,
    4.5105008985422215,
    4.315620719084045,
    2.541527724118476
  ],
  "classical_solution_normalized": [
    0.15903977137148692,
    0.27574438668092427,
    0.4042333265005592,
    0.47751949995272674,
    0.4209971985158434,
    0.3844318876363518,
    0.3678221680204592,
    0.21661547629416597
  ],
  "quantum_solution": [
    0.4140591191224272,
    0.2677205855488246,
    0.3094460869585281,
    0.4343348811583358,
    0.3527415562484624,
    0.335239199827403,
    0.32304457612709986,
    0.3623635459721925
  ],
  "quantum_solution_normalized": [
    0.4140591191224272,
    0.2677205855488246,
    0.3094460869585281,
    0.4343348811583358,
    0.3527415562484624,
    0.335239199827403,
    0.32304457612709986,
    0.3623635459721925
  ],
  "_source": "solver"
}