{
  "name": "ax_equals_b",
  "matrix": [
    [
      2.0,
      -1.0,
      0.0,
      0.0,
      0.0,
      0.0,
      0.0,
      0.0
    ],
    [
      -1.0,
      2.0,
      -1.0,
      0.0,
      0.0,
      0.0,
      0.0,
      0.0
    ],
    [
      0.0,
      -1.0,
      2.0,
      -1.0,
      0.0,
      0.0,
      0.0,
      0.0
    ],
    [
      0.0,
      0.0,
      -1.0,
      2.0,
      -1.0,
      0.0,
      0.0,
      0.0
    ],
    [
      0.0,
      0.0,
      0.0,
      -1.0,
      2.0,
      -1.0,
      0.0,
      0.0
    ],
    [
      0.0,
      0.0,
      0.0,
      0.0,
      -1.0,
      2.0,
      -1.0,
      0.0
    ],
    [
      0.0,
      0.0,
      0.0,
      0.0,
      0.0,
      -1.0,
      2.0,
      -1.0
    ],
    [
      0.0,
      0.0,
      0.0,
      0.0,
      0.0,
      0.0,
      -1.0,
      2.0
    ]
  ],
  "rhs": [
    0.4967141530112327,
    -0.13826430117118466,
    0.6476885381006925,
    1.5230298564080254,
    -0.23415337472333597,
    -0.23413695694918055,
    1.5792128155073915,
    0.7674347291529088
  ],
  "dimension": 8,
  "condition_number": 32.16343747752637,
  "eigenvalues_original": [
    3.879385241571813,
    3.532088886237953,
    2.9999999999999996,
    2.347296355333861,
    1.652703644666139,
    0.12061475842818353,
    0.4679111137620438,
    0.9999999999999999
  ],
  "algorithm": "modular_hhl",
  "num_clock_qubits": 7,
  "decomposition_depth": 2,
  "hhl_t": 6.283185307179586,
  "_source": "solver"
}