{
  "circuit_build_time_s": 0.004888057708740234,
  "modular_transpile_time_s": 0.09107303619384766,
  "execution_time_s": 0.0708458423614502,
  "modular_pre_opt": {
    "cx_count": 1888,
    "total_gates": 5017,
    "depth": 3632
  },
  "modular_post_opt": {
    "cx_count": 1888,
    "total_gates": 5017,
    "depth": 3632
  },
  "blocks_transpiled": 19,
  "per_block_compile_times": {
    "state_prep": 0.0012762089900206774,
    "controlled_u_1": 0.000316167002893053,
    "controlled_u_2": 0.00031612500606570393,
    "controlled_u_4": 0.0002978330012410879,
    "controlled_u_8": 0.00029466699925251305,
    "controlled_u_16": 0.0003003750025527552,
    "controlled_u_32": 0.0003106660005869344,
    "controlled_u_64": 0.00028262501291465014,
    "qft": 0.00034679099917411804,
    "controlled_rotations": 0.00641899999754969,
    "inverse_qft": 0.00038241699803620577,
    "inverse_controlled_u_64": 0.00030208400858100504,
    "inverse_controlled_u_32": 0.0003379580011824146,
    "inverse_controlled_u_16": 0.0002879169915104285,
    "inverse_controlled_u_8": 0.0003238339995732531,
    "inverse_controlled_u_4": 0.00031154099269770086,
    "inverse_controlled_u_2": 0.00032550000469200313,
    "inverse_controlled_u_1": 0.0003144999936921522,
    "measurement": 0.00017304200446233153
  },
  "boundary_swaps": {
    "state_prep\u2192controlled_u_1": 0,
    "controlled_u_1\u2192controlled_u_2": 0,
    "controlled_u_2\u2192controlled_u_4": 0,
    "controlled_u_4\u2192controlled_u_8": 0,
    "controlled_u_8\u2192controlled_u_16": 0,
    "controlled_u_16\u2192controlled_u_32": 0,
    "controlled_u_32\u2192controlled_u_64": 0,
    "controlled_u_64\u2192qft": 0,
    "qft\u2192controlled_rotations": 0,
    "controlled_rotations\u2192inverse_qft": 0,
    "inverse_qft\u2192inverse_controlled_u_64": 0,
    "inverse_controlled_u_64\u2192inverse_controlled_u_32": 0,
    "inverse_controlled_u_32\u2192inverse_controlled_u_16": 0,
    "inverse_controlled_u_16\u2192inverse_controlled_u_8": 0,
    "inverse_controlled_u_8\u2192inverse_controlled_u_4": 0,
    "inverse_controlled_u_4\u2192inverse_controlled_u_2": 0,
    "inverse_controlled_u_2\u2192inverse_controlled_u_1": 0,
    "inverse_controlled_u_1\u2192measurement": 0
  },
  "exec_info": {
    "wall_time": 0.0708458423614502,
    "backend_time": 0.050644708,
    "shots_requested": 65536,
    "shots_executed": 65536,
    "status": "DONE"
  },
  "_source": "solver"
}