{
  "_source": "stdout",
  "experiment_id": null,
  "algorithm": "modular_hhl",
  "dimension": 8,
  "condition_number": 32.16343747752637,
  "num_qubits": 11,
  "num_clock_qubits": 7,
  "decomposition_depth": 2,
  "transpiled_depth": 3632,
  "transpiled_cx_count": 1888,
  "total_gates": 5017,
  "boundary_swaps": 0,
  "sv_fidelity": 0.9861913130064518,
  "sv_fidelity_transpiled": 0.9796638503427303,
  "fidelity_shots": 0.896548530487126,
  "success_probability": 0.3224174640898084,
  "success_probability_transpiled": 0.025456036887247468,
  "compile_time_s": 0.09107303619384766,
  "circuit_build_time_s": 0.004888057708740234,
  "transpile_calls": 19,
  "per_block_compile_times": {
    "state_prep": 0.0012762089900206774,
    "controlled_u_1": 0.000316167002893053,
    "controlled_u_2": 0.00031612500606570393,
    "controlled_u_4": 0.0002978330012410879,
    "controlled_u_8": 0.00029466699925251305,
    "controlled_u_16": 0.0003003750025527552,
    "controlled_u_32": 0.0003106660005869344,
    "controlled_u_64": 0.00028262501291465014,
    "qft": 0.00034679099917411804,
    "controlled_rotations": 0.00641899999754969,
    "inverse_qft": 0.00038241699803620577,
    "inverse_controlled_u_64": 0.00030208400858100504,
    "inverse_controlled_u_32": 0.0003379580011824146,
    "inverse_controlled_u_16": 0.0002879169915104285,
    "inverse_controlled_u_8": 0.0003238339995732531,
    "inverse_controlled_u_4": 0.00031154099269770086,
    "inverse_controlled_u_2": 0.00032550000469200313,
    "inverse_controlled_u_1": 0.0003144999936921522,
    "measurement": 0.00017304200446233153
  },
  "fidelity_noisy": null,
  "noise_cx_error": null,
  "error": null,
  "exit_code": 0
}