dq_lu, dq_hhl,
-0.00021911850580587385,-0.0
-0.00018765057443525046,-0.0
-0.0005842603148063127,-0.0
-0.0007909891099209397,-0.0
-0.0007113806485654638,-0.0
-0.0021620490644642704,-0.0
-0.001815137973742042,-0.0
-0.0017506634087843648,-0.0
-0.005100043784562981,-0.0
0.006976520697299768,0.0
-0.004058705124529421,-0.0
-0.011579818573862288,-0.0
-0.01020947256857853,-0.0
-0.009773849509226848,-0.0
-0.028684360719920532,-0.0
-0.02689927756899721,-0.0
-0.02378506535889973,-0.0
-0.05822251348777503,-0.0
-0.06466237441601078,-0.0
-0.05505756342883711,-0.0
-0.15017888672042168,-0.0
-0.12210156915672703,-0.0
-0.1145615070629037,-0.0
-0.31424322353402073,-0.0
-0.2294360162350956,-0.019538276319107185
-0.20610787334314926,-0.0
-0.5491525368479581,-0.0
-0.3176183578158722,-0.0
-0.3059367923220409,-0.019538276319107206
-0.804627210037536,-0.023929403717658334
-0.38677236311212637,-0.013815647677937252
-0.38461134907791283,-0.0
-0.98231075584184,-0.023929403717658337
-0.43674442038262323,-0.0
-0.4479216851541758,-0.013815647677937255
-1.128050580146367,-0.030892727361054865
-0.45751254379711803,-0.013815647677937255
-0.49393605366861726,-0.01953827631910723
-1.2272615056145408,-0.02763129535587455
-0.47598077136292194,-0.0
-0.5086751789648323,-0.01953827631910723
-1.2999936806495895,-0.02763129535587455
-0.5342444246136256,-0.01381564767793726
-0.49441667556606206,-0.01953827631910723
-1.3497846884973907,-0.030892727361054872
-0.5041279701469422,-0.0
-0.5121003072127064,-0.0
-1.3158630658087493,-0.03655276795710901
-0.49965268583501504,-0.013815647677937259
-0.5634809025493137,-0.013815647677937262
-1.302217334941535,-0.02763129535587455
-0.5107191327418544,-0.0
-0.5457059354227695,-0.0
-1.3190208936010501,-0.03384128727701358
-0.5111204078286758,-0.01953827631910723
-0.5428074799027435,-0.01381564767793726
-1.3212702470563669,-0.03384128727701358
-0.5307079873563785,-0.0
-0.5208237074134521,-0.01953827631910723
-1.3890516725099122,-0.04368891401269819
