xp, rho, u, p, Mach
0.1,0.987470989761652,1.5144362398003113,0.6998202971813171,1.5203930698465529
0.3,0.8860314211312058,1.6131635221352072,0.6031850064805457,1.652394223089264
0.5,0.6197112509176038,1.7414123690262406,0.3750529081030658,1.8918470792934423
0.7,0.517033672970253,1.829106792924727,0.28876811086781107,2.0685205658624826
0.9,0.48377140636431876,1.8695833905234027,0.260901771917139,2.151604315656947
