xp, rho, u, p, Mach
0.1,0.987470984322552,1.514436243356675,0.6998202933777079,1.5203930733614195
0.3,0.8860314026906077,1.6131635416924812,0.6031849935621677,1.652394243621477
0.5,0.6197112283943812,1.7414124020738146,0.3750528933297344,1.891847118076494
0.7,0.5170336670538836,1.8291068068723684,0.28876810978950873,2.0685205736628784
0.9,0.48377144247256815,1.8695833221377924,0.2609018031737357,2.1516041883690344
