xp, rho, u, p, Mach
0.1,0.9874710023824439,1.5144362417127688,0.6998203023872439,1.5203930758274846
0.3,0.8860314979848065,1.6131634450324477,0.6031850267663299,1.6523941879891244
0.5,0.6197113035620462,1.7414122738997684,0.3750529497324084,1.8918469513118286
0.7,0.5170335265655619,1.829106987494505,0.2887679942854395,2.068520910590575
0.9,0.48377086746258563,1.8695843241541759,0.26090137433635785,2.151605831108196
