xp, rho, u, p, Mach
0.1,0.9873846467203018,1.5145216065739049,0.6997429151543145,1.5204963628207149
0.3,0.8857992210135898,1.6134244052300408,0.6029879870599536,1.6527148186131664
0.5,0.6194632054017021,1.7417694139732618,0.3748674883003659,1.8923240617283479
0.7,0.5168856575887413,1.829380260933883,0.2886676336983833,2.0688936451159483
0.9,0.48389332363367643,1.869326311846483,0.2610243069768051,2.151074443283911
