xp, rho, u, p, Mach
0.1,0.987423952411948,1.5144840338944225,0.6997781644582387,1.5204506091350303
0.3,0.8859046694598142,1.6133049307297926,0.6030763698613297,1.6525696886933952
0.5,0.6195655002148241,1.741623965866894,0.3749432834916824,1.8921309888459648
0.7,0.5169230634726437,1.8293042378004643,0.2886907237586716,2.068799786436394
0.9,0.4837759670850646,1.869556556644762,0.2609213607863593,2.151502808448259
