xp, rho, u, p, Mach
0.1,0.9874709952443194,1.514436238202777,0.6998203037232165,1.5203930653572273
0.3,0.8860314615873678,1.6131634811559954,0.6031850186724304,1.6523942021380833
0.5,0.6197112911984511,1.7414123086419402,0.3750529358493135,1.8918470051981882
0.7,0.5170336405522785,1.8291068177236351,0.2887680825356833,2.0685206305344788
0.9,0.48377120673009605,1.8695837512203601,0.26090161910965515,2.1516049169073326
