xp, rho, u, p, Mach
0.1,0.9874274537875946,1.5144805492528768,0.699781042007963,1.5204466803901877
0.3,0.8859135252316952,1.6132947820424572,0.6030839522277107,1.6525571641144419
0.5,0.6195746655367887,1.7416109347640825,0.3749500594434098,1.8921137297495094
0.7,0.5169277758617623,1.8292953400195915,0.2886939372379543,2.0687876394717004
0.9,0.4837694566199819,1.8695699232373362,0.2609152879693795,2.1515287516925525
