xp, rho, u, p, Mach
0.1,0.9864648247510436,1.5156198149653497,0.6991732566580201,1.5215094515324687
0.3,0.8839781707557028,1.6154517027798312,0.6016376699928907,1.654943686853942
0.5,0.6188964042847441,1.741104877603561,0.37455700951277676,1.8915199649241412
0.7,0.5184969043047024,1.8268525474947752,0.2900269606727113,2.0643977424259448
0.9,0.49130691815537875,1.856079698930477,0.2668565976760559,2.1284824333477212
