{
  "quantum_solution": [
    0.6904100911238369,
    0.15402911902728508,
    0.689345373711206,
    0.15624305523450188
  ],
  "classical_solution": [
    0.7055698197297996,
    0.046596453582414196,
    0.7055698197297996,
    0.046596453582414196
  ],
  "_source": "harvester"
}