{
  "iterations_completed": 1,
  "converged": true,
  "_source": "harvester",
  "fidelity": 0.987971397560771,
  "shots": 100000,
  "l2_error_abs": 0.1551038519136706,
  "l2_error_rel": 0.1551038519136706
}