xp, rho, u, p, Mach
0.1,0.9873786837356011,1.5145344869917436,0.6997320435558779,1.5205165145814197
0.3,0.8857508721085153,1.6134568397249665,0.6029496759843727,1.652755442061822
0.5,0.6193324341940899,1.741988159744527,0.3747611523265994,1.8926303945930445
0.7,0.5167825008941165,1.8295528362868159,0.2885978135802012,2.0691325830436447
0.9,0.4839036285826451,1.8693008496328118,0.26103305995034215,2.1510319823088073
