xp, rho, u, p, Mach
0.1,0.9968172901744919,1.503666970011196,0.7103886046103801,1.5053844658222775
0.3,0.8981684479189248,1.649337774714176,0.5663037152524479,1.755495739189352
0.5,0.6294227908369509,1.7871224760354592,0.32766142700063067,2.0933838625741292
0.7,0.4972125567190393,1.937413892842764,0.24868092429702043,2.3153049449219916
0.9,0.48419186174109197,1.94046346506463,0.2172042952901489,2.4485895436526577
