{
  "u_initial": [
    0.0,
    0.7818314824680298,
    0.9749279121818236,
    0.43388373911755823,
    -0.433883739117558,
    -0.9749279121818234,
    -0.7818314824680299,
    -2.4492935982947064e-16
  ],
  "u_final_classical": [
    0.0,
    0.4650271050087969,
    1.0036738014210564,
    1.5058313396955698,
    -1.5058313396955694,
    -1.0036738014210562,
    -0.465027105008797,
    -2.4492935982947064e-16
  ],
  "u_final_method": [
    0.0,
    0.4652166532262384,
    1.0040684458625582,
    1.5051881338068986,
    -1.5051881338068986,
    -1.0040684458625582,
    -0.46521665322623845,
    0.0
  ],
  "errors_by_step": {
    "0": 0.0,
    "2": 1.8986245362724717e-05,
    "4": 3.9815415240898446e-05,
    "6": 6.913924863377255e-05,
    "8": 0.00011810305538537783,
    "10": 0.00020216199986884838,
    "12": 0.0003341544829632752,
    "13": 0.0004164211726031994
  },
  "final_error": 0.0004164211726031994,
  "max_error": 0.0004164211726031994,
  "_source": "solver"
}