xp, rho, u, p, Mach
0.1,0.9874709059273847,1.5144363130070115,0.6998202086148169,1.5203931750095552
0.3,0.8860311025657677,1.6131638705563505,0.6031847145332707,1.6523946828185256
0.5,0.6197106641663648,1.7414132118952355,0.3750524677072342,1.8918482100871812
0.7,0.5170324997728102,1.8291087397295738,0.2887672604072082,2.0685234666912207
0.9,0.4837695573871267,1.8695867151482615,0.2609004297964523,2.1516095641777757
