xp, rho, u, p, Mach
0.1,0.9874709818619889,1.514436246035865,0.6998202915554463,1.5203930761363782
0.3,0.8860313976921551,1.6131635475095705,0.6031849890208257,1.652394251139515
0.5,0.619711221007107,1.74141241269479,0.3750528879736141,1.8918471318477967
0.7,0.5170336594702768,1.8291068214695119,0.2887681038597393,2.0685205962388493
0.9,0.48377143961522556,1.8695833264896609,0.2609018021101305,2.1516041914089303
