xp, rho, u, p, Mach
0.1,0.9874697294399652,1.5144376851209238,0.6998190083046085,1.5203949506779977
0.3,0.8860270439383235,1.613167980276234,0.6031811869088748,1.6523999398201508
0.5,0.6197041573935286,1.7414218409721147,0.3750476928124117,1.891859695540248
0.7,0.5170268565809796,1.8291175361414278,0.2887635161460498,2.0685355365972407
0.9,0.4837710153698768,1.8695834001841143,0.2609021796647199,2.1516017759849477
