xp, rho, u, p, Mach
0.1,0.9874708465291929,1.5144363848391407,0.699820142562903,1.520393273147493
0.3,0.8860308957081605,1.6131641067992777,0.6031845346619976,1.6523949782924414
0.5,0.6197103435910387,1.7414136379287428,0.3750522204208458,1.8918488072832556
0.7,0.5170319966606869,1.8291095761818845,0.2887669004321082,2.0685246955156966
0.9,0.48376899654158384,1.869587699192097,0.2609000448622561,2.1516110367063583
