xp, rho, u, p, Mach
0.1,0.9874699560953893,1.5144374127838227,0.6998192386399964,1.5203946015508398
0.3,0.8860278626956424,1.6131671745730345,0.603181890541165,1.6523989142035762
0.5,0.6197054645940366,1.7414201301592527,0.3750486321408263,1.891857463138763
0.7,0.5170276413727981,1.8291164001235387,0.2887639810942897,2.068534156481028
0.9,0.48376973572665066,1.8695858748515086,0.26090108832691683,2.151606278315967
