xp, rho, u, p, Mach
0.1,0.9888640020531305,1.5131596322697947,0.7010676264591423,1.5188296132110828
0.3,0.8902494942133721,1.606613364052803,0.6076098796975602,1.6435798630972893
0.5,0.6345677181330472,1.7199962999013791,0.386970781623201,1.8615015186598332
0.7,0.5778550314395532,1.7299791968683371,0.335801002495956,1.9179854942101748
0.9,0.6060449935983606,1.6618234394802112,0.3597727956609913,1.8228844319932758
