xp, rho, u, p, Mach
0.1,0.987470981067598,1.5144362438684158,0.6998202897564278,1.5203930753030754
0.3,0.8860313802515042,1.6131635682824723,0.6031849691738111,1.6523942833396612
0.5,0.6197111602633033,1.7414124980960763,0.37505284113399595,1.8918472500421655
0.7,0.5170334293644809,1.8291072064969816,0.28876793456984184,2.0685211776992705
0.9,0.48377095554332833,1.869584194613514,0.2609014446860276,2.151605587819032
