xp, rho, u, p, Mach
0.1,0.9874700560837782,1.5144372963813413,0.699819335660485,1.5203944562748002
0.3,0.8860281995287478,1.6131668462519237,0.6031821815100177,1.652398493436264
0.5,0.6197060035314018,1.74141941395842,0.3750490209934484,1.8918565269656908
0.7,0.517027997560483,1.8291158655907636,0.2887642043413773,2.0685334648982856
0.9,0.48376930429839676,1.869586723846328,0.2609007123971124,2.1516078460872303
