dq_lu, dq_hhl,
0.0016781292241259136,0.0011239308007381687
0.00018750299839936287,0.0
0.002921704018687283,0.001858171829851263
0.0022137345996057446,0.0011894565558397256
0.0005670600139420878,0.00018353713120020096
0.0038102745803031976,0.0022365940538240686
0.001613273840339958,0.0008510266672551757
-0.0010409336955021675,-0.0009176856560017413
0.001375086685214626,0.0006087237992899288
-0.0016969230868941647,-0.00130427637628249
-0.0020223409932245465,-0.0014157364770650198
-0.004626517541945267,-0.003364291186245054
-0.005068618263452146,-0.0035351748095917776
-0.0058693019096998774,-0.00406483990073719
-0.01021422418702702,-0.0070988783818185484
