xp, rho, u, p, Mach
0.1,0.9873796410349237,1.5145394897984106,0.6997264941704421,1.5205283037091784
0.3,0.885818477346214,1.6134296409674553,0.6029966993496862,1.652726206255222
0.5,0.6195164409724818,1.7418099082834995,0.3748764369373396,1.8924267805416575
0.7,0.5169761207610973,1.8292659731991263,0.28872603268770314,2.0687361719341486
0.9,0.4838846326825735,1.86941668065978,0.26097947620094936,2.1513438684435675
