xp, rho, u, p, Mach
0.1,0.9856087813466072,1.5170349081840426,0.6950667845497955,1.5267592891986597
0.3,0.8813235342949823,1.6244343608138279,0.5951472050657568,1.6706813862333703
0.5,0.6205323530195078,1.7557329124400312,0.3714124768178872,1.9179991167094894
0.7,0.5320294854201991,1.8058809131611375,0.30011429943242796,2.03212115328032
0.9,0.5090952928936168,1.8521025889411504,0.2740865679100881,2.1333233426568436
