xp, rho, u, p, Mach
0.1,0.9874106442020832,1.514503563327461,0.6997589435134252,1.5204808510648415
0.3,0.88588949516017,1.613339528964754,0.6030598072934122,1.6526136689293465
0.5,0.6195791052092504,1.7416735708835163,0.3749365125521628,1.892222741168352
0.7,0.5169872374158186,1.8292266389240306,0.2887339651442425,2.0686855127126016
0.9,0.48383539831356337,1.8694847349400494,0.2609468930794919,2.151447039191111
