xp, rho, u, p, Mach
0.1,0.9851719949742629,1.519388098951921,0.6989530930637817,1.524532601056613
0.3,0.8828108001275672,1.6135172767945534,0.604685917162453,1.647701335984105
0.5,0.6143482504904505,1.7531296074788225,0.3689752346331016,1.9118715499132624
0.7,0.511143836458709,1.857051739164452,0.27761036976289133,2.129676838812429
0.9,0.4856571859124577,1.8627286717526592,0.26234825254794863,2.141960231179491
