xp, rho, u, p, Mach
0.1,0.9808940025249043,1.5287841665588122,0.6970087521308049,1.5327597314888062
0.3,0.8773104344263759,1.6121343407946436,0.6086420545232339,1.6358100808446912
0.5,0.604927792816052,1.7758641508863227,0.35683721693585985,1.9541703508523747
0.7,0.49927380622051415,1.9151840930379662,0.2547054579178081,2.266192372328778
0.9,0.4890889551386542,1.8496585443958424,0.2653194932685649,2.1224471911594316
