xp, rho, u, p, Mach
0.1,0.9855969583017663,1.5184169216157712,0.6991130017213893,1.5237124107796032
0.3,0.8834171296916845,1.61373967806896,0.6041908638276601,1.6491694862877597
0.5,0.615486707748014,1.7504762250690364,0.3703498587525501,1.907196522332661
0.7,0.5125819955161078,1.8504181975490033,0.2801755885231989,2.1153020984613793
0.9,0.4852976608547076,1.8641086446791826,0.2620985747184432,2.1437738645778674
