dq_lu, dq_hhl,
0.00018225148607589435,9.129167018447392e-05
7.075486835681589e-05,3.924295474900045e-05
0.00027193643753971986,0.00012225854164352106
0.00037234751633036863,0.00016945987043565138
0.0001745523349205385,8.35184837957741e-05
0.0006100116170569086,0.0002863264894169174
0.00037702063192256196,0.00018008550258359306
0.000245661979520338,0.00011811297249301714
0.0005753394493352997,0.0002705471225624521
8.463660727250551e-05,3.807125823337367e-05
2.0488657361353994e-05,1.6485338391459706e-05
2.7662135671275606e-05,2.1282480349175106e-05
-0.00046839793135367193,-0.00022902164026116956
-0.0005238797193712043,-0.0002616966339875609
-0.0010746711738004622,-0.0005344403309858013
