xp, rho, u, p, Mach
0.1,0.9874709845648382,1.5144362417659503,0.6998202947582162,1.5203930704513497
0.3,0.88603140237086,1.6131635419693573,0.6031849932729619,1.6523942440030637
0.5,0.6197112260472708,1.7414124026865871,0.375052893095978,1.891847115749145
0.7,0.5170336620843577,1.8291068122157363,0.28876810716245704,2.068520579173864
0.9,0.4837714361222694,1.8695833317933366,0.26090180009528025,2.1516041980531075
