xp, rho, u, p, Mach
0.1,0.9845716567455408,1.5182817915522442,0.6983678913513229,1.5235962625751491
0.3,0.880994779458878,1.616915106807375,0.5998240551892468,1.6561433647902974
0.5,0.6196010027721814,1.748757625933579,0.3754093873020679,1.8987557210083645
0.7,0.54950392265914,1.7892377267037316,0.3108654316532701,2.010495993570764
0.9,0.5564997930405766,1.763456278779601,0.3150695878080753,1.9807512563336005
