xp, rho, u, p, Mach
0.1,0.987470983372621,1.5144362435943959,0.6998202931585742,1.520393073106818
0.3,0.8860313998848508,1.6131635455244944,0.6031849903796243,1.652394249289606
0.5,0.6197112236799152,1.7414124090980374,0.375052889555632,1.891847128030073
0.7,0.5170336619647776,1.8291068142874238,0.2887681064587852,2.068520583797804
0.9,0.483771439577112,1.8695833275829978,0.26090180246367206,2.151604191124645
