xp, rho, u, p, Mach
0.1,0.9874452251521585,1.5144650953326773,0.6997960189291786,1.5204285773719182
0.3,0.8859717114823839,1.613234121528042,0.6031314013919656,1.65248428842799
0.5,0.619640975860797,1.7415202656474507,0.3749987161892846,1.8919937129577913
0.7,0.5169704699579891,1.8292200385038124,0.2887230929512846,2.0686834494405675
0.9,0.4837409349387061,1.8696473330812744,0.26088261166455756,2.151689148496306
