xp, rho, u, p, Mach
0.1,0.987470983372621,1.5144362435943959,0.6998202931585742,1.520393073106818
0.3,0.8860313995715341,1.6131635448040855,0.6031849906019647,1.652394247954974
0.5,0.6197112234314748,1.7414124086699203,0.3750528894866117,1.891847127359831
0.7,0.5170336619647776,1.8291068142874238,0.28876810634105937,2.0685205842194536
0.9,0.48377144025605634,1.8695833262677626,0.2609018029798686,2.1516041889923505
