xp, rho, u, p, Mach
0.1,0.9874709859789548,1.5144362401224762,0.6998202960746609,1.520393068460038
0.3,0.8860314053762716,1.6131635378811253,0.6031849958316727,1.6523942391131354
0.5,0.6197112283858895,1.7414123985632899,0.3750528953396336,1.8918471091805644
0.7,0.5170336620843577,1.8291068115423803,0.28876810731870584,2.0685205778527465
0.9,0.48377143037606724,1.8695833428562163,0.2609017957175751,2.1516042160575117
