xp, rho, u, p, Mach
0.1,0.9874709862267486,1.514436239742447,0.6998202963027759,1.5203930680214806
0.3,0.8860314058718591,1.6131635371402937,0.6031849962114102,1.6523942382962722
0.5,0.6197112286720171,1.7414123983247387,0.37505289557188043,1.8918471087723976
0.7,0.5170336620843577,1.82910681106312,0.2887681074427768,2.068520576866379
0.9,0.48377142952969027,1.869583344352769,0.26090179507874045,2.151604218531827
