xp, rho, u, p, Mach
0.1,0.9874708044425883,1.5144363905544795,0.699820157389201,1.5203932303798458
0.3,0.8860309453635095,1.6131639624788878,0.6031845864214006,1.6523948058682403
0.5,0.619710335909235,1.7414135255099479,0.37505226619656057,1.8918485579759272
0.7,0.5170313731496128,1.8291104933632059,0.2887665105705192,2.068525881835559
0.9,0.4837673262006779,1.8695907236031895,0.2608987750172776,2.151616038977374
