xp, rho, u, p, Mach
0.1,1.0,1.5,0.7142857142857144,1.5
0.3,0.8964231227133372,1.6279966115291762,0.6031251477201999,1.6774218099636793
0.5,0.6749904501897215,1.6941078152070874,0.41638799408034466,1.8229583360996329
0.7,0.6552753150681476,1.6583710652551134,0.4155437768344866,1.7600346036973857
0.9,0.7112966494087332,1.6141884580703558,0.4366581001671208,1.7411846941101672
