xp, rho, u, p, Mach
0.1,0.9869018600608561,1.5151101151148267,0.6993626097382271,1.5211286935754413
0.3,0.8846401506921785,1.6149777343831935,0.6019839042806074,1.6546014664125401
0.5,0.6183619453247363,1.7438026266061486,0.3740032358114493,1.8950340038300084
0.7,0.5168920433296369,1.8299456092368966,0.2886570299464546,2.0695838077344333
0.9,0.48609643546479664,1.8658706896348332,0.2627097888499168,2.1450657827782886
