{
  "grid": [
    0.0,
    0.06666666666666667,
    0.13333333333333333,
    0.2,
    0.26666666666666666,
    0.3333333333333333,
    0.4,
    0.4666666666666667,
    0.5333333333333333,
    0.6,
    0.6666666666666666,
    0.7333333333333333,
    0.8,
    0.8666666666666667,
    0.9333333333333333,
    1.0
  ],
  "solution_steps": {
    "0": [
      5.555177545985609e-12,
      2.7988183977060362e-09,
      5.797115548591035e-07,
      4.9363921634671915e-05,
      0.0017280957896376294,
      0.024870609608846517,
      0.147151776468577,
      0.3579357267257479,
      0.3579357267257479,
      0.147151776468577,
      0.024870609608846562,
      0.0017280957896376324,
      4.9363921634671644e-05,
      5.797115548591035e-07,
      2.7988183977060362e-09,
      5.555177545985609e-12
    ],
    "6": [
      0.0020847241100108464,
      0.000970234055041653,
      -0.0008058454540436626,
      0.00044699724759937533,
      0.009434845152701626,
      0.0515488728471405,
      0.1594380047767994,
      0.24540011555460525,
      0.23640587579585134,
      0.1577064465411212,
      0.07166335837705769,
      0.026953050068092323,
      0.021576155433883627,
      0.023631078497992175,
      0.0107325632730505,
      0.0056610491974269815
    ],
    "12": [
      0.0024865855405604743,
      0.0011353531977993045,
      -0.0016286335734284417,
      0.0012325071952543195,
      0.012762359801002984,
      0.05369325447119197,
      0.14760180542353646,
      0.21555066755142638,
      0.20229294637484962,
      0.13498631479183626,
      0.08361546071549171,
      0.0527177516628983,
      0.029797634810175323,
      0.022067960474845473,
      -0.0018073163684295679,
      -0.015012518783547346
    ],
    "18": [
      0.0045770980945899235,
      0.0012635058881603739,
      -0.001648203641942265,
      0.0027371806297613443,
      0.014369939093648676,
      0.05428403543705991,
      0.13679603447345182,
      0.1929070923649636,
      0.18160003843277914,
      0.13258761623571075,
      0.08321560194002249,
      0.05040703285215842,
      0.0337812371977823,
      0.028863436567907196,
      0.026015320788158405,
      0.026737234710947844
    ],
    "24": [
      0.001823045351222104,
      0.0014383426884904513,
      0.0003475461492988382,
      0.001987418714808728,
      0.014869290575218028,
      0.05601650974660099,
      0.12856402618711302,
      0.17365474920961846,
      0.1780133175467719,
      0.1299996289344159,
      0.0703965156204183,
      0.035007422547896995,
      0.03476795541865834,
      0.05329041924538614,
      0.03186623954739498,
      0.016683845266533614
    ],
    "30": [
      0.0031360027228970423,
      0.0021013022557318153,
      -0.0001586069083365963,
      0.0028739658136705433,
      0.016836879961637678,
      0.05689744414886014,
      0.12295086305012885,
      0.16342856076351592,
      0.1607137597244709,
      0.12546295678384475,
      0.07807942560679147,
      0.035523496539317766,
      0.04209712870913569,
      0.051440581592314905,
      0.02996999914918248,
      0.028658285514406412
    ],
    "36": [
      0.003092495363306528,
      0.0017641812622991087,
      -0.00016870708329261088,
      0.0034700792075274345,
      0.017621643526132207,
      0.05690311696105628,
      0.1166275646724118,
      0.15559470760806318,
      0.156581819844112,
      0.11831037902787055,
      0.08270972963930126,
      0.04476120537161353,
      0.03478005121741055,
      0.04377850046358627,
      0.023603305862977497,
      0.017438970917379226
    ],
    "42": [
      0.0037605891998198767,
      0.002282910398589358,
      0.0002822540370357931,
      0.004453102343242318,
      0.01906807360347702,
      0.05664308748046773,
      0.11247541695988356,
      0.1433278931186003,
      0.1415490041958689,
      0.11773571046446961,
      0.09564973073308262,
      0.06220590450600967,
      0.02694105678430563,
      0.025126008536816458,
      0.01316735807483065,
      -0.0015228557196026228
    ],
    "48": [
      0.0017774386400134401,
      0.001977103281374801,
      0.0008408159811912582,
      0.0041936597116890234,
      0.020578997929181945,
      0.05672160580731588,
      0.10870528582967998,
      0.13829746686340585,
      0.1340182349399433,
      0.11950929303343123,
      0.08494229168560345,
      0.058678373571591655,
      0.05064671723699539,
      0.015496068702224908,
      0.006224768967822625,
      0.02394452183878264
    ],
    "54": [
      0.0004758234442679196,
      0.0006091436764005235,
      0.0009201376804828883,
      0.004690383862720483,
      0.02201753511619516,
      0.05676880427761107,
      0.1053398425041329,
      0.1330788456341789,
      0.12980473709686252,
      0.11162433968527607,
      0.08351005422442756,
      0.048062354339683915,
      0.05168053913792321,
      0.032814528042587,
      -0.004725972587155058,
      0.0022727707530903808
    ],
    "60": [
      0.001169671736641119,
      0.0006106478711565311,
      0.001199921538306808,
      0.0051350595359269825,
      0.022287560732637192,
      0.05702782205207629,
      0.10338314935824007,
      0.12829351239826686,
      0.1252743926331557,
      0.10948614799102797,
      0.08342654373903045,
      0.046882028798619704,
      0.038785109471944135,
      0.034987574902090056,
      0.00800759815692802,
      0.0010526358987970497
    ],
    "66": [
      -0.0004608888531874137,
      0.0004985116661841599,
      0.00236991670420494,
      0.005592360699427597,
      0.023741102429587064,
      0.05669211444107913,
      0.0981100254271498,
      0.12380652091667588,
      0.12010743995927359,
      0.10908043402342774,
      0.08239592165010824,
      0.051001341683861424,
      0.04692794248233092,
      0.03155996040812035,
      -0.001840583168708787,
      -0.013299845562848401
    ],
    "72": [
      0.0003257052902910166,
      0.0007726903869426039,
      0.002519251340160388,
      0.006848823371111466,
      0.02399609946196144,
      0.05607482750868036,
      0.09583096613411143,
      0.11812049544521744,
      0.12056096056546022,
      0.10668630971123888,
      0.07356219397587947,
      0.05503523896508056,
      0.04164580397526181,
      0.026617366392568665,
      0.016452212135572776,
      0.00914917690542616
    ],
    "78": [
      0.0020990038472844387,
      0.0017606517331721849,
      0.002849373416511405,
      0.0068826439565862485,
      0.0243399202559397,
      0.05764097524904699,
      0.09343212762648018,
      0.10926783538888037,
      0.11895310009707782,
      0.10509594121612992,
      0.07171024803160163,
      0.04721228651126169,
      0.0408615471764007,
      0.03666350377854113,
      0.019049116999898065,
      0.015442195387866332
    ],
    "84": [
      0.0003742944275431466,
      0.0018798298125139996,
      0.0042433645023598945,
      0.007034329798125631,
      0.02489741016397162,
      0.056043458748791936,
      0.08912986202224703,
      0.10870558243869197,
      0.12046229379639949,
      0.09843690583788134,
      0.061880604270187066,
      0.05552615865331797,
      0.04201490312874668,
      0.019602357310080577,
      0.015974338488764415,
      0.02312260197408871
    ],
    "90": [
      -0.0008877641639649966,
      0.002696839733654587,
      0.005040233604892075,
      0.00655103011176835,
      0.024791797022038584,
      0.055029104410259246,
      0.08642665574747929,
      0.10474023321149298,
      0.1094557333020646,
      0.09941988736230321,
      0.0696895602532547,
      0.053599003933568125,
      0.0434052622036651,
      0.0220434466651813,
      0.0020549230641085494,
      -0.007318524625414824
    ]
  },
  "_source": "solver"
}