{
  "quantum_solution": [
    0.6979502825964006,
    0.0932028651589054,
    0.704107733929902,
    0.0917111114853251
  ],
  "classical_solution": [
    0.7055698197297996,
    0.046596453582414196,
    0.7055698197297996,
    0.046596453582414196
  ],
  "_source": "harvester"
}