{
  "iterations_completed": 1,
  "converged": true,
  "_source": "harvester",
  "fidelity": 0.9978661575006262,
  "shots": 100000,
  "l2_error_abs": 0.06532752099037191,
  "l2_error_rel": 0.06532752099037191
}