{
  "grid": [
    0.0,
    0.03225806451612903,
    0.06451612903225806,
    0.0967741935483871,
    0.12903225806451613,
    0.16129032258064516,
    0.1935483870967742,
    0.22580645161290322,
    0.25806451612903225,
    0.29032258064516125,
    0.3225806451612903,
    0.3548387096774194,
    0.3870967741935484,
    0.4193548387096774,
    0.45161290322580644,
    0.4838709677419355,
    0.5161290322580645,
    0.5483870967741935,
    0.5806451612903225,
    0.6129032258064516,
    0.6451612903225806,
    0.6774193548387096,
    0.7096774193548387,
    0.7419354838709677,
    0.7741935483870968,
    0.8064516129032258,
    0.8387096774193548,
    0.8709677419354839,
    0.9032258064516129,
    0.9354838709677419,
    0.967741935483871,
    1.0
  ],
  "solution_steps": {
    "0": [
      0.0,
      0.20129852008866006,
      0.39435585511331855,
      0.5712682150947923,
      0.7247927872291199,
      0.8486442574947509,
      0.9377521321470804,
      0.9884683243281114,
      0.9987165071710528,
      0.9680771188662044,
      0.8978045395707416,
      0.7907757369376985,
      0.6513724827222223,
      0.48530196253108143,
      0.29936312297335804,
      0.10116832198743228,
      -0.10116832198743204,
      -0.2993631229733574,
      -0.48530196253108043,
      -0.651372482722222,
      -0.7907757369376986,
      -0.8978045395707414,
      -0.9680771188662043,
      -0.9987165071710528,
      -0.9884683243281114,
      -0.9377521321470808,
      -0.8486442574947515,
      -0.72479278722912,
      -0.5712682150947924,
      -0.3943558551133187,
      -0.20129852008866028,
      -2.4492935982947064e-16
    ],
    "8": [
      -0.0,
      -0.0,
      -0.0,
      -0.0,
      -0.0,
      -0.0,
      -0.0,
      -0.0,
      -0.0,
      -0.0,
      -0.0,
      -0.0,
      -0.0,
      -0.0,
      -0.0,
      -0.0,
      -0.0,
      -0.0,
      -0.0,
      -0.0,
      -0.0,
      -0.0,
      -0.0,
      -0.0,
      -0.0,
      -0.19566690826017474,
      -0.19674128639004265,
      -0.0034056980948711387,
      -0.006225393682166203,
      -0.013991733569772201,
      -0.010097597783505613,
      1.2413820722083634e-07
    ],
    "16": [
      -0.0,
      -0.0,
      -0.0,
      -0.0,
      -0.0,
      -0.0,
      -0.0,
      -0.0,
      -0.0,
      -0.0,
      -0.0,
      -0.0,
      -0.0,
      -0.0,
      -0.0,
      -0.0,
      -0.19566690826017474,
      -0.0,
      0.19566690826017474,
      -0.0,
      -0.0,
      -0.0,
      -0.0,
      -0.19566690826017474,
      -0.19566690826017474,
      -0.0017028490474355693,
      -0.003016160731035736,
      -0.002940535976573116,
      -0.005472357774458105,
      -0.012748367384204025,
      -0.00891122862894281,
      -1.5989452447877286e-05
    ],
    "24": [
      -0.0,
      -0.0,
      -0.0,
      -0.0,
      -0.0,
      -0.0,
      -0.0,
      -0.0,
      -0.0,
      -0.0,
      -0.0,
      -0.0,
      -0.0,
      -0.0,
      -0.0,
      -0.0,
      -0.0,
      -0.0,
      -0.0,
      -0.0,
      -0.19674128639004265,
      -0.0,
      0.19674128639004265,
      -0.19566690826017474,
      -0.19566690826017474,
      -0.0024946287642728547,
      -0.0027772271773034846,
      -0.0027246797722061786,
      -0.006280266669095123,
      -0.012165826421929309,
      -0.008346606093501976,
      -3.792996298448429e-05
    ],
    "32": [
      -0.0,
      -0.0,
      -0.0,
      -0.0,
      -0.0,
      -0.0,
      -0.0,
      -0.0,
      -0.0,
      -0.0,
      -0.0,
      -0.0,
      -0.0,
      -0.0,
      -0.0,
      -0.0,
      -0.0,
      -0.0,
      -0.0,
      -0.0,
      -0.19566690826017474,
      -0.0,
      0.19566690826017474,
      -0.0,
      -0.19566690826017474,
      -0.1973697573076103,
      -0.003016160731035736,
      -0.0037630097657194803,
      -0.006578828148036642,
      -0.011916186665159173,
      -0.007808987453076739,
      -4.386170766978963e-05
    ],
    "40": [
      -0.0,
      -0.0,
      -0.0,
      -0.0,
      -0.0,
      -0.0,
      -0.0,
      -0.0,
      -0.0,
      -0.0,
      -0.0,
      -0.0,
      -0.0,
      -0.0,
      -0.0,
      -0.0,
      -0.0,
      -0.19566690826017474,
      -0.0,
      0.19566690826017474,
      -0.0,
      -0.19566690826017474,
      -0.0,
      -0.0,
      -0.0,
      -0.0010743781298679154,
      -0.1988900426497785,
      -0.0046433850240086855,
      -0.00669468775892583,
      -0.011667830526302176,
      -0.0074802921122587565,
      -2.5041161219100484e-05
    ]
  },
  "_source": "solver"
}