xp, rho, u, p, Mach
0.1,0.9874140200973055,1.5144886791763916,0.699771715703834,1.5204546315449603
0.3,0.8858555920698633,1.6133502248764258,0.6030380224951314,1.6526228516079096
0.5,0.6194756070479857,1.74175191235474,0.3748812714364113,1.8922892016313015
0.7,0.5168360403191421,1.8294617682241539,0.28863181169595353,2.0690148980776875
0.9,0.4837453730338095,1.8696104522793822,0.2609075465733319,2.1515537550051445
