xp, rho, u, p, Mach
0.1,0.987471017093764,1.514436230494244,0.6998203056835725,1.5203930723095078
0.3,0.8860315779271403,1.613163336899214,0.6031851505534997,1.6523939822156968
0.5,0.6197113740902146,1.7414121829118436,0.37505300567419714,1.8918468190263824
0.7,0.5170333607190783,1.8291072569442244,0.2887678948958331,2.0685212395308015
0.9,0.4837702968697773,1.869585425726904,0.260900934978358,2.1516076416273435
