xp, rho, u, p, Mach
0.1,0.9873997181326335,1.5145016171353987,0.6997602280959823,1.520469089233577
0.3,0.8858140487179413,1.6133947801324016,0.6030032369312837,1.652677406062876
0.5,0.619422026096584,1.7418324896689492,0.37484214650626746,1.892393655240112
0.7,0.5168069725544212,1.8295189275295727,0.2886121297905466,2.069091904038334
0.9,0.48377938205762866,1.8695485042973927,0.2609381316262467,2.151431994384719
