xp, rho, u, p, Mach
0.1,0.9871666942315885,1.5146617295337566,0.6996114216881616,1.5206120797538067
0.3,0.8851274601252205,1.6141705545832465,0.6024414889274079,1.6536015607093335
0.5,0.6186084306649141,1.7430523636586202,0.37427316061465693,1.8939128519888844
0.7,0.5167904033964958,1.8296713499519204,0.2886399523183689,2.069131383869601
0.9,0.4853118816618667,1.8668153794303937,0.26216782220300894,2.1466345797828357
