{
  "u_initial": [
    0.0,
    0.05881028419773636,
    0.11705419320967694,
    0.1741708063526774,
    0.22961005941905385,
    0.2828380420955986,
    0.3333421398117613,
    0.38063597049818726,
    0.42426406871192845,
    0.4638062720176422,
    0.4988817673815271,
    0.5291527586090129,
    0.5543277195067721,
    0.5741642014393253,
    0.5884711682419382,
    0.597110836003318,
    0.6,
    0.5971108360033182,
    0.5884711682419382,
    0.5741642014393253,
    0.5543277195067721,
    0.529152758609013,
    0.49888176738152723,
    0.46380627201764224,
    0.4242640687119285,
    0.38063597049818726,
    0.3333421398117613,
    0.2828380420955987,
    0.22961005941905394,
    0.17417080635267743,
    0.11705419320967717,
    0.05881028419773649,
    7.347880794884119e-17,
    -0.05881028419773635,
    -0.11705419320967701,
    -0.17417080635267726,
    -0.2296100594190538,
    -0.2828380420955986,
    -0.33334213981176114,
    -0.38063597049818715,
    -0.42426406871192845,
    -0.46380627201764196,
    -0.4988817673815271,
    -0.5291527586090129,
    -0.5543277195067718,
    -0.5741642014393252,
    -0.5884711682419381,
    -0.5971108360033182,
    -0.6,
    -0.5971108360033182,
    -0.5884711682419382,
    -0.5741642014393253,
    -0.554327719506772,
    -0.529152758609013,
    -0.49888176738152723,
    -0.46380627201764213,
    -0.4242640687119286,
    -0.38063597049818754,
    -0.3333421398117613,
    -0.28283804209559876,
    -0.2296100594190542,
    -0.17417080635267748,
    -0.11705419320967722,
    -0.058810284197736304
  ],
  "u_final_classical": null,
  "u_final_method": [
    0.007059170576208186,
    0.03256509961059066,
    0.05605202982396117,
    0.08136497217829058,
    0.10479561453021334,
    0.1335134687461638,
    0.15892675676719945,
    0.18704458081669567,
    0.21428427855394153,
    0.23815313892384446,
    0.2615814999097901,
    0.28664954203595117,
    0.3183277202960505,
    0.34973250695321634,
    0.379694565920169,
    0.4049552831699226,
    0.4252787315503362,
    0.4492564412115703,
    0.47208731420647143,
    0.49353679680681084,
    0.5073625427076964,
    0.5164732362086174,
    0.5179125573063372,
    0.5120574538166283,
    0.49861151360997397,
    0.4726824289416156,
    0.4360066583683265,
    0.3810830454108472,
    0.3204023946578,
    0.2493545137224731,
    0.16542586686316513,
    0.07837512192076522,
    -0.014113543363050169,
    -0.10685546970660695,
    -0.1976475561660977,
    -0.2800374292336959,
    -0.358549942889264,
    -0.42899237243020577,
    -0.4886925987056239,
    -0.5311498442041268,
    -0.5618633692558062,
    -0.5772153132384311,
    -0.5888201982520201,
    -0.581329833270602,
    -0.5702683529859981,
    -0.5531791522378966,
    -0.5274453874199139,
    -0.5049094230697115,
    -0.4687975888751177,
    -0.44082732685707166,
    -0.4130360820288774,
    -0.3806123253407959,
    -0.35422254561118055,
    -0.3241346371720397,
    -0.28758930722823084,
    -0.25447619084042933,
    -0.21849297221477423,
    -0.1872283649183435,
    -0.15513896579411576,
    -0.12247574294914533,
    -0.096044751611199,
    -0.07515703924948511,
    -0.04332630609243899,
    -0.021893213185639332
  ],
  "errors_by_step": {},
  "final_error": NaN,
  "max_error": NaN,
  "_source": "solver"
}