{
  "iterations_completed": 1,
  "converged": true,
  "_source": "harvester",
  "fidelity": 0.9337337525222814,
  "shots": 1000,
  "l2_error_abs": 0.3640501269817621,
  "l2_error_rel": 0.3640501269817621
}