{
  "quantum_solution": [
    0.8521283612718618,
    0.24013010572044638,
    0.44690880786860854,
    0.1284029037532942
  ],
  "classical_solution": [
    0.7055698197297996,
    0.046596453582414196,
    0.7055698197297996,
    0.046596453582414196
  ],
  "_source": "harvester"
}