{
  "grid": [
    0.0,
    0.125,
    0.25,
    0.375,
    0.5,
    0.625,
    0.75,
    0.875
  ],
  "solution_steps": {
    "0": [
      0.0,
      0.7071067811865475,
      1.0,
      0.7071067811865476,
      1.2246467991473532e-16,
      -0.7071067811865475,
      -1.0,
      -0.7071067811865477
    ],
    "2": [
      -3.552713678800501e-17,
      0.48244288246160777,
      0.6795029773278268,
      0.6572727695926261,
      3.1789681997906884e-13,
      -0.657272769592618,
      -0.6795029773281448,
      -0.4824428824616159
    ],
    "4": [
      -1.0658141036401502e-16,
      0.4319516963350788,
      0.5973163485884796,
      0.6082850395997526,
      1.5276668818842154e-13,
      -0.6082850395997442,
      -0.5973163485886323,
      -0.4319516963350871
    ],
    "6": [
      -2.6645352591003756e-16,
      0.3984445071718916,
      0.5454580776486408,
      0.5613892427049411,
      1.6484591469634324e-13,
      -0.5613892427049365,
      -0.5454580776488055,
      -0.39844450717189617
    ],
    "8": [
      -2.1316282072803005e-16,
      0.3729184981799804,
      0.5078586073432058,
      0.5239187582540807,
      1.0160761121369433e-13,
      -0.523918758254075,
      -0.5078586073433072,
      -0.3729184981799862
    ],
    "10": [
      -3.1974423109204507e-16,
      0.3521065250673351,
      0.4784589048235348,
      0.4935726755990624,
      1.2420287021086552e-13,
      -0.4935726755990588,
      -0.47845890482365877,
      -0.35210652506733875
    ],
    "12": [
      -2.842170943040401e-16,
      0.33444144922573066,
      0.4543546872518388,
      0.4682952208915663,
      1.0288658813806251e-13,
      -0.4682952208915627,
      -0.45435468725194145,
      -0.3344414492257342
    ],
    "14": [
      -2.3092638912203257e-16,
      0.31904524864561534,
      0.43393948878975225,
      0.44671583034677864,
      8.995471034722868e-14,
      -0.44671583034677476,
      -0.4339394887898419,
      -0.31904524864561923
    ]
  },
  "_source": "solver"
}