dq_lu, dq_hhl,
-0.005391227985825386,-0.0
0.004728569522007651,0.0
0.004595839802902236,0.0
0.026179300529554344,0.0008085576208330184
0.004944936788772923,0.0
0.008795740111384884,0.0
0.021189996098928732,0.0
-0.003249524173238296,-0.0
-0.023155912996188393,-0.0008085576208330143
0.004846046897760442,0.0
-0.01019603960529588,-0.0006601845328931766
-0.028511447129959382,-0.0010438433999784603
0.01547340126553098,0.000808557620832997
-0.00714603289732291,-0.0
-0.018736918912874597,-0.0006601845328932062
