xp, rho, u, p, Mach
0.1,0.9924536078301691,1.5114056598368308,0.6970507869166885,1.5241928600606274
0.3,0.9049114644743895,1.6256443957911941,0.576869971758766,1.7207810394954315
0.5,0.594597689323972,1.8204016370587845,0.3719067561890133,1.9453501112161546
0.7,0.5116476429022971,1.8929686212843015,0.27933090337603744,2.1652367668492563
0.9,0.5043516177645161,1.813637255959914,0.2746086300448523,2.0772847318352428
