xp, rho, u, p, Mach
0.1,0.9924536078301691,1.5016614072664745,0.7028784916739502,1.5080751444978444
0.3,0.8765044513244182,1.624978877870011,0.6003083345276092,1.6594859463524532
0.5,0.6128345581883535,1.7662297149764414,0.3727112806210783,1.9141171930682412
0.7,0.5116476429022971,1.8617008921411708,0.285491386550806,2.1063710295220908
0.9,0.4771689872010732,1.8967769816008007,0.25894367206094154,2.1761343605778216
