xp, rho, u, p, Mach
0.1,0.9924536078301691,1.5016614072664745,0.7028784916739502,1.5080751444978444
0.3,0.8639347392230735,1.6486213079498115,0.5909993594310222,1.6846273784012538
0.5,0.6002648460870089,1.8032150543092662,0.36841735757434246,1.9452925341352467
0.7,0.5116476429022971,1.8617008921411708,0.289936895311601,2.0901604984857336
0.9,0.4680678628556395,1.947406968803088,0.25041575722268156,2.250174959092224
