{
  "quantum_solution": [
    0.7069984070678265,
    0.10150294159442982,
    0.6927495714181353,
    0.09974184954783877
  ],
  "classical_solution": [
    0.7055698197297996,
    0.046596453582414196,
    0.7055698197297996,
    0.046596453582414196
  ],
  "_source": "harvester"
}