{
  "iterations_completed": 1,
  "converged": true,
  "_source": "harvester",
  "fidelity": 0.9969972224166548,
  "shots": 10000,
  "l2_error_abs": 0.07749551707479913,
  "l2_error_rel": 0.07749551707479913
}