{
  "grid": [
    0.0,
    0.06666666666666667,
    0.13333333333333333,
    0.2,
    0.26666666666666666,
    0.3333333333333333,
    0.4,
    0.4666666666666667,
    0.5333333333333333,
    0.6,
    0.6666666666666666,
    0.7333333333333333,
    0.8,
    0.8666666666666667,
    0.9333333333333333,
    1.0
  ],
  "solution_steps": {
    "0": [
      5.555177545985609e-12,
      2.7988183977060362e-09,
      5.797115548591035e-07,
      4.9363921634671915e-05,
      0.0017280957896376294,
      0.024870609608846517,
      0.147151776468577,
      0.3579357267257479,
      0.3579357267257479,
      0.147151776468577,
      0.024870609608846562,
      0.0017280957896376324,
      4.9363921634671644e-05,
      5.797115548591035e-07,
      2.7988183977060362e-09,
      5.555177545985609e-12
    ],
    "6": [
      0.001567101112452862,
      0.0003939898829664231,
      6.186641547321687e-05,
      0.0019583871958900427,
      0.00958794706507483,
      0.05260008486602732,
      0.15735171471416212,
      0.24135539478022813,
      0.2331675053068742,
      0.1459432611791485,
      0.07112475642140784,
      0.04967816414198938,
      0.00732288521729374,
      0.017880826758374924,
      0.008116018848017426,
      -0.04458772852018984
    ],
    "12": [
      0.0024893090641930353,
      0.0015835645157030128,
      -0.0004893611398268241,
      0.0016177227227158319,
      0.011565608113904797,
      0.05472189385486113,
      0.14920146206258794,
      0.20941218500560582,
      0.19543629563642523,
      0.1348351337763013,
      0.10286094565010621,
      0.06872180489056164,
      0.009387235721550424,
      -0.0016854641889044286,
      -0.00638683562552298,
      -0.01277367125104596
    ],
    "18": [
      0.001531939165102246,
      0.001772258966827696,
      -6.143698202952263e-05,
      0.001429875612325833,
      0.012671113823017544,
      0.056255623619832384,
      0.14108302155472086,
      0.19168105609470207,
      0.17781097772960583,
      0.14378742413102463,
      0.09092783805185754,
      0.03893433199355145,
      0.02433720341808734,
      0.01884858212106799,
      0.009303948650248417,
      0.008258966577454086
    ],
    "24": [
      0.0014534684468854033,
      0.0010063790304038589,
      -0.0011114655420315779,
      0.0024200453200556257,
      0.015014423365357129,
      0.05751800075811144,
      0.13515160045386318,
      0.17765752499065102,
      0.16350052951034547,
      0.13650141049068437,
      0.07951885655967475,
      0.021417088566198263,
      0.03381252848535117,
      0.04472230159275206,
      0.01124551104681859,
      -0.006768065292070524
    ],
    "30": [
      0.0025538538784791575,
      0.0016207113249641237,
      -0.001133636089615813,
      0.0031128654944958694,
      0.017871020369171466,
      0.057482127355325485,
      0.1294359732235301,
      0.16464614145740383,
      0.15772831274298826,
      0.13314763176937586,
      0.07362425438488188,
      0.04821640093342932,
      0.03635102577462517,
      0.019164372061293688,
      0.003297234256583681,
      -0.017878277589767722
    ],
    "36": [
      0.0018234184217309597,
      0.0006795208670157418,
      -0.0007711819798706306,
      0.004317381126191045,
      0.01951509823084052,
      0.05670147492896799,
      0.12469334228553303,
      0.15781877878386646,
      0.14518183331934717,
      0.12276111176247152,
      0.07260868498040551,
      0.04695456655076815,
      0.051986038541995905,
      0.04593880846198768,
      0.013038519735223741,
      -0.016015196313855774
    ],
    "42": [
      -0.0014107595776695137,
      -0.0005031411318256411,
      -0.0003230902183604805,
      0.0058300895428988276,
      0.019655936264733134,
      0.05639707570822092,
      0.11707999746392131,
      0.15078315896215494,
      0.144864105870241,
      0.10683223674842914,
      0.08253240940388219,
      0.056704575447788605,
      0.054911200377241086,
      0.03945698219225848,
      0.006216574485432647,
      0.017461552776661726
    ],
    "48": [
      -0.0021744654367016124,
      -0.001381325670412259,
      0.00018279004237757208,
      0.0062063343839188715,
      0.021235519993235707,
      0.05760841169415721,
      0.1112286635440838,
      0.13778243053931796,
      0.1406862173597576,
      0.1132999241925493,
      0.07605411754800351,
      0.05658602014325654,
      0.047399456805496135,
      0.037265045363646235,
      0.023725299615911768,
      0.024115983088162853
    ],
    "54": [
      -0.001602503710901427,
      -0.0004804918078975883,
      0.00016341620973982078,
      0.005265903851752322,
      0.023415164638430123,
      0.05805996460714663,
      0.10655384970151786,
      0.13489974703032145,
      0.13568156561995934,
      0.11258024067842388,
      0.06756751314342775,
      0.04803775853058923,
      0.04546018526777371,
      0.043623875725095254,
      0.026750620795404936,
      0.00560812981074319
    ],
    "60": [
      0.0006127327764263556,
      -0.0004140199229352479,
      -4.8456918102851236e-05,
      0.006422050651247357,
      0.023804950801333918,
      0.056276611524170586,
      0.1029849888053482,
      0.12998685757628417,
      0.13188488647611737,
      0.10717313191760784,
      0.0690273042946343,
      0.05339453064086563,
      0.04241894661914452,
      0.04551945038346124,
      0.022935709278325313,
      -0.010087834051375167
    ],
    "66": [
      0.0014809665666950366,
      -0.00014465426767430473,
      -0.0009750040458546326,
      0.006816613670683539,
      0.025710359483550445,
      0.05613257789636252,
      0.0975985234348616,
      0.12431694411146994,
      0.1303889905805601,
      0.10132812514230954,
      0.06607692828613232,
      0.0560076203999282,
      0.046070565035496516,
      0.036532354695377724,
      0.021295781275588045,
      0.011834091370449462
    ],
    "72": [
      0.0019251739349666628,
      -0.00016991180406174722,
      -0.0007279254812323622,
      0.008623873595658036,
      0.025200654394266508,
      0.05444359878637217,
      0.09630016222524876,
      0.12120692656737447,
      0.11957757446348266,
      0.09972257456657997,
      0.07979723649412017,
      0.051563502213126694,
      0.048581520622468725,
      0.04078676561107522,
      0.020840133825259177,
      0.02870922794994435
    ],
    "78": [
      0.002154958437780349,
      1.606442913159923e-05,
      -0.0005293490116335289,
      0.008882745445584714,
      0.025010522270719288,
      0.05284460437886208,
      0.09326481318712991,
      0.12143582600967978,
      0.11935729467600123,
      0.09766822693190533,
      0.07705241615965652,
      0.05733539710364068,
      0.04442862999731561,
      0.03648607889011892,
      0.02625264773766256,
      0.022491022093637316
    ],
    "84": [
      0.0015738695239451565,
      0.00014772634732384765,
      -0.00015546060754675507,
      0.008702445572955336,
      0.02673074877724673,
      0.0540985448772819,
      0.0904567753874376,
      0.11707652402703742,
      0.11497464945072043,
      0.09605588880108534,
      0.07958923305985843,
      0.06367478221051227,
      0.03357490969489061,
      0.034069145420819756,
      0.03422285886656804,
      0.012711184268263587
    ],
    "90": [
      0.002129429109666638,
      0.0007285505648969762,
      -0.00044251727248098576,
      0.008595046377026764,
      0.02896182621901084,
      0.054872782528825007,
      0.0884785355913907,
      0.11203549335483161,
      0.11028940056787956,
      0.08755843005664213,
      0.0831375007255888,
      0.062231828201572637,
      0.03163941884128803,
      0.0321570503033765,
      0.03245189406062843,
      0.034803183801934125
    ]
  },
  "_source": "solver"
}