{
  "iterations_completed": 1,
  "converged": true,
  "_source": "harvester",
  "fidelity": 1.4387658512307058,
  "shots": 100000,
  "l2_error_abs": 0.4441118958481498,
  "l2_error_rel": 0.35817996759156384
}