{
  "quantum_solution": [
    1.2392731123502454,
    0.038385772880942734,
    0.00961593498033095,
    0.003573489350798665,
    0.0014164012335892886,
    0.0010395605384141571,
    0.0007406868836200872,
    0.0006497253365088481,
    0.00045480773555619364,
    0.0005067857624769017,
    0.0006367308297786713,
    0.0008056594172709717,
    0.0004807967490165477,
    0.0006107418163183172,
    0.000714697870159733,
    0.0005457692826674326
  ],
  "classical_solution": [
    1.1458980337502742,
    0.4376941012508226,
    0.1671842700021936,
    0.06385870875575828,
    0.024391856265081172,
    0.009316860039485262,
    0.0035587238533746146,
    0.0013593115206385817,
    0.00051921070854113,
    0.00019832060498480857,
    7.575110641329557e-05,
    2.8932714255078168e-05,
    1.1047036351938937e-05,
    4.2083948007386415e-06,
    1.5781480502769908e-06,
    5.260493500923302e-07
  ],
  "_source": "harvester"
}