{
  "grid": [
    0.0,
    0.14285714285714285,
    0.2857142857142857,
    0.42857142857142855,
    0.5714285714285714,
    0.7142857142857142,
    0.8571428571428571,
    1.0
  ],
  "solution_steps": {
    "0": [
      0.0,
      0.7818314824680298,
      0.9749279121818236,
      0.43388373911755823,
      -0.433883739117558,
      -0.9749279121818234,
      -0.7818314824680299,
      -2.4492935982947064e-16
    ],
    "2": [
      0.0,
      0.7279766222461195,
      1.033874922952096,
      0.511508229096687,
      -0.5115082290966868,
      -1.0338749229520958,
      -0.7279766222461196,
      -2.4492935982947064e-16
    ],
    "4": [
      0.0,
      0.6749232730958891,
      1.0797100113993774,
      0.6080357543255057,
      -0.6080357543255055,
      -1.0797100113993772,
      -0.6749232730958892,
      -2.4492935982947064e-16
    ],
    "6": [
      0.0,
      0.6234031515527818,
      1.1078993727072346,
      0.7291938079523321,
      -0.7291938079523319,
      -1.1078993727072344,
      -0.6234031515527819,
      -2.4492935982947064e-16
    ],
    "8": [
      0.0,
      0.5741465784908315,
      1.1138395963634047,
      0.883093324255004,
      -0.8830933242550036,
      -1.1138395963634045,
      -0.5741465784908316,
      -2.4492935982947064e-16
    ],
    "10": [
      0.0,
      0.5278223102432607,
      1.09310599738021,
      1.0816109077724163,
      -1.0816109077724159,
      -1.0931059973802097,
      -0.5278223102432608,
      -2.4492935982947064e-16
    ],
    "12": [
      0.0,
      0.4849922708649843,
      1.041783236941145,
      1.3429705371588483,
      -1.3429705371588478,
      -1.041783236941145,
      -0.4849922708649843,
      -2.4492935982947064e-16
    ],
    "13": [
      0.0,
      0.4650271050087969,
      1.0036738014210562,
      1.5058313396955698,
      -1.5058313396955694,
      -1.0036738014210562,
      -0.4650271050087969,
      -2.4492935982947064e-16
    ]
  },
  "_source": "solver"
}