{
  "iterations_completed": 1,
  "converged": true,
  "_source": "harvester",
  "fidelity": 0.9961715491558735,
  "shots": 50000,
  "l2_error_abs": 0.061904136648043756,
  "l2_error_rel": 0.061904136648043756
}