{
  "quantum_solution": [
    0.7066890238619608,
    0.003237393961031285,
    0.7075125714485389,
    0.0024706427597344016
  ],
  "classical_solution": [
    0.7055698197297996,
    0.046596453582414196,
    0.7055698197297996,
    0.046596453582414196
  ],
  "_source": "harvester"
}