{
  "iterations_completed": 1,
  "converged": true,
  "_source": "harvester",
  "fidelity": 0.4341084352000838,
  "shots": 100000,
  "l2_error_abs": 1.1888197862156764,
  "l2_error_rel": 1.1888197862156766
}