{
  "quantum_solution": [
    0.41960281,
    0.01226623,
    0.01595696,
    0.88639805,
    0.0018725,
    0.04542848,
    0.42057977,
    0.01191344,
    0.01744953,
    0.00504761,
    0.00572605,
    0.00550895,
    0.00550895,
    0.00572605,
    0.00531899,
    0.00537326,
    0.20665343,
    0.05734192,
    0.00265949,
    0.21362782,
    0.05508949,
    0.00890116,
    0.20391253,
    0.05652779,
    0.00293087,
    0.00537326,
    0.00545467,
    0.00461341,
    0.00534612,
    0.00526471,
    0.00537326,
    0.00502047
  ],
  "classical_solution": [
    0.08877293122011366,
    -0.012329573780571344,
    0.08877293122011366,
    8.092777922236356e-18,
    0.009863659024457072,
    1.1266717801943072e-17,
    0.08877293122011366,
    -0.01232957378057134,
    0.08877293122011366,
    0.039454636097828295,
    0.039454636097828295,
    0.039454636097828295,
    0.039454636097828295,
    0.039454636097828295,
    0.039454636097828295,
    0.039454636097828295,
    0.49503753153502605,
    0.26231425430419864,
    0.039454636097828295,
    0.49503753153502594,
    0.26231425430419864,
    0.039454636097828295,
    0.49503753153502605,
    0.26231425430419864,
    0.039454636097828295,
    0.039454636097828295,
    0.039454636097828295,
    0.039454636097828295,
    0.039454636097828295,
    0.039454636097828295,
    0.039454636097828295,
    0.039454636097828295
  ],
  "_source": "harvester"
}