{
  "u_initial": [
    0.0,
    0.02940514209886818,
    0.05852709660483847,
    0.0870854031763387,
    0.11480502970952693,
    0.1414190210477993,
    0.16667106990588065,
    0.19031798524909363,
    0.21213203435596423,
    0.2319031360088211,
    0.24944088369076356,
    0.26457637930450645,
    0.27716385975338603,
    0.28708210071966267,
    0.2942355841209691,
    0.298555418001659,
    0.3,
    0.2985554180016591,
    0.2942355841209691,
    0.28708210071966267,
    0.27716385975338603,
    0.2645763793045065,
    0.24944088369076362,
    0.23190313600882112,
    0.21213203435596426,
    0.19031798524909363,
    0.16667106990588065,
    0.14141902104779935,
    0.11480502970952697,
    0.08708540317633871,
    0.05852709660483858,
    0.029405142098868246,
    3.6739403974420595e-17,
    -0.029405142098868176,
    -0.058527096604838506,
    -0.08708540317633863,
    -0.1148050297095269,
    -0.1414190210477993,
    -0.16667106990588057,
    -0.19031798524909357,
    -0.21213203435596423,
    -0.23190313600882098,
    -0.24944088369076356,
    -0.26457637930450645,
    -0.2771638597533859,
    -0.2870821007196626,
    -0.29423558412096906,
    -0.2985554180016591,
    -0.3,
    -0.2985554180016591,
    -0.2942355841209691,
    -0.28708210071966267,
    -0.277163859753386,
    -0.2645763793045065,
    -0.24944088369076362,
    -0.23190313600882106,
    -0.2121320343559643,
    -0.19031798524909377,
    -0.16667106990588065,
    -0.14141902104779938,
    -0.1148050297095271,
    -0.08708540317633874,
    -0.05852709660483861,
    -0.029405142098868152
  ],
  "u_final_classical": null,
  "u_final_method": [
    0.0019200809222862604,
    0.03475749470399379,
    0.07075464326911891,
    0.10297515648003881,
    0.12368158635411497,
    0.1281981978352951,
    0.11811925086331129,
    0.10180901751423037,
    0.09125903664533269,
    0.09655827381300114,
    0.12093230072229688,
    0.15901479410174177,
    0.19909423375840432,
    0.22818045689511465,
    0.23774595583362995,
    0.22767779346022735,
    0.2063226682885474,
    0.18612886236344564,
    0.17700675397389914,
    0.18118030484487235,
    0.1923610001733141,
    0.1993946174845945,
    0.19223581554469632,
    0.16718791179165324,
    0.12868949373923017,
    0.08655845604684828,
    0.050249224361991196,
    0.02370203465942552,
    0.003938255808898248,
    -0.016029241708585006,
    -0.04204311096188008,
    -0.07458080723975001,
    -0.10794954580554844,
    -0.13331877712370727,
    -0.14362634542081423,
    -0.13730991952088317,
    -0.1188601399934322,
    -0.09635539189734886,
    -0.07771830623968043,
    -0.06771420154021456,
    -0.067004581143934,
    -0.07338113951769032,
    -0.08412105318750009,
    -0.0978358050389133,
    -0.11465460896941977,
    -0.13481638152709394,
    -0.15688981883938027,
    -0.1771151913545387,
    -0.19056982737366496,
    -0.1935382022060233,
    -0.18557759219846645,
    -0.1699558772735378,
    -0.15217604954408642,
    -0.13740561799878775,
    -0.12817971647139387,
    -0.12356836578301852,
    -0.1202000743448076,
    -0.11447243917542849,
    -0.10457316151478509,
    -0.09109562799805211,
    -0.07597671343913227,
    -0.06056672536769511,
    -0.04418965481114569,
    -0.024263659723214277
  ],
  "errors_by_step": {},
  "final_error": NaN,
  "max_error": NaN,
  "_source": "solver"
}