dq_lu, dq_hhl,
0.0005950075513266075,0.00012437384571524206
0.0005867483988876045,7.180727330384227e-05
0.0007638209885542662,0.00012437384571528824
0.00026982738106090146,7.180727330369852e-05
0.00034298531688446043,7.180727330375529e-05
0.00032489741350799406,7.180727330374362e-05
-0.0007021439902695123,-0.00014361454660772477
-0.00043400375816020917,-0.0001436145466075984
0.0010188902802607618,0.00021542181991168248
1.3668325713633789e-05,0.0
0.0005168496443136896,0.00012437384571521045
0.0007067834458563831,0.00018998418748766906
-0.0007784214787985412,-0.00010155081978336783
-0.0006579234713636783,-0.0001605659443863268
7.262215602486642e-05,0.0
-0.0005484807808112253,-7.180727330383373e-05
0.0007928483185752527,0.00010155081978337022
-0.00044308853917197265,-0.0
-0.0006870417922237676,-0.00014361454660772027
-0.00040143834911655435,-0.0
-0.0005182884481521454,-0.00010155081978330236
-0.0005434619096974747,-7.180727330383253e-05
-0.0005273745027435967,-0.0
-0.0008212747558152935,-0.00012437384571529963
-0.00024923054187802723,-0.0
-0.0006491526722957188,-0.00016056594438632353
-0.0005058216655630019,-0.00010155081978329754
-0.0006269608969214181,-0.00012437384571525268
-0.0007076401735174325,-0.00017589117941504116
-0.0009594203474848553,-0.00016056594438640352
