{
  "grid": [
    0.0,
    0.0625,
    0.125,
    0.1875,
    0.25,
    0.3125,
    0.375,
    0.4375,
    0.5,
    0.5625,
    0.625,
    0.6875,
    0.75,
    0.8125,
    0.875,
    0.9375
  ],
  "solution_steps": {
    "0": [
      0.0,
      0.22961005941905385,
      0.42426406871192845,
      0.5543277195067721,
      0.6,
      0.5543277195067721,
      0.4242640687119285,
      0.22961005941905394,
      7.347880794884119e-17,
      -0.2296100594190538,
      -0.42426406871192845,
      -0.5543277195067718,
      -0.6,
      -0.554327719506772,
      -0.4242640687119286,
      -0.2296100594190542
    ],
    "10": [
      -1.1802119969783957e-16,
      0.14801242298344836,
      0.3159941014637491,
      0.4825177763905184,
      0.5851788020302174,
      0.5731377165462668,
      0.4467192889625133,
      0.24181952351896294,
      8.657851710556679e-17,
      -0.24181952351896274,
      -0.4467192889625131,
      -0.5731377165462666,
      -0.5851788020302175,
      -0.48251777639051824,
      -0.31599410146374957,
      -0.1480124229834484
    ],
    "20": [
      0.0,
      0.11645769646728706,
      0.24127407718901414,
      0.39309657660799396,
      0.5431332777250457,
      0.5721065858829331,
      0.4453692678815994,
      0.2358275007453922,
      8.405769795601448e-17,
      -0.23582750074539185,
      -0.44536926788159925,
      -0.5721065858829327,
      -0.5431332777250463,
      -0.3930965766079937,
      -0.24127407718901445,
      -0.1164576964672873
    ],
    "30": [
      -9.602655871983344e-17,
      0.09826818411805495,
      0.20584064812447275,
      0.33048445393591297,
      0.494603163101102,
      0.565145162394149,
      0.42255094025614687,
      0.21270435744672245,
      1.7255132639594816e-16,
      -0.21270435744672223,
      -0.4225509402561466,
      -0.565145162394149,
      -0.4946031631011029,
      -0.3304844539359125,
      -0.2058406481244732,
      -0.09826818411805499
    ]
  },
  "_source": "solver"
}