{
  "iterations_completed": 1,
  "converged": true,
  "_source": "harvester",
  "fidelity": 1.483393652685163,
  "shots": 50000,
  "l2_error_abs": 0.312530805756857,
  "l2_error_rel": 0.25248213379698975
}