{
  "quantum_solution": [
    1.226241168593225,
    0.15596474897370521,
    0.05297027175193086,
    0.03785695172482267
  ],
  "classical_solution": [
    1.1454545454545455,
    0.43636363636363634,
    0.16363636363636364,
    0.05454545454545454
  ],
  "_source": "harvester"
}