dq_lu, dq_hhl,
-0.014897478950253396,-0.0
-0.004793141007954157,-0.0
-0.03705880394830932,-0.0
-0.11670748796851113,-0.0
-0.06462824636985959,-0.0035297776395214722
-0.2564572037560033,-0.0
-0.3869069719470742,-0.004991859409972619
-0.41280288329991194,-0.0
-0.5936293259491813,-0.004991859409972623
-0.509073597721537,-0.0
-0.5741100783098791,-0.003529777639521521
-0.31663870326284416,-0.0
-0.11737960291067517,-0.0
-0.19340658864367663,-0.0
-0.27168546092850937,-0.0
