{
  "quantum_solution": [
    1.226286944627112,
    0.1540939758540605,
    0.05604356573925936,
    0.03957145107899772
  ],
  "classical_solution": [
    1.1454545454545455,
    0.43636363636363634,
    0.16363636363636364,
    0.05454545454545454
  ],
  "_source": "harvester"
}