{
  "iterations_completed": 1,
  "converged": true,
  "_source": "harvester",
  "fidelity": 0.9370570671421833,
  "shots": 100000,
  "l2_error_abs": 0.31306623730342575,
  "l2_error_rel": 0.252914689234373
}