dq_lu, dq_hhl,
0.005204616704975476,0.0
0.0023749782646566987,0.0
0.01084662582619992,0.0
0.008607633936060592,0.0
0.0033778784100311904,0.0
0.016264171718508785,0.0
-0.02122239243729078,-0.0
-0.015947454123652935,-0.0
-0.05621980201497868,-0.0
-0.1298452134633313,-0.0
-0.09872628218015664,-0.0
-0.3181020135906588,-0.0
-0.3229977496839388,-0.0
-0.2917674943987928,-0.03729531837299342
-0.7142023018338741,-0.026371772528054938
-0.41265868394954436,-0.0
-0.3001851287210859,-0.02637177252805489
-1.0950037906265468,-0.02637177252805495
-0.48681488077166957,-0.0
-0.43891576972398455,-0.0
-0.9785723125750557,-0.03729531837299351
-0.48522301606240587,-0.0
-0.4693434896260901,-0.0
-1.0747825810881084,-0.03729531837299351
-0.4560929348525129,-0.026371772528054917
-0.521378136291957,-0.0
-1.1146345445532835,-0.05896907605989236
-0.5581541908365354,-0.026371772528054928
-0.4866927057330124,-0.026371772528054924
-1.0994908238659453,-0.02637177252805495
