{
  "u_initial": [
    0.0,
    0.20129852008866006,
    0.39435585511331855,
    0.5712682150947923,
    0.7247927872291199,
    0.8486442574947509,
    0.9377521321470804,
    0.9884683243281114,
    0.9987165071710528,
    0.9680771188662044,
    0.8978045395707416,
    0.7907757369376985,
    0.6513724827222223,
    0.48530196253108143,
    0.29936312297335804,
    0.10116832198743228,
    -0.10116832198743204,
    -0.2993631229733574,
    -0.48530196253108043,
    -0.651372482722222,
    -0.7907757369376986,
    -0.8978045395707414,
    -0.9680771188662043,
    -0.9987165071710528,
    -0.9884683243281114,
    -0.9377521321470808,
    -0.8486442574947515,
    -0.72479278722912,
    -0.5712682150947924,
    -0.3943558551133187,
    -0.20129852008866028,
    -2.4492935982947064e-16
  ],
  "u_final_classical": [
    0.0,
    0.11119379444163842,
    0.22167410486115208,
    0.3306941324201278,
    0.43743628786914635,
    0.5409653725852953,
    0.6401647647184803,
    0.7336429157502903,
    0.8195871889022663,
    0.895520412784562,
    0.9578652969131879,
    1.0010538559033837,
    1.0158264192531847,
    0.9867859471596514,
    0.8531077951190563,
    0.3860896788885839,
    -0.3860896788885824,
    -0.853107795119054,
    -0.9867859471596527,
    -1.0158264192531847,
    -1.0010538559033837,
    -0.957865296913188,
    -0.8955204127845625,
    -0.8195871889022667,
    -0.7336429157502903,
    -0.6401647647184807,
    -0.5409653725852953,
    -0.4374362878691463,
    -0.3306941324201281,
    -0.22167410486115213,
    -0.11119379444163861,
    -2.4492935982947064e-16
  ],
  "u_final_method": [
    0.015612287629518572,
    0.01173725372823139,
    0.007074739696775147,
    0.005638258547575898,
    0.0007917797168372853,
    -0.0017028490474355693,
    0.1973697573076103,
    0.1973697573076103,
    -0.19566690826017474,
    -0.0,
    0.19566690826017474,
    -0.0,
    -0.0,
    -0.0,
    -0.0,
    -0.0,
    -0.0,
    -0.0,
    -0.0,
    -0.0,
    -0.0,
    -0.0,
    -0.19566690826017474,
    -0.0,
    0.19566690826017474,
    -0.19566690826017474,
    -0.19566690826017474,
    -0.0030161607310357336,
    -0.005164916990771564,
    -0.006463472063462969,
    -0.01223458222299917,
    -0.015839732838544063
  ],
  "errors_by_step": {
    "0": 0.0,
    "8": 0.9688952319174531,
    "16": 0.9747463787546213,
    "24": 0.9985168321888521,
    "32": 0.977441218609447,
    "40": 0.97319694661332
  },
  "final_error": 0.97319694661332,
  "max_error": 0.9985168321888521,
  "_source": "solver"
}