{
  "results": [
    {
      "u_initial": [
        0.0,
        0.7071067811865475,
        1.0,
        0.7071067811865476,
        1.2246467991473532e-16,
        -0.7071067811865475,
        -1.0,
        -0.7071067811865477
      ],
      "u_final_classical": [
        -1.4778213349946724e-17,
        0.361989589826444,
        0.7161619111719113,
        1.174496075191928,
        3.3455384452398253e-16,
        -1.1744960751919282,
        -0.7161619111719114,
        -0.3619895898264442
      ],
      "u_final_method": [
        -2.6645352591003756e-16,
        0.3190452486456105,
        0.4339394887902012,
        0.4467158303562709,
        5.712763595511206e-14,
        -0.4467158303562603,
        -0.43393948879025807,
        -0.3190452486456211
      ],
      "errors_by_step": {
        "0": 0.0,
        "2": 0.2571604261610802,
        "4": 0.32374754927580895,
        "6": 0.37797027516653886,
        "8": 0.42599743227504094,
        "10": 0.47019998744268277,
        "12": 0.5113880800400973,
        "14": 0.5495908849119113
      },
      "final_error": 0.5495908849119113,
      "max_error": 0.5495908849119113,
      "_source": "solver"
    },
    {
      "_source": "stdout",
      "experiment_id": null,
      "algorithm": "burgers_cole_hopf_circuit",
      "q": 3,
      "N": 8,
      "nu": 0.01,
      "n_steps": 14,
      "shock_pct": 100.0,
      "ic": "sine",
      "ic_modes": null,
      "ic_seed": null,
      "ic_alpha": null,
      "ic_center": null,
      "ic_sigma": null,
      "ic_cole_hopf_coeffs": null,
      "classical_reference": true,
      "analytic_reference": null,
      "method": "cole_hopf_circuit",
      "bc": "periodic",
      "trotter_order": 1,
      "trotter_reps": 1,
      "shots": 0,
      "t1": null,
      "t2": null,
      "backend_name": null,
      "final_error": 0.5495908849119113,
      "max_error": 0.5495908849119113,
      "classical_time_s": 0.0005853176116943359,
      "method_time_s": 0.04754900932312012,
      "exit_code": 0
    }
  ],
  "case": [
    {
      "q": 3,
      "N": 8,
      "nu": 0.01,
      "dx": 0.125,
      "dt": 0.0125,
      "cfl": 0.1,
      "n_steps": 14,
      "shock_pct": 100.0,
      "ic": "sine",
      "ic_modes": null,
      "ic_seed": null,
      "ic_alpha": null,
      "ic_center": null,
      "ic_sigma": null,
      "ic_cole_hopf_coeffs": null,
      "classical_reference": true,
      "analytic_reference": null,
      "source": "none",
      "method": "cole_hopf_circuit",
      "trotter_order": 1,
      "trotter_reps": 1,
      "bond_dim": null,
      "mps_threshold": 0.0,
      "shots": 0,
      "backend_name": null,
      "t1": null,
      "t2": null,
      "bc": "periodic",
      "sign_recovery": "none",
      "backend_type": "sim",
      "coupling_map": "default",
      "optimization_level": 1,
      "seed": null,
      "name": "burgers_1d",
      "_source": "solver"
    },
    {
      "_source": "sweep",
      "name": "cole_hopf_circuit_qft_q3",
      "case_id": "cole_hopf_circuit_qft_q3",
      "params": {
        "_output_dir": "/lustre/orion/ard189/scratch/ishangore/burgers_quantum",
        "_inject_outdir": "--outdir",
        "_env": "./q8020-mps-burgers/.venv",
        "_script": "python ./q8020-mps-burgers/src/burgers_solver.py",
        "_slurm": true,
        "_slurm_project": "ard189",
        "_slurm_pack_venvs": [
          "./q8020-mps-burgers/.venv"
        ],
        "_slurm_partition": "extended",
        "_slurm_walltime": "24:00:00",
        "_slurm_cores_per_task": 1,
        "_slurm_cores_per_node": 64,
        "_slurm_exclusive_node": false,
        "_run_mode": "parallel",
        "_trials": 1,
        "_case_timeout": 82800,
        "--noshow": true,
        "--nu": 0.01,
        "--cfl": 0.1,
        "--ic": "sine",
        "--source": "none",
        "--q": 3,
        "--shock-pct": 100.0,
        "--method": "cole_hopf_circuit",
        "--propagator": "qft-diagonal",
        "--bc": "periodic",
        "--save-every": 2
      },
      "command": [
        "bash",
        "-c",
        "source /mnt/bb/ishangore/venv_0/bin/activate && python ./q8020-mps-burgers/src/burgers_solver.py --noshow --nu 0.01 --cfl 0.1 --ic sine --source none --q 3 --shock-pct 100.0 --method cole_hopf_circuit --propagator qft-diagonal --bc periodic --save-every 2 --outdir /lustre/orion/ard189/scratch/ishangore/burgers_quantum/2026-06-03/_b56add80/272cf576"
      ],
      "script": "-c",
      "cwd": "/autofs/nccs-svm1_home1/ishangore/q8020"
    }
  ],
  "exec_stats": [
    {
      "_source": "sweep",
      "start_time": "2026-06-03T18:32:58.065411Z",
      "end_time": "2026-06-03T18:33:01.339363Z",
      "duration_seconds": 3.273968,
      "exit_code": 0,
      "success": true
    }
  ],
  "experiment": [
    {
      "_source": "sweep",
      "name": "cole_hopf_circuit_qft_q3",
      "experiment_id": "272cf576",
      "workflow_id": "_b56add80",
      "timestamp": "2026-06-03T18:32:58.065411Z",
      "user": {
        "username": "ishangore",
        "hostname": "frontier10356"
      }
    }
  ],
  "artifacts": [
    {
      "grid": [
        0.0,
        0.125,
        0.25,
        0.375,
        0.5,
        0.625,
        0.75,
        0.875
      ],
      "solution_steps": {
        "0": [
          0.0,
          0.7071067811865475,
          1.0,
          0.7071067811865476,
          1.2246467991473532e-16,
          -0.7071067811865475,
          -1.0,
          -0.7071067811865477
        ],
        "2": [
          -1.0658141036401502e-16,
          0.48244288246160744,
          0.679502977329611,
          0.6572727696431104,
          2.62474486589781e-13,
          -0.6572727696431027,
          -0.6795029773298732,
          -0.4824428824616153
        ],
        "4": [
          -1.4210854715202004e-16,
          0.4319516963350767,
          0.5973163485899188,
          0.6082850396476974,
          1.6441958905488719e-13,
          -0.6082850396476885,
          -0.5973163485900831,
          -0.43195169633508557
        ],
        "6": [
          -1.4210854715202004e-16,
          0.3984445071718844,
          0.5454580776496296,
          0.5613892427409853,
          1.1979750524915289e-13,
          -0.5613892427409758,
          -0.5454580776497493,
          -0.39844450717189395
        ],
        "8": [
          -2.1316282072803005e-16,
          0.3729184981799763,
          0.5078586073439375,
          0.5239187582781917,
          9.308109838457312e-14,
          -0.5239187582781816,
          -0.5078586073440304,
          -0.3729184981799864
        ],
        "10": [
          -2.3092638912203257e-16,
          0.3521065250673312,
          0.4784589048241483,
          0.4935726756156403,
          7.617018127348274e-14,
          -0.49357267561563,
          -0.47845890482422426,
          -0.3521065250673415
        ],
        "12": [
          -2.486899575160351e-16,
          0.3344414492257269,
          0.45435468725236433,
          0.46829522090364206,
          6.714628852932948e-14,
          -0.46829522090363174,
          -0.4543546872524313,
          -0.33444144922573726
        ],
        "14": [
          -2.6645352591003756e-16,
          0.3190452486456105,
          0.4339394887902012,
          0.4467158303562709,
          5.712763595511206e-14,
          -0.4467158303562603,
          -0.43393948879025807,
          -0.3190452486456211
        ]
      },
      "_source": "solver"
    },
    {
      "_source": "sweep",
      "directory": "/lustre/orion/ard189/scratch/ishangore/burgers_quantum/2026-06-03/_b56add80/272cf576",
      "files": [
        {
          "name": "q8020_env_before_272cf576.json",
          "path": "q8020_env_before_272cf576.json",
          "size_bytes": 2662,
          "modified": "2026-06-03T18:32:58Z",
          "type": "json"
        },
        {
          "name": "q8020_stderr_272cf576.txt",
          "path": "q8020_stderr_272cf576.txt",
          "size_bytes": 401,