dq_lu, dq_hhl,
0.0006610312843842017,0.0
-0.00416831022581066,-0.004431195501560601
0.000999456283614021,0.0
-0.0003989035101538681,-0.001981690872611664
0.005006841782449222,0.004280941563275809
-0.007709989709393478,-0.009640608707223563
-0.00285118736611409,-0.0037946491212716197
-0.006423841798055362,-0.0058339399659773075
-0.011621882133752712,-0.011779536829445764
-0.022273037877791467,-0.019981367220125962
-0.024861769076375054,-0.022623701416974153
-0.04694638967034648,-0.04340159386599576
-0.041137203467952535,-0.03671925778139782
-0.04370331051638295,-0.040596458308972246
-0.09470889366616678,-0.0873294091573765
