dq_lu, dq_hhl,
-1.6302881464608018e-10,-0.0
-2.8511566305603955e-10,-0.0
-5.774255556035625e-10,-0.0
-1.5841775712238045e-09,-7.644558759165901e-10
-7.124693136287567e-10,-0.0
1.1929132652372988e-10,0.0
-4.974457644016629e-10,-0.0
-8.090666364082172e-10,-0.0
-1.0525121405551833e-09,-0.0
2.6898315475766625e-10,0.0
4.759304451007322e-10,0.0
3.3482805174590015e-10,0.0
7.673812291213612e-10,0.0
4.1975970939515314e-10,0.0
2.5532771544332125e-09,1.0811041267606516e-09
