xp, rho, u, p, Mach
0.1,0.987470982353843,1.5144362454063707,0.6998202923867706,1.520393074980012
0.3,0.886031399780923,1.613163544465717,0.6031849908744724,1.652394247430365
0.5,0.619711221870021,1.7414124130174649,0.3750528880784859,1.8918471332509952
0.7,0.5170336605374,1.8291068163426372,0.28876810516019424,2.0685205879178095
0.9,0.48377143875678613,1.8695833259145789,0.2609018019740986,2.151604189399031
