xp, rho, u, p, Mach
0.1,0.9872839500794915,1.5146991097827316,0.6996086022732368,1.520742979973833
0.3,0.8856009592676563,1.6136777214089404,0.6028468787552104,1.6529827296598618
0.5,0.619293816455066,1.7421438310959931,0.37472741624647143,1.892825713618648
0.7,0.5169015025814183,1.8294497556067686,0.28869122997777646,2.0689193929894447
0.9,0.48421509075437735,1.86889808607269,0.2612670489301333,2.150296963534951
