xp, rho, u, p, Mach
0.1,0.9874660653603535,1.5144418475911827,0.6998147835170915,1.5204008980580017
0.3,0.8860167380764566,1.6131803618617078,0.603172330378396,1.6524151437204426
0.5,0.6196937487828507,1.7414385428502284,0.3750393798080559,1.891882919202275
0.7,0.5170145532906284,1.829142233049167,0.2887536089747247,2.0685743396000227
0.9,0.48375612810703,1.86961135536513,0.26089130851288445,2.1516456686735204
