xp, rho, u, p, Mach
0.1,0.9874512118744113,1.514460320764762,0.699798476532648,1.5204257232610763
0.3,0.8859801855368176,1.6132230801776253,0.6031416105319571,1.6524668956212671
0.5,0.6196539487865423,1.741505041316783,0.3750075954665027,1.8919745793919218
0.7,0.5169877698900593,1.8291938261201959,0.2887350658073652,2.068645526918302
0.9,0.4837600641966055,1.8696104605671209,0.26089621245330946,2.151633170430335
