xp, rho, u, p, Mach
0.1,0.9874489787884068,1.5144632711654882,0.6997958391928157,1.5204298311192594
0.3,0.8859743494492427,1.6132300482530344,0.6031368098173515,1.6524751671087532
0.5,0.619647904154761,1.7415151229402857,0.37500277179709846,1.891988472275776
0.7,0.5169839428295592,1.8292019291487744,0.28873219315630805,2.068657324593376
0.9,0.48376157729899666,1.8696084523019747,0.26089773250874987,2.1516279561659983
