xp, rho, u, p, Mach
0.1,0.9871895452025914,1.51468344842785,0.6998923536809292,1.5203462635414455
0.3,0.8835381827938239,1.6134686078535034,0.6021342908894249,1.6518190989192336
0.5,0.6234825637408109,1.7352560786636575,0.3781503172113448,1.883126427953617
0.7,0.5633603030070592,1.7538409934817414,0.3249612038269962,1.9516573083282773
0.9,0.5946129092961391,1.6787287480394406,0.3513377240761474,1.8457432332324692
