xp, rho, u, p, Mach
0.1,0.9915284318002003,1.5103244758900192,0.705334712961652,1.5134260310715482
0.3,0.9165047234782165,1.576924586148247,0.6337095084995892,1.6027624111436742
0.5,0.7087034761027478,1.6256838105211164,0.44800625640111036,1.7280738764346133
0.7,0.7316818612853311,1.5296153047070344,0.46857863855400117,1.61542985095917
0.9,0.8268717256307279,1.4548299685087525,0.5535134025725933,1.5028070407247038
