xp, rho, u, p, Mach
0.1,0.9894117349826167,1.5120826477502398,0.7020952917880044,1.5170573883778036
0.3,0.8968569546648275,1.6003810421693438,0.6145510980590343,1.6339620704651043
0.5,0.6668907179997148,1.6795182419904389,0.41196286353153705,1.8060052552120114
0.7,0.6611512159999735,1.6049789656784743,0.4075726681967639,1.7276398041418057
0.9,0.7420847441529519,1.4943681040342718,0.4793219609591142,1.571472044236596
