{
  "iterations_completed": 1,
  "converged": true,
  "_source": "harvester",
  "fidelity": 0.9955898908064884,
  "shots": 100,
  "l2_error_abs": 0.0939160177340567,
  "l2_error_rel": 0.0939160177340567
}