{
  "quantum_solution": [
    0.747242994629763,
    0.015249857033260468,
    0.6557438524302002,
    0.10674899923282326
  ],
  "classical_solution": [
    0.7055698197297996,
    0.046596453582414196,
    0.7055698197297996,
    0.046596453582414196
  ],
  "_source": "harvester"
}