{
  "circuit_build_time_s": 0.0020608901977539062,
  "modular_transpile_time_s": 0.04038381576538086,
  "execution_time_s": 0.03078603744506836,
  "modular_pre_opt": {
    "cx_count": 393,
    "total_gates": 1058,
    "depth": 783
  },
  "modular_post_opt": {
    "cx_count": 393,
    "total_gates": 1058,
    "depth": 783
  },
  "blocks_transpiled": 15,
  "per_block_compile_times": {
    "state_prep": 0.0008251249964814633,
    "controlled_u_1": 0.00019941700156778097,
    "controlled_u_2": 0.00018604200158733875,
    "controlled_u_4": 0.00017666698840912431,
    "controlled_u_8": 0.00017374999879393727,
    "controlled_u_16": 0.0001680839923210442,
    "qft": 0.0002826249983627349,
    "controlled_rotations": 0.0022611669992329553,
    "inverse_qft": 0.0002672499977052212,
    "inverse_controlled_u_16": 0.00017262500477954745,
    "inverse_controlled_u_8": 0.00018120800086762756,
    "inverse_controlled_u_4": 0.00016483300714753568,
    "inverse_controlled_u_2": 0.0001789579982869327,
    "inverse_controlled_u_1": 0.0001629170001251623,
    "measurement": 0.00012729200534522533
  },
  "boundary_swaps": {
    "state_prep\u2192controlled_u_1": 0,
    "controlled_u_1\u2192controlled_u_2": 0,
    "controlled_u_2\u2192controlled_u_4": 0,
    "controlled_u_4\u2192controlled_u_8": 0,
    "controlled_u_8\u2192controlled_u_16": 0,
    "controlled_u_16\u2192qft": 0,
    "qft\u2192controlled_rotations": 0,
    "controlled_rotations\u2192inverse_qft": 0,
    "inverse_qft\u2192inverse_controlled_u_16": 0,
    "inverse_controlled_u_16\u2192inverse_controlled_u_8": 0,
    "inverse_controlled_u_8\u2192inverse_controlled_u_4": 0,
    "inverse_controlled_u_4\u2192inverse_controlled_u_2": 0,
    "inverse_controlled_u_2\u2192inverse_controlled_u_1": 0,
    "inverse_controlled_u_1\u2192measurement": 0
  },
  "exec_info": {
    "wall_time": 0.03078603744506836,
    "backend_time": 0.026518833,
    "shots_requested": 65536,
    "shots_executed": 65536,
    "status": "DONE"
  },
  "_source": "solver"
}