{
  "classical_solution": [
    0.8780941282281572,
    1.2594741034450818,
    1.779118379833191,
    1.6510741181206083
  ],
  "classical_solution_normalized": [
    0.3057384796798756,
    0.4385289517428821,
    0.6194608654522159,
    0.5748778798140688
  ],
  "quantum_solution": [
    0.6254296795914746,
    0.4239228655350499,
    0.44242144573527553,
    0.48310494130795867
  ],
  "quantum_solution_normalized": [
    0.6254296795914746,
    0.4239228655350499,
    0.44242144573527553,
    0.48310494130795867
  ],
  "_source": "solver"
}