{
  "_source": "stdout",
  "experiment_id": null,
  "algorithm": "modular_hhl",
  "dimension": 4,
  "condition_number": 9.472135954999583,
  "num_qubits": 8,
  "num_clock_qubits": 5,
  "decomposition_depth": 2,
  "transpiled_depth": 783,
  "transpiled_cx_count": 393,
  "total_gates": 1058,
  "boundary_swaps": 0,
  "sv_fidelity": 0.9243173024869497,
  "sv_fidelity_transpiled": 0.870881621814039,
  "fidelity_shots": 0.862872831851528,
  "success_probability": 0.3846373242312585,
  "success_probability_transpiled": 0.09877751771531006,
  "compile_time_s": 0.04038381576538086,
  "circuit_build_time_s": 0.0020608901977539062,
  "transpile_calls": 15,
  "per_block_compile_times": {
    "state_prep": 0.0008251249964814633,
    "controlled_u_1": 0.00019941700156778097,
    "controlled_u_2": 0.00018604200158733875,
    "controlled_u_4": 0.00017666698840912431,
    "controlled_u_8": 0.00017374999879393727,
    "controlled_u_16": 0.0001680839923210442,
    "qft": 0.0002826249983627349,
    "controlled_rotations": 0.0022611669992329553,
    "inverse_qft": 0.0002672499977052212,
    "inverse_controlled_u_16": 0.00017262500477954745,
    "inverse_controlled_u_8": 0.00018120800086762756,
    "inverse_controlled_u_4": 0.00016483300714753568,
    "inverse_controlled_u_2": 0.0001789579982869327,
    "inverse_controlled_u_1": 0.0001629170001251623,
    "measurement": 0.00012729200534522533
  },
  "fidelity_noisy": null,
  "noise_cx_error": null,
  "error": null,
  "exit_code": 0
}