{
  "l2_error_normalized": 0.3770689982363782,
  "l2_error_phase_corrected": 0.3770689982363782,
  "fidelity_shots": 0.862872831851528,
  "residual": 2.0683411445429316,
  "shots": 65536,
  "sv_fidelity": 0.9243173024869497,
  "sv_solution": [
    -0.4353361338712258,
    -0.583943000213813,
    -0.5676884090708796,
    -0.3836963555390098
  ],
  "success_probability": 0.3846373242312585,
  "_source": "solver"
}