{
  "iterations_completed": 1,
  "converged": true,
  "_source": "harvester",
  "fidelity": 0.8736710537865229,
  "shots": 100000,
  "l2_error_abs": 0.4480745878699596,
  "l2_error_rel": 0.3613759119315419
}