{
  "quantum_solution": [
    0.8405760537080517,
    0.2702703007141681,
    0.4462729360582737,
    0.1456925839787312
  ],
  "classical_solution": [
    0.7055698197297996,
    0.046596453582414196,
    0.7055698197297996,
    0.046596453582414196
  ],
  "_source": "harvester"
}