{
  "iterations_completed": 1,
  "converged": true,
  "_source": "harvester",
  "fidelity": 0.9273442049775007,
  "shots": 100000,
  "l2_error_abs": 0.38119757350355526,
  "l2_error_rel": 0.38119757350355526
}