xp, rho, u, p, Mach
0.1,0.9877595736875712,1.5138325011187597,0.7000619816749064,1.519746614365681
0.3,0.8854899355953177,1.611997364101071,0.603309096085798,1.6505253068123176
0.5,0.6326163494345618,1.7262196937180638,0.38437642999373234,1.871646733271327
0.7,0.593350458840078,1.706117008947108,0.3491773544117804,1.87965178296547
0.9,0.6443725907555631,1.6053127039071364,0.3937742164743998,1.7355635322741525
