xp, rho, u, p, Mach
0.1,0.9877595736875712,1.5138325011187597,0.7000619816749064,1.519746614365681
0.3,0.8836991711125689,1.6140307811948822,0.6014939384119535,1.6534245865890032
0.5,0.6211834459241321,1.7382681006222018,0.3760779130980211,1.8880946655996338
0.7,0.5524011990385983,1.7715875783312165,0.3159445717531895,1.9797961068485919
0.9,0.5734846076435094,1.7131312040796853,0.33309855997372273,1.8997703845880958
