xp, rho, u, p, Mach
0.1,0.997591732559852,1.5036211217899256,0.7091147715322926,1.5072752031707348
0.3,0.9301712227355743,1.5628251410503158,0.6452961002669442,1.5857995878545643
0.5,0.741576263637047,1.593399315702186,0.4743636313485325,1.6837702281536653
0.7,0.7835617991409612,1.497512263912613,0.5122071684912853,1.5653814070683054
0.9,0.8777413540810595,1.4503308605029896,0.5990108527117783,1.4837782646108975
