xp, rho, u, p, Mach
0.1,0.9941232596813424,1.5088672208321652,0.7050813637354906,1.514214866341664
0.3,0.9156912015176867,1.5796968988500328,0.6317099447378951,1.6074053572386593
0.5,0.7091449161149677,1.6271417897397746,0.4465258420759389,1.733027998419549
0.7,0.7318827171813349,1.531806514092069,0.4675625136463796,1.6197231809475083
0.9,0.8280457851429457,1.452572319563501,0.5546439997193824,1.5000086449300232
