xp, rho, u, p, Mach
0.1,0.9877595736875712,1.5138325011187597,0.7000619816749064,1.519746614365681
0.3,0.8836991711125689,1.6140307811948822,0.6014939384119535,1.6534245865890032
0.5,0.6233033728345365,1.7363294857729272,0.3776153829584834,1.885354500781832
0.7,0.5634304368900668,1.7538031252985866,0.3246210993295643,1.9527587919885072
0.9,0.5942189843266865,1.6799416874791895,0.35054816864373933,1.8485431787395201
