{
  "u_initial": [
    0.0,
    0.039206856131824244,
    0.0780361288064513,
    0.11611387090178493,
    0.15307337294603593,
    0.18855869473039907,
    0.22222809320784087,
    0.25375731366545823,
    0.282842712474619,
    0.3092041813450948,
    0.3325878449210181,
    0.352768505739342,
    0.36955181300451473,
    0.38277613429288354,
    0.3923141121612922,
    0.39807389066887877,
    0.4,
    0.39807389066887877,
    0.3923141121612922,
    0.3827761342928836,
    0.36955181300451473,
    0.35276850573934204,
    0.33258784492101817,
    0.30920418134509486,
    0.28284271247461906,
    0.25375731366545823,
    0.22222809320784087,
    0.18855869473039916,
    0.15307337294603596,
    0.11611387090178496,
    0.07803612880645144,
    0.039206856131824334,
    4.898587196589413e-17,
    -0.03920685613182424,
    -0.07803612880645135,
    -0.11611387090178485,
    -0.15307337294603587,
    -0.18855869473039907,
    -0.2222280932078408,
    -0.2537573136654581,
    -0.282842712474619,
    -0.3092041813450947,
    -0.3325878449210181,
    -0.352768505739342,
    -0.3695518130045146,
    -0.38277613429288354,
    -0.39231411216129214,
    -0.39807389066887877,
    -0.4,
    -0.39807389066887877,
    -0.3923141121612922,
    -0.3827761342928836,
    -0.3695518130045147,
    -0.35276850573934204,
    -0.3325878449210182,
    -0.30920418134509475,
    -0.28284271247461906,
    -0.2537573136654584,
    -0.22222809320784087,
    -0.1885586947303992,
    -0.15307337294603618,
    -0.116113870901785,
    -0.0780361288064515,
    -0.0392068561318242
  ],
  "u_final_classical": null,
  "u_final_method": [
    0.038700192162721546,
    0.06640673409127228,
    0.08483547679451302,
    0.09454234090028109,
    0.10099470445166737,
    0.11177867582882928,
    0.13226743394339893,
    0.16233565201180516,
    0.19600996406507035,
    0.22421172137278575,
    0.239475608656627,
    0.240692946255825,
    0.23509447388109372,
    0.23517349115462252,
    0.2514468291838129,
    0.28544075601272795,
    0.3270769743077755,
    0.3576297194863987,
    0.3577387569731631,
    0.3190977387370383,
    0.2540267174169888,
    0.1925327679500026,
    0.16418217023341938,
    0.17855562376004372,
    0.21934910069229757,
    0.25234067502278745,
    0.24077117142487112,
    0.16575534121609037,
    0.04410403531462791,
    -0.07651267294492613,
    -0.1504609513385786,
    -0.16473017481213445,
    -0.1398083715695324,
    -0.10997998966744546,
    -0.1035059815442669,
    -0.1304963996817368,
    -0.18060160279071324,
    -0.2324068446083494,
    -0.26919827731676005,
    -0.2887927661148849,
    -0.30081501368219776,
    -0.3161416344063497,
    -0.3374081915904925,
    -0.3566760129675814,
    -0.3610369345360827,
    -0.341360554935438,
    -0.2977002742705017,
    -0.23885080560974892,
    -0.17818398525141305,
    -0.1287108179394722,
    -0.09884079654207426,
    -0.08964821965718783,
    -0.09485504121181393,
    -0.1042490540597248,
    -0.10903145439318308,
    -0.1057744863978775,
    -0.0966550108321747,
    -0.08642852559179903,
    -0.07848948239697652,
    -0.07241219007252443,
    -0.06425917270990691,
    -0.04928793809747471,
    -0.02522306752537986,
    0.0059649037641455035
  ],
  "errors_by_step": {},
  "final_error": NaN,
  "max_error": NaN,
  "_source": "solver"
}