{
  "grid": [
    0.0,
    0.03125,
    0.0625,
    0.09375,
    0.125,
    0.15625,
    0.1875,
    0.21875,
    0.25,
    0.28125,
    0.3125,
    0.34375,
    0.375,
    0.40625,
    0.4375,
    0.46875,
    0.5,
    0.53125,
    0.5625,
    0.59375,
    0.625,
    0.65625,
    0.6875,
    0.71875,
    0.75,
    0.78125,
    0.8125,
    0.84375,
    0.875,
    0.90625,
    0.9375,
    0.96875
  ],
  "solution_steps": {
    "0": [
      0.0,
      0.19509032201612825,
      0.3826834323650898,
      0.5555702330196022,
      0.7071067811865475,
      0.8314696123025452,
      0.9238795325112867,
      0.9807852804032304,
      1.0,
      0.9807852804032304,
      0.9238795325112867,
      0.8314696123025455,
      0.7071067811865476,
      0.5555702330196022,
      0.3826834323650899,
      0.1950903220161286,
      1.2246467991473532e-16,
      -0.19509032201612836,
      -0.38268343236508967,
      -0.555570233019602,
      -0.7071067811865475,
      -0.8314696123025452,
      -0.9238795325112865,
      -0.9807852804032303,
      -1.0,
      -0.9807852804032304,
      -0.9238795325112866,
      -0.8314696123025455,
      -0.7071067811865477,
      -0.5555702330196022,
      -0.3826834323650904,
      -0.19509032201612872
    ],
    "10": [
      0.0035669514564051763,
      0.14788169520295402,
      0.25626686002295873,
      0.4246677381939004,
      0.6118448558657108,
      0.6648813966684085,
      0.7278454887214028,
      0.9015382042356495,
      0.9370734426924088,
      0.8633431115469673,
      0.9696361365472956,
      0.8713671496431736,
      0.7838015959271261,
      0.5271068695685976,
      0.12157745116467496,
      0.25862616249026543,
      0.15074286285390104,
      -0.20308913374907292,
      -0.3853084215609016,
      -0.5997302544311574,
      -0.750489937423513,
      -0.8599646360887953,
      -0.8790530331420268,
      -0.8526722519555737,
      -0.8981969376869557,
      -0.855163378956723,
      -0.7703165487765546,
      -0.715307657617726,
      -0.5860733184649827,
      -0.43180765245275154,
      -0.2929174481969495,
      -0.14167736229811667
    ],
    "20": [
      0.018527522940562147,
      0.12902183100150566,
      0.1973171456511981,
      0.34267077285437986,
      0.5193873783379757,
      0.5612140122897941,
      0.6508020510702537,
      0.8006395718382153,
      0.8555894573377171,
      0.7886968264792131,
      0.891555216976694,
      0.8550270379383588,
      0.7267665951870456,
      0.4962478852861438,
      0.24751996717443916,
      0.24105643981998384,
      0.046832611680181206,
      -0.19853843749596153,
      -0.42829024919217745,
      -0.5489895645681998,
      -0.6551957946177644,
      -0.8009316101619671,
      -0.8224636300141118,
      -0.7961780553117326,
      -0.820206481224226,
      -0.7580974820386143,
      -0.6611881483532346,
      -0.6205918764324168,
      -0.5133700858799759,
      -0.36954703228657054,
      -0.2535835570745765,
      -0.1217003192121319
    ],
    "30": [
      0.019518540459913414,
      0.09598772664140497,
      0.16564219826363047,
      0.28754073625403936,
      0.4519362055530065,
      0.4967948003487237,
      0.5696220590237682,
      0.717571989106968,
      0.7872895620414891,
      0.7355898861529117,
      0.8029711260531684,
      0.7949876344244537,
      0.6870563716487716,
      0.47858397322427493,
      0.3089260759575204,
      0.1675221117644945,
      -0.029019756763389637,
      -0.1793477383987174,
      -0.3983222964321314,
      -0.47903237938469445,
      -0.5899267394129509,
      -0.7447842941578483,
      -0.7564050396993682,
      -0.7240731986664486,
      -0.7428638688667878,
      -0.6686144644529236,
      -0.5942540904033754,
      -0.5641914560770888,
      -0.4545668017662351,
      -0.3209263897065741,
      -0.22760354565702956,
      -0.09360893707297563
    ],
    "40": [
      0.016278446945915803,
      0.08898625321136855,
      0.14925365787286857,
      0.2462277044375002,
      0.3823604116856791,
      0.4359380492513317,
      0.5135319001957196,
      0.6529713881136048,
      0.7063126962391977,
      0.6804855205245265,
      0.706144032110434,
      0.7572603271150804,
      0.6561174579109732,
      0.4696755070466864,
      0.3223053037899455,
      0.11487667586329593,
      -0.05988224883058706,
      -0.1663280544785465,
      -0.4021030852494498,
      -0.4673642671314845,
      -0.46409631177079763,
      -0.6527718654712672,
      -0.7161356095317157,
      -0.6604340277076979,
      -0.6427952054977748,
      -0.6173794049638972,
      -0.5448442660945861,
      -0.5114992485598139,
      -0.4161317172344397,
      -0.2937400501369732,
      -0.20631546254138247,
      -0.07690450711371409
    ],
    "50": [
      0.012304597940825347,
      0.07142167605629944,
      0.13063228864387444,
      0.22012846783632656,
      0.341690194951644,
      0.3728844774031709,
      0.4623822567593081,
      0.593485415604395,
      0.6536748394329163,
      0.6299151520884962,
      0.6277711234486802,
      0.6807047236302456,
      0.5964219648473751,
      0.4310070970856721,
      0.2888513824415519,
      0.09945663797216611,
      -0.04883008074347686,
      -0.16933673957642414,
      -0.34626522901908957,
      -0.4213599548676008,
      -0.44005211422033313,
      -0.5605328598615174,
      -0.6404246080217505,
      -0.5906359123109255,
      -0.5604100545270999,
      -0.5518247440812282,
      -0.5012972271957142,
      -0.47551180909699636,
      -0.3811380813389514,
      -0.26381289422760157,
      -0.19531125339975974,
      -0.06598873365447809
    ]
  },
  "_source": "solver"
}