{
  "u_initial": [
    0.0,
    0.20129852008866006,
    0.39435585511331855,
    0.5712682150947923,
    0.7247927872291199,
    0.8486442574947509,
    0.9377521321470804,
    0.9884683243281114,
    0.9987165071710528,
    0.9680771188662044,
    0.8978045395707416,
    0.7907757369376985,
    0.6513724827222223,
    0.48530196253108143,
    0.29936312297335804,
    0.10116832198743228,
    -0.10116832198743204,
    -0.2993631229733574,
    -0.48530196253108043,
    -0.651372482722222,
    -0.7907757369376986,
    -0.8978045395707414,
    -0.9680771188662043,
    -0.9987165071710528,
    -0.9884683243281114,
    -0.9377521321470808,
    -0.8486442574947515,
    -0.72479278722912,
    -0.5712682150947924,
    -0.3943558551133187,
    -0.20129852008866028,
    -2.4492935982947064e-16
  ],
  "u_final_classical": [
    NaN,
    NaN,
    NaN,
    NaN,
    NaN,
    NaN,
    NaN,
    NaN,
    NaN,
    NaN,
    NaN,
    NaN,
    NaN,
    NaN,
    NaN,
    NaN,
    NaN,
    NaN,
    NaN,
    NaN,
    NaN,
    NaN,
    NaN,
    NaN,
    NaN,
    NaN,
    NaN,
    NaN,
    NaN,
    NaN,
    NaN,
    NaN
  ],
  "u_final_method": [
    NaN,
    NaN,
    NaN,
    NaN,
    NaN,
    NaN,
    NaN,
    NaN,
    NaN,
    NaN,
    NaN,
    NaN,
    NaN,
    NaN,
    NaN,
    NaN,
    NaN,
    NaN,
    NaN,
    NaN,
    NaN,
    NaN,
    NaN,
    NaN,
    NaN,
    NaN,
    NaN,
    NaN,
    NaN,
    NaN,
    NaN,
    NaN
  ],
  "errors_by_step": {
    "0": 0.0,
    "1": 0.012926431573122801,
    "2": 0.022774111281700208,
    "3": 0.027775318264866154,
    "4": 0.029747693613944207,
    "5": 0.0365487167285941,
    "6": 0.04004084731359059,
    "7": 0.04260565295798945,
    "8": 0.043190347085194994,
    "9": 0.043596741196608495,
    "10": 0.046087272355708,
    "11": 0.05135744620848869,
    "12": 0.05208367279935028,
    "13": 0.05642149765758764,
    "14": 0.05870780718933104,
    "15": 0.06395540764591011,
    "16": 0.06887521524397666,
    "17": 0.0674787550611158,
    "18": 0.06931604857098694,
    "19": 0.06838156160727607,
    "20": 0.06415704040543556,
    "21": 0.06627371579717659,
    "22": 0.06690448864830291,
    "23": 0.07289714950768346,
    "24": 0.07496752615359005,
    "25": 0.07461238456736247,
    "26": 0.07489674338830887,
    "27": 0.0695401510719968,
    "28": 0.07057827537310976,
    "29": 0.07236575953050577,
    "30": 0.07412771203702388,
    "31": 0.07489824030548149,
    "32": 0.07354967597942631,
    "33": 0.07512598953547008,
    "34": 0.07739480300964766,
    "35": 0.0795638127186231,
    "36": 0.08101229808414039,
    "37": 0.07837944074700963,
    "38": 0.08083400695508643,
    "39": 0.08393928054504256,
    "40": 0.08289318136803143,
    "41": 0.08401079173026103,
    "42": 0.08630842005024106,
    "43": 0.08592935750534288,
    "44": 0.08752503698914343,
    "45": 0.0898469004514731,
    "46": 0.09516816921563283,
    "47": 0.09911846291943464,
    "48": 0.10219612010490448,
    "49": 0.10680118791632615,
    "50": 0.10744259851827172,
    "51": 0.11348562279489607,
    "52": 0.11782748378418902,
    "53": 0.12617402042026094,
    "54": 0.1324277392140591,
    "55": 0.14272771853560648,
    "56": 0.15213781741278667,
    "57": 0.15895934142776344,
    "58": 0.17320420706119663,
    "59": 0.19913763057294706,
    "60": 0.2325939504919799,
    "61": 0.27918765274388574,
    "62": 0.3567225570132312,
    "63": 0.4978279792287654,
    "64": 0.7742615725841326,
    "65": 1.4294959529478077,
    "66": 3.588494146275214,
    "67": 17.061226444771307,
    "68": 313.0764746384454,
    "69": 98492.39297217602,
    "70": 9699910958.325874,
    "71": 9.4098060834328e+19,
    "72": 8.853515017863811e+39
  },
  "final_error": NaN,
  "max_error": 8.853515017863811e+39,
  "_source": "solver"
}