dq_lu, dq_hhl,
-0.012603819012953777,-0.0
-0.004563762548706027,-0.0
-0.007190278906452855,-0.008873803319643447
-0.0019618349983518,-0.0
0.010583688366720585,0.0
0.01226805543122433,0.0
-0.017838038648373526,-0.012549453004472199
-0.0167564664166217,-0.006274726502236078
-0.013180864720773157,-0.0062747265022359755
0.0014180139820086386,0.0
-0.0016262049980664771,-0.0
0.0006091221449801394,0.0
-0.0049796319814047136,-0.0
0.007682028066588796,0.0
0.0033861587299067156,0.0
