xp, rho, u, p, Mach
0.1,0.9999999999999999,1.5000000000000002,0.7056255748289083,1.50917667611275
0.3,0.9142496599616106,1.5519820430027016,0.6357531692464269,1.5729351260287745
0.5,0.6375366676973555,1.7405698475001103,0.3738430094473736,1.9210354975593398
0.7,0.5251986083223723,1.8035827777228648,0.2927321231248401,2.041731615729507
0.9,0.5146208031555451,1.8145289329566554,0.2676232604264244,2.126579485731675
