xp, rho, u, p, Mach
0.1,1.0,1.5,0.7142857142857144,1.5
0.3,1.0,1.3312725927411433,0.7791099388314893,1.2746871303690077
0.5,0.9008566863334155,1.4285672454788458,0.5195431749480034,1.5898410325867967
0.7,0.7544765121974413,1.6813894601619939,0.38499475046209125,1.9892976109325817
0.9,0.7077555579982906,1.5340735832712524,0.44875496902603934,1.6282428607761954
