xp, rho, u, p, Mach
0.1,1.0,1.5,0.713021720934071,1.5013289570620891
0.3,0.9142496599616106,1.5088607394327855,0.6822768452617981,1.4761728991079748
0.5,0.708726689676677,1.666060828463539,0.40427804058763367,1.8643444477674516
0.7,0.6106794511373764,1.6334174434824555,0.3615809230589624,1.7940604407762606
0.9,0.5427523302747992,1.7578158757110673,0.2999602863882225,1.9983811901445245
