xp, rho, u, p, Mach
0.1,0.9874677091116095,1.5144473503691165,0.6998261562810135,1.520395333931486
0.3,0.8860148639545605,1.6132195578243094,0.6031600436835918,1.6524703759259893
0.5,0.6197002573366516,1.7415182417800361,0.37500707655364707,1.8920609250712415
0.7,0.5170346106521012,1.8290284472235177,0.28878492141058243,2.0683736370627344
0.9,0.4837906975823811,1.869484471895815,0.26091578834231843,2.1514755811418533
