xp, rho, u, p, Mach
0.1,0.9874677091116095,1.5144467100669377,0.6998236461018127,1.5203974178441289
0.3,0.8860184539957031,1.6132047704761163,0.6031668083527469,1.6524493101791249
0.5,0.6197036464163834,1.741488058468912,0.3750197716208229,1.8920012816950198
0.7,0.5170346106521012,1.8290462561732088,0.2887816907952524,2.068405346057599
0.9,0.48378501142298347,1.8695129088421787,0.2609118709939562,2.151511815029685
