{
  "iterations_completed": 1,
  "converged": true,
  "_source": "harvester",
  "fidelity": 0.9457475042974917,
  "shots": 100,
  "l2_error_abs": 0.23453996041417324,
  "l2_error_rel": 0.23453996041417324
}