{
  "quantum_solution": [
    0.5286964517154654,
    0.0,
    0.8486969356485102,
    0.013913064518828037
  ],
  "classical_solution": [
    0.7055698197297996,
    0.046596453582414196,
    0.7055698197297996,
    0.046596453582414196
  ],
  "_source": "harvester"
}