{
  "case_id": "scaling_4x4",
  "params": {
    "max_condition_number": 1000000.0,
    "run_circuit": false,
    "postprocess": false,
    "warmup_sites": false,
    "show_plot": false,
    "preprocess_site": "frontier-qlsa",
    "circuit_hhl_path": "~/proj/src/frontier-qlsa/circuit_HHL.py",
    "savedir": "/Users/agallojr/.lwfm/out/qt02-cfd//0bbb27f2/scaling_4x4",
    "exec_site": "ibm-quantum",
    "sim_custom_noise": false,
    "P_in": 200,
    "P_out": 0,
    "U_top": 0,
    "U_bottom": 0,
    "rho": 1,
    "case": "hele-shaw",
    "var": "pressure",
    "L": 1,
    "D": 1,
    "qc_backend": "statevector_sim_aer",
    "qc_shots": 100,
    "nx": 4,
    "ny": 4,
    "mu": 1.0,
    "NQ_MATRIX": 2,
    "_metadata": {
      "_original_case_id": "scaling_4x4",
      "_list_params": [],
      "_scalar_params": [
        "qc_backend",
        "qc_shots",
        "nx",
        "ny",
        "mu",
        "NQ_MATRIX"
      ]
    },
    "_time_circuit_generation": 214.81308269500732,
    "_time_circuit_construction": 144.21604108810425,
    "_matrix_condition_number_original": 160.22504179133458,
    "_matrix_size_original": 16,
    "_matrix_condition_number": 160.22504179133483,
    "_circuit_depth_transpiled": 11887051,
    "_circuit_gates_transpiled": 16414610,
    "_circuit_qubits": null,
    "_circuit_depth": null,
    "_circuit_gates": null,
    "_matrix_size": 32
  },
  "quantum_solution": null,
  "classical_solution": [
    0.17677669529663684,
    -0.014731391274719735,
    -0.014731391274719735,
    0.17677669529663687,
    6.938893903907228e-18,
    0.004910463758239912,
    0.004910463758239912,
    7.098425754858633e-18,
    -1.6479873021779667e-17,
    0.004910463758239915,
    0.0049104637582399165,
    -2.7755575615628914e-17,
    0.17677669529663687,
    -0.01473139127471974,
    -0.014731391274719742,
    0.1767766952966369,
    0.4861359120657506,
    0.3339115355603137,
    0.186597622813117,
    0.04419417382415998,
    0.4861359120657514,
    0.33391153556031405,
    0.1865976228131168,
    0.044194173824159216,
    0.48613591206575135,
    0.3339115355603141,
    0.18659762281311676,
    0.044194173824159286,
    0.48613591206575146,
    0.33391153556031417,
    0.18659762281311676,
    0.044194173824159216
  ],
  "metadata": {
    "_original_case_id": "scaling_4x4",
    "_list_params": [],
    "_scalar_params": [
      "qc_backend",
      "qc_shots",
      "nx",
      "ny",
      "mu",
      "NQ_MATRIX"
    ]
  }
}