{
  "case_id": "scaling_3x3",
  "params": {
    "max_condition_number": 1000000.0,
    "run_circuit": false,
    "postprocess": false,
    "warmup_sites": false,
    "show_plot": false,
    "preprocess_site": "frontier-qlsa",
    "circuit_hhl_path": "~/proj/src/frontier-qlsa/circuit_HHL.py",
    "savedir": "/Users/agallojr/.lwfm/out/qt02-cfd//0bbb27f2/scaling_3x3",
    "exec_site": "ibm-quantum",
    "sim_custom_noise": false,
    "P_in": 200,
    "P_out": 0,
    "U_top": 0,
    "U_bottom": 0,
    "rho": 1,
    "case": "hele-shaw",
    "var": "pressure",
    "L": 1,
    "D": 1,
    "qc_backend": "statevector_sim_aer",
    "qc_shots": 100,
    "nx": 3,
    "ny": 3,
    "mu": 1.0,
    "NQ_MATRIX": 2,
    "_metadata": {
      "_original_case_id": "scaling_3x3",
      "_list_params": [],
      "_scalar_params": [
        "qc_backend",
        "qc_shots",
        "nx",
        "ny",
        "mu",
        "NQ_MATRIX"
      ]
    },
    "_time_circuit_generation": 53.53567171096802,
    "_time_circuit_construction": 34.713346004486084,
    "_matrix_condition_number_original": 43.12864294231555,
    "_matrix_size_original": 9,
    "_matrix_condition_number": 43.12864294231561,
    "_circuit_depth_transpiled": 2969528,
    "_circuit_gates_transpiled": 4102279,
    "_circuit_qubits": null,
    "_circuit_depth": null,
    "_circuit_gates": null,
    "_matrix_size": 32
  },
  "quantum_solution": null,
  "classical_solution": [
    0.10049430452370138,
    -0.013957542294958523,
    0.10049430452370138,
    1.3877787807814457e-17,
    0.011166033835966819,
    9.005025213646216e-18,
    0.1004943045237014,
    -0.013957542294958526,
    0.1004943045237014,
    0.04466413534386729,
    0.04466413534386729,
    0.04466413534386729,
    0.04466413534386729,
    0.04466413534386729,
    0.04466413534386729,
    0.04466413534386729,
    0.5604011466219405,
    0.29694962406492054,
    0.04466413534386729,
    0.5604011466219403,
    0.2969496240649204,
    0.04466413534386729,
    0.5604011466219403,
    0.2969496240649204,
    0.04466413534386729,
    0.04466413534386729,
    0.04466413534386729,
    0.04466413534386729,
    0.04466413534386729,
    0.04466413534386729,
    0.04466413534386729,
    0.04466413534386729
  ],
  "metadata": {
    "_original_case_id": "scaling_3x3",
    "_list_params": [],
    "_scalar_params": [
      "qc_backend",
      "qc_shots",
      "nx",
      "ny",
      "mu",
      "NQ_MATRIX"
    ]
  }
}