{
  "quantum_solution": [
    0.6440873270360821,
    0.22630095274240716,
    0.7137183894183611,
    0.15666989036012804
  ],
  "classical_solution": [
    0.7055698197297996,
    0.046596453582414196,
    0.7055698197297996,
    0.046596453582414196
  ],
  "_source": "harvester"
}