{
  "iterations_completed": 1,
  "converged": true,
  "_source": "harvester",
  "fidelity": 0.9758718177008981,
  "shots": 100,
  "l2_error_abs": 0.21967331335008275,
  "l2_error_rel": 0.21967331335008275
}