{
  "grid": [
    0.0,
    0.0625,
    0.125,
    0.1875,
    0.25,
    0.3125,
    0.375,
    0.4375,
    0.5,
    0.5625,
    0.625,
    0.6875,
    0.75,
    0.8125,
    0.875,
    0.9375
  ],
  "solution_steps": {
    "0": [
      0.0,
      0.3826834323650898,
      0.7071067811865475,
      0.9238795325112867,
      1.0,
      0.9238795325112867,
      0.7071067811865476,
      0.3826834323650899,
      1.2246467991473532e-16,
      -0.38268343236508967,
      -0.7071067811865475,
      -0.9238795325112865,
      -1.0,
      -0.9238795325112866,
      -0.7071067811865477,
      -0.3826834323650904
    ],
    "4": [
      -0.0,
      0.32794710823784234,
      0.5913387469301863,
      0.7702791211196506,
      0.8755843013022505,
      0.903314803534826,
      0.7980830246700847,
      0.4824555939364254,
      -1.0353033985666116e-10,
      -0.4824555939079616,
      -0.7980830245637887,
      -0.9033148035630921,
      -0.875584301305014,
      -0.7702791211198485,
      -0.5913387469301885,
      -0.327947108237842
    ],
    "8": [
      -0.0,
      0.29613503432872895,
      0.5292017687214243,
      0.6903172993983153,
      0.798306756421573,
      0.8602454305501764,
      0.8425613090878804,
      0.5934579969122308,
      -8.121673999994527e-11,
      -0.5934579968985443,
      -0.842561309005227,
      -0.8602454305637188,
      -0.7983067564230093,
      -0.6903172993984594,
      -0.5292017687214247,
      -0.29613503432872895
    ],
    "12": [
      -2.6645352591003756e-16,
      0.27001966626521834,
      0.4814435766308896,
      0.6303166561942111,
      0.7358908334140324,
      0.8083133220595855,
      0.8347732771765192,
      0.6628128059126468,
      6.615096026507672e-11,
      -0.6628128059000031,
      -0.8347732772420525,
      -0.8083133220721832,
      -0.7358908334146532,
      -0.6303166561942563,
      -0.48144357663088605,
      -0.27001966626521906
    ],
    "16": [
      -2.3092638912203257e-16,
      0.24805505670542544,
      0.44280314504351664,
      0.5824740030641075,
      0.6847636800648096,
      0.7601090234399529,
      0.805438666896915,
      0.6870905935087163,
      3.772441914406954e-11,
      -0.6870905935026675,
      -0.805438666934293,
      -0.7601090234459699,
      -0.6847636800651614,
      -0.5824740030641384,
      -0.442803145043511,
      -0.24805505670542607
    ],
    "20": [
      -5.329070518200751e-17,
      0.22925673828349274,
      0.4105072754316593,
      0.5428163508832162,
      0.6418554920534757,
      0.7175079922286396,
      0.7706767703122462,
      0.6815478521970729,
      1.2115606295992621e-11,
      -0.6815478521941287,
      -0.7706767703240804,
      -0.7175079922315469,
      -0.6418554920537622,
      -0.5428163508832531,
      -0.41050727543165416,
      -0.22925673828349286
    ],
    "24": [
      2.6645352591003756e-16,
      0.21295492398057136,
      0.3828999820494869,
      0.509053921977561,
      0.6050698008092676,
      0.6800461057633436,
      0.7363847975301044,
      0.6618189478241928,
      -8.350298230652697e-13,
      -0.6618189478231656,
      -0.7363847975290961,
      -0.6800461057643367,
      -0.6050698008094465,
      -0.5090539219775957,
      -0.3828999820494816,
      -0.21295492398057075
    ],
    "26": [
      4.707345624410664e-16,
      0.20558520122382423,
      0.3705038894490156,
      0.49391232287627285,
      0.5885097591363473,
      0.6629843686243215,
      0.7200397305262951,
      0.6496966498581415,
      -7.443929916917114e-12,
      -0.6496966498580079,
      -0.720039730518694,
      -0.6629843686244193,
      -0.5885097591365106,
      -0.49391232287630976,
      -0.37050388944900997,
      -0.2055852012238231
    ]
  },
  "_source": "solver"
}