{
  "final_error_epsilon": 0.000386771400446034,
  "max_error_epsilon": 0.000386771400446034,
  "classical_wall_time_s": 0.0009975433349609375,
  "method_wall_time_s": 6.714766979217529,
  "speedup_ratio": 0.0001485596355090763,
  "n_pauli_terms": 64,
  "shots": 0,
  "t1": null,
  "t2": null,
  "backend_name": null,
  "backend_type": "sim",
  "coupling_map": "default",
  "optimization_level": 1,
  "seed": null,
  "total_pauli_decomp_time": 0.7451536529697478,
  "total_circuit_construction_time": 0.01657972508110106,
  "total_transpilation_time": 3.587612884119153,
  "total_execution_time": 0.585564290988259,
  "total_sign_recovery_time": 0,
  "total_metric_transpile_time": 0,
  "n_circuits_executed": 0,
  "avg_circuit_depth": 1277.6,
  "avg_gate_count": 1532.8,
  "avg_cx_gates": 850.0,
  "avg_sign_recovery_depth_per_circuit": null,
  "avg_sign_recovery_cx_per_circuit": null,
  "total_sign_recovery_cx": 0,
  "n_qubits": 4,
  "circuit_metrics_n_available": 25,
  "circuit_metrics_n_total": 25,
  "sign_recovery": "none",
  "per_step_metrics": [
    {
      "pauli_decomp_time_s": 0.026128298020921648,
      "circuit_construction_time_s": 0.000588060007430613,
      "transpilation_time_s": 1.227775388979353,
      "execution_time_s": 0.02577334106899798,
      "circuit_depth": 1277,
      "gate_counts": {
        "cx": 850,
        "rz": 280,
        "u2": 130,
        "h": 110,
        "sxdg": 100,
        "sx": 60,
        "initialize": 1,
        "save_statevector": 1
      },
      "n_qubits": 4,
      "n_pauli_terms": 61,
      "sign_recovery": "none"
    },
    {
      "pauli_decomp_time_s": 0.033013575011864305,
      "circuit_construction_time_s": 0.0005703270435333252,
      "transpilation_time_s": 0.09730385500006378,
      "execution_time_s": 0.023413938004523516,
      "circuit_depth": 1277,
      "gate_counts": {
        "cx": 850,
        "rz": 280,
        "u2": 180,
        "h": 90,
        "sxdg": 75,
        "sx": 55,
        "initialize": 1,
        "save_statevector": 1
      },
      "n_qubits": 4,
      "n_pauli_terms": 87,
      "sign_recovery": "none"
    },
    {
      "pauli_decomp_time_s": 0.029936251929029822,
      "circuit_construction_time_s": 0.0006115350406616926,
      "transpilation_time_s": 0.09780766698531806,
      "execution_time_s": 0.023168790037743747,
      "circuit_depth": 1277,
      "gate_counts": {
        "cx": 850,
        "rz": 280,
        "u2": 199,
        "h": 80,
        "sxdg": 76,
        "sx": 45,
        "initialize": 1,
        "save_statevector": 1
      },
      "n_qubits": 4,
      "n_pauli_terms": 103,
      "sign_recovery": "none"
    },
    {
      "pauli_decomp_time_s": 0.03036571096163243,
      "circuit_construction_time_s": 0.0006888520438224077,
      "transpilation_time_s": 0.0988011589506641,
      "execution_time_s": 0.023561306996271014,
      "circuit_depth": 1277,
      "gate_counts": {
        "cx": 850,
        "rz": 280,
        "u2": 214,
        "sxdg": 76,
        "h": 65,
        "sx": 45,
        "initialize": 1,
        "save_statevector": 1
      },
      "n_qubits": 4,
      "n_pauli_terms": 107,
      "sign_recovery": "none"
    },
    {
      "pauli_decomp_time_s": 0.029952283017337322,
      "circuit_construction_time_s": 0.000688983011059463,
      "transpilation_time_s": 0.09959221596363932,
      "execution_time_s": 0.0234453669982031,
      "circuit_depth": 1277,
      "gate_counts": {
        "cx": 850,
        "rz": 280,
        "u2": 219,
        "h": 75,
        "sxdg": 71,
        "sx": 35,
        "initialize": 1,
        "save_statevector": 1
      },
      "n_qubits": 4,
      "n_pauli_terms": 114,
      "sign_recovery": "none"
    },
    {
      "pauli_decomp_time_s": 0.031040715985000134,
      "circuit_construction_time_s": 0.0006490959785878658,
      "transpilation_time_s": 0.10033505200408399,
      "execution_time_s": 0.02348364796489477,
      "circuit_depth": 1277,
      "gate_counts": {
        "cx": 850,
        "rz": 280,
        "u2": 224,
        "sxdg": 71,
        "h": 65,
        "sx": 40,
        "initialize": 1,
        "save_statevector": 1
      },
      "n_qubits": 4,
      "n_pauli_terms": 113,
      "sign_recovery": "none"
    },
    {
      "pauli_decomp_time_s": 0.030591169954277575,
      "circuit_construction_time_s": 0.0006687039276584983,
      "transpilation_time_s": 0.09921244194265455,
      "execution_time_s": 0.023565466050058603,
      "circuit_depth": 1277,
      "gate_counts": {
        "cx": 850,
        "rz": 280,
        "u2": 224,
        "h": 75,
        "sxdg": 66,
        "sx": 35,
        "initialize": 1,
        "save_statevector": 1
      },
      "n_qubits": 4,
      "n_pauli_terms": 118,
      "sign_recovery": "none"
    },
    {
      "pauli_decomp_time_s": 0.030821769032627344,
      "circuit_construction_time_s": 0.0006589950062334538,
      "transpilation_time_s": 0.09863070503342897,
      "execution_time_s": 0.023516660905443132,
      "circuit_depth": 1277,
      "gate_counts": {
        "cx": 850,
        "rz": 280,
        "u2": 224,
        "h": 75,
        "sxdg": 66,
        "sx": 35,
        "initialize": 1,
        "save_statevector": 1
      },
      "n_qubits": 4,
      "n_pauli_terms": 118,
      "sign_recovery": "none"
    },
    {
      "pauli_decomp_time_s": 0.030361593002453446,
      "circuit_construction_time_s": 0.0006883610039949417,
      "transpilation_time_s": 0.09855086205061525,
      "execution_time_s": 0.02387097687460482,
      "circuit_depth": 1282,
      "gate_counts": {
        "cx": 850,
        "rz": 280,
        "u2": 229,
        "sxdg": 71,
        "h": 65,
        "sx": 35,
        "ryy": 5,
        "initialize": 1,
        "save_statevector": 1
      },
      "n_qubits": 4,
      "n_pauli_terms": 124,
      "sign_recovery": "none"
    },
    {
      "pauli_decomp_time_s": 0.030113490065559745,
      "circuit_construction_time_s": 0.0006707280408591032,
      "transpilation_time_s": 0.09935960301663727,
      "execution_time_s": 0.023203865974210203,
      "circuit_depth": 1277,
      "gate_counts": {
        "cx": 850,
        "rz": 280,
        "u2": 234,
        "sxdg": 66,
        "h": 65,
        "sx": 35,
        "initialize": 1,
        "save_statevector": 1
      },
      "n_qubits": 4,
      "n_pauli_terms": 120,
      "sign_recovery": "none"
    },
    {
      "pauli_decomp_time_s": 0.0309347549919039,
      "circuit_construction_time_s": 0.0006765889702364802,
      "transpilation_time_s": 0.09880973596591502,
      "execution_time_s": 0.023442630073986948,
      "circuit_depth": 1277,
      "gate_counts": {
        "cx": 850,
        "rz": 280,
        "u2": 234,
        "sxdg": 66,
        "h": 65,
        "sx": 35,
        "initialize": 1,
        "save_statevector": 1
      },
      "n_qubits": 4,
      "n_pauli_terms": 119,
      "sign_recovery": "none"
    },
    {
      "pauli_decomp_time_s": 0.03002432093489915,
      "circuit_construction_time_s": 0.0006681629456579685,
      "transpilation_time_s": 0.0983125070342794,
      "execution_time_s": 0.023859506007283926,
      "circuit_depth": 1277,
      "gate_counts": {
        "cx": 850,
        "rz": 280,
        "u2": 229,
        "sxdg": 71,
        "h": 65,
        "sx": 35,
        "initialize": 1,
        "save_statevector": 1
      },
      "n_qubits": 4,
      "n_pauli_terms": 118,
      "sign_recovery": "none"
    },
    {
      "pauli_decomp_time_s": 0.030155739979818463,
      "circuit_construction_time_s": 0.0007008950924500823,
      "transpilation_time_s": 0.09749181498773396,
      "execution_time_s": 0.02318266499787569,
      "circuit_depth": 1277,
      "gate_counts": {
        "cx": 850,
        "rz": 280,
        "u2": 234,
        "sxdg": 66,
        "h": 65,
        "sx": 35,
        "initialize": 1,
        "save_statevector": 1
      },
      "n_qubits": 4,
      "n_pauli_terms": 117,