{
  "quantum_solution": [
    0.7028620944665603,
    0.09096794638642743,
    0.6995339988670567,
    0.09144338861492791
  ],
  "classical_solution": [
    0.7055698197297996,
    0.046596453582414196,
    0.7055698197297996,
    0.046596453582414196
  ],
  "_source": "harvester"
}