{
  "iterations_completed": 1,
  "converged": true,
  "_source": "harvester",
  "fidelity": 0.9979880800674722,
  "shots": 10000,
  "l2_error_abs": 0.06343374389909057,
  "l2_error_rel": 0.06343374389909057
}