{
  "quantum_solution": [
    0.8456376143646731,
    0.27060403659669524,
    0.43973155946962983,
    0.13530201829834762
  ],
  "classical_solution": [
    0.7055698197297996,
    0.046596453582414196,
    0.7055698197297996,
    0.046596453582414196
  ],
  "_source": "harvester"
}