{
  "iterations_completed": 1,
  "converged": true,
  "_source": "harvester",
  "fidelity": 0.9258314789142482,
  "shots": 100,
  "l2_error_abs": 0.3851454818266774,
  "l2_error_rel": 0.3851454818266774
}