xp, rho, u, p, Mach
0.1,0.9942586626480513,1.508661735976216,0.7076306682126016,1.511381932104511
0.3,0.9198929387568276,1.5759701406161388,0.6327570672264418,1.6059577195143402
0.5,0.7023241001661297,1.630096110095038,0.43882585608848756,1.742897610809846
0.7,0.7000739979481969,1.5541342917094971,0.43891000723768564,1.6588562660219202
0.9,0.7682858849941778,1.4771265265300748,0.5003387453492981,1.5469740874127293
