xp, rho, u, p, Mach
0.1,0.9874693094516823,1.5144380086690614,0.6998185693197891,1.5203954290328217
0.3,0.886025697274,1.6131695871565568,0.6031797849443702,1.6524022503714244
0.5,0.6197020656583951,1.7414250353507754,0.375045948774642,1.8918643717525907
0.7,0.5170240539206188,1.829122697840022,0.2887611905617124,2.068544097044362
0.9,0.4837682831996277,1.869588810576964,0.2609000722089107,2.151610616647622
