xp, rho, u, p, Mach
0.1,0.9874709824924711,1.514436245103505,0.6998202923150499,1.5203930748605852
0.3,0.8860313990791892,1.613163545497254,0.6031849899733633,1.6523942490669137
0.5,0.6197112228745948,1.7414124086328229,0.3750528893711455,1.8918471267607286
0.7,0.5170336607150468,1.8291068174158311,0.28876810496970845,2.068520590169084
0.9,0.4837714387430581,1.8695833271783733,0.260901801912043,2.1516041910788166
