xp, rho, u, p, Mach
0.1,0.9874709830548669,1.5144362442409858,0.6998202925730229,1.5203930741473999
0.3,0.8860314014835502,1.6131635439387375,0.6031849913208789,1.652394247866764
0.5,0.6197112211987591,1.7414124126372883,0.37505288804127496,1.8918471319072163
0.7,0.5170336188592645,1.8291068878201795,0.2887680745166321,2.0685206951331803
0.9,0.4837713245045126,1.869583534157816,0.26090171659790834,2.1516045270230904
