xp, rho, u, p, Mach
0.1,0.9874705490357352,1.5144366904756492,0.6998198393227065,1.520393680365296
0.3,0.8860298778366265,1.6131652360434126,0.6031835879611789,1.652396482585328
0.5,0.6197086306386644,1.7414160365061082,0.37505090199654073,1.8918521236391705
0.7,0.5170294297161806,1.8291139079705565,0.28876499914081344,2.068531269202194
0.9,0.4837662394126582,1.8695927443105924,0.26089805065669947,2.1516189345731664
