xp, rho, u, p, Mach
0.1,0.9874128741503995,1.51454745469541,0.6997621167013385,1.5205231850746161
0.3,0.8857077651765677,1.613286926723346,0.6029878327373382,1.652488890065772
0.5,0.6199167967386902,1.740526135955102,0.3753982912880976,1.8903276523751258
0.7,0.523380880786125,1.8186963198053452,0.29352971676777395,2.0524805923720373
0.9,0.5015278226904607,1.837793432281862,0.27433286533099716,2.1001062768313195
