xp, rho, u, p, Mach
0.1,0.9874128741503995,1.514506303510179,0.6997867327368809,1.5204551286881973
0.3,0.8857652292133519,1.6133943001427618,0.602965500904347,1.652683085486651
0.5,0.6194218049858516,1.7417572705780668,0.37486590430443606,1.8922516313221018
0.7,0.5182515686786412,1.8271625545584584,0.28970426643875075,2.0654088597009417
0.9,0.4881955962930877,1.8616582681995189,0.26425887341120763,2.138543481494805
