xp, rho, u, p, Mach
0.1,0.9874709830548669,1.5144362442409858,0.6998202925730229,1.5203930741473999
0.3,0.8860314014835502,1.6131635439387375,0.6031849920949138,1.6523942468065493
0.5,0.6197112228745948,1.7414124114192586,0.37505288841605855,1.8918471321967065
0.7,0.5170336357289812,1.8291068602815639,0.2887680869010829,2.0685206533792218
0.9,0.4837713676009973,1.86958345653419,0.26090174877531486,2.151604400847062
