xp, rho, u, p, Mach
0.1,0.9942586626480513,1.5073395656244954,0.7052686324224042,1.5125839527718916
0.3,0.9049044283418194,1.5924376388829957,0.6199704271517051,1.6259765803461446
0.5,0.6707468211566053,1.6727221118047042,0.41354263980694617,1.8004412054412027
0.7,0.6472940063669711,1.6247962936456581,0.3935628931513926,1.7610781245829168
0.9,0.7068653399938412,1.5269039171065035,0.4466105079444291,1.6234972843395568
