xp, rho, u, p, Mach
0.1,0.9874691165899486,1.5144382153588396,0.6998183741286643,1.5203957000940458
0.3,0.8860250783531521,1.613170220338445,0.6031792198866918,1.6524030958051112
0.5,0.6197010862167165,1.7414264063513787,0.3750452087715358,1.8918662325619802
0.7,0.5170234429525605,1.8291237038964745,0.288760776674261,2.0685454950311875
0.9,0.4837691384645926,1.8695872360054313,0.26090079030422897,2.151607745479373
