{
  "grid": [
    0.0,
    0.0625,
    0.125,
    0.1875,
    0.25,
    0.3125,
    0.375,
    0.4375,
    0.5,
    0.5625,
    0.625,
    0.6875,
    0.75,
    0.8125,
    0.875,
    0.9375
  ],
  "solution_steps": {
    "0": [
      0.0,
      0.3826834323650898,
      0.7071067811865475,
      0.9238795325112867,
      1.0,
      0.9238795325112867,
      0.7071067811865476,
      0.3826834323650899,
      1.2246467991473532e-16,
      -0.38268343236508967,
      -0.7071067811865475,
      -0.9238795325112865,
      -1.0,
      -0.9238795325112866,
      -0.7071067811865477,
      -0.3826834323650904
    ],
    "2": [
      -0.003997346217263893,
      0.022652956287111604,
      0.04179204124413763,
      0.059616468884742424,
      0.05984983401278488,
      0.059123808479943474,
      0.04479221653444394,
      0.021870868616268614,
      0.00020924352218024936,
      -0.023394151946728618,
      -0.04368435457164486,
      -0.05685455580117484,
      -0.06276679981078206,
      -0.05814957194054847,
      -0.044648868331517134,
      -0.02467610744951577
    ],
    "4": [
      -0.00024058092211757767,
      0.0013980712359770386,
      0.0026346387798780067,
      0.00369768789849624,
      0.0037388717986108246,
      0.0036734962474372934,
      0.0027548428045016827,
      0.0013379748765966998,
      2.947927031815027e-05,
      -0.0014388710624624265,
      -0.0027486230367520974,
      -0.003546781433359975,
      -0.003901103862345596,
      -0.003614556302329224,
      -0.002738856593617811,
      -0.0015205480007462271
    ],
    "6": [
      -1.5221003437831978e-05,
      8.570618461084108e-05,
      0.00016739854609946567,
      0.000233200375677483,
      0.0002295724069548557,
      0.00022408705389172703,
      0.00017405038310335853,
      8.624619336235449e-05,
      1.226431175202573e-06,
      -8.987992371235778e-05,
      -0.00016921484846347086,
      -0.0002190335850180807,
      -0.0002439386384476477,
      -0.00022580613500669725,
      -0.00016985282592226893,
      -9.48346119731911e-05
    ],
    "8": [
      -7.793209518487601e-07,
      5.225228173701583e-06,
      1.053920153625025e-05,
      1.4726571567878101e-05,
      1.382059471057134e-05,
      1.3491503504299474e-05,
      1.1332045057604636e-05,
      5.627729449057638e-06,
      2.787595405498424e-07,
      -5.465641670236428e-06,
      -1.074273337203099e-05,
      -1.3742569450315964e-05,
      -1.5376429361152375e-05,
      -1.425129881364436e-05,
      -1.0314884405588142e-05,
      -5.735926714115766e-06
    ],
    "10": [
      -3.4132944833876065e-08,
      3.4897029262699224e-07,
      6.350083353836589e-07,
      8.97524921279009e-07,
      8.666396130578519e-07,
      8.304503087167842e-07,
      6.81854215481525e-07,
      3.5010220166666097e-07,
      1.1056589446616547e-08,
      -3.548297926678791e-07,
      -6.60170367300125e-07,
      -8.416417073058595e-07,
      -9.779524348893344e-07,
      -9.008522517373785e-07,
      -6.349987647038364e-07,
      -3.635560027355508e-07
    ]
  },
  "_source": "solver"
}