dq_lu, dq_hhl,
5.8749803236398106e-05,0.0
-0.002039219619257823,-0.0
-0.0018929938386675219,-0.0045023707862424985
0.0044661137359182455,0.00450237078624387
0.0033136782038659944,0.0
-0.008488228381756502,-0.004502370786244348
-0.0011801736080529733,-0.0
-0.0016615253671718522,-0.0
-0.002550331370256432,-0.0
0.00405115281236198,0.004502370786243766
-0.0013180557011705472,-0.0
-0.00227670161809995,-0.0
-0.0019229101688575812,-0.0
-0.0028892844227252014,-0.0
-0.003301942342721865,-0.0
