xp, rho, u, p, Mach
0.1,0.9874166582944784,1.518837057696934,0.6988612364773354,1.5258151253779018
0.3,0.8811878806660508,1.6182600218361356,0.6077925796959289,1.646799962197866
0.5,0.6230985505212193,1.7351982948888414,0.3767069508675596,1.8860866801764433
0.7,0.5103640033495209,1.8563115128576606,0.2853037963224871,2.0983265839274052
0.9,0.4856846013154354,1.8734902973638465,0.2594649536231495,2.166333147391178
