xp, rho, u, p, Mach
0.1,0.9874166582944784,1.518837057696934,0.6988612364773354,1.5258151253779018
0.3,0.8811878806660508,1.614904206217502,0.6117534820895653,1.6380561348726965
0.5,0.6230985505212193,1.7351982948888414,0.3778897924887155,1.8831325247730366
0.7,0.5082730150210483,1.8639482072968372,0.2838568037457121,2.1079907224201757
0.9,0.4856846013154354,1.8777955364486547,0.25789617464409603,2.1779053491054143
