xp, rho, u, p, Mach
0.1,0.9874166582944784,1.5191155500565328,0.7085510492687547,1.5156238947950604
0.3,0.8811878806660508,1.614904206217502,0.6119734724856257,1.6377616866450484
0.5,0.6230985505212193,1.7483809245099522,0.3721669146150297,1.9119720142355308
0.7,0.5079980270259725,1.8487876877302356,0.2931622457421042,2.056837658727765
0.9,0.4856846013154354,1.878361722805667,0.25768959501331373,2.179435082405837
