{
  "u_initial": [
    0.0,
    0.3826834323650898,
    0.7071067811865475,
    0.9238795325112867,
    1.0,
    0.9238795325112867,
    0.7071067811865476,
    0.3826834323650899,
    1.2246467991473532e-16,
    -0.38268343236508967,
    -0.7071067811865475,
    -0.9238795325112865,
    -1.0,
    -0.9238795325112866,
    -0.7071067811865477,
    -0.3826834323650904
  ],
  "u_final_classical": [
    -5.857590438709849e-17,
    0.1889547358027246,
    0.37461807356714477,
    0.5530941296344742,
    0.7189359818183182,
    0.8627457524740141,
    0.9804309490943023,
    0.978818493029693,
    5.190854798563756e-16,
    -0.9788184930296926,
    -0.9804309490943022,
    -0.862745752474014,
    -0.7189359818183185,
    -0.5530941296344745,
    -0.3746180735671451,
    -0.18895473580272476
  ],
  "u_final_method": [
    1.1901590823981679e-15,
    0.20558520122382998,
    0.37050388944901336,
    0.4939123228763198,
    0.5885097591359291,
    0.6629843686231341,
    0.7200397305481399,
    0.6496966495139183,
    3.046409347007284e-11,
    -0.6496966495113662,
    -0.7200397305785858,
    -0.662984368625713,
    -0.5885097591359485,
    -0.4939123228762925,
    -0.37050388944901314,
    -0.2055852012238304
  ],
  "errors_by_step": {
    "0": 0.0,
    "4": 0.08230374714916432,
    "8": 0.12123779566967435,
    "12": 0.14518052662998965,
    "16": 0.16411605517877323,
    "20": 0.19056636302128485,
    "24": 0.2300873081200254,
    "26": 0.2542940789595406
  },
  "final_error": 0.2542940789595406,
  "max_error": 0.2542940789595406,
  "_source": "solver"
}