{
  "u_initial": [
    0.0,
    0.02940514209886818,
    0.05852709660483847,
    0.0870854031763387,
    0.11480502970952693,
    0.1414190210477993,
    0.16667106990588065,
    0.19031798524909363,
    0.21213203435596423,
    0.2319031360088211,
    0.24944088369076356,
    0.26457637930450645,
    0.27716385975338603,
    0.2870821007196626,
    0.2942355841209691,
    0.298555418001659,
    0.3,
    0.2985554180016591,
    0.2942355841209691,
    0.28708210071966267,
    0.27716385975338603,
    0.2645763793045065,
    0.2494408836907636,
    0.23190313600882112,
    0.21213203435596426,
    0.19031798524909363,
    0.16667106990588065,
    0.14141902104779935,
    0.11480502970952697,
    0.08708540317633871,
    0.05852709660483858,
    0.029405142098868246,
    3.6739403974420595e-17,
    -0.029405142098868176,
    -0.058527096604838506,
    -0.08708540317633863,
    -0.1148050297095269,
    -0.1414190210477993,
    -0.16667106990588057,
    -0.19031798524909357,
    -0.21213203435596423,
    -0.23190313600882098,
    -0.24944088369076356,
    -0.26457637930450645,
    -0.2771638597533859,
    -0.2870821007196626,
    -0.29423558412096906,
    -0.2985554180016591,
    -0.3,
    -0.2985554180016591,
    -0.2942355841209691,
    -0.28708210071966267,
    -0.277163859753386,
    -0.2645763793045065,
    -0.24944088369076362,
    -0.23190313600882106,
    -0.2121320343559643,
    -0.19031798524909377,
    -0.16667106990588065,
    -0.14141902104779938,
    -0.1148050297095271,
    -0.08708540317633874,
    -0.05852709660483861,
    -0.029405142098868152
  ],
  "u_final_classical": null,
  "u_final_method": [
    -0.0038652821946491486,
    0.01550416001232951,
    0.03296634715917991,
    0.055472070122932926,
    0.07164652567610615,
    0.08665231427750247,
    0.10053150992217917,
    0.11691258294802666,
    0.12988263659974442,
    0.14422790286562906,
    0.15861520859180533,
    0.17189194425000232,
    0.18212489395195686,
    0.19721747851963703,
    0.20536937603841224,
    0.22265744940371565,
    0.2316978806364207,
    0.23924530052495344,
    0.24197592131290033,
    0.24316766258399422,
    0.2413678312491005,
    0.24058291576674184,
    0.2324362994466276,
    0.2217921463426083,
    0.205563165460884,
    0.18854740743174475,
    0.16696778427359518,
    0.14356296777323024,
    0.1154723688373085,
    0.08827983953094151,
    0.052572109979345555,
    0.01897753601566848,
    -0.017468894923211884,
    -0.04930558069621546,
    -0.08248600577821696,
    -0.10977996064098483,
    -0.1413276526538799,
    -0.16836537841896163,
    -0.19704407516875871,
    -0.21798181703868383,
    -0.23655632515034125,
    -0.24773553401534112,
    -0.25839409296006105,
    -0.2620121368830275,
    -0.26935322966961484,
    -0.26972076556157093,
    -0.26979134054625875,
    -0.26466953960709505,
    -0.259121031708941,
    -0.24696273330157284,
    -0.23093701096815447,
    -0.21449296180681032,
    -0.19925037944058477,
    -0.18145778273714813,
    -0.16642702694217087,
    -0.1514187363512943,
    -0.1358764418730774,
    -0.12084902021881104,
    -0.10895306133310662,
    -0.09021322900169887,
    -0.07593542246020024,
    -0.055498393092800045,
    -0.036535548869347734,
    -0.018501980287291525
  ],
  "errors_by_step": {},
  "final_error": NaN,
  "max_error": NaN,
  "_source": "solver"
}