{
  "iterations_completed": 1,
  "converged": true,
  "_source": "harvester",
  "fidelity": 0.4068021029911142,
  "shots": 10000,
  "l2_error_abs": 1.3604218598777527,
  "l2_error_rel": 1.3604218598777529
}