{
  "quantum_solution": [
    0.36977865,
    0.01106915,
    0.01072323,
    0.03009424,
    0.80389671,
    0.00553457,
    0.00657231,
    0.02801878,
    0.79767031,
    0.00518866,
    0.00622639,
    0.02663513,
    0.36701136,
    0.01106915,
    0.01106915,
    0.03805019,
    0.13282975,
    0.05154071,
    0.01798736,
    0.00172955,
    0.16880447,
    0.06503123,
    0.02006283,
    0.01245279,
    0.15323849,
    0.0608803,
    0.02213829,
    0.01141506,
    0.14770391,
    0.04600614,
    0.01625781,
    0.00242138
  ],
  "classical_solution": [
    0.1370258292656998,
    -0.011418819105474983,
    -0.011418819105474983,
    0.1370258292656998,
    -1.5212923061913554e-18,
    0.0038062730351583283,
    0.003806273035158328,
    6.628487905548049e-18,
    5.324523071669744e-18,
    0.003806273035158328,
    0.003806273035158329,
    -1.2170338449530844e-17,
    0.1370258292656998,
    -0.011418819105474983,
    -0.011418819105474987,
    0.13702582926569984,
    0.3768210304806741,
    0.25882656639076623,
    0.14463837533601673,
    0.03425645731642548,
    0.3768210304806745,
    0.25882656639076634,
    0.14463837533601653,
    0.03425645731642495,
    0.3768210304806745,
    0.25882656639076634,
    0.14463837533601648,
    0.03425645731642481,
    0.3768210304806744,
    0.2588265663907663,
    0.14463837533601653,
    0.03425645731642495
  ],
  "_source": "harvester"
}