{
  "u_initial": [
    0.0,
    0.20129852008866006,
    0.39435585511331855,
    0.5712682150947923,
    0.7247927872291199,
    0.8486442574947509,
    0.9377521321470804,
    0.9884683243281114,
    0.9987165071710528,
    0.9680771188662044,
    0.8978045395707416,
    0.7907757369376985,
    0.6513724827222223,
    0.48530196253108143,
    0.29936312297335804,
    0.10116832198743228,
    -0.10116832198743204,
    -0.2993631229733574,
    -0.48530196253108043,
    -0.651372482722222,
    -0.7907757369376986,
    -0.8978045395707414,
    -0.9680771188662043,
    -0.9987165071710528,
    -0.9884683243281114,
    -0.9377521321470808,
    -0.8486442574947515,
    -0.72479278722912,
    -0.5712682150947924,
    -0.3943558551133187,
    -0.20129852008866028,
    -2.4492935982947064e-16
  ],
  "u_final_classical": [
    0.0,
    0.09839179010377658,
    0.1962782989898906,
    0.29313054584592063,
    0.3883690882028365,
    0.4813303401560362,
    0.5712201680571987,
    0.6570448996530251,
    0.7375013551493942,
    0.8107885104654762,
    0.8742569673413902,
    0.9236824215361206,
    0.9515769639887613,
    0.9421244819586885,
    0.8332528550024384,
    0.3881166374062371,
    -0.38811663740623537,
    -0.8332528550024381,
    -0.9421244819586885,
    -0.9515769639887613,
    -0.9236824215361207,
    -0.8742569673413905,
    -0.8107885104654763,
    -0.7375013551493943,
    -0.6570448996530251,
    -0.5712201680571987,
    -0.48133034015603626,
    -0.38836908820283655,
    -0.29313054584592074,
    -0.19627829898989074,
    -0.09839179010377674,
    -2.4492935982947064e-16
  ],
  "u_final_method": [
    0.10878248415881447,
    0.1632637901417327,
    0.23233866894187188,
    0.2331034566364967,
    0.2027346238568314,
    0.17254866290350754,
    0.18513995292450958,
    0.17344424978997297,
    0.20477555189092272,
    0.16383785066223738,
    0.09227016553620898,
    0.0942383526940439,
    0.022585330733116,
    -0.003131419634215522,
    0.03765665768461037,
    0.07409554914616502,
    0.025190434072155148,
    -0.07409554914616502,
    -0.050186996949554016,
    0.01633087992696315,
    -0.10578004317369567,
    -0.17369163528496726,
    -0.12989597292103297,
    -0.177597581586196,
    -0.19934371688786295,
    -0.18241655540572527,
    -0.18037551361798732,
    -0.19080787091358498,
    -0.2299115187507456,
    -0.23333901060068252,
    -0.16179778044027346,
    -0.111984168702203
  ],
  "errors_by_step": {
    "0": 0.0,
    "8": 0.7986959241233701,
    "16": 0.8209255219828057,
    "24": 0.8321088322912472,
    "32": 0.8436973838273785,
    "40": 0.8504078526956025,
    "48": 0.8526630248442008,
    "50": 0.8597842463992289
  },
  "final_error": 0.8597842463992289,
  "max_error": 0.8597842463992289,
  "_source": "solver"
}