dq_lu, dq_hhl,
0.0011501958583469943,0.00013970399472248377
0.0007953839773955077,8.348910566527453e-05
0.002367175262307351,0.0003179170427793793
0.0019409332166904175,0.00021121258697034463
0.000757283659785536,6.467038316626781e-05
0.005208922820306676,0.0006536722465290817
0.002541322876343343,0.00032656942707704747
0.0017059095005592343,0.00021930793938454996
0.003854066243426383,0.0005233907995529634
7.546354088743396e-05,0.0
0.0010496724772038547,0.00013970399472247214
-0.0007118187135740437,-7.467492625927564e-05
-0.0019940522749551655,-0.0002613622419077008
-0.003031265338639426,-0.000450377103387471
-0.004269108119165553,-0.000570542826364714
