{
  "u_initial": [
    0.0,
    0.02940514209886818,
    0.05852709660483847,
    0.0870854031763387,
    0.11480502970952693,
    0.1414190210477993,
    0.16667106990588065,
    0.19031798524909363,
    0.21213203435596423,
    0.2319031360088211,
    0.24944088369076356,
    0.26457637930450645,
    0.27716385975338603,
    0.2870821007196626,
    0.2942355841209691,
    0.298555418001659,
    0.3,
    0.2985554180016591,
    0.2942355841209691,
    0.28708210071966267,
    0.27716385975338603,
    0.2645763793045065,
    0.2494408836907636,
    0.23190313600882112,
    0.21213203435596426,
    0.19031798524909363,
    0.16667106990588065,
    0.14141902104779935,
    0.11480502970952697,
    0.08708540317633871,
    0.05852709660483858,
    0.029405142098868246,
    3.6739403974420595e-17,
    -0.029405142098868176,
    -0.058527096604838506,
    -0.08708540317633863,
    -0.1148050297095269,
    -0.1414190210477993,
    -0.16667106990588057,
    -0.19031798524909357,
    -0.21213203435596423,
    -0.23190313600882098,
    -0.24944088369076356,
    -0.26457637930450645,
    -0.2771638597533859,
    -0.2870821007196626,
    -0.29423558412096906,
    -0.2985554180016591,
    -0.3,
    -0.2985554180016591,
    -0.2942355841209691,
    -0.28708210071966267,
    -0.277163859753386,
    -0.2645763793045065,
    -0.24944088369076362,
    -0.23190313600882106,
    -0.2121320343559643,
    -0.19031798524909377,
    -0.16667106990588065,
    -0.14141902104779938,
    -0.1148050297095271,
    -0.08708540317633874,
    -0.05852709660483861,
    -0.029405142098868152
  ],
  "u_final_classical": null,
  "u_final_method": [
    0.01641716521698921,
    0.03190923484949399,
    0.0527138621180985,
    0.06792905099494616,
    0.08202575600243586,
    0.09530738725177457,
    0.10887774743480651,
    0.1172271663516456,
    0.13137156492863653,
    0.14468543480273696,
    0.160346830729933,
    0.172536534859536,
    0.185335560672857,
    0.1906390671001911,
    0.20878501041975375,
    0.21181952383282707,
    0.21722371300549803,
    0.2215652091425975,
    0.22943825060808537,
    0.23025020239304148,
    0.22838189398154926,
    0.22819640590118057,
    0.22274944754523146,
    0.21509803245627954,
    0.20524198431241814,
    0.19185935105662902,
    0.1747482584692865,
    0.1523802031381129,
    0.13009197531773595,
    0.10306734695512243,
    0.07612013511820609,
    0.048729322086850206,
    0.018168853718531594,
    -0.015272783786439184,
    -0.04939552343727146,
    -0.0851890839903826,
    -0.11538911135734205,
    -0.15376807300735776,
    -0.18136574564371047,
    -0.20700212448021554,
    -0.22577303840266916,
    -0.24236417388317863,
    -0.2542604422058479,
    -0.2626170904040174,
    -0.2639461002469835,
    -0.2625221384001213,
    -0.26384093694998845,
    -0.25841661449966835,
    -0.25405372162424444,
    -0.23776973294539994,
    -0.2299377174558249,
    -0.21328173151528823,
    -0.20637116554293503,
    -0.18711174730036978,
    -0.17341067170704197,
    -0.1519004280125808,
    -0.13137143652240493,
    -0.11343195447246562,
    -0.09414179426830464,
    -0.07253974614246253,
    -0.056304748337830945,
    -0.038466318404003344,
    -0.019972394104882097,
    -0.003542571874756821
  ],
  "errors_by_step": {},
  "final_error": NaN,
  "max_error": NaN,
  "_source": "solver"
}