{
  "grid": [
    0.0,
    0.03125,
    0.0625,
    0.09375,
    0.125,
    0.15625,
    0.1875,
    0.21875,
    0.25,
    0.28125,
    0.3125,
    0.34375,
    0.375,
    0.40625,
    0.4375,
    0.46875,
    0.5,
    0.53125,
    0.5625,
    0.59375,
    0.625,
    0.65625,
    0.6875,
    0.71875,
    0.75,
    0.78125,
    0.8125,
    0.84375,
    0.875,
    0.90625,
    0.9375,
    0.96875
  ],
  "solution_steps": {
    "0": [
      0.0,
      0.0780361288064513,
      0.15307337294603593,
      0.22222809320784087,
      0.282842712474619,
      0.3325878449210181,
      0.36955181300451473,
      0.3923141121612922,
      0.4,
      0.3923141121612922,
      0.36955181300451473,
      0.33258784492101817,
      0.28284271247461906,
      0.22222809320784087,
      0.15307337294603596,
      0.07803612880645144,
      4.898587196589413e-17,
      -0.07803612880645135,
      -0.15307337294603587,
      -0.2222280932078408,
      -0.282842712474619,
      -0.3325878449210181,
      -0.3695518130045146,
      -0.39231411216129214,
      -0.4,
      -0.3923141121612922,
      -0.3695518130045147,
      -0.3325878449210182,
      -0.28284271247461906,
      -0.22222809320784087,
      -0.15307337294603618,
      -0.0780361288064515
    ],
    "10": [
      -0.04520190336897542,
      -0.044811250462176135,
      -0.008941388313940877,
      -0.017485649731277846,
      -0.0026746479331278294,
      0.050799530010602466,
      0.02934257998343014,
      -0.05188212625175481,
      -0.033537871590492326,
      0.06340578567429773,
      0.05060889833498493,
      -0.04310059501335189,
      -0.004047501974549874,
      0.11485501912558277,
      0.030227007250881996,
      -0.18333491505549146,
      -0.1598640844470141,
      0.07625029329975731,
      0.14573536004102478,
      -0.03202317492540345,
      -0.08265850160424391,
      0.1349799375341064,
      0.23831973621045988,
      -0.011423666487177967,
      -0.22056335884631947,
      -0.08315134274691786,
      0.09461005561389939,
      0.026444602821225942,
      -0.10490082363597764,
      -0.04615913773965701,
      0.07354644427996035,
      0.046636689947635826
    ],
    "20": [
      -0.07588857724779074,
      -0.00948473912473048,
      -0.0998389963703488,
      -0.11320861127426411,
      0.08425280170179462,
      0.18774075278080118,
      -0.002023054356853322,
      -0.12426578147910845,
      0.07122637675316781,
      0.19328786554179062,
      -0.059899745140962746,
      -0.24980918349931955,
      -0.023889763543436117,
      0.2178961173877903,
      0.051954158131346725,
      -0.21015062064942355,
      -0.10808652519785311,
      0.12843270882069474,
      0.11392904348328556,
      -0.009656073549343204,
      0.06895687868371539,
      0.16721278361050734,
      -0.013228329689748363,
      -0.1908477356344366,
      -0.04640720783351383,
      0.1346466312952961,
      0.02004882521525957,
      -0.14305137196518075,
      -0.026603207320983414,
      0.1419546314617989,
      0.04549732273292079,
      -0.1206973737228725
    ],
    "30": [
      -0.0847291225996804,
      0.0008577685226538278,
      -0.06258528288007255,
      -0.10079737741162546,
      0.048743506666511394,
      0.15746596961680892,
      0.010886232381343461,
      -0.12282305755460185,
      0.0186084906016265,
      0.15857941468085412,
      -0.008007154346804555,
      -0.1895664956464145,
      -0.036146414661538416,
      0.1926881963615915,
      0.08906995690614451,
      -0.16550714461431368,
      -0.13028020077453617,
      0.08954596124530098,
      0.12885299371889458,
      0.013123465072559383,
      0.014044832478947455,
      0.08359960454076713,
      -0.0014707280228168427,
      -0.10949728430898346,
      -0.023204372352529958,
      0.08560488447644161,
      -0.012145166882697822,
      -0.12325143285614842,
      -0.005088520011310038,
      0.14660404261739018,
      0.05345094977851886,
      -0.11662651474228028
    ],
    "40": [
      -0.13211680789045488,
      0.09265921615326363,
      0.077165037879534,
      -0.1376112218772755,
      -0.13577295653805777,
      0.08620897883317524,
      0.15006886782476897,
      -0.02313606957736681,
      -0.11597282693903195,
      -0.021873983198598238,
      0.043026270726989536,
      0.03457011679379377,
      0.08572930256429231,
      0.12628703524038598,
      -0.022044100768144972,
      -0.18708839034678418,
      -0.11058948316179056,
      0.05852891979498679,
      0.0582101302034016,
      -0.016029943600664752,
      0.06796933174238973,
      0.17457424432356616,
      0.023653338195570653,
      -0.1819106606048763,
      -0.09932757913931539,
      0.08558227851435334,
      0.02903850319233584,
      -0.11802107259607225,
      -0.014948904207862483,
      0.18957530717577753,
      0.09591187631537536,
      -0.16231475502766443
    ]
  },
  "_source": "solver"
}