{
  "u_initial": [
    0.0,
    0.0780361288064513,
    0.15307337294603593,
    0.22222809320784087,
    0.282842712474619,
    0.3325878449210181,
    0.36955181300451473,
    0.3923141121612922,
    0.4,
    0.3923141121612922,
    0.36955181300451473,
    0.33258784492101817,
    0.28284271247461906,
    0.22222809320784087,
    0.15307337294603596,
    0.07803612880645144,
    4.898587196589413e-17,
    -0.07803612880645135,
    -0.15307337294603587,
    -0.2222280932078408,
    -0.282842712474619,
    -0.3325878449210181,
    -0.3695518130045146,
    -0.39231411216129214,
    -0.4,
    -0.3923141121612922,
    -0.3695518130045147,
    -0.3325878449210182,
    -0.28284271247461906,
    -0.22222809320784087,
    -0.15307337294603618,
    -0.0780361288064515
  ],
  "u_final_classical": null,
  "u_final_method": [
    -0.13211680789045488,
    0.09265921615326363,
    0.077165037879534,
    -0.1376112218772755,
    -0.13577295653805777,
    0.08620897883317524,
    0.15006886782476897,
    -0.02313606957736681,
    -0.11597282693903195,
    -0.021873983198598238,
    0.043026270726989536,
    0.03457011679379377,
    0.08572930256429231,
    0.12628703524038598,
    -0.022044100768144972,
    -0.18708839034678418,
    -0.11058948316179056,
    0.05852891979498679,
    0.0582101302034016,
    -0.016029943600664752,
    0.06796933174238973,
    0.17457424432356616,
    0.023653338195570653,
    -0.1819106606048763,
    -0.09932757913931539,
    0.08558227851435334,
    0.02903850319233584,
    -0.11802107259607225,
    -0.014948904207862483,
    0.18957530717577753,
    0.09591187631537536,
    -0.16231475502766443
  ],
  "errors_by_step": {},
  "final_error": NaN,
  "max_error": NaN,
  "_source": "solver"
}