xp, rho, u, p, Mach
0.1,0.9999999999999999,1.5000000000000002,0.7103578631514158,1.5041413313993377
0.3,0.9313383428543859,1.5729921389004102,0.6274338571249883,1.619691491876915
0.5,0.6604336860318685,1.7140415886761662,0.3800815120907258,1.909561162301085
0.7,0.5770837266742497,1.7764027108913996,0.29669942467030647,2.093815792786591
0.9,0.517239103544603,1.8330327841394762,0.27203833203975825,2.136175049049475
