xp, rho, u, p, Mach
0.1,0.9945014723962842,1.506766347216766,0.7046777251561611,1.5128272457102558
0.3,0.8898133219120444,1.6077866868710076,0.6089346984166184,1.6425874534346054
0.5,0.6221877606809072,1.7461904280903708,0.37362800905618604,1.9044457435823383
0.7,0.525595304745357,1.814913183042048,0.29303093775872147,2.0542856782477212
0.9,0.4946244207223223,1.8443078576112302,0.2686551572917986,2.1149961689444345
