{
  "u_initial": [
    0.0,
    0.09956784659581665,
    0.19814614319939755,
    0.29475517441090415,
    0.3884347962746947,
    0.4782539786213182,
    0.563320058063622,
    0.6427876096865393,
    0.7158668492597183,
    0.7818314824680298,
    0.8400259231507714,
    0.8898718088114685,
    0.9308737486442041,
    0.962624246950012,
    0.984807753012208,
    0.9972037971811801,
    0.9996891820008162,
    0.9922392066001721,
    0.9749279121818236,
    0.9479273461671318,
    0.9115058523116732,
    0.8660254037844387,
    0.8119380057158566,
    0.7497812029677344,
    0.6801727377709197,
    0.6038044103254777,
    0.5214352033794981,
    0.43388373911755823,
    0.3420201433256689,
    0.24675739769029384,
    0.14904226617617472,
    0.04984588566069748,
    -0.049845885660696795,
    -0.14904226617617358,
    -0.24675739769029317,
    -0.34202014332566866,
    -0.433883739117558,
    -0.5214352033794976,
    -0.6038044103254772,
    -0.6801727377709195,
    -0.749781202967734,
    -0.811938005715856,
    -0.8660254037844384,
    -0.9115058523116731,
    -0.9479273461671316,
    -0.9749279121818234,
    -0.992239206600172,
    -0.9996891820008162,
    -0.9972037971811802,
    -0.9848077530122081,
    -0.9626242469500124,
    -0.9308737486442045,
    -0.8898718088114687,
    -0.8400259231507717,
    -0.7818314824680299,
    -0.7158668492597183,
    -0.6427876096865396,
    -0.5633200580636227,
    -0.4782539786213186,
    -0.38843479627469474,
    -0.2947551744109047,
    -0.19814614319939858,
    -0.09956784659581729,
    -2.4492935982947064e-16
  ],
  "u_final_classical": [
    0.0,
    0.06541424695276456,
    0.13063178751552265,
    0.19545373377309513,
    0.25967677634990016,
    0.32309082495298275,
    0.3854764627045195,
    0.4466021387633492,
    0.5062210111220821,
    0.5640673342457745,
    0.6198522633077449,
    0.6732589167904722,
    0.7239365004689247,
    0.7714932464024242,
    0.8154878588024447,
    0.8554190838115318,
    0.8907129346393095,
    0.9207070168778985,
    0.9446313375987856,
    0.9615850084747765,
    0.9705085051749237,
    0.9701519111523125,
    0.9590414315798814,
    0.9354505000176385,
    0.8973898558031019,
    0.8426455259378947,
    0.7689161430813399,
    0.674126033548464,
    0.5569936329251584,
    0.4178628862418378,
    0.2596045954709622,
    0.08811851067703101,
    -0.08811851067702985,
    -0.2596045954709612,
    -0.41786288624183704,
    -0.5569936329251577,
    -0.6741260335484635,
    -0.7689161430813396,
    -0.8426455259378943,
    -0.8973898558031017,
    -0.9354505000176383,
    -0.9590414315798813,
    -0.9701519111523125,
    -0.9705085051749237,
    -0.9615850084747766,
    -0.9446313375987856,
    -0.9207070168778985,
    -0.8907129346393095,
    -0.8554190838115319,
    -0.8154878588024447,
    -0.7714932464024242,
    -0.7239365004689247,
    -0.6732589167904723,
    -0.6198522633077451,
    -0.5640673342457747,
    -0.5062210111220823,
    -0.4466021387633495,
    -0.38547646270451985,
    -0.3230908249529831,
    -0.2596767763499005,
    -0.19545373377309544,
    -0.13063178751552298,
    -0.06541424695276483,
    -2.4492935982947064e-16
  ],
  "u_final_method": [
    0.057227416751196164,
    0.086287088327191,
    0.14507260170583233,
    0.2051163487779903,
    0.2660619384947732,
    0.32726980492063734,
    0.3880457056523508,
    0.44777430248454264,
    0.5059571564083053,
    0.5621965931247184,
    0.616162207584711,
    0.6675588780652238,
    0.7161015997878302,
    0.7614960669462524,
    0.8034221574724195,
    0.8415175998231762,
    0.8753596174472428,
    0.9044426940646535,
    0.9281507012388208,
    0.9457216042010321,
    0.956203078359227,
    0.9583981303082814,
    0.9508022012933083,
    0.9315390594893284,
    0.8983150290280417,
    0.8484333553243363,
    0.7789435559707653,
    0.6870326686871948,
    0.5707569381437703,
    0.43009478550334473,
    0.2680357197431134,
    0.09112494820947575,
    -0.09112490011509383,
    -0.26803568615815815,
    -0.43009478498238457,
    -0.5707569578491826,
    -0.6870326909784835,
    -0.7789435752291423,
    -0.8484333673160412,
    -0.8983150341859252,
    -0.9315390619327965,
    -0.9508022021467041,
    -0.9583981305876681,
    -0.9562030784917213,
    -0.9457216042462204,
    -0.9281507012612309,
    -0.9044426940750036,
    -0.8753596174529826,
    -0.8415175998257439,
    -0.8034221574726561,
    -0.7614960669463595,
    -0.7161015997881114,
    -0.6675588780653304,
    -0.6161622075847476,
    -0.562196593124548,
    -0.5059571564081577,
    -0.4477743024845298,
    -0.38804570565239604,
    -0.32726980492067115,
    -0.2660619384947884,
    -0.20511634877800325,
    -0.1450726017058369,
    -0.08628708832719414,
    -0.05722741675119879
  ],
  "errors_by_step": {
    "0": 0.0,
    "16": 0.017745902846615733,
    "32": 0.019621390150006048,
    "48": 0.02126293496995711,
    "50": 0.021458869884303226
  },
  "final_error": 0.021458869884303226,
  "max_error": 0.021458869884303226,
  "_source": "solver"
}