dq_lu, dq_hhl,
-0.0048089443143519515,-0.0
0.00023527979888480715,0.0
-0.01589342097220959,-0.0
-0.09786157577726594,-0.0
-0.055419861267046115,-0.0
-0.21361739511493139,-0.0
-0.41475260589661667,-0.0
-0.43483038783642214,-0.19260393760904707
-0.6179968951061641,-0.19260393760904718
-0.5196158469974214,-0.0
-0.35284383915178963,-0.0
-1.02433261302748,-0.1926039376090473
-0.7739524385888114,-0.0
-0.27903700705803813,-0.0
-0.7819581274679804,-0.19260393760904726
