xp, rho, u, p, Mach
0.1,0.9999999999999999,1.5000000000000002,0.7142857142857143,1.5000000000000002
0.3,0.9975463549575917,1.5012298401122988,0.6816534783905953,1.5348568823340454
0.5,0.8578857508949952,1.4179679376529128,0.48973237450173035,1.5861261050815958
0.7,0.7617291232023258,1.5372098408792976,0.40017913931183025,1.7924299642764456
0.9,0.7478993093449019,1.4958716392686662,0.37453041361839423,1.7865218469888944
