xp, rho, u, p, Mach
0.1,1.0,1.5,0.7142857142857144,1.5
0.3,0.9975463549575917,1.5012298401122988,0.6703682248909903,1.5477221684032672
0.5,0.7947992659739102,1.5305178817041432,0.44639023901359376,1.72601980267504
0.7,0.7053028557043012,1.603620485495756,0.38146353574537406,1.8428877527734853
0.9,0.6914730418468773,1.5363362475306521,0.3632676771130225,1.791416242140018
