xp, rho, u, p, Mach
0.1,0.9999999999999999,1.5000000000000002,0.7142857142857143,1.5000000000000002
0.3,0.9999999999999999,1.5000000000000002,0.6822671914103066,1.5347936631425867
0.5,0.8613557289912183,1.4179528131235837,0.4907484643514574,1.5876675169775336
0.7,0.7651991012985488,1.5347737345407468,0.4018791255617596,1.7898632116209507
0.9,0.7528065994297182,1.4861205610115122,0.3781002307828342,1.7722633750610792
