dq_lu, dq_hhl,
2.105054695044141e-05,0.0
-0.00019177779723738474,-0.00010832092535971068
-5.141073673804192e-05,-0.0
0.00044213954033833536,0.00030637784346591775
0.00027271080019987366,0.00024221295249036875
0.00021929571363576116,0.0001531889217326068
-0.00022739545764264004,-7.659446086631585e-05
0.0006252805735562949,0.0003905566505915564
0.00017464299814385202,0.00013266549779862891
-0.0005527098628708149,-0.0003338675145521157
1.1463327215669774e-05,0.0
0.00032411660851387546,0.000254035087713463
0.00016391476407949385,0.00013266549779857918
0.00031737042628324257,0.00010832092535993419
0.0002986676753724703,0.00013266549779894434
