dq_lu, dq_hhl,
2.104888760435979e-05,0.0
-0.00021802755668316097,-2.6280193452499807e-05
-5.1367412125680125e-05,-0.0
0.0005163436991960568,7.433161200482467e-05
0.00031417065429870035,4.155263432993006e-05
0.0002561685423572751,3.716580600233922e-05
-0.00022755798096585624,-0.0
0.0007105076162104451,8.515755963509437e-05
0.00020660415938875275,3.21865321501198e-05
-0.0006419685421247565,-8.912047200788083e-05
1.1428386835404619e-05,0.0
0.0003732785403416274,4.9165739978790836e-05
0.0001639112238115407,0.0
0.0003545054665355796,3.7165806002379464e-05
0.000360318229875367,6.163251677051844e-05
