dq_lu, dq_hhl,
0.001729429930253809,0.0010453719887922785
-0.004512529742905305,-0.002451614625555507
-0.007302980923078494,-0.0036212747947966975
0.004602631317020021,0.0022175688664132637
0.001061690340560936,0.0007391896221372189
0.002857671923416451,0.001652878243362184
-0.00024256388152649086,-0.0
0.0023663686637463758,0.0016528782433620636
0.003456431478712414,0.001955711911896163
0.0031691062521547334,0.0016528782433622407
-0.005125431658216694,-0.0027657943098984296
-0.000630685607224259,-0.0
-0.003131094475030206,-0.0019557119118961044
-0.002438587935974205,-0.0014783792442752241
-0.0005625602463731681,-0.0
