xp, rho, u, p, Mach
0.1,0.9874563529358427,1.5145097481651668,0.6997956438800591,1.5204823807633567
0.3,0.8859515774943106,1.6132862819974378,0.6031373596844181,1.6525107781405644
0.5,0.619806279453964,1.7408833244386286,0.3752134022828392,1.8910127720031848
0.7,0.5171788924473139,1.8285707108431575,0.2888557555846294,2.0678909115217823
0.9,0.48374015206510634,1.8694109130185979,0.2609461973789342,2.1511531852802293
