xp, rho, u, p, Mach
0.1,0.9874638817538169,1.5144745166954112,0.6998093649541469,1.5204379008980553
0.3,0.8859824481418612,1.6132363687130282,0.6031578731122977,1.652460339864693
0.5,0.6197607489741414,1.7411387474913778,0.3751344254090684,1.891419822915934
0.7,0.5171151020020746,1.8288070726079104,0.2888157273939573,2.0681739610424783
0.9,0.4837496779878807,1.8695028097317918,0.2609202825951743,2.1513869440167097
