xp, rho, u, p, Mach
0.1,0.9857439624576654,1.5216933170558682,0.6992089090444636,1.5270093690440605
0.3,0.8814283997665026,1.6203921689891956,0.6003221547768515,1.6594243247935836
0.5,0.6199378914778807,1.7369640214265956,0.37544005032347777,1.8863861371049717
0.7,0.5138313058894316,1.850501677469327,0.2830449106035964,2.1072112221397825
0.9,0.48688434134880876,1.8626515436889255,0.26147449546997,2.148156093508614
