{
  "u_initial": [
    0.0,
    0.20129852008866006,
    0.39435585511331855,
    0.5712682150947923,
    0.7247927872291199,
    0.8486442574947509,
    0.9377521321470804,
    0.9884683243281114,
    0.9987165071710528,
    0.9680771188662044,
    0.8978045395707416,
    0.7907757369376985,
    0.6513724827222223,
    0.48530196253108143,
    0.29936312297335804,
    0.10116832198743228,
    -0.10116832198743204,
    -0.2993631229733574,
    -0.48530196253108043,
    -0.651372482722222,
    -0.7907757369376986,
    -0.8978045395707414,
    -0.9680771188662043,
    -0.9987165071710528,
    -0.9884683243281114,
    -0.9377521321470808,
    -0.8486442574947515,
    -0.72479278722912,
    -0.5712682150947924,
    -0.3943558551133187,
    -0.20129852008866028,
    -2.4492935982947064e-16
  ],
  "u_final_classical": [
    0.0,
    0.10364552239817104,
    0.20675835583015667,
    0.3088010154347263,
    0.4092253489507461,
    0.5074643268023795,
    0.6029197178963843,
    0.6949445891906673,
    0.7828049195050601,
    0.8655976786817549,
    0.9434331511681918,
    1.0053102492228532,
    1.0883842993121966,
    1.1754497663450403,
    0.46334681922342524,
    7.917158521762771,
    -7.9171585217627705,
    -0.4633468192234268,
    -1.1754497663450405,
    -1.0883842993121962,
    -1.005310249222854,
    -0.9434331511681917,
    -0.8655976786817544,
    -0.7828049195050607,
    -0.6949445891906669,
    -0.6029197178963841,
    -0.5074643268023795,
    -0.40922534895074614,
    -0.3088010154347265,
    -0.20675835583015673,
    -0.10364552239817118,
    -2.4492935982947064e-16
  ],
  "u_final_method": [
    0.0,
    0.0,
    0.12914554045432786,
    0.28756912913294025,
    0.4250337231413636,
    0.5428230048837909,
    0.6424211585975355,
    0.7386527918185977,
    0.7580561391788948,
    0.9177399458776301,
    0.9630589325436685,
    0.8826951238995446,
    1.3110555678842215,
    1.1479828692879734,
    0.39226321773104583,
    7.556170676481405,
    -7.689300599399613,
    -0.510854795342307,
    -0.9496074568684415,
    -1.142920654722882,
    -0.9216176714773378,
    -1.1008689241826672,
    -1.0737841156709158,
    -0.6812034502166832,
    -0.7120262558835625,
    -0.5350621827595883,
    -0.5379496188805092,
    -0.4757136222819877,
    -0.32483945264563135,
    -0.22758136215586866,
    0.0,
    0.0
  ],
  "errors_by_step": {
    "0": 0.0,
    "1": 0.013372514499629687,
    "2": 0.0193076215956753,
    "3": 0.02360258356966363,
    "4": 0.026053627917249043,
    "5": 0.026348586680013754,
    "6": 0.027483027986895992,
    "7": 0.0277464774904646,
    "8": 0.028725333090991265,
    "9": 0.032157781405036584,
    "10": 0.03663921938267809,
    "11": 0.0339309383352994,
    "12": 0.0377837523686219,
    "13": 0.03844952598933476,
    "14": 0.04711427692494604,
    "15": 0.0455209088394079,
    "16": 0.04546421988788209,
    "17": 0.041251421475782195,
    "18": 0.04060828297925086,
    "19": 0.03977092398815176,
    "20": 0.03780012953071703,
    "21": 0.040867572078943794,
    "22": 0.044394230447097394,
    "23": 0.051928689887116304,
    "24": 0.055315377358789004,
    "25": 0.05698873812455291,
    "26": 0.06344478252347319,
    "27": 0.06012654289013932,
    "28": 0.06291569682050137,
    "29": 0.06406638077001997,
    "30": 0.06342695845609056,
    "31": 0.06298290871379482,
    "32": 0.07061278055616575,
    "33": 0.07083453193295126,
    "34": 0.07333173088529608,
    "35": 0.07694513653073382,
    "36": 0.07718737360097554,
    "37": 0.07651902991007338,
    "38": 0.0814467792958757,
    "39": 0.07956777036725307,
    "40": 0.08327406779871621,
    "41": 0.08513946305522856,
    "42": 0.08682162217833288,
    "43": 0.08904690765850909,
    "44": 0.09725995475481691,
    "45": 0.10169110118130688,
    "46": 0.10140269695221217,
    "47": 0.10020140935956733,
    "48": 0.10425690955407192,
    "49": 0.10418951956034442,
    "50": 0.1037139878676891,
    "51": 0.10347212089188726,
    "52": 0.09978809693355885,
    "53": 0.10178669112619661,
    "54": 0.10126598581250826,
    "55": 0.0986034393390613,
    "56": 0.09363021517663143,
    "57": 0.08991971321850757,
    "58": 0.07848121855274856,
    "59": 0.0724702422634289,
    "60": 0.0662736792136073,
    "61": 0.05969645743225741,
    "62": 0.05612578819470991
  },
  "final_error": 0.05612578819470991,
  "max_error": 0.10425690955407192,
  "_source": "solver"
}