dq_lu, dq_hhl,
-0.01165801872316103,-0.0
-0.0037222432675488508,-0.0
-0.026337387823815835,-0.03574961307134144
0.06172900636028998,0.08256019492065758
0.03221359000967181,0.02918943684223963
0.05789812259776417,0.07149922614268436
-0.021891860124284894,-0.029189436842239205
0.0019349384612874212,0.0
0.014266557685330495,0.0
0.05476455203780146,0.07441875402468295
-0.0084884299893044,-0.0
0.046546960978569626,0.08256019492065715
0.0734118096375169,0.09681040984748687
0.019597624938767648,0.035749613071340974
0.08794247884930169,0.11305020277516951
