xp, rho, u, p, Mach
0.1,0.9903452758805628,1.5125196382264783,0.6989666962927695,1.5216055362535765
0.3,0.8927049001890491,1.5999417076176599,0.6092959014539252,1.636741043033037
0.5,0.6155951932215239,1.7480691953622371,0.3710447604056991,1.902957374108782
0.7,0.5196086930193948,1.8270596387101437,0.2891274861325601,2.0700565987504054
0.9,0.4854087904573766,1.8723620936580658,0.25873891843727337,2.1674483722979194
