xp, rho, u, p, Mach
0.1,0.9892828514778936,1.513420493953643,0.699243960042699,1.5213932022634273
0.3,0.8902627598550956,1.6047479284953983,0.6068993218694226,1.6426444977366117
0.5,0.6173187299723791,1.7451875426352785,0.37251798303871886,1.8987124234435002
0.7,0.5188207797898243,1.8276291888026102,0.2889578498200631,2.0697386048054045
0.9,0.484929234447086,1.8711510590975555,0.2595148458022215,2.161737277726552
