xp, rho, u, p, Mach
0.1,0.9875829451529959,1.5143303997105553,0.6997911664806725,1.5204046374236864
0.3,0.8864408144398124,1.6123278908330856,0.6035202360373244,1.6514609259127613
0.5,0.6195736081400013,1.741326011103572,0.3749158751141843,1.891888813894888
0.7,0.5171724023753398,1.82926309004399,0.28870952193182764,2.0691847584280496
0.9,0.48399698051688633,1.8692960450455172,0.2608392990078449,2.152032784658288
