xp, rho, u, p, Mach
0.1,0.9881938136746242,1.5139837935380989,0.6994057951250573,1.5209455291660192
0.3,0.8875922691094171,1.609942587279191,0.60460197171136,1.6486115829162213
0.5,0.618808418586496,1.742693184518171,0.3740061805845906,1.894504460063233
0.7,0.5177523652069205,1.8284344058492457,0.2888664432028003,2.068844579280589
0.9,0.4845494693253258,1.8691416030642412,0.26050914327965163,2.154446738236601
