xp, rho, u, p, Mach
0.1,0.9896601933509828,1.513113059211176,0.6991043355435594,1.5215261298107623
0.3,0.8913628910100426,1.602467988181798,0.6080496397259498,1.6397706237507337
0.5,0.6165640462262009,1.7465741255115672,0.3718364444360348,1.9007986963444603
0.7,0.5190876007871112,1.8275800596788148,0.2890368964202863,2.069931997610672
0.9,0.4851960554443729,1.8716774882629403,0.25913680706417874,2.164517383841649
