{
  "iterations_completed": 1,
  "converged": true,
  "_source": "harvester",
  "fidelity": 1.4826693481620716,
  "shots": 1000,
  "l2_error_abs": 0.3148398221210459,
  "l2_error_rel": 0.25434750312335347
}