{
  "quantum_solution": [
    1.2265782509291752,
    0.14742527054437204,
    0.07223838256674228,
    0.028010801403430687
  ],
  "classical_solution": [
    1.1454545454545455,
    0.43636363636363634,
    0.16363636363636364,
    0.05454545454545454
  ],
  "_source": "harvester"
}