{
  "iterations_completed": 1,
  "converged": true,
  "_source": "harvester",
  "fidelity": 1.4888083311844034,
  "shots": 500,
  "l2_error_abs": 0.29469670433947637,
  "l2_error_rel": 0.23807461973031158
}