{
  "quantum_solution": [
    1.2236332619777317,
    0.17094876454100663,
    0.0629811237782656,
    0.04198741585217707
  ],
  "classical_solution": [
    1.1454545454545455,
    0.43636363636363634,
    0.16363636363636364,
    0.05454545454545454
  ],
  "_source": "harvester"
}