{
  "iterations_completed": 1,
  "converged": true,
  "_source": "harvester",
  "fidelity": 0.9130901190111324,
  "shots": 10000,
  "l2_error_abs": 0.4169169725229893,
  "l2_error_rel": 0.4169169725229893
}