{
  "quantum_solution": [
    0.8169017962344243,
    0.334655514557442,
    0.44521759217480167,
    0.1498613943059944
  ],
  "classical_solution": [
    0.7055698197297996,
    0.046596453582414196,
    0.7055698197297996,
    0.046596453582414196
  ],
  "_source": "harvester"
}