xp, rho, u, p, Mach
0.1,0.9874666502516051,1.5144552545473566,0.6997775494297477,1.5204552569792897
0.3,0.8859843774513458,1.6131710807559638,0.6031950976588543,1.6523442762975098
0.5,0.619783891279686,1.7413377458392842,0.3750483571986161,1.8918883576284689
0.7,0.5171112668739791,1.8288603517684279,0.2888287105243979,2.068180059399383
0.9,0.48385353755641225,1.8694269339851721,0.260920216061952,2.15153082833264
