xp, rho, u, p, Mach
0.1,0.987539967879812,1.514407113367999,0.6997055200562038,1.5205416258383173
0.3,0.8858684521024571,1.6133236587464623,0.6031218413065438,1.6524927946826933
0.5,0.6199879989184373,1.7409776661248189,0.37511284644115134,1.8916459489965245
0.7,0.5172710589400479,1.828482895374321,0.28892328961351116,2.0677341429665104
0.9,0.48385353755641225,1.8697981016305862,0.26081869863522905,2.152376764931344
