xp, rho, u, p, Mach
0.1,0.9877049514677556,1.514154150862547,0.6996577206293335,1.5204665621208933
0.3,0.8858684521024571,1.6131623707154599,0.6031568893660152,1.652279583639251
0.5,0.6202615932473257,1.7408612700581227,0.37499726835759684,1.8922283226563266
0.7,0.51776600970388,1.8270536292504227,0.28929501914741224,2.065777617318605
0.9,0.48397019857023155,1.8702964015863317,0.2606138838840603,2.1540558338103386
