xp, rho, u, p, Mach
0.1,0.9935938699372444,1.5096711497372064,0.6918945178357686,1.5289836619023511
0.3,0.8821928084370542,1.6089456034166185,0.6043479500475599,1.6429168106377687
0.5,0.6415098497944595,1.7224809540759523,0.369837537025314,1.9172845871444908
0.7,0.5317931927309716,1.7942728968835748,0.2963369426383818,2.031435174991073
0.9,0.48792668295171704,1.872891103484356,0.2592577520031805,2.1715004202068746
