{
  "grid": [
    0.0,
    0.0625,
    0.125,
    0.1875,
    0.25,
    0.3125,
    0.375,
    0.4375,
    0.5,
    0.5625,
    0.625,
    0.6875,
    0.75,
    0.8125,
    0.875,
    0.9375
  ],
  "solution_steps": {
    "0": [
      0.0,
      0.11480502970952693,
      0.21213203435596423,
      0.27716385975338603,
      0.3,
      0.27716385975338603,
      0.21213203435596426,
      0.11480502970952697,
      3.6739403974420595e-17,
      -0.1148050297095269,
      -0.21213203435596423,
      -0.2771638597533859,
      -0.3,
      -0.277163859753386,
      -0.2121320343559643,
      -0.1148050297095271
    ],
    "10": [
      -0.0015059770000033488,
      0.07783674155051584,
      0.14969913573578125,
      0.19985834394627083,
      0.22589365284797097,
      0.21558743274429268,
      0.16797159888929034,
      0.09026821698518547,
      0.0008186655616152922,
      -0.09246289781101501,
      -0.16849891645252993,
      -0.2108538623490233,
      -0.22499517533700292,
      -0.20406780127370838,
      -0.14939566978272217,
      -0.0757775894648655
    ],
    "20": [
      0.0037884349783499356,
      0.050120166210737616,
      0.09110796803576993,
      0.12599455113434585,
      0.14948272760861195,
      0.15028986876960482,
      0.11513287184310153,
      0.06810086382524223,
      0.0007541676489612563,
      -0.06459597600670448,
      -0.118936509603686,
      -0.14533160069996268,
      -0.1465894326967708,
      -0.13321893859754227,
      -0.08855110550463972,
      -0.04672544732266852
    ],
    "30": [
      -0.00034236221941150104,
      0.032749374254313665,
      0.057767505798773745,
      0.08064358265316296,
      0.09432707505924304,
      0.08990132853195328,
      0.07968097399831357,
      0.0441239895620607,
      0.003037859572493462,
      -0.044391930522599446,
      -0.0768006355513122,
      -0.0954230346289835,
      -0.09412124698478894,
      -0.07608840644398784,
      -0.05794217182174883,
      -0.026625244042332862
    ]
  },
  "_source": "solver"
}