dq_lu, dq_hhl,
-0.011458876199529306,-0.0
-0.003741210094469991,-0.0
-0.02579599121520493,-0.0
-0.009050713935660232,-0.0
-0.0686344892764607,-0.0
-0.07084048853310342,-0.0
-0.009859408661968171,-0.0
-0.06417892181713417,-0.0
-0.1567841049456834,-0.0
-0.019389303894231207,-0.0
-0.21177851109574142,-0.10721879038948738
-0.3414458390095189,-0.3216563711684627
-0.2595394508029993,-0.21443758077897493
-0.00015035968231719024,-0.0
-0.41834882776634524,-0.18570839248067023
