xp, rho, u, p, Mach
0.1,0.9999999999999996,1.5000000000000007,0.7124353389080168,1.5019466771517733
0.3,0.8879137136999475,1.6259640867784293,0.6047720771084082,1.6650851491033434
0.5,0.6198470223860006,1.7669211790931856,0.382925815406622,1.8999321653967087
0.7,0.518254880913984,1.842022523166357,0.27197792051709496,2.1489969265067126
0.9,0.4463463277097633,2.0111461884841697,0.23091655540471398,2.3631324842187245
