{
  "grid": [
    0.0,
    0.0625,
    0.125,
    0.1875,
    0.25,
    0.3125,
    0.375,
    0.4375,
    0.5,
    0.5625,
    0.625,
    0.6875,
    0.75,
    0.8125,
    0.875,
    0.9375
  ],
  "solution_steps": {
    "0": [
      0.0,
      0.3826834323650898,
      0.7071067811865475,
      0.9238795325112867,
      1.0,
      0.9238795325112867,
      0.7071067811865476,
      0.3826834323650899,
      1.2246467991473532e-16,
      -0.38268343236508967,
      -0.7071067811865475,
      -0.9238795325112865,
      -1.0,
      -0.9238795325112866,
      -0.7071067811865477,
      -0.3826834323650904
    ],
    "1": [
      -7.105427357601002e-17,
      0.3570734984505511,
      0.6541714268336553,
      0.8535803920521182,
      0.9414391587008208,
      0.9027195553367051,
      0.7155453742307663,
      0.39362866218678877,
      -1.4320846730697667e-10,
      -0.3936286621271131,
      -0.7155453740865698,
      -0.9027195553962868,
      -0.94143915870181,
      -0.8535803920522109,
      -0.654171426833654,
      -0.35707349845055236
    ],
    "2": [
      7.105427357601002e-17,
      0.34674942424249755,
      0.6310585294147929,
      0.8226611491549989,
      0.9194350775891527,
      0.9086455857733726,
      0.7475845019565017,
      0.42186432553146946,
      -9.26013399293879e-11,
      -0.42186432542976293,
      -0.7475845018620544,
      -0.9086455858749333,
      -0.9194350775910022,
      -0.8226611491551425,
      -0.6310585294147895,
      -0.34674942424249994
    ],
    "3": [
      5.329070518200751e-17,
      0.33706357685376553,
      0.6102565510579782,
      0.7951038021485201,
      0.8972522609137537,
      0.908298100400537,
      0.7752620311287826,
      0.45183690424344436,
      -5.827359927934595e-11,
      -0.4518369041230878,
      -0.775262031068559,
      -0.9082981005207266,
      -0.8972522609157093,
      -0.7951038021486838,
      -0.6102565510579726,
      -0.33706357685376864
    ],
    "4": [
      1.5987211554602254e-16,
      0.32794710823784334,
      0.5913387469302139,
      0.7702791211197844,
      0.8755843013030774,
      0.903314803473425,
      0.798083025126038,
      0.4824555953815488,
      2.7320083972881548e-11,
      -0.4824555952579695,
      -0.7980830251514798,
      -0.903314803596824,
      -0.8755843013049625,
      -0.7702791211199608,
      -0.5913387469302075,
      -0.3279471082378473
    ],
    "5": [
      1.9539925233402755e-16,
      0.3193420087903288,
      0.573989654033018,
      0.7477138367901713,
      0.8547659949330845,
      0.8950701227973017,
      0.8159436382683598,
      0.5127001763209387,
      3.1168383429758254e-11,
      -0.5127001762011923,
      -0.815943638297704,
      -0.8950701229168643,
      -0.8547659949349153,
      -0.7477138367903507,
      -0.5739896540330115,
      -0.31934200879033325
    ],
    "6": [
      2.6645352591003756e-16,
      0.31119892125329296,
      0.5579690567413497,
      0.7270447006727738,
      0.8349348535235269,
      0.8846437753997919,
      0.8290274862812939,
      0.5417078929850857,
      5.007194658901426e-11,
      -0.5417078928720406,
      -0.8290274863296446,
      -0.884643775512657,
      -0.8349348535252554,
      -0.7270447006729489,
      -0.5579690567413427,
      -0.3111989212532979
    ],
    "7": [
      2.6645352591003756e-16,
      0.303475480501799,
      0.5430895190387139,
      0.7079877452259993,
      0.816122726063314,
      0.8728421489849495,
      0.837725570252837,
      0.5687968314354401,
      9.178108939522645e-11,
      -0.5687968313320582,
      -0.8377255703429151,
      -0.872842149088144,
      -0.8161227260650241,
      -0.7079877452261814,
      -0.543089519038707,
      -0.3034754805018045
    ],
    "8": [
      3.552713678800501e-16,
      0.29613503432873295,
      0.5292017687214622,
      0.6903172993983793,
      0.7983067564198335,
      0.8602454304667169,
      0.8425613092929853,
      0.5934579993066769,
      8.928623174142558e-11,
      -0.5934579992142506,
      -0.8425613093806326,
      -0.8602454305589622,
      -0.7983067564214801,
      -0.6903172993985544,
      -0.5292017687214551,
      -0.2961350343287389
    ],
    "9": [
      3.730349362740526e-16,
      0.2891456448748108,
      0.5161848464705314,
      0.6738513652827496,
      0.7814374543187765,
      0.847259568604683,
      0.8441197786009402,
      0.6153387933338408,
      9.087955277209403e-11,
      -0.6153387932510423,
      -0.844119778690247,
      -0.8472595686873079,
      -0.7814374543203576,
      -0.673851365282917,
      -0.5161848464705235,
      -0.289145644874817
    ],
    "10": [
      4.263256414560601e-16,
      0.2824792998951869,
      0.5039392636861999,
      0.6584412236009609,
      0.7654540319191793,
      0.8341622849095129,
      0.8429880165980529,
      0.6342277731519224,
      9.637375342208543e-11,
      -0.6342277730774655,
      -0.8429880166928675,
      -0.8341622849837994,
      -0.765454031920747,
      -0.6584412236011251,
      -0.5039392636861918,
      -0.2824792998951933
    ],
    "11": [
      4.796163466380677e-16,
      0.2761112830579791,
      0.49238212566454176,
      0.6439639070212759,
      0.7502926672259722,
      0.821139630916053,
      0.8397122604894338,
      0.6500418118614496,
      9.694502978163656e-11,
      -0.6500418117955679,
      -0.8397122605849168,
      -0.82113963098177,
      -0.7502926672274427,
      -0.6439639070214341,
      -0.49238212566453365,
      -0.2761112830579857
    ],
    "12": [
      4.973799150320702e-16,
      0.2700196662652231,
      0.48144357663092335,
      0.6303166561942145,
      0.7358908334123899,
      0.8083133220056615,
      0.8347732773112517,
      0.6628128081286673,
      1.0288999874319415e-10,
      -0.6628128080695669,
      -0.8347732774127203,
      -0.8083133220646029,
      -0.7358908334138198,
      -0.6303166561943664,
      -0.4814435766309154,
      -0.27001966626523016
    ],
    "13": [
      5.506706202140776e-16,
      0.2641848966604376,
      0.4710641567920088,
      0.6174127717185114,
      0.7221894393845643,
      0.7957604623035854,
      0.8285768983062185,
      0.6726710605102204,
      8.949342600317323e-11,
      -0.6726710604583124,
      -0.8285768983944142,
      -0.7957604623553411,
      -0.7221894393858699,
      -0.6174127717186564,
      -0.47106415679200125,
      -0.2641848966604449
    ],
    "14": [
      6.217248937900877e-16,
      0.25858945787469195,
      0.46119280291585607,
      0.6051784656872501,
      0.709133757844238,
      0.7835274862584382,
      0.8214550837485805,
      0.679824338059266,
      8.263810968855978e-11,
      -0.679824338013118,
      -0.8214550838299701,
      -0.7835274863044319,
      -0.7091337578454935,
      -0.6051784656873969,
      -0.46119280291584963,
      -0.2585894578746995
    ],
    "15": [
      6.572520305780927e-16,
      0.25321759003617383,
      0.4517853121186767,
      0.5935504403044292,
      0.6966736903534582,
      0.7716398967024525,
      0.8136729981342837,
      0.68453395969485,
      7.363723852904514e-11,
      -0.684533959653248,
      -0.8136729982067324,
      -0.7716398967439047,
      -0.6966736903546535,
      -0.5935504403045713,
      -0.45178531211867046,
      -0.2532175900361815
    ],
    "16": [
      6.927791673660977e-16,
      0.24805505670543118,
      0.44280314504354906,
      0.5824740030641126,
      0.6847636800632887,
      0.7601090233986129,
      0.8054386668679141,
      0.6870905945011719,
      6.620950898650335e-11,
      -0.6870905944638548,
      -0.8054386669329973,
      -0.7601090234357831,
      -0.6847636800644213,
      -0.5824740030642517,
      -0.44280314504354357,
      -0.248055056705439
    ],