{
  "u_initial": [
    0.0,
    0.3826834323650898,
    0.7071067811865475,
    0.9238795325112867,
    1.0,
    0.9238795325112867,
    0.7071067811865476,
    0.3826834323650899,
    1.2246467991473532e-16,
    -0.38268343236508967,
    -0.7071067811865475,
    -0.9238795325112865,
    -1.0,
    -0.9238795325112866,
    -0.7071067811865477,
    -0.3826834323650904
  ],
  "u_final_classical": [
    -5.857590438709849e-17,
    0.1889547358027246,
    0.37461807356714477,
    0.5530941296344742,
    0.7189359818183182,
    0.8627457524740141,
    0.9804309490943023,
    0.978818493029693,
    5.190854798563756e-16,
    -0.9788184930296926,
    -0.9804309490943022,
    -0.862745752474014,
    -0.7189359818183185,
    -0.5530941296344745,
    -0.3746180735671451,
    -0.18895473580272476
  ],
  "u_final_method": [
    8.08242361927114e-16,
    0.2055852012238301,
    0.37050388944904156,
    0.4939123228762737,
    0.5885097591352227,
    0.6629843686031643,
    0.720039730452889,
    0.6496966499030228,
    2.6529107799433404e-11,
    -0.6496966498882728,
    -0.7200397304787165,
    -0.662984368617808,
    -0.5885097591359273,
    -0.49391232287637077,
    -0.3705038894490395,
    -0.20558520122383933
  ],
  "errors_by_step": {
    "0": 0.0,
    "1": 0.0459598225182257,
    "2": 0.0576626158455885,
    "3": 0.07016236654885141,
    "4": 0.08230374749065622,
    "5": 0.09361882549340861,
    "6": 0.10390809365837425,
    "7": 0.11310776363565954,
    "8": 0.12123779628355053,
    "9": 0.12837477908319397,
    "10": 0.13463710813460786,
    "11": 0.1401778541463815,
    "12": 0.1451805270758109,
    "13": 0.1498532957010068,
    "14": 0.15441927497819113,
    "15": 0.1591031138319387,
    "16": 0.16411605527332815,
    "17": 0.16964233675128948,
    "18": 0.17582933578552862,
    "19": 0.1827826979323967,
    "20": 0.19056636291459775,
    "21": 0.19920638578861852,
    "22": 0.2086969721806559,
    "23": 0.21900720083102584,
    "24": 0.23008730798226876,
    "25": 0.2418739214933105,
    "26": 0.2542940788545089
  },
  "final_error": 0.2542940788545089,
  "max_error": 0.2542940788545089,
  "_source": "solver"
}