{
  "u_initial": [
    0.0,
    0.3826834323650898,
    0.7071067811865475,
    0.9238795325112867,
    1.0,
    0.9238795325112867,
    0.7071067811865476,
    0.3826834323650899,
    1.2246467991473532e-16,
    -0.38268343236508967,
    -0.7071067811865475,
    -0.9238795325112865,
    -1.0,
    -0.9238795325112866,
    -0.7071067811865477,
    -0.3826834323650904
  ],
  "u_final_classical": [
    -5.3174385735012646e-17,
    0.2921948262521849,
    0.5676042932887138,
    0.8063379134282443,
    0.9807326643770432,
    1.0471199015356667,
    0.9365248940746402,
    0.5764439882316525,
    1.8745009775872823e-16,
    -0.5764439882316523,
    -0.9365248940746401,
    -1.0471199015356665,
    -0.9807326643770432,
    -0.8063379134282442,
    -0.567604293288714,
    -0.29219482625218524
  ],
  "u_final_method": [
    -3.4132944833876065e-08,
    3.4897029262699224e-07,
    6.350083353836589e-07,
    8.97524921279009e-07,
    8.666396130578519e-07,
    8.304503087167842e-07,
    6.81854215481525e-07,
    3.5010220166666097e-07,
    1.1056589446616547e-08,
    -3.548297926678791e-07,
    -6.60170367300125e-07,
    -8.416417073058595e-07,
    -9.779524348893344e-07,
    -9.008522517373785e-07,
    -6.349987647038364e-07,
    -3.635560027355508e-07
  ],
  "errors_by_step": {
    "0": 0.0,
    "2": 0.938338466409813,
    "4": 0.9962056392827088,
    "6": 0.9997667051342103,
    "8": 0.9999856335746461,
    "10": 0.999999121203879
  },
  "final_error": 0.999999121203879,
  "max_error": 0.999999121203879,
  "_source": "solver"
}