xp, rho, u, p, Mach
0.1,0.9873879484481425,1.5191597207131395,0.700046099609715,1.5248250220607593
0.3,0.8985594306588389,1.6092407159392808,0.5969882285913424,1.6685818446058034
0.5,0.6364472060432388,1.736514505171118,0.3754850513074891,1.9107297420812508
0.7,0.5348548320258163,1.8127019092791423,0.2918687870320492,2.0738937823602774
0.9,0.4851185991075304,1.8961645209941704,0.2609991890029096,2.184823619727417
