dq_lu, dq_hhl,
-2.827971272245505e-10,-0.0
-1.8423741469679037e-10,-0.0
-3.6979102039015456e-11,-0.0
-4.301375493295924e-10,-0.0
-2.4795402797324017e-10,-0.0
-2.2636539214106078e-10,-0.0
-9.562312704629146e-11,-0.0
-2.7568845765435863e-10,-0.0
-9.275145325650531e-10,-0.0
2.786910278578664e-10,0.0
-1.0718591840604402e-10,-0.0
-3.881510523747645e-10,-3.7491445774047196e-10
1.532404863588849e-10,0.0
1.4472920140309033e-10,0.0
6.507041901454993e-10,3.749148480240074e-10
