xp, rho, u, p, Mach
0.1,0.9874698228475073,1.514437400333757,0.6998191174148388,1.5203946181558512
0.3,0.8860272074316494,1.613167945366261,0.6031812594918208,1.6523999570953627
0.5,0.6197046019718646,1.7414212894748693,0.3750479577174036,1.8918591068818162
0.7,0.5170267096749805,1.8291179995982796,0.28876320147122847,2.0685368939199127
0.9,0.4837694938677511,1.8695866229331581,0.26090079142892186,2.151607825633486
