xp, rho, u, p, Mach
0.1,0.9874672583543399,1.5144403204346817,0.6998167289712321,1.5203981699989142
0.3,0.8860185355858733,1.6131766782988495,0.6031736609621776,1.6524112241460456
0.5,0.619691937613822,1.7414371801698474,0.3750389627884344,1.8918797259353595
0.7,0.517023355972629,1.829121922446621,0.28876156746307086,2.068540473992569
0.9,0.48379554522648077,1.8695397008687207,0.2609206770643523,2.1515297638396995
