xp, rho, u, p, Mach
0.1,0.9874709827017063,1.5144362449310174,0.6998202921941541,1.5203930749798231
0.3,0.8860313988905655,1.6131635459787508,0.6031849900035012,1.6523942493429538
0.5,0.6197112222109776,1.7414124100488961,0.3750528889377995,1.8918471283791352
0.7,0.5170336571753111,1.8291068241940454,0.2887681023355225,2.0685206001883913
0.9,0.48377142944036533,1.8695833458642483,0.2609017945197568,2.151604222377582
