xp, rho, u, p, Mach
0.1,0.993661894916781,1.5045046556149229,0.7070083995263776,1.507427900801011
0.3,0.9038115320893882,1.5915754771725128,0.6211414381468341,1.6225829520593225
0.5,0.6703849363708185,1.673020068826736,0.4141830786864277,1.798883674042716
0.7,0.6517338896875077,1.6162964281367582,0.3958187590610062,1.7528468042883285
0.9,0.7090091075564986,1.5234328221303726,0.44775957073005646,1.620178103821495
