xp, rho, u, p, Mach
0.1,0.9906311446060276,1.509990734097318,0.7039972037317401,1.5138428230673142
0.3,0.8965969032797103,1.5984467965137623,0.6136258638334504,1.6329803423100875
0.5,0.6494420350543098,1.70040068717155,0.39724320989237605,1.837507879740752
0.7,0.6108281157294878,1.6773564123771176,0.36216790491820167,1.841051191671798
0.9,0.6551972844374598,1.5894209525752687,0.4010021510627877,1.7170684531513982
