xp, rho, u, p, Mach
0.1,0.9876192578897105,1.514397144682649,0.699920531304893,1.5203590813574188
0.3,0.8861086109836551,1.6126750137996002,0.6033687473455587,1.6517142368813933
0.5,0.6201970504958593,1.7402409739333637,0.37561013060954723,1.8899119528036668
0.7,0.5240904933277921,1.8169764911264006,0.2940318163321345,2.050176579699903
0.9,0.5024591822034703,1.8351563959650101,0.27538726122515794,2.0950169158290968
