xp, rho, u, p, Mach
0.1,0.9895307368199407,1.5116699194918615,0.7024783307324747,1.5163209371330004
0.3,0.8919716985393368,1.6033945155232927,0.6098792224772414,1.6388152413515862
0.5,0.6376243863272872,1.7140917809532492,0.3884786893017048,1.8559612907947065
0.7,0.5808668319029869,1.7240019522138093,0.33817875869705677,1.9095844163474844
0.9,0.610856630678686,1.6523971310199204,0.3632996801287935,1.8108711628149476
