xp, rho, u, p, Mach
0.1,0.9874709556893267,1.5144362645394729,0.6998202617982288,1.520393106888446
0.3,0.886031292403888,1.6131636752263738,0.6031848859317226,1.652394424987853
0.5,0.6197110107140135,1.7414127078782142,0.37505272116255434,1.891847552256398
0.7,0.5170330709563092,1.829107824223898,0.2887676645948327,2.0685221262820863
0.9,0.48377033613832027,1.8695853166926726,0.2609009879249475,2.151607385149658
