xp, rho, u, p, Mach
0.1,0.9874698567231041,1.514437367937417,0.6998191502378954,1.520394576056061
0.3,0.8860273337290336,1.6131678123314948,0.6031813695987657,1.6523997877770131
0.5,0.6197047908871725,1.7414210415963238,0.3750480946417476,1.8918587806091092
0.7,0.5170268308720003,1.829117822892504,0.28876328004020096,2.068536655117104
0.9,0.48376933140609585,1.8695869302770878,0.2609006574805799,2.1516083703835287
