dq_lu, dq_hhl,
0.019577060975192143,0.0
-0.007730375924045555,-0.0
-0.04028853458535962,-0.0
-0.07315153747838841,-0.0
0.0056761508708391755,0.0
-0.06946370978885645,-0.024329206460444827
-0.11266438272969292,-0.0
-0.05226509430042787,-0.024329206460444713
-0.06470578867118784,-0.0
-0.0907626678045462,-0.0
-0.09979947258826408,-0.03440669373813635
-0.015342159862792153,-0.0
-0.04451054580616977,-0.0
-0.073749925519872,-0.0
-0.07696637954196124,-0.0
