dq_lu, dq_hhl,
-0.007920650088303685,-0.0
-0.0015365717948479872,-0.0
-0.01934979122994183,-0.0
-0.0974640768746643,-0.0
-0.057134445439475746,-0.0
-0.21418108353570522,-0.0
-0.2690509718125517,-0.0
-0.4244877339906773,-0.0
-1.0419912986914612,-0.0
-0.48480041597248097,-0.0
-0.583435397808787,-0.11688708295547934
-1.4011365240711549,-0.16530329798186807
-0.6761883214498923,-0.0
-0.5209555264286764,-0.11688708295547931
-1.8034316577975438,-0.11688708295547945
