{
  "u_initial": [
    0.0,
    0.19509032201612825,
    0.3826834323650898,
    0.5555702330196022,
    0.7071067811865475,
    0.8314696123025452,
    0.9238795325112867,
    0.9807852804032304,
    1.0,
    0.9807852804032304,
    0.9238795325112867,
    0.8314696123025455,
    0.7071067811865476,
    0.5555702330196022,
    0.3826834323650899,
    0.1950903220161286,
    1.2246467991473532e-16,
    -0.19509032201612836,
    -0.38268343236508967,
    -0.555570233019602,
    -0.7071067811865475,
    -0.8314696123025452,
    -0.9238795325112865,
    -0.9807852804032303,
    -1.0,
    -0.9807852804032304,
    -0.9238795325112866,
    -0.8314696123025455,
    -0.7071067811865477,
    -0.5555702330196022,
    -0.3826834323650904,
    -0.19509032201612872
  ],
  "u_final_classical": [
    -5.486667091565124e-17,
    0.07697097855410405,
    0.1527908516724725,
    0.22623798161692618,
    0.29594512999469874,
    0.3603163940746204,
    0.4174356074535354,
    0.46497209232818854,
    0.5001022271320681,
    0.5194870399548459,
    0.5193777465247598,
    0.4959547118546574,
    0.44601253273635577,
    0.3680294996415925,
    0.2634461302709421,
    0.1376549869219352,
    9.459148061465356e-17,
    -0.137654986921935,
    -0.26344613027094194,
    -0.36802949964159243,
    -0.44601253273635577,
    -0.49595471185465745,
    -0.5193777465247599,
    -0.5194870399548461,
    -0.5001022271320682,
    -0.46497209232818865,
    -0.41743560745353553,
    -0.3603163940746205,
    -0.29594512999469885,
    -0.2262379816169263,
    -0.1527908516724726,
    -0.07697097855410416
  ],
  "u_final_method": [
    8.020251129892132e-14,
    0.07695230901406723,
    0.15270610646515143,
    0.22599244055921366,
    0.2953974336793394,
    0.3592810054531137,
    0.41568943094798994,
    0.4622694206949399,
    0.4962045050731497,
    0.5142157800958387,
    0.5126974522005373,
    0.4880824075841972,
    0.4375254986559551,
    0.3599056792657443,
    0.25694912879984816,
    0.13401867284390398,
    9.521272659185343e-14,
    -0.13401867284389618,
    -0.2569491287998215,
    -0.3599056792651773,
    -0.43752549865538914,
    -0.48808240758408455,
    -0.5126974522004474,
    -0.5142157800959603,
    -0.49620450507347924,
    -0.46226942069516125,
    -0.41568943094805066,
    -0.35928100545315456,
    -0.29539743367965204,
    -0.22599244055957649,
    -0.1527061064653064,
    -0.07695230901400817
  ],
  "errors_by_step": {
    "0": 0.0,
    "1": 0.00961410190296336,
    "2": 0.009621891299093474,
    "3": 0.009630685695816493,
    "4": 0.009640444580785392,
    "5": 0.009651129123754947,
    "6": 0.00966270208562097,
    "7": 0.009675127732700755,
    "8": 0.009688371755929417,
    "9": 0.009702401194705123,
    "10": 0.009717184365061504,
    "11": 0.00973269079199197,
    "12": 0.009748891145616554,
    "13": 0.009765757181037307,
    "14": 0.00978326168162542,
    "15": 0.009801378405573276,
    "16": 0.009820082035529965,
    "17": 0.009839348131139885,
    "18": 0.009859153084332791,
    "19": 0.009879474077215147,
    "20": 0.009900289042407584,
    "21": 0.009921576625714143,
    "22": 0.009943316150975674,
    "23": 0.009965487587007613,
    "24": 0.009988071516490837,
    "25": 0.010011049106721218,
    "26": 0.010034402082107418,
    "27": 0.010058112698320743,
    "28": 0.010082163718015092,
    "29": 0.010106538388019106,
    "30": 0.010131220417920155,
    "31": 0.010156193959965037,
    "32": 0.010181443590204294,
    "33": 0.010206954290803975,
    "34": 0.010232711433460115,
    "35": 0.01025870076385184,
    "36": 0.010284908387072236,
    "37": 0.01031132075397834,
    "38": 0.010337924648412058,
    "39": 0.010364707175232961,
    "40": 0.010391655749102648,
    "41": 0.010418758084003875,
    "42": 0.010446002183414736,
    "43": 0.010473376331137738,
    "44": 0.010500869082683294,
    "45": 0.010528469257224263,
    "46": 0.01055616593007691,
    "47": 0.010583948425635157,
    "48": 0.01061180631076967,
    "49": 0.010639729388647027,
    "50": 0.010667707692921125,
    "51": 0.010695731482300163,
    "52": 0.01072379123543807,
    "53": 0.010751877646147212,
    "54": 0.0107799816188857,
    "55": 0.010808094264516743,
    "56": 0.010836206896308659,
    "57": 0.010864311026166933,
    "58": 0.010892398361061394,
    "59": 0.010920460799658641,
    "60": 0.010948490429110379,
    "61": 0.010976479522016962,
    "62": 0.011004420533527674,
    "63": 0.011032306098574658,
    "64": 0.011060129029224713,
    "65": 0.011087882312138423,
    "66": 0.011115559106138798,
    "67": 0.011143152739850379,
    "68": 0.011170656709432555,
    "69": 0.011198064676366255,
    "70": 0.011225370465320359,
    "71": 0.011252568062070731,
    "72": 0.011279651611454358,
    "73": 0.011306615415387584,
    "74": 0.011333453930899655,
    "75": 0.011360161768220634,
    "76": 0.011386733688877363,
    "77": 0.011413164603824914,
    "78": 0.011439449571595924,
    "79": 0.011465583796469964,
    "80": 0.011491562626648173,
    "81": 0.011517381552437216,
    "82": 0.011543036204460346,
    "83": 0.01156852235185113,
    "84": 0.011593835900479701,
    "85": 0.011618972891139914,
    "86": 0.011643929497785404,
    "87": 0.011668702025740246,
    "88": 0.011693286909909253,
    "89": 0.011717680712999931,
    "90": 0.011741880123725713,
    "91": 0.011765881955025708,
    "92": 0.011789683142273036,
    "93": 0.011813280741480114,
    "94": 0.011836671927497605,
    "95": 0.011859853992225758,
    "96": 0.011882824342810887,
    "97": 0.011905580499842807,
    "98": 0.011928120095551583,
    "99": 0.011950440872011291,
    "100": 0.011972540679323363,
    "101": 0.011994417473820337,
    "102": 0.012016069316258088,
    "103": 0.012037494370019159,
    "104": 0.012058690899300461,
    "105": 0.012079657267324748,
    "106": 0.012100391934539927,
    "107": 0.012120893456831035,
    "108": 0.012141160483725209,
    "109": 0.012161191756618709,
    "110": 0.012180986106992649,
    "111": 0.012200542454644001,
    "112": 0.012219859805928018,
    "113": 0.01223893725199884,
    "114": 0.012257773967065866,
    "115": 0.012276369206657057,
    "116": 0.01229472230589074,
    "117": 0.012312832677758337,
    "118": 0.012330699811427166,
    "119": 0.01234832327054043,
    "120": 0.012365702691535349,
    "121": 0.01238283778198658,
    "122": 0.012399728318943431,
    "123": 0.0124163741472938,
    "124": 0.012432775178140851,
    "125": 0.012448931387196173,
    "126": 0.012464842813184685,
    "127": 0.012480509556267153,
    "128": 0.01249593177647913,
    "129": 0.01251110969218875,
    "130": 0.012526043578571663,
    "131": 0.012540733766101196,
    "132": 0.012555180639063367,
    "133": 0.012569384634075892,
    "134": 0.012583346238647177,
    "135": 0.01259706598973183,
    "136": 0.012610544472321232,
    "137": 0.012623782318047307,
    "138": 0.012636780203806841,
    "139": 0.012649538850405699,
    "140": 0.012662059021222638,
    "141": 0.012674341520890607,
    "142": 0.012686387194009267,
    "143": 0.012698196923860127,
    "144": 0.01270977163115545,
    "145": 0.012721112272801266,
    "146": 0.012732219840689908,
    "147": 0.012743095360496101,
    "148": 0.01275373989051417,
    "149": 0.012764154520495528,
    "150": 0.012774340370525317,
    "151": 0.012784298589902572,
    "152": 0.012794030356049296,
    "153": 0.012803536873449588,
    "154": 0.012812819372583405,
    "155": 0.012821879108905301,
    "156": 0.012830717361832755,
    "157": 0.012839335433750928,
    "158": 0.012847734649046897,
    "159": 0.012855916353152958,
    "160": 0.012863881911618158,
    "161": 0.01287163270919218,
    "162": 0.01287917014893997,
    "163": 0.012886495651355174,
    "164": 0.012893610653514633,
    "165": 0.01290051660823785,
    "166": 0.012907214983266984,
    "167": 0.012913707260469186,
    "168": 0.012919994935057825,
    "169": 0.012926079514819045,
    "170": 0.012931962519376429,
    "171": 0.012937645479456526,