dq_lu, dq_hhl,
-0.0034784634156462013,-0.0
0.0005124978317679349,0.0
-0.000838653291542781,-0.0
0.00366764133386452,0.0
-0.0071781487129618,-0.00683756484727973
0.003650900845396808,0.0
0.0029390454589388534,0.0
-0.002730385803446544,-0.0
-0.0016412863396173742,-0.0
-0.004416586223940549,-0.003418782423639567
0.0024383046000083035,0.0
0.0008811341182911737,0.0034187824236364614
0.002477349919733797,0.0
0.004017133737289314,0.004834888470313727
0.003267899874680685,0.0
