xp, rho, u, p, Mach
0.1,1.0,1.5,0.7142857142857144,1.5
0.3,0.8767835015029698,1.7107986149701966,0.6017595303958432,1.7452979079316253
0.5,0.8767835015029691,1.5120557748233192,0.5429490960184523,1.6239416506130975
0.7,0.8257455567173748,1.3446699293820192,0.5699538629905296,1.367901881970786
0.9,0.7244795334111382,1.5063739638930977,0.5356946736032012,1.4805503434059053
