xp, rho, u, p, Mach
0.1,1.0,1.5,0.7142857142857144,1.5
0.3,0.8767835015029698,1.6387799049573686,0.5858817020526532,1.6943293318775956
0.5,0.6164307523787311,1.7550959041962444,0.38089962933348126,1.8870078557238839
0.7,0.5363796542678252,1.758623262943749,0.3061077685066557,1.9674684107081628
0.9,0.48130559049533167,1.8697480539009952,0.252045958394058,2.183683317092186
