xp, rho, u, p, Mach
0.1,1.0,1.5,0.7080318221537212,1.5066100238423046
0.3,0.8767835015029698,1.6387799049573686,0.5898370107282741,1.6886388885489205
0.5,0.6164307523787311,1.7550959041962444,0.37464573720148814,1.9026924086853012
0.7,0.5264913825787729,1.7916527581987327,0.2998764917231381,2.0063848856479645
0.9,0.48130559049533167,1.8697480539009952,0.2576396095664931,2.159848101063442
