{
  "iterations_completed": 1,
  "converged": true,
  "_source": "harvester",
  "fidelity": 1.2476943782174317,
  "shots": 100,
  "l2_error_abs": 0.7543699712226701,
  "l2_error_rel": 0.6094277315972865
}