{
  "quantum_solution": [
    0.7795321638845154,
    0.5115679825492132,
    0.6333698831561687,
    0.5115679825492131
  ],
  "classical_solution": [
    1.1454545454545455,
    0.43636363636363634,
    0.16363636363636364,
    0.05454545454545454
  ],
  "_source": "harvester"
}