{
  "u_initial": [
    0.0,
    0.3826834323650898,
    0.7071067811865475,
    0.9238795325112867,
    1.0,
    0.9238795325112867,
    0.7071067811865476,
    0.3826834323650899,
    1.2246467991473532e-16,
    -0.38268343236508967,
    -0.7071067811865475,
    -0.9238795325112865,
    -1.0,
    -0.9238795325112866,
    -0.7071067811865477,
    -0.3826834323650904
  ],
  "u_final_classical": [
    -5.857590438709849e-17,
    0.1889547358027246,
    0.37461807356714477,
    0.5530941296344742,
    0.7189359818183182,
    0.8627457524740141,
    0.9804309490943023,
    0.978818493029693,
    5.190854798563756e-16,
    -0.9788184930296926,
    -0.9804309490943022,
    -0.862745752474014,
    -0.7189359818183185,
    -0.5530941296344745,
    -0.3746180735671451,
    -0.18895473580272476
  ],
  "u_final_method": [
    1.4493048634202766e-16,
    0.1277172613092312,
    0.3957373861772822,
    0.21156699193729825,
    -0.9106012212497027,
    -0.14726937736531634,
    2.238149141816375,
    0.5602965700658007,
    2.8853727713559073e-16,
    -0.5602965700658002,
    -2.238149141816372,
    0.14726937736531912,
    0.9106012212497078,
    -0.21156699193729575,
    -0.39573738617728316,
    -0.1277172613092313
  ],
  "errors_by_step": {
    "0": 0.0,
    "10": 0.15349866255132627,
    "20": 0.5204177620073956,
    "26": 1.2313755701117424
  },
  "final_error": 1.2313755701117424,
  "max_error": 1.2313755701117424,
  "_source": "solver"
}