dq_lu, dq_hhl,
0.005570835150642743,0.0
-0.0001917816201115501,-0.0
-0.0005927061951687279,-0.0
-0.0007729925233914141,-0.0
-0.0006902135114939724,-0.0
-0.0021491342779136743,-0.0
-0.0017324793071472125,-0.0
0.008977019459812297,0.0034135676836107723
0.0013070080403986431,0.0
-0.004094681107795291,-0.0
-0.004100309464688746,-0.0
0.008298558585781289,0.0
-0.001954750395021746,-0.0
-0.004000437260144099,-0.0024137568571200975
0.0013879177891088798,0.0
0.0010225354044665913,0.0
-0.0058988642749688396,-0.0
0.00024359706965496056,0.0
-0.002353005361213057,-0.0
-0.004325433329054324,-0.0
-0.002268765121394082,-0.0
-0.010558993340672252,-0.00418074951365043
-0.008393452738658224,-0.003413567683610746
-0.004769464791957211,-0.0
-0.00542427191940499,-0.0024137568571202563
-0.003189163018380383,-0.002413756857119944
-0.011782666357022114,-0.0024137568571204965
-0.011168139663159297,-0.003413567683610847
-0.010856205302067452,-0.00418074951365044
-0.019842814610152738,-0.006386200369317918
-0.015993083615768715,-0.005912472663089348
-0.015424407024621086,-0.00482751371424109
-0.02739932063806116,-0.007632969386350753
-0.013455006340104327,-0.004827513714241044
-0.010678269545127213,-0.0024137568571204753
-0.026347132952894984,-0.007241270571361829
-0.020661290929095428,-0.006827135367221974
-0.018668695727910623,-0.004180749513650601
-0.0318386889307359,-0.005397324413677964
-0.016529924763627604,-0.0034135676836109462
-0.017799765916428036,-0.0034135676836109605
-0.03762769367568001,-0.009655027428482548
-0.01863453165323888,-0.004827513714241144
-0.01937593589222399,-0.0048275137142411535
-0.039436054080252116,-0.010521322214467214
-0.013081580294434377,-0.0034135676836108916
-0.01946383374454115,-0.004827513714241155
-0.04167688033222202,-0.011061223506974055
-0.017647320188547262,-0.004827513714241129
-0.015709539777757464,-0.004180749513650559
-0.0464224584335933,-0.013220690789777537
-0.017680127202502317,-0.005397324413677828
-0.018666478910009,-0.004827513714241144
-0.03967722040780966,-0.009031451174321697
-0.018951248622582385,-0.0034135676836109722
-0.023515379087033345,-0.005912472663089466
-0.04111514596801821,-0.009348440109422202
-0.022660549469675814,-0.006386200369317958
-0.019270921256233815,-0.004827513714241152
-0.046128392000630306,-0.009952174476467351
