{
  "quantum_solution": [
    0.8287161125959193,
    0.2749358809484872,
    0.46169875047806136,
    0.15644209758879976
  ],
  "classical_solution": [
    0.7055698197297996,
    0.046596453582414196,
    0.7055698197297996,
    0.046596453582414196
  ],
  "_source": "harvester"
}