{
  "iterations_completed": 1,
  "converged": true,
  "_source": "harvester",
  "fidelity": 0.930578466269151,
  "shots": 100000,
  "l2_error_abs": 0.3726165152830695,
  "l2_error_rel": 0.3726165152830695
}