{
  "u_initial": [
    0.0,
    0.20129852008866006,
    0.39435585511331855,
    0.5712682150947923,
    0.7247927872291199,
    0.8486442574947509,
    0.9377521321470804,
    0.9884683243281114,
    0.9987165071710528,
    0.9680771188662044,
    0.8978045395707416,
    0.7907757369376985,
    0.6513724827222223,
    0.48530196253108143,
    0.29936312297335804,
    0.10116832198743228,
    -0.10116832198743204,
    -0.2993631229733574,
    -0.48530196253108043,
    -0.651372482722222,
    -0.7907757369376986,
    -0.8978045395707414,
    -0.9680771188662043,
    -0.9987165071710528,
    -0.9884683243281114,
    -0.9377521321470808,
    -0.8486442574947515,
    -0.72479278722912,
    -0.5712682150947924,
    -0.3943558551133187,
    -0.20129852008866028,
    -2.4492935982947064e-16
  ],
  "u_final_classical": [
    0.0,
    0.11465753632850059,
    0.22858560009524026,
    0.34104229567526934,
    0.45125864150819267,
    0.558418962127498,
    0.6616325262531132,
    0.7598903858913767,
    0.8519976328093486,
    0.9364633816334008,
    1.011230685873693,
    1.073925629372657,
    1.120783807238316,
    1.11669620945892,
    1.2187235751677745,
    1.0804685486537364,
    -1.0804685486537329,
    -1.218723575167775,
    -1.1166962094589221,
    -1.1207838072383158,
    -1.0739256293726573,
    -1.011230685873694,
    -0.9364633816334001,
    -0.8519976328093489,
    -0.7598903858913767,
    -0.661632526253113,
    -0.5584189621274979,
    -0.4512586415081927,
    -0.3410422956752695,
    -0.22858560009524032,
    -0.11465753632850076,
    -2.4492935982947064e-16
  ],
  "u_final_method": [
    0.0,
    0.07697232426466842,
    0.2556908537253027,
    0.2532602976642885,
    0.44012923633904966,
    0.5262398354670644,
    0.6625430142664975,
    0.7996063591875223,
    0.9218766968371019,
    0.8953251222187631,
    0.8526211406171716,
    1.0469176338299695,
    1.065451082827257,
    0.8502013827241846,
    1.4036508368885638,
    0.6802310307748114,
    -1.1410886101349558,
    -1.0993073752716156,
    -1.3914745928126921,
    -1.10953761556098,
    -1.0462459337388612,
    -0.9490741329766981,
    -1.0889078507970955,
    -0.8645816527041847,
    -0.8034653903889901,
    -0.6582851457515599,
    -0.6565238538422666,
    -0.5206174636217575,
    -0.3993320642727768,
    -0.23083847277040873,
    -0.199168809103789,
    0.0
  ],
  "errors_by_step": {
    "0": 0.0,
    "1": 0.014047354412568477,
    "2": 0.01931473679116479,
    "3": 0.02351544757348955,
    "4": 0.02685788622692059,
    "5": 0.030852154252978006,
    "6": 0.031562976845752225,
    "7": 0.03318328055431685,
    "8": 0.03049994473722123,
    "9": 0.032500532536496256,
    "10": 0.034696656643179724,
    "11": 0.03850525899112836,
    "12": 0.037784647986523846,
    "13": 0.04430722886262624,
    "14": 0.048450894478691456,
    "15": 0.05043935945001628,
    "16": 0.053070026286065254,
    "17": 0.05268719133241416,
    "18": 0.05351684007276787,
    "19": 0.055422106338050114,
    "20": 0.056427997345220915,
    "21": 0.06139896770339437,
    "22": 0.061077431616839435,
    "23": 0.06573380847326513,
    "24": 0.06373584776339575,
    "25": 0.0660841691813691,
    "26": 0.07354705195543179,
    "27": 0.07333758285599086,
    "28": 0.07710760683178612,
    "29": 0.0753522184023845,
    "30": 0.07559633271962887,
    "31": 0.07813762978115298,
    "32": 0.07926881178014107,
    "33": 0.08309362650361689,
    "34": 0.085988933984943,
    "35": 0.09039465239892423,
    "36": 0.09044074604979187,
    "37": 0.09369405575484371,
    "38": 0.09569456313433836,
    "39": 0.09884952376150273,
    "40": 0.10121683568717167,
    "41": 0.10564149321017355,
    "42": 0.10835462060497054,
    "43": 0.11286708317454316,
    "44": 0.1147900842866996,
    "45": 0.12073561007854508,
    "46": 0.12515536491354143,
    "47": 0.13049114588416358,
    "48": 0.13736015327374718,
    "49": 0.14242213524267228,
    "50": 0.147298305110538
  },
  "final_error": 0.147298305110538,
  "max_error": 0.147298305110538,
  "_source": "solver"
}