{
  "u_initial": [
    0.0,
    0.19509032201612825,
    0.3826834323650898,
    0.5555702330196022,
    0.7071067811865475,
    0.8314696123025452,
    0.9238795325112867,
    0.9807852804032304,
    1.0,
    0.9807852804032304,
    0.9238795325112867,
    0.8314696123025455,
    0.7071067811865476,
    0.5555702330196022,
    0.3826834323650899,
    0.1950903220161286,
    1.2246467991473532e-16,
    -0.19509032201612836,
    -0.38268343236508967,
    -0.555570233019602,
    -0.7071067811865475,
    -0.8314696123025452,
    -0.9238795325112865,
    -0.9807852804032303,
    -1.0,
    -0.9807852804032304,
    -0.9238795325112866,
    -0.8314696123025455,
    -0.7071067811865477,
    -0.5555702330196022,
    -0.3826834323650904,
    -0.19509032201612872
  ],
  "u_final_classical": [
    -8.486442845178899e-17,
    0.09590909595271489,
    0.19134664650845248,
    0.2858202979373214,
    0.37879355477628157,
    0.46965678236545927,
    0.5576879216366918,
    0.6419952536468057,
    0.7214283406360186,
    0.794429909285007,
    0.8587702555834253,
    0.9110240847824432,
    0.9454091621459159,
    0.9507769815158772,
    0.8960351765679959,
    0.6478384184080687,
    5.561119710024097e-16,
    -0.6478384184080678,
    -0.8960351765679955,
    -0.9507769815158771,
    -0.945409162145916,
    -0.9110240847824432,
    -0.8587702555834253,
    -0.794429909285007,
    -0.7214283406360188,
    -0.641995253646806,
    -0.557687921636692,
    -0.46965678236545944,
    -0.37879355477628174,
    -0.28582029793732155,
    -0.19134664650845262,
    -0.09590909595271506
  ],
  "u_final_method": [
    4.618527782440651e-16,
    0.0996717169881053,
    0.19739579202404844,
    0.2914953264544572,
    0.3807261874648428,
    0.46429638540798623,
    0.5417811358530148,
    0.6129910663865203,
    0.6778296335110645,
    0.7361421965173716,
    0.7875190723817287,
    0.8309334292022539,
    0.8638027224012143,
    0.8784880365659706,
    0.8427446153898052,
    0.6055108152523405,
    -5.152543280928513e-10,
    -0.6055108151183611,
    -0.8427446148582749,
    -0.8784880366800752,
    -0.8638027224152143,
    -0.8309334292224475,
    -0.7875190723839188,
    -0.7361421965171036,
    -0.6778296335112797,
    -0.6129910663865283,
    -0.5417811358529212,
    -0.46429638540795737,
    -0.3807261874648434,
    -0.291495326454436,
    -0.19739579202401256,
    -0.09967171698809647
  ],
  "errors_by_step": {
    "0": 0.0,
    "8": 0.02156330068205637,
    "16": 0.03559864429454056,
    "24": 0.04734957032046716,
    "32": 0.055287428951002776,
    "40": 0.05922101821907573,
    "48": 0.0651762490399017,
    "51": 0.0704513811147391
  },
  "final_error": 0.0704513811147391,
  "max_error": 0.0704513811147391,
  "_source": "solver"
}