{
  "grid": [
    0.0,
    0.0625,
    0.125,
    0.1875,
    0.25,
    0.3125,
    0.375,
    0.4375,
    0.5,
    0.5625,
    0.625,
    0.6875,
    0.75,
    0.8125,
    0.875,
    0.9375
  ],
  "solution_steps": {
    "0": [
      0.0,
      0.11480502970952693,
      0.21213203435596423,
      0.27716385975338603,
      0.3,
      0.27716385975338603,
      0.21213203435596426,
      0.11480502970952697,
      3.6739403974420595e-17,
      -0.1148050297095269,
      -0.21213203435596423,
      -0.2771638597533859,
      -0.3,
      -0.277163859753386,
      -0.2121320343559643,
      -0.1148050297095271
    ],
    "10": [
      -7.723826496081355e-17,
      0.092516652894742,
      0.17866887427427405,
      0.24670393629408707,
      0.2808657247310746,
      0.2692462786521026,
      0.2106997661255238,
      0.11526595963830145,
      3.690949359715798e-17,
      -0.1152659596383014,
      -0.21069976612552366,
      -0.2692462786521026,
      -0.2808657247310746,
      -0.24670393629408713,
      -0.1786688742742742,
      -0.09251665289474204
    ],
    "20": [
      -8.473310535948961e-18,
      0.08936523563483492,
      0.1697965491498236,
      0.2344808972765229,
      0.2728528599484624,
      0.2688328693881683,
      0.21421318327780767,
      0.11805581927070573,
      5.436414429902948e-17,
      -0.11805581927070569,
      -0.21421318327780758,
      -0.26883286938816836,
      -0.2728528599484625,
      -0.23448089727652296,
      -0.16979654914982364,
      -0.08936523563483507
    ],
    "30": [
      -5.5359479164985366e-17,
      0.07835891762042968,
      0.15419467891597657,
      0.2198768821616442,
      0.2630182672819118,
      0.2648354861143331,
      0.21259334424237994,
      0.11682528384106082,
      3.836212323566923e-17,
      -0.11682528384106076,
      -0.2125933442423798,
      -0.2648354861143333,
      -0.2630182672819119,
      -0.2198768821616443,
      -0.15419467891597669,
      -0.07835891762042972
    ]
  },
  "_source": "solver"
}