{
  "u_initial": [
    0.0,
    0.02940514209886818,
    0.05852709660483847,
    0.0870854031763387,
    0.11480502970952693,
    0.1414190210477993,
    0.16667106990588065,
    0.19031798524909363,
    0.21213203435596423,
    0.2319031360088211,
    0.24944088369076356,
    0.26457637930450645,
    0.27716385975338603,
    0.28708210071966267,
    0.2942355841209691,
    0.298555418001659,
    0.3,
    0.2985554180016591,
    0.2942355841209691,
    0.28708210071966267,
    0.27716385975338603,
    0.2645763793045065,
    0.24944088369076362,
    0.23190313600882112,
    0.21213203435596426,
    0.19031798524909363,
    0.16667106990588065,
    0.14141902104779935,
    0.11480502970952697,
    0.08708540317633871,
    0.05852709660483858,
    0.029405142098868246,
    3.6739403974420595e-17,
    -0.029405142098868176,
    -0.058527096604838506,
    -0.08708540317633863,
    -0.1148050297095269,
    -0.1414190210477993,
    -0.16667106990588057,
    -0.19031798524909357,
    -0.21213203435596423,
    -0.23190313600882098,
    -0.24944088369076356,
    -0.26457637930450645,
    -0.2771638597533859,
    -0.2870821007196626,
    -0.29423558412096906,
    -0.2985554180016591,
    -0.3,
    -0.2985554180016591,
    -0.2942355841209691,
    -0.28708210071966267,
    -0.277163859753386,
    -0.2645763793045065,
    -0.24944088369076362,
    -0.23190313600882106,
    -0.2121320343559643,
    -0.19031798524909377,
    -0.16667106990588065,
    -0.14141902104779938,
    -0.1148050297095271,
    -0.08708540317633874,
    -0.05852709660483861,
    -0.029405142098868152
  ],
  "u_final_classical": null,
  "u_final_method": [
    0.016417165216989316,
    0.03190923484949395,
    0.05271386211809838,
    0.06792905099494623,
    0.08202575600243583,
    0.09530738725177455,
    0.10887774743480648,
    0.11722716635164541,
    0.1313715649286367,
    0.14468543480273732,
    0.16034683072993328,
    0.1725365348595362,
    0.1853355606728569,
    0.19063906710019118,
    0.208785010419754,
    0.21181952383282718,
    0.21722371300549811,
    0.22156520914259759,
    0.22943825060808534,
    0.23025020239304145,
    0.22838189398154943,
    0.22819640590118082,
    0.22274944754523177,
    0.21509803245627976,
    0.20524198431241825,
    0.19185935105662907,
    0.1747482584692868,
    0.15238020313811296,
    0.130091975317736,
    0.10306734695512254,
    0.07612013511820606,
    0.048729322086850255,
    0.01816885371853154,
    -0.015272783786439108,
    -0.049395523437271535,
    -0.08518908399038255,
    -0.11538911135734208,
    -0.15376807300735784,
    -0.18136574564371058,
    -0.20700212448021565,
    -0.2257730384026693,
    -0.24236417388317869,
    -0.2542604422058481,
    -0.26261709040401765,
    -0.26394610024698384,
    -0.2625221384001214,
    -0.26384093694998867,
    -0.2584166144996686,
    -0.25405372162424483,
    -0.23776973294540016,
    -0.22993771745582484,
    -0.21328173151528834,
    -0.20637116554293505,
    -0.18711174730036984,
    -0.17341067170704233,
    -0.15190042801258113,
    -0.13137143652240516,
    -0.11343195447246578,
    -0.0941417942683048,
    -0.07253974614246264,
    -0.05630474833783097,
    -0.03846631840400337,
    -0.01997239410488223,
    -0.0035425718747568546
  ],
  "errors_by_step": {},
  "final_error": NaN,
  "max_error": NaN,
  "_source": "solver"
}