dq_lu, dq_hhl,
-0.01248737264050379,-0.008916932550425295
-0.0044456073446714085,-0.0
0.0013410153700783205,0.0
-0.02552313601430268,-0.008916932550425659
-0.049494702957059065,-0.008916932550425827
-0.05320481628406433,-0.017833865100851682
-0.04557071577715313,-0.017833865100851626
-0.056019286576617214,-0.015444580225002301
-0.0903308524679444,-0.015444580225002405
-0.03632808934377985,-0.008916932550425761
-0.062028025412618454,-0.015444580225002329
-0.07371440237584523,-0.015444580225002367
-0.027165247625721898,-0.0
-0.07207476012574615,-0.021841934819357648
-0.02906876986329202,-0.0
