dq_lu, dq_hhl,
-0.01015816146947752,-0.0
-0.0034676843478100112,-0.0
-0.025874151654647612,-0.0
-0.12438237126736773,-0.0
-0.07408402776532912,-0.0
-0.2648007408954442,-0.0
-0.4191708119885405,-0.0
-0.44086857542135094,-0.0
-0.8180668768153487,-0.03018245368052288
-0.558676765388094,-0.015091226840261433
-0.37184554421787763,-0.0
-1.5180829446065405,-0.03696580535123461
-0.6026199822016639,-0.0
-0.42155207017095747,-0.015091226840261424
-1.118502340959743,-0.015091226840261443
