dq_lu, dq_hhl,
-0.003642776732468138,-0.0
-0.004562631936455387,-0.0
0.001221414639758114,0.0
-0.01675386986861795,-0.0
-0.009642689186642846,-0.0
-0.008295621893678872,-0.0
-0.01282803723216475,-0.0
-0.01814000728352733,-0.0
-0.041855707082893885,-0.03613649871512268
-0.008632811125557862,-0.0
-0.01217621919530937,-0.0
-0.011625492335589993,-0.0
-0.013224516867308106,-0.0
-0.02624637289883262,-0.0
-0.012343850635746478,-0.0
