xp, rho, u, p, Mach
0.1,0.9910830674495744,1.5134957394237984,0.6982453655162879,1.5239411007084662
0.3,0.9026955373961529,1.5940943006231303,0.6089034011743347,1.6403874537170164
0.5,0.6325026377609232,1.7348586802192154,0.3869036395680468,1.8746916650625371
0.7,0.5256529106471544,1.8222976853330313,0.29026632134072566,2.0725571646873533
0.9,0.4969714701495332,1.8727362598515829,0.25538309194151393,2.207914542781784
