xp, rho, u, p, Mach
0.1,0.9999999999999999,1.5000000000000002,0.7142857142857143,1.5000000000000002
0.3,0.9999999999999999,1.5000000000000002,0.6834365008602256,1.5334801416837416
0.5,0.8216299329110571,1.4963793746978642,0.48592584156823165,1.644488437427315
0.7,0.6471228700037117,1.7429975448128483,0.3203718149808204,2.093625411673009
0.9,0.5100065081052485,2.1316631351078588,0.1576858855097649,3.2400074226697275
