xp, rho, u, p, Mach
0.1,0.9999999999999999,1.5000000000000002,0.7142857142857143,1.5000000000000002
0.3,0.9999999999999999,1.5000000000000002,0.6834365008602256,1.5334801416837416
0.5,0.8216299329110571,1.672487247035539,0.3942216939373749,2.040641260380498
0.7,0.8243379407263665,1.3682902580158247,0.5206572002587891,1.4550935720014848
0.9,0.6547020074391608,1.8168223516402808,0.3307368366758768,2.1603742813725355
