xp, rho, u, p, Mach
0.1,1.0,1.5,0.7142857142857144,1.5
0.3,1.0,1.5,0.7142857142857144,1.5
0.5,0.9794097548080976,1.5315346744671798,0.6931777103443701,1.5385893926762293
0.7,0.9854404979985121,1.5221619195137492,0.692228809828036,1.534925153060835
0.9,1.0,1.5,0.701263299808166,1.5138633873695693
