{
  "u_initial": [
    0.0,
    0.09797035167261484,
    0.17720780831912106,
    0.2220030605731576,
    0.22222851796992033,
    0.17503763569217182,
    0.08544494388155251,
    -0.03430094779332085,
    -0.1664535120085529,
    -0.29034635998933656,
    -0.38541899403899554,
    -0.43423110616478033,
    -0.4250128996293491,
    -0.35337537892014725,
    -0.22293813481676214,
    -0.044801227395427384,
    0.1640346559307528,
    0.38303754830739917,
    0.5909269121967156,
    0.7684409960288329,
    0.9006761317471469,
    0.9786659844559028,
    1.0,
    0.9684399231503942,
    0.8926548944066391,
    0.7843329633895874,
    0.6560179204736818,
    0.5190510783962,
    0.38196408406083304,
    0.24957773347667164,
    0.12292930051012987,
    1.477312140795107e-16
  ],
  "u_final_classical": [
    0.0,
    0.05897063738845177,
    0.11568722071579833,
    0.16735016843773995,
    0.2094355327338794,
    0.23612479688497684,
    0.22365931694935823,
    -0.15712324702952768,
    -0.5159289356823499,
    -0.43880573995884165,
    -0.38482285945985417,
    -0.3254645360205116,
    -0.2553276678083414,
    -0.17987050900091167,
    -0.10056967306973483,
    -0.01855646764257476,
    0.06534532999427149,
    0.1504960377713699,
    0.23636383694958368,
    0.3224754957456985,
    0.4083796268872731,
    0.4936157039181665,
    0.5776778599301126,
    0.6599252585784023,
    0.7397867782272114,
    0.8173200247568035,
    0.8859245305434543,
    0.934763048972126,
    1.0370144062553266,
    1.1928523384187903,
    0.8193497422219393,
    1.477312140795107e-16
  ],
  "u_final_method": [
    0.0,
    0.039139728602135666,
    0.056835104543387464,
    0.21915153768926862,
    0.07243805385175946,
    0.2157955927175793,
    0.0342179075480095,
    0.0,
    -0.5892572973386244,
    -0.523931766435498,
    -0.40872139526509466,
    -0.3477479141328116,
    -0.3215059586479368,
    -0.23604662709239427,
    -0.09366157881558876,
    0.0,
    0.0488299637379294,
    0.20674485292028574,
    0.1844308123507144,
    0.27154096519249593,
    0.46723068516479266,
    0.44489556124913243,
    0.4828765841202198,
    0.6986879676862254,
    0.6745652090702161,
    0.8435623231804875,
    0.7597015329339754,
    0.9892656533357924,
    0.9866657581799403,
    1.3115686425742072,
    0.8151163588955482,
    0.0
  ],
  "errors_by_step": {
    "0": 0.0,
    "1": 0.012294445587442006,
    "2": 0.01729508550127324,
    "3": 0.022690387116549166,
    "4": 0.027562409096358056,
    "5": 0.0317924762282936,
    "6": 0.03362610391648563,
    "7": 0.0384390657675431,
    "8": 0.04245798249394294,
    "9": 0.04691797314482082,
    "10": 0.045993913378238736,
    "11": 0.045106749019231146,
    "12": 0.04622301657268127,
    "13": 0.05170558490053438,
    "14": 0.05304314233576285,
    "15": 0.053992216587360926,
    "16": 0.05480620714085672,
    "17": 0.05547468094912404,
    "18": 0.05558116554701595,
    "19": 0.058087836495398476,
    "20": 0.05882696179028394,
    "21": 0.06048410054381219,
    "22": 0.06280239884982326,
    "23": 0.0636839698532093,
    "24": 0.062139940407116435,
    "25": 0.06332576788671393,
    "26": 0.06672040404473015,
    "27": 0.0720623299466971,
    "28": 0.07619485441435031,
    "29": 0.07517668518274953,
    "30": 0.07658312411538398,
    "31": 0.07812482265049332,
    "32": 0.0814499142565624,
    "33": 0.08170131395684214,
    "34": 0.08307548838598632,
    "35": 0.08118411533253816,
    "36": 0.08510821399835145,
    "37": 0.09003981302847386,
    "38": 0.09192709971524274,
    "39": 0.08914759876112435,
    "40": 0.08983811661674102,
    "41": 0.09618406524145748,
    "42": 0.10469061944551701,
    "43": 0.10851926116055384,
    "44": 0.11076814605747505,
    "45": 0.11435925494604088,
    "46": 0.11790163516634695,
    "47": 0.11664667905868575,
    "48": 0.1172477299686383,
    "49": 0.12070903536541798,
    "50": 0.12486265106310777,
    "51": 0.12346336709905648,
    "52": 0.12384360379483168,
    "53": 0.12499967232295646,
    "54": 0.12828444318199186,
    "55": 0.12900658236065918,
    "56": 0.1293250267664501,
    "57": 0.12932551416009197,
    "58": 0.12894666454170434,
    "59": 0.12802057257350544,
    "60": 0.12856633269359494,
    "61": 0.12599099034849268,
    "62": 0.1285895988277642,
    "63": 0.13047043644904077,
    "64": 0.1341618228091371,
    "65": 0.13751447855999285,
    "66": 0.13618379297224675,
    "67": 0.13481693076566223,
    "68": 0.140427276780643,
    "69": 0.14383482393842784,
    "70": 0.1432769842942477
  },
  "final_error": 0.1432769842942477,
  "max_error": 0.14383482393842784,
  "_source": "solver"
}