{
  "iterations_completed": 1,
  "converged": true,
  "_source": "harvester",
  "fidelity": 1.4588394530321742,
  "shots": 100,
  "l2_error_abs": 0.3831238753366945,
  "l2_error_rel": 0.30951167619884523
}