{
  "quantum_solution": [
    1.233539998720427,
    0.08410499991275637,
    0.042052499956378185,
    0.042052499956378185
  ],
  "classical_solution": [
    1.1454545454545455,
    0.43636363636363634,
    0.16363636363636364,
    0.05454545454545454
  ],
  "_source": "harvester"
}