xp, rho, u, p, Mach
0.1,0.9874894016178614,1.5145765254225492,0.699853451543681,1.5205120656172209
0.3,0.8860723129469998,1.6129431021021574,0.6033523469826365,1.651977430718365
0.5,0.6195593320832875,1.7424782415135411,0.37466167618940877,1.8937609694039854
0.7,0.5168744533658491,1.830786085279661,0.288207262804685,2.072114064465168
0.9,0.4834723994405554,1.870694159005823,0.2606392663742361,2.1533007572517318
