xp, rho, u, p, Mach
0.1,0.9874894016178614,1.512662272329074,0.700814642510119,1.5175485543838685
0.3,0.8856140885874475,1.612298357737153,0.6045129257006733,1.64930454773594
0.5,0.6186834155624381,1.7449451986689626,0.37445077581514274,1.8956346748579502
0.7,0.5163687427267494,1.827243659848873,0.2895179412120705,2.0624084413406947
0.9,0.48301417508100253,1.869812133925011,0.26090814347860675,2.150156526761137
