xp, rho, u, p, Mach
0.1,0.9874894016178614,1.512662272329074,0.7028068074908038,1.5153962185785506
0.3,0.8893896702827108,1.6050226375651844,0.6073488354377261,1.6415120809001598
0.5,0.6186834155624381,1.7508794419988274,0.3722243775126515,1.9077613969954133
0.7,0.5192960789254947,1.8276224849687914,0.287277969080443,2.0767242556121097
0.9,0.4852771204956576,1.8772848983418355,0.25575256821867964,2.185501329005062
