xp, rho, u, p, Mach
0.1,0.9874698494427085,1.5144378657103912,0.6998189402310045,1.5203952983080469
0.3,0.8860257272437565,1.613169265868865,0.6031796417941764,1.6524021452950657
0.5,0.6196997731970731,1.7414254392640358,0.37504461240593445,1.8918646818339329
0.7,0.5170335177685089,1.8291040466126045,0.2887687066024147,2.0685150159280297
0.9,0.48381108820061514,1.8695049074500787,0.2609336124290544,2.1514709528946443
