xp, rho, u, p, Mach
0.1,0.9935294508916727,1.5054598121379037,0.7063429534587546,1.508994694912099
0.3,0.9111371722394459,1.584637903189096,0.6301618245812128,1.610392945680035
0.5,0.7099772767372076,1.6258391898307916,0.44706623892925623,1.7316090908886346
0.7,0.734646264533594,1.5274125055471288,0.46882059201084353,1.6159507558894135
0.9,0.82922869465585,1.4516831684750386,0.5553060814295532,1.499266267524556
