xp, rho, u, p, Mach
0.1,0.9874649862072707,1.5144444608986924,0.6998141797095742,1.5204033467711635
0.3,0.8860014860157013,1.6131896543352486,0.6031592335758802,1.652428379415093
0.5,0.6196563139580217,1.7414673220220767,0.37501483210061537,1.891918957377506
0.7,0.5170667678512935,1.829030633046513,0.2887987234540373,2.0683910024731094
0.9,0.48406659577050226,1.8690071004190942,0.2611357558309327,2.1506330709917547
