xp, rho, u, p, Mach
0.1,0.9874091105255387,1.514498018675801,0.6997641004846947,1.5204685010630306
0.3,0.8857491586746744,1.6133638738392215,0.6029617447053417,1.652642073669409
0.5,0.6192688490639384,1.7417715647576217,0.3747738797575623,1.8922657913618244
0.7,0.5178637904252198,1.8275463778707823,0.28943946529629105,2.066014134299573
0.9,0.4877517187844338,1.8620835846325468,0.2639490657568729,2.1393138035069144
