xp, rho, u, p, Mach
0.1,0.9874704761762071,1.5144369045181685,0.6998196752935163,1.5203940173402402
0.3,0.8860284381432598,1.6131663817909607,0.6031822217141264,1.6523981851128595
0.5,0.6197050889089762,1.7414196038713057,0.3750483645194885,1.8918569929151388
0.7,0.5170319971123966,1.8291083659300746,0.2887671176288172,2.0685225498337316
0.9,0.4837878080579172,1.8695508666659653,0.26091493406842986,2.151549087796479
