xp, rho, u, p, Mach
0.1,0.9874637964097358,1.5144449363332315,0.6998115019054758,1.5204058169894301
0.3,0.8859821062405331,1.613203440619222,0.6031451366259251,1.652443739199618
0.5,0.6196225081407541,1.7414998398865484,0.37499183842836714,1.8919606781374985
0.7,0.5171024164933491,1.8289567293432416,0.2888319964208717,2.068259584305165
0.9,0.48429664977062264,1.8685735533857772,0.26131412836160406,2.1499109256830957
