xp, rho, u, p, Mach
0.1,0.9874663186151549,1.514441068108915,0.6998144062952476,1.5204007202482286
0.3,0.8859923514873949,1.6131975172927746,0.6031523819265021,1.6524373009765152
0.5,0.6196419634858242,1.7414796994532693,0.3750054917370125,1.8919340576254706
0.7,0.5170824767086863,1.8289932880663962,0.28881343097061096,2.068327523271745
0.9,0.4841635690724225,1.8688241524110278,0.2612113303524237,2.1503268054826625
