xp, rho, u, p, Mach
0.1,0.9874705964551391,1.5144367809546002,0.6998197902580976,1.5203938610032879
0.3,0.8860289926017475,1.6131658936649667,0.603182717385273,1.6523975231969072
0.5,0.619706147773555,1.7414184230635579,0.37504915433797614,1.891855334328863
0.7,0.5170318270122987,1.8291089676947936,0.28876693164276956,2.068523556235326
0.9,0.48378347551121625,1.8695594078396038,0.26091153209887497,2.151563309916846
