xp, rho, u, p, Mach
0.1,0.9958107582373176,1.503881463172261,0.7116854357356711,1.5034671942022844
0.3,0.9454271928823706,1.5460949610717811,0.6605310744795115,1.563290054101054
0.5,0.7947522863585813,1.550873969171799,0.5172106295588839,1.6247803602061985
0.7,0.8476360515144568,1.4805991327640327,0.5705876090916261,1.5251656468802277
0.9,0.9292353839687202,1.4630103706008226,0.6452577135305451,1.4838146469438689
