xp, rho, u, p, Mach
0.1,0.9874709873141366,1.5144362401696452,0.6998202963615218,1.520393069223662
0.3,0.886031413155888,1.6131635298160374,0.6031850021289924,1.6523942294805742
0.5,0.6197112403075041,1.7414123838986326,0.3750529026841916,1.8918470929223974
0.7,0.5170336759241332,1.8291067904462905,0.28876811553170223,2.0685205522641747
0.9,0.4837714416056662,1.8695833250944671,0.26090180166588317,2.15160419606139
