xp, rho, u, p, Mach
0.1,0.987285187502033,1.5146397479612261,0.6996000556518519,1.52069362291714
0.3,0.8852460072211061,1.614049028587662,0.602497215026083,1.6535113158144357
0.5,0.6187095506159568,1.7429816534823042,0.3742531823223973,1.894041353764915
0.7,0.5166276580052084,1.8299886573449062,0.288466388373718,2.069786728037985
0.9,0.48484654453975234,1.8676672789503552,0.26177722686086186,2.1481851661513574
