xp, rho, u, p, Mach
0.1,0.987468762253329,1.5144391467077196,0.6998178744201445,1.520396905145592
0.3,0.8860254953800804,1.6131703583598203,0.6031793161345951,1.6524034942178054
0.5,0.6197012452808321,1.7414264522625595,0.3750450662380501,1.8918668847361895
0.7,0.5170138176686521,1.8291381648379719,0.28875382876131384,2.0685674800061156
0.9,0.48373938006763206,1.869640480394454,0.2608782258080437,2.1516958908341044
