xp, rho, u, p, Mach
0.1,0.9874710142828028,1.5144361994475468,0.6998203295357053,1.5203930130667487
0.3,0.8860315019514546,1.6131634357962439,0.6031850757013901,1.652394115199552
0.5,0.6197113308688934,1.7414122518354684,0.3750529679949995,1.8918469229622712
0.7,0.517033650040626,1.8291067951823028,0.2887680958728156,2.0685205762542576
0.9,0.483771147386322,1.869583865682096,0.2609015677544135,2.151605128425938
