xp, rho, u, p, Mach
0.1,0.9874710257559839,1.514436163571725,0.6998203457332872,1.5203929682873403
0.3,0.8860315959359217,1.6131633129180198,0.6031851694716434,1.6523939485313037
0.5,0.6197113792750125,1.741412111532919,0.375053014951973,1.891846725995786
0.7,0.517033193660365,1.8291074348001102,0.28876777548159266,2.0685215341844034
0.9,0.4837697856519822,1.8695864007433023,0.26090051392127683,2.151609363077064
