xp, rho, u, p, Mach
0.1,0.9874710257559839,1.514436181851688,0.6998203347984924,1.520392998517386
0.3,0.8860315448801687,1.6131633705865447,0.6031851299856057,1.652394014079327
0.5,0.6197113612240781,1.7414122205126503,0.3750529663506798,1.8918469394146915
0.7,0.5170335564796626,1.8291068692999606,0.2887680381391062,2.0685206796971602
0.9,0.48377075822723425,1.869584576643706,0.2609012617197496,2.1516063431333863
