xp, rho, u, p, Mach
0.1,0.987470982986522,1.5144362448186295,0.6998202925606122,1.5203930746881822
0.3,0.8860313998674404,1.6131635446796675,0.6031849907298942,1.6523942479282256
0.5,0.6197112241939159,1.7414124073998198,0.3750528901341669,1.8918471255105924
0.7,0.5170336646271448,1.8291068114590427,0.28876810753385707,2.0685205820744317
0.9,0.4837714457980901,1.869583315427165,0.26090180632313614,2.1516041750551316
