xp, rho, u, p, Mach
0.1,0.9874709874873383,1.514436240005281,0.6998202965130561,1.5203930690273815
0.3,0.8860314137961879,1.6131635289488688,0.6031850027185995,1.6523942283817776
0.5,0.6197112410286003,1.7414123829902755,0.37505290315585793,1.8918470918466546
0.7,0.5170336762982916,1.8291067897640918,0.28876811580473266,2.0685205512632456
0.9,0.483771441105676,1.8695833260140853,0.2609018012128262,2.151604197875995
