{
  "u_initial": [
    0.0,
    0.02940514209886818,
    0.05852709660483847,
    0.0870854031763387,
    0.11480502970952693,
    0.1414190210477993,
    0.16667106990588065,
    0.19031798524909363,
    0.21213203435596423,
    0.2319031360088211,
    0.24944088369076356,
    0.26457637930450645,
    0.27716385975338603,
    0.28708210071966267,
    0.2942355841209691,
    0.298555418001659,
    0.3,
    0.2985554180016591,
    0.2942355841209691,
    0.28708210071966267,
    0.27716385975338603,
    0.2645763793045065,
    0.24944088369076362,
    0.23190313600882112,
    0.21213203435596426,
    0.19031798524909363,
    0.16667106990588065,
    0.14141902104779935,
    0.11480502970952697,
    0.08708540317633871,
    0.05852709660483858,
    0.029405142098868246,
    3.6739403974420595e-17,
    -0.029405142098868176,
    -0.058527096604838506,
    -0.08708540317633863,
    -0.1148050297095269,
    -0.1414190210477993,
    -0.16667106990588057,
    -0.19031798524909357,
    -0.21213203435596423,
    -0.23190313600882098,
    -0.24944088369076356,
    -0.26457637930450645,
    -0.2771638597533859,
    -0.2870821007196626,
    -0.29423558412096906,
    -0.2985554180016591,
    -0.3,
    -0.2985554180016591,
    -0.2942355841209691,
    -0.28708210071966267,
    -0.277163859753386,
    -0.2645763793045065,
    -0.24944088369076362,
    -0.23190313600882106,
    -0.2121320343559643,
    -0.19031798524909377,
    -0.16667106990588065,
    -0.14141902104779938,
    -0.1148050297095271,
    -0.08708540317633874,
    -0.05852709660483861,
    -0.029405142098868152
  ],
  "u_final_classical": null,
  "u_final_method": [
    1.90810291701066e-17,
    0.021045243831233407,
    0.04198410991180211,
    0.06270951614897614,
    0.08311296898180365,
    0.10308385130701742,
    0.12250870461134822,
    0.14127050664246077,
    0.15924794924659819,
    0.17631472578779717,
    0.19233884435050047,
    0.2071819923816383,
    0.22069899138745303,
    0.23273739776125116,
    0.24313732887353348,
    0.2517316232348116,
    0.2583464804872429,
    0.2628027708747067,
    0.26491825246402423,
    0.2645109822479584,
    0.26140424378657806,
    0.2554333216719756,
    0.2464544059866739,
    0.23435577481432385,
    0.21907114440097913,
    0.20059466959172917,
    0.17899652712262185,
    0.15443738273896762,
    0.1271794674911106,
    0.09759167865846906,
    0.06614631126297879,
    0.03340588131458357,
    -1.930029090930993e-17,
    -0.033405881314583614,
    -0.06614631126297883,
    -0.09759167865846911,
    -0.12717946749111064,
    -0.15443738273896768,
    -0.1789965271226219,
    -0.20059466959172922,
    -0.21907114440097925,
    -0.2343557748143239,
    -0.24645440598667395,
    -0.25543332167197563,
    -0.26140424378657817,
    -0.2645109822479585,
    -0.2649182524640243,
    -0.2628027708747067,
    -0.2583464804872429,
    -0.2517316232348116,
    -0.24313732887353348,
    -0.23273739776125116,
    -0.22069899138745303,
    -0.2071819923816383,
    -0.19233884435050047,
    -0.17631472578779717,
    -0.15924794924659819,
    -0.14127050664246077,
    -0.1225087046113482,
    -0.10308385130701737,
    -0.08311296898180359,
    -0.06270951614897609,
    -0.041984109911802056,
    -0.021045243831233365
  ],
  "errors_by_step": {},
  "final_error": NaN,
  "max_error": NaN,
  "_source": "solver"
}