dq_lu, dq_hhl,
-0.0038680088263773503,-4.649344248150612e-05
-0.0015168157806255522,-0.0
-0.010630978182213872,-9.298688496302754e-05
0.006968189002630747,0.00011388521046514202
0.005605351573847292,8.052900459675627e-05
-0.0029939735100489267,-0.0
0.0023887841854828883,4.649344248149867e-05
-0.007907807999161853,-9.298688496302453e-05
-0.004070760185385928,-0.0
0.0002110387885729195,0.0
0.0012757903020756986,0.0
-0.0018148426403220902,-4.649344248149252e-05
0.004143422973275357,0.0
0.004438178632160841,6.575165691876155e-05
0.0011397345595066668,0.0
