dq_lu, dq_hhl,
-0.007200593775469841,-0.002148140800805014
-0.0015934332809965093,-0.0
-0.01720225309860153,-0.005037836733208187
0.01291353668836944,0.004018803447581533
0.005562187541149767,0.0
-0.0030609943407568347,-0.0
0.0049526895524473,0.0015189649271926304
-0.008719936802041956,-0.0
-0.007068176448988531,-0.0021481408008050084
0.00017216940777313585,0.0
0.002034157844438477,0.0
-0.004199523090307602,-0.0015189649271925756
0.006401254803312581,0.0015189649271927
0.004418605921251581,0.0
0.001111703481351122,0.0
