xp, rho, u, p, Mach
0.1,0.9999999999999998,1.5000000000000004,0.7142857142857143,1.5000000000000004
0.3,0.8669928140257799,1.63794223924789,0.6002971041520863,1.6636393707703567
0.5,0.614618071526736,1.784376593045117,0.36645516119980964,1.953056203513407
0.7,0.5167942517120524,1.8252643647168187,0.29415671303470736,2.0447076052667525
0.9,0.46908892776931926,1.913746919877012,0.2532583296845526,2.201233982595535
