xp, rho, u, p, Mach
0.1,0.991320850762931,1.510060306402757,0.7049060487976666,1.5134628873672438
0.3,0.8789780487632814,1.6196728135102967,0.6043286081641634,1.6508807842914996
0.5,0.6172584996322695,1.7611422295047836,0.3695922155084432,1.9235458594828543
0.7,0.5167942517120524,1.8274622144448314,0.2902487439698466,2.0609053699509947
0.9,0.4796081452074436,1.8765347353793869,0.26085739397035856,2.150474461664547
