{
  "u_initial": [
    0.0,
    0.11480502970952693,
    0.21213203435596423,
    0.27716385975338603,
    0.3,
    0.27716385975338603,
    0.21213203435596426,
    0.11480502970952697,
    3.6739403974420595e-17,
    -0.1148050297095269,
    -0.21213203435596423,
    -0.2771638597533859,
    -0.3,
    -0.277163859753386,
    -0.2121320343559643,
    -0.1148050297095271
  ],
  "u_final_classical": null,
  "u_final_method": [
    -5.5148182424519453e-17,
    0.07726882012290348,
    0.15138881860293088,
    0.21517408420029702,
    0.256179354621037,
    0.25607408160355166,
    0.2042831413184475,
    0.1118970226597364,
    1.9291383022767536e-17,
    -0.11189702265973636,
    -0.20428314131844738,
    -0.25607408160355166,
    -0.256179354621037,
    -0.21517408420029707,
    -0.15138881860293096,
    -0.07726882012290352
  ],
  "errors_by_step": {},
  "final_error": NaN,
  "max_error": NaN,
  "_source": "solver"
}