{
  "grid": [
    0.0,
    0.0625,
    0.125,
    0.1875,
    0.25,
    0.3125,
    0.375,
    0.4375,
    0.5,
    0.5625,
    0.625,
    0.6875,
    0.75,
    0.8125,
    0.875,
    0.9375
  ],
  "solution_steps": {
    "0": [
      0.0,
      0.11480502970952693,
      0.21213203435596423,
      0.27716385975338603,
      0.3,
      0.27716385975338603,
      0.21213203435596426,
      0.11480502970952697,
      3.6739403974420595e-17,
      -0.1148050297095269,
      -0.21213203435596423,
      -0.2771638597533859,
      -0.3,
      -0.277163859753386,
      -0.2121320343559643,
      -0.1148050297095271
    ],
    "10": [
      -7.723826496081355e-17,
      0.092516652894742,
      0.17866887427427405,
      0.24670393629408707,
      0.2808657247310746,
      0.2692462786521026,
      0.2106997661255238,
      0.11526595963830145,
      3.690949359715798e-17,
      -0.1152659596383014,
      -0.21069976612552366,
      -0.2692462786521026,
      -0.2808657247310746,
      -0.24670393629408713,
      -0.1786688742742742,
      -0.09251665289474204
    ],
    "20": [
      -1.6918491245808797e-17,
      0.08637433333676683,
      0.1652642533024366,
      0.22965591327246762,
      0.2678900426127191,
      0.2637720463649767,
      0.209871520893473,
      0.11554367170834534,
      4.355537330753771e-17,
      -0.1155436717083453,
      -0.20987152089347294,
      -0.26377204636497664,
      -0.2678900426127191,
      -0.22965591327246768,
      -0.16526425330243666,
      -0.08637433333676697
    ],
    "30": [
      -5.5148182424519453e-17,
      0.07726882012290348,
      0.15138881860293088,
      0.21517408420029702,
      0.256179354621037,
      0.25607408160355166,
      0.2042831413184475,
      0.1118970226597364,
      1.9291383022767536e-17,
      -0.11189702265973636,
      -0.20428314131844738,
      -0.25607408160355166,
      -0.256179354621037,
      -0.21517408420029707,
      -0.15138881860293096,
      -0.07726882012290352
    ]
  },
  "_source": "solver"
}