{
  "u_initial": [
    0.0,
    0.19509032201612825,
    0.3826834323650898,
    0.5555702330196022,
    0.7071067811865475,
    0.8314696123025452,
    0.9238795325112867,
    0.9807852804032304,
    1.0,
    0.9807852804032304,
    0.9238795325112867,
    0.8314696123025455,
    0.7071067811865476,
    0.5555702330196022,
    0.3826834323650899,
    0.1950903220161286,
    1.2246467991473532e-16,
    -0.19509032201612836,
    -0.38268343236508967,
    -0.555570233019602,
    -0.7071067811865475,
    -0.8314696123025452,
    -0.9238795325112865,
    -0.9807852804032303,
    -1.0,
    -0.9807852804032304,
    -0.9238795325112866,
    -0.8314696123025455,
    -0.7071067811865477,
    -0.5555702330196022,
    -0.3826834323650904,
    -0.19509032201612872
  ],
  "u_final_classical": [
    -8.486442845178899e-17,
    0.09590909595271489,
    0.19134664650845248,
    0.2858202979373214,
    0.37879355477628157,
    0.46965678236545927,
    0.5576879216366918,
    0.6419952536468057,
    0.7214283406360186,
    0.794429909285007,
    0.8587702555834253,
    0.9110240847824432,
    0.9454091621459159,
    0.9507769815158772,
    0.8960351765679959,
    0.6478384184080687,
    5.561119710024097e-16,
    -0.6478384184080678,
    -0.8960351765679955,
    -0.9507769815158771,
    -0.945409162145916,
    -0.9110240847824432,
    -0.8587702555834253,
    -0.794429909285007,
    -0.7214283406360188,
    -0.641995253646806,
    -0.557687921636692,
    -0.46965678236545944,
    -0.37879355477628174,
    -0.28582029793732155,
    -0.19134664650845262,
    -0.09590909595271506
  ],
  "u_final_method": [
    -9.671312441290769e-17,
    0.0864035284568784,
    0.17405882965800598,
    0.2609966240309572,
    0.3447268138019733,
    0.43144123648521937,
    0.5345714590260732,
    0.6340919976564104,
    0.641142688957969,
    0.41947134735119346,
    0.041083294327500935,
    -60.756520184394155,
    3.5004713569073065,
    1.3435381401166426,
    0.7310474458924635,
    0.33566333577890645,
    1.4613991671642225e-16,
    -0.33566333577890634,
    -0.7310474458924632,
    -1.343538140116645,
    -3.500471356907163,
    60.756520183963936,
    -0.041083294327497216,
    -0.41947134735123,
    -0.6411426889579571,
    -0.6340919976563977,
    -0.534571459026087,
    -0.4314412364852153,
    -0.34472681380197395,
    -0.26099662403095647,
    -0.17405882965800662,
    -0.08640352845687846
  ],
  "errors_by_step": {
    "0": 0.0,
    "10": 0.04156864853701901,
    "20": 0.0802558184727565,
    "30": 0.14241319816131168,
    "40": 0.2899493240284729,
    "50": 23.3666967286157
  },
  "final_error": NaN,
  "max_error": 23.3666967286157,
  "_source": "solver"
}