{
  "u_initial": [
    0.0,
    0.19509032201612825,
    0.3826834323650898,
    0.5555702330196022,
    0.7071067811865475,
    0.8314696123025452,
    0.9238795325112867,
    0.9807852804032304,
    1.0,
    0.9807852804032304,
    0.9238795325112867,
    0.8314696123025455,
    0.7071067811865476,
    0.5555702330196022,
    0.3826834323650899,
    0.1950903220161286,
    1.2246467991473532e-16,
    -0.19509032201612836,
    -0.38268343236508967,
    -0.555570233019602,
    -0.7071067811865475,
    -0.8314696123025452,
    -0.9238795325112865,
    -0.9807852804032303,
    -1.0,
    -0.9807852804032304,
    -0.9238795325112866,
    -0.8314696123025455,
    -0.7071067811865477,
    -0.5555702330196022,
    -0.3826834323650904,
    -0.19509032201612872
  ],
  "u_final_classical": [
    -7.079837854603818e-17,
    0.0911439809093601,
    0.1809203047339207,
    0.2678906637180898,
    0.350468658126313,
    0.4268294147622902,
    0.49480228647947333,
    0.5517484522751552,
    0.5944384690358877,
    0.6189710608994947,
    0.6208187891990566,
    0.5951450165367042,
    0.5375783443667989,
    0.44557314207940235,
    0.32020928257981396,
    0.16776989918749693,
    8.623044220356657e-17,
    -0.16776989918749677,
    -0.32020928257981385,
    -0.44557314207940224,
    -0.5375783443667989,
    -0.5951450165367042,
    -0.6208187891990566,
    -0.6189710608994948,
    -0.5944384690358877,
    -0.5517484522751555,
    -0.49480228647947344,
    -0.4268294147622903,
    -0.3504686581263131,
    -0.2678906637180899,
    -0.18092030473392082,
    -0.09114398090936025
  ],
  "u_final_method": [
    0.03704474141116574,
    0.12405640077618481,
    0.20010649671282188,
    0.268748090350204,
    0.33441099538337904,
    0.3993114991107854,
    0.4611709393214401,
    0.5129366624056824,
    0.5449453685404645,
    0.5490024921848423,
    0.5226786280913952,
    0.47109188264765084,
    0.40400888174491634,
    0.3292903397634927,
    0.24738354307285776,
    0.1517410635523767,
    0.035828458542362544,
    -0.09809952579134702,
    -0.2358276529103062,
    -0.3573361728726397,
    -0.4477331726453681,
    -0.503955232230376,
    -0.5328543692773113,
    -0.5439304470478746,
    -0.5427068262468758,
    -0.5284600753271951,
    -0.49645816197009013,
    -0.44233724478271946,
    -0.3656557075662952,
    -0.2709364524328914,
    -0.16634216220455642,
    -0.061123280306175955
  ],
  "errors_by_step": {
    "0": 0.0,
    "10": 0.08856420092707923,
    "20": 0.11747023915213523,
    "30": 0.14032844321869425,
    "40": 0.14861555556018374,
    "50": 0.14648518489727982
  },
  "final_error": 0.14648518489727982,
  "max_error": 0.14861555556018374,
  "_source": "solver"
}