xp, rho, u, p, Mach
0.1,1.0,1.5,0.7142857142857144,1.5
0.3,0.8950811121773616,1.5929407106777778,0.5806864989643944,1.6714597612586992
0.5,0.5610928026519263,1.8267201546805756,0.3546939947541667,1.9417728917256785
0.7,0.40648914356849064,2.2186824092326844,0.19714250524241533,2.692560449186697
0.9,0.48067800062242916,1.7662456370189616,0.22308491788510998,2.1911852828265403
