xp, rho, u, p, Mach
0.1,0.9874371688557682,1.514133497413147,0.7001432728509369,1.5197124623556089
0.3,0.8858793777548,1.6128377625695638,0.6034942952459188,1.6514954324886928
0.5,0.6196711725284203,1.7417571576881896,0.374816045450601,1.892758239616539
0.7,0.5171750351965725,1.828836879580829,0.2887916323212615,2.068413800360783
0.9,0.48323065297093654,1.8721783101044982,0.2604099758504883,2.1554185721214765
