xp, rho, u, p, Mach
0.1,0.9874371688557682,1.5144250198974392,0.6998427786051152,1.5203313492347135
0.3,0.8858793777548,1.6133617171111378,0.6030984639303998,1.6525739952814993
0.5,0.6196711725284203,1.7415494104629303,0.3749949203227793,1.8920810531831849
0.7,0.5170173677063796,1.8290896382669883,0.28880149662795224,2.06834898721199
0.9,0.48376144083621314,1.8697982175182835,0.26084809421358474,2.1520507767378234
