{
  "classical_solution": [
    0.8780941282281572,
    1.2594741034450818,
    1.779118379833191,
    1.6510741181206083
  ],
  "classical_solution_normalized": [
    0.3057384796798756,
    0.4385289517428821,
    0.6194608654522159,
    0.5748778798140688
  ],
  "_source": "solver"
}