{
  "u_initial": [
    0.0,
    0.20129852008866006,
    0.39435585511331855,
    0.5712682150947923,
    0.7247927872291199,
    0.8486442574947509,
    0.9377521321470804,
    0.9884683243281114,
    0.9987165071710528,
    0.9680771188662044,
    0.8978045395707416,
    0.7907757369376985,
    0.6513724827222223,
    0.48530196253108143,
    0.29936312297335804,
    0.10116832198743228,
    -0.10116832198743204,
    -0.2993631229733574,
    -0.48530196253108043,
    -0.651372482722222,
    -0.7907757369376986,
    -0.8978045395707414,
    -0.9680771188662043,
    -0.9987165071710528,
    -0.9884683243281114,
    -0.9377521321470808,
    -0.8486442574947515,
    -0.72479278722912,
    -0.5712682150947924,
    -0.3943558551133187,
    -0.20129852008866028,
    -2.4492935982947064e-16
  ],
  "u_final_classical": [
    0.0,
    0.11119379444163842,
    0.22167410486115208,
    0.3306941324201278,
    0.43743628786914635,
    0.5409653725852953,
    0.6401647647184803,
    0.7336429157502903,
    0.8195871889022663,
    0.895520412784562,
    0.9578652969131879,
    1.0010538559033837,
    1.0158264192531847,
    0.9867859471596514,
    0.8531077951190563,
    0.3860896788885839,
    -0.3860896788885824,
    -0.853107795119054,
    -0.9867859471596527,
    -1.0158264192531847,
    -1.0010538559033837,
    -0.957865296913188,
    -0.8955204127845625,
    -0.8195871889022667,
    -0.7336429157502903,
    -0.6401647647184807,
    -0.5409653725852953,
    -0.4374362878691463,
    -0.3306941324201281,
    -0.22167410486115213,
    -0.11119379444163861,
    -2.4492935982947064e-16
  ],
  "u_final_method": [
    0.015543410647571176,
    0.011966048655153825,
    0.007465173791905449,
    0.005419586720273044,
    0.0010743781298679154,
    -0.0,
    0.19674128639004265,
    0.19566690826017474,
    -0.0,
    -0.19566690826017474,
    -0.0,
    0.19566690826017474,
    -0.0,
    -0.0,
    -0.0,
    -0.0,
    -0.0,
    -0.0,
    -0.0,
    -0.0,
    -0.0,
    -0.0,
    -0.0,
    -0.0,
    -0.0,
    -0.19674128639004265,
    -0.1973697573076103,
    -0.0019417826011678206,
    -0.0034620679433359975,
    -0.006619578725645805,
    -0.012223197235330453,
    -0.015504749538840963
  ],
  "errors_by_step": {
    "0": 0.0,
    "8": 0.9719054120821,
    "16": 0.9814459151137375,
    "24": 0.9715234045110765,
    "32": 0.9759350270197246,
    "40": 0.9731857409417396
  },
  "final_error": 0.9731857409417396,
  "max_error": 0.9814459151137375,
  "_source": "solver"
}