{
  "final_error_epsilon": 0.057770385003082986,
  "max_error_epsilon": 0.057770385003082986,
  "classical_wall_time_s": 0.0011928081512451172,
  "method_wall_time_s": 19.021950721740723,
  "speedup_ratio": 6.270693099219435e-05,
  "n_pauli_terms": 240,
  "shots": 150000,
  "t1": null,
  "t2": null,
  "backend_name": null,
  "backend_type": "sim",
  "coupling_map": "default",
  "optimization_level": 1,
  "seed": null,
  "total_pauli_decomp_time": 8.91011272475589,
  "total_circuit_construction_time": 0.05870782188139856,
  "total_transpilation_time": 2.747900258167647,
  "total_execution_time": 5.500048363930546,
  "total_sign_recovery_time": 0,
  "total_metric_transpile_time": 0,
  "n_circuits_executed": 0,
  "avg_circuit_depth": 1985.76,
  "avg_gate_count": 2284.4,
  "avg_cx_gates": 1216.64,
  "avg_sign_recovery_depth_per_circuit": null,
  "avg_sign_recovery_cx_per_circuit": null,
  "total_sign_recovery_cx": 0,
  "n_qubits": 6,
  "circuit_metrics_n_available": 25,
  "circuit_metrics_n_total": 25,
  "sign_recovery": "hadamard_test",
  "per_step_metrics": [
    {
      "pauli_decomp_time_s": 0.3983533770078793,
      "circuit_construction_time_s": 0.0015353560447692871,
      "transpilation_time_s": 0.22901199699845165,
      "execution_time_s": 0.20295541698578745,
      "circuit_depth": 1114,
      "gate_counts": {
        "cx": 752,
        "crz": 240,
        "u2": 106,
        "h": 104,
        "sxdg": 80,
        "sx": 42,
        "measure": 6,
        "initialize": 1,
        "barrier": 1
      },
      "n_qubits": 6,
      "n_pauli_terms": 240,
      "sign_recovery": "hadamard_test"
    },
    {
      "pauli_decomp_time_s": 0.3962897179881111,
      "circuit_construction_time_s": 0.0023780890041962266,
      "transpilation_time_s": 0.10440840409137309,
      "execution_time_s": 0.2200214919866994,
      "circuit_depth": 2022,
      "gate_counts": {
        "cx": 1236,
        "crz": 496,
        "h": 242,
        "u2": 170,
        "sx": 86,
        "sxdg": 86,
        "measure": 6,
        "initialize": 1,
        "barrier": 1
      },
      "n_qubits": 6,
      "n_pauli_terms": 496,
      "sign_recovery": "hadamard_test"
    },
    {
      "pauli_decomp_time_s": 0.364421995007433,
      "circuit_construction_time_s": 0.0023921459214761853,
      "transpilation_time_s": 0.10486434807535261,
      "execution_time_s": 0.22251984290778637,
      "circuit_depth": 2022,
      "gate_counts": {
        "cx": 1236,
        "crz": 496,
        "h": 242,
        "u2": 170,
        "sx": 86,
        "sxdg": 86,
        "measure": 6,
        "initialize": 1,
        "barrier": 1
      },
      "n_qubits": 6,
      "n_pauli_terms": 496,
      "sign_recovery": "hadamard_test"
    },
    {
      "pauli_decomp_time_s": 0.3578822809504345,
      "circuit_construction_time_s": 0.0024292980087921023,
      "transpilation_time_s": 0.10493849101476371,
      "execution_time_s": 0.2219646180747077,
      "circuit_depth": 2022,
      "gate_counts": {
        "cx": 1236,
        "crz": 496,
        "h": 242,
        "u2": 170,
        "sx": 86,
        "sxdg": 86,
        "measure": 6,
        "initialize": 1,
        "barrier": 1
      },
      "n_qubits": 6,
      "n_pauli_terms": 496,
      "sign_recovery": "hadamard_test"
    },
    {
      "pauli_decomp_time_s": 0.3510478539392352,
      "circuit_construction_time_s": 0.0023852629819884896,
      "transpilation_time_s": 0.10521638893987983,
      "execution_time_s": 0.22208775812759995,
      "circuit_depth": 2022,
      "gate_counts": {
        "cx": 1236,
        "crz": 496,
        "h": 242,
        "u2": 170,
        "sx": 86,
        "sxdg": 86,
        "measure": 6,
        "initialize": 1,
        "barrier": 1
      },
      "n_qubits": 6,
      "n_pauli_terms": 496,
      "sign_recovery": "hadamard_test"
    },
    {
      "pauli_decomp_time_s": 0.3490249940659851,
      "circuit_construction_time_s": 0.0023912950418889523,
      "transpilation_time_s": 0.10518428694922477,
      "execution_time_s": 0.22038342407904565,
      "circuit_depth": 2022,
      "gate_counts": {
        "cx": 1236,
        "crz": 496,
        "h": 242,
        "u2": 170,
        "sx": 86,
        "sxdg": 86,
        "measure": 6,
        "initialize": 1,
        "barrier": 1
      },
      "n_qubits": 6,
      "n_pauli_terms": 496,
      "sign_recovery": "hadamard_test"
    },
    {
      "pauli_decomp_time_s": 0.3521322059677914,
      "circuit_construction_time_s": 0.002402937039732933,
      "transpilation_time_s": 0.1060353770153597,
      "execution_time_s": 0.22187602694611996,
      "circuit_depth": 2022,
      "gate_counts": {
        "cx": 1236,
        "crz": 496,
        "h": 242,
        "u2": 170,
        "sx": 86,
        "sxdg": 86,
        "measure": 6,
        "initialize": 1,
        "barrier": 1
      },
      "n_qubits": 6,
      "n_pauli_terms": 496,
      "sign_recovery": "hadamard_test"
    },
    {
      "pauli_decomp_time_s": 0.3560190600110218,
      "circuit_construction_time_s": 0.0023491730680689216,
      "transpilation_time_s": 0.10556636797264218,
      "execution_time_s": 0.22052357508800924,
      "circuit_depth": 2022,
      "gate_counts": {
        "cx": 1236,
        "crz": 496,
        "h": 242,
        "u2": 170,
        "sx": 86,
        "sxdg": 86,
        "measure": 6,
        "initialize": 1,
        "barrier": 1
      },
      "n_qubits": 6,
      "n_pauli_terms": 496,
      "sign_recovery": "hadamard_test"
    },
    {
      "pauli_decomp_time_s": 0.35978846496436745,
      "circuit_construction_time_s": 0.002368460060097277,
      "transpilation_time_s": 0.10508716001641005,
      "execution_time_s": 0.22020474600140005,
      "circuit_depth": 2022,
      "gate_counts": {
        "cx": 1236,
        "crz": 496,
        "h": 242,
        "u2": 170,
        "sx": 86,
        "sxdg": 86,
        "measure": 6,
        "initialize": 1,
        "barrier": 1
      },
      "n_qubits": 6,
      "n_pauli_terms": 496,
      "sign_recovery": "hadamard_test"
    },
    {
      "pauli_decomp_time_s": 0.3554203979438171,
      "circuit_construction_time_s": 0.002369271940551698,
      "transpilation_time_s": 0.1045234459452331,
      "execution_time_s": 0.22260931902565062,
      "circuit_depth": 2022,
      "gate_counts": {
        "cx": 1236,
        "crz": 496,
        "h": 242,
        "u2": 170,
        "sx": 86,
        "sxdg": 86,
        "measure": 6,
        "initialize": 1,
        "barrier": 1
      },
      "n_qubits": 6,
      "n_pauli_terms": 496,
      "sign_recovery": "hadamard_test"
    },
    {
      "pauli_decomp_time_s": 0.3500867320690304,
      "circuit_construction_time_s": 0.002396253985352814,
      "transpilation_time_s": 0.10525088699068874,
      "execution_time_s": 0.22083115100394934,
      "circuit_depth": 2022,
      "gate_counts": {
        "cx": 1236,
        "crz": 496,
        "h": 242,
        "u2": 170,
        "sx": 86,
        "sxdg": 86,
        "measure": 6,
        "initialize": 1,
        "barrier": 1
      },
      "n_qubits": 6,
      "n_pauli_terms": 496,
      "sign_recovery": "hadamard_test"
    },
    {
      "pauli_decomp_time_s": 0.35404720692895353,
      "circuit_construction_time_s": 0.0023743719793856144,
      "transpilation_time_s": 0.10451752401422709,
      "execution_time_s": 0.22003559197764844,
      "circuit_depth": 2022,
      "gate_counts": {
        "cx": 1236,
        "crz": 496,
        "h": 242,
        "u2": 170,
        "sx": 86,
        "sxdg": 86,
        "measure": 6,
        "initialize": 1,
        "barrier": 1
      },
      "n_qubits": 6,
      "n_pauli_terms": 496,
      "sign_recovery": "hadamard_test"
    },
    {
      "pauli_decomp_time_s": 0.3517338939709589,
      "circuit_construction_time_s": 0.0024083369644358754,
      "transpilation_time_s": 0.10502001899294555,
      "execution_time_s": 0.22092998307198286,
      "circuit_depth": 2022,
      "gate_counts": {
        "cx": 1236,
        "crz": 496,