{
  "u_initial": [
    0.0,
    0.11480502970952693,
    0.21213203435596423,
    0.27716385975338603,
    0.3,
    0.27716385975338603,
    0.21213203435596426,
    0.11480502970952697,
    3.6739403974420595e-17,
    -0.1148050297095269,
    -0.21213203435596423,
    -0.2771638597533859,
    -0.3,
    -0.277163859753386,
    -0.2121320343559643,
    -0.1148050297095271
  ],
  "u_final_classical": null,
  "u_final_method": [
    -5.5359479164985366e-17,
    0.07835891762042968,
    0.15419467891597657,
    0.2198768821616442,
    0.2630182672819118,
    0.2648354861143331,
    0.21259334424237994,
    0.11682528384106082,
    3.836212323566923e-17,
    -0.11682528384106076,
    -0.2125933442423798,
    -0.2648354861143333,
    -0.2630182672819119,
    -0.2198768821616443,
    -0.15419467891597669,
    -0.07835891762042972
  ],
  "errors_by_step": {},
  "final_error": NaN,
  "max_error": NaN,
  "_source": "solver"
}