dq_lu, dq_hhl,
-0.00023308578230453927,-0.0
-0.00019581944607124823,-0.0
-0.0006143752704492075,-0.0
-0.0008173984090236961,-0.0
-0.0007248498505462084,-0.0
-0.0022110349415060486,-0.0
-0.001787705007029018,-0.0
-0.0017509904474513037,-0.0
-0.00508146131344897,-0.0
-0.003852912778832449,-0.0
-0.0039803121234252455,-0.0
-0.011264702397999551,-0.0
-0.009922667480591944,-0.0
-0.009638685616746297,-0.0
-0.0281134171707628,-0.0
-0.02699712199487503,-0.0
-0.023906161654185097,-0.0
-0.0728536027493465,-0.0
-0.0656280302394736,-0.0
-0.05532638654319401,-0.0
-0.15960655052339148,-0.0
-0.13430367024043768,-0.0
-0.1142106434627687,-0.0
-0.35118390875843236,-0.0
-0.2302533517040428,-0.0
-0.20545562399985529,-0.00588965945733639
-0.59013553866163,-0.0
-0.3362813717685368,-0.0
-0.3186363466830041,-0.0
-0.8965406502000034,-0.0
-0.43008507038251254,-0.0
-0.4249001499574722,-0.0
-1.1003483908310003,-0.005889659457336413
-0.4965164446571313,-0.0
-0.49113268665971765,-0.0
-1.3070221102982882,-0.005889659457336414
-0.5324909660243649,-0.0
-0.5324512825448052,-0.0
-1.4299215288693292,-0.0
-0.5464033964987499,-0.0
-0.5569825935262652,-0.0
-1.4550348854198298,-0.008329236282324121
-0.538692291867624,-0.0
-0.5803519737435129,-0.0058896594573364085
-1.466194309143866,-0.005889659457336415
-0.5472417024888095,-0.0
-0.5911484918799398,-0.0
-1.4558791926438523,-0.005889659457336415
-0.5614863320452411,-0.0058896594573364085
-0.5929317856025341,-0.0
-1.465543730512457,-0.0
-0.5646650709232645,-0.0058896594573364085
-0.5845750376725134,-0.0
-1.4784026561376549,-0.01177931891467283
-0.5703512728669785,-0.0
-0.5972296265162236,-0.0
-1.5108469411092342,-0.005889659457336415
-0.5495808969493992,-0.0
-0.5581638015222146,-0.0
-1.5568881110768145,-0.008329236282324123
