{
  "quantum_solution": [
    0.9386786891392966,
    0.2925184752201529,
    0.17609321145093784,
    0.04802542130480123
  ],
  "classical_solution": [
    0.7055698197297996,
    0.046596453582414196,
    0.7055698197297996,
    0.046596453582414196
  ],
  "_source": "harvester"
}