{
  "iterations_completed": 1,
  "converged": true,
  "_source": "harvester",
  "fidelity": 0.8024175468064974,
  "shots": 1000,
  "l2_error_abs": 0.6286214332863661,
  "l2_error_rel": 0.6286214332863661
}