dq_lu, dq_hhl,
-0.001294266118314975,-0.0007183005940523092
-0.00278847733568098,-0.0023823335571618856
0.0027209926557915354,0.0016061689565800956
0.0009118388359076193,0.0007183005940520765
-0.002620971070135429,-0.001606168956580073
-0.006937641984543605,-0.0037323993720188653
0.002374564334230491,0.0020316608839395676
0.005594882625666668,0.004599367943541486
-0.0016574476434041985,-0.0012441331240057173
0.0006952552174611049,0.0
-0.0009029525014453354,-0.0010158304419690867
0.0038045317620224576,0.0028732023762107015
0.00328960484926242,0.0021549017821579377
-0.0020630836997425498,-0.0
0.0075194798048182545,0.0056559045334788624
