dq_lu, dq_hhl,
-0.0019228201746225766,-0.0005511673706201572
-0.004535503009374857,-0.0016535021118609667
0.004755606085167804,0.0019092997787771072
0.0009221033491089934,0.0
-0.004338117657045288,-0.00165350211186095
-0.010872686318092477,-0.0037786131199846456
0.004022522092212688,0.001558936741337512
0.00857721735979474,0.002810413178048942
-0.001681701948001208,-0.0
0.0012070050096627263,0.0005511673706199872
-0.0019131353647926165,-0.0009546498893882554
0.005699569784658122,0.0019092997787771738
0.004551837098991346,0.0012324477076868618
-0.002906565559188204,-0.0007794683706686815
0.012791207099698249,0.005257801613767028
