{
  "u_initial": [
    0.0,
    0.11480502970952693,
    0.21213203435596423,
    0.27716385975338603,
    0.3,
    0.27716385975338603,
    0.21213203435596426,
    0.11480502970952697,
    3.6739403974420595e-17,
    -0.1148050297095269,
    -0.21213203435596423,
    -0.2771638597533859,
    -0.3,
    -0.277163859753386,
    -0.2121320343559643,
    -0.1148050297095271
  ],
  "u_final_classical": null,
  "u_final_method": [
    0.0009313458458077596,
    0.016193418647849463,
    0.03199549069965649,
    0.041507685729569345,
    0.053112995043993805,
    0.05403214364153896,
    0.04578232709366752,
    0.027326119668416197,
    0.003889512400145432,
    -0.01809255057126914,
    -0.04157063951741086,
    -0.052754678135588595,
    -0.05257639379604294,
    -0.043270427823652376,
    -0.03666805161720536,
    -0.015434461140701974
  ],
  "errors_by_step": {},
  "final_error": NaN,
  "max_error": NaN,
  "_source": "solver"
}