xp, rho, u, p, Mach
0.1,0.9874704887222752,1.5144367200772717,0.699819685361923,1.520393830895272
0.3,0.8860298098590589,1.6131655313253208,0.6031832966506646,1.6523971206778687
0.5,0.6197091181191249,1.7414157099486678,0.37505111352997766,1.8918519794493311
0.7,0.5170309544941631,1.8291112619522614,0.28876600058388674,2.0685277401532733
0.9,0.4837683577175912,1.8695889076915397,0.26089933609989124,2.151613929431722
