xp, rho, u, p, Mach
0.1,0.9874708806048202,1.5144363497979374,0.6998201384775089,1.520393268639169
0.3,0.8860309678964735,1.613164028273168,0.6031845972052361,1.6523948795030043
0.5,0.6197106287312846,1.741413300279289,0.3750523815717392,1.8918484692618196
0.7,0.5170326828118953,1.8291084526985109,0.28876733828725154,2.068523229299373
0.9,0.4837700125103022,1.869586039580487,0.26090065717933225,2.151608861205644
