xp, rho, u, p, Mach
0.1,0.987459252444247,1.5144489991343435,0.6998073549783967,1.5204109023934298
0.3,0.886001874692544,1.6131990452560245,0.6031569153226268,1.6524415368060363
0.5,0.6196809026502008,1.7414562115332801,0.37502665992853573,1.891914588282722
0.7,0.5170095434810525,1.8291572892167638,0.288745770506651,2.0686094216642106
0.9,0.48378332538114616,1.8695746309094756,0.26090115102172906,2.151623299913792
