xp, rho, u, p, Mach
0.1,0.9874611076577985,1.5144469660942206,0.6998095256617315,1.52040793158061
0.3,0.8860067426925189,1.613193271830237,0.6031615024865062,1.6524338788751007
0.5,0.6196856313417834,1.7414493806256581,0.37503089899703007,1.8919036931915671
0.7,0.517012771076906,1.829149481457625,0.2887491025769753,2.0685951131813956
0.9,0.4837789611576436,1.869580153436649,0.26089967441615036,2.1516260393231055
