xp, rho, u, p, Mach
0.1,0.9874686335802804,1.5144386924414321,0.6998179239859866,1.5203962961915034
0.3,0.8860256795802643,1.6131704231021573,0.6031794082755781,1.6524036060882006
0.5,0.6197045958148436,1.7414217144607482,0.3750475174504747,1.8918606696063844
0.7,0.5170267884030326,1.8291191074261428,0.2887623285299097,2.068541430882845
0.9,0.4837668000212699,1.8695942771166107,0.2608971488159338,2.1516256640378795
