xp, rho, u, p, Mach
0.1,0.9874709846448587,1.5144362426070503,0.6998202927659612,1.520393073521496
0.3,0.8860313984432694,1.6131635480190551,0.6031849884395908,1.6523942531579128
0.5,0.6197112232057359,1.741412406737527,0.37505288973824863,1.8918471242812824
0.7,0.517033658737779,1.8291068210088033,0.2887681037367337,2.0685205946931293
0.9,0.4837714340992743,1.8695833387716905,0.2609017973826851,2.1516042127705357
