dq_lu, dq_hhl,
-0.0026483538670654034,-3.425242210713182e-05
-0.0032488969974761228,-0.0
0.010699905305703672,0.000156964317041555
0.00540183888275714,0.00010831566923606131
-0.018602531399587088,-0.000284521986837936
0.00372797871081067,0.0
0.012288107558048387,0.00017798080611559596
-0.0016708827255785502,-5.9326935371834635e-05
-0.004640945105831602,-3.425242210713737e-05
0.0067012993663195675,0.00011865387074372259
-0.013174800586645568,-0.00017465376871213476
2.4144650830238317e-06,0.0
0.004451959801182793,4.844023988804125e-05
-0.02267725447284524,-0.00033908167921635
0.007103538246243077,0.00010831566923606612
