xp, rho, u, p, Mach
0.1,1.0,1.5,0.6878216812633108,1.5285840038922787
0.3,0.8676798348879797,1.7287482544683719,0.5431664787759484,1.8466347721313552
0.5,0.5763687718350511,1.8765189072144848,0.3544136353693445,2.022478608478659
0.7,0.5005023304782761,1.9902800884789003,0.24047414099271935,2.4267164903584995
0.9,0.4707193395519157,2.1070193634712053,0.1775083035637564,2.8998544018734895
