xp, rho, u, p, Mach
0.1,0.9899673859082848,1.5138695438634422,0.6945166867689377,1.5275433196830863
0.3,0.8804168521432159,1.6448348947627203,0.5862537120367566,1.7035687452853499
0.5,0.6070983484485141,1.7802857320977254,0.36787832225582784,1.9328721143978675
0.7,0.5097163433719524,1.8811401778208117,0.27343246793940734,2.1706828735356622
0.9,0.47844443332861814,1.9378971483458394,0.2358734815676742,2.332614119297932
