{
  "iterations_completed": 1,
  "converged": true,
  "_source": "harvester",
  "fidelity": 0.7796975803575378,
  "shots": 1000,
  "l2_error_abs": 0.6637807162647348,
  "l2_error_rel": 0.6637807162647348
}