{
  "quantum_solution": [
    0.9035111404619443,
    0.3848003153585793,
    0.1708513400192092,
    0.08003846559458448
  ],
  "classical_solution": [
    0.7055698197297996,
    0.046596453582414196,
    0.7055698197297996,
    0.046596453582414196
  ],
  "_source": "harvester"
}