{
  "quantum_solution": [
    0.5496043092581809,
    0.15457621197886334,
    0.7900561945586353,
    0.22327675063613597
  ],
  "classical_solution": [
    0.7055698197297996,
    0.046596453582414196,
    0.7055698197297996,
    0.046596453582414196
  ],
  "_source": "harvester"
}