{
  "iterations_completed": 1,
  "converged": true,
  "_source": "harvester",
  "fidelity": 0.962830628210631,
  "shots": 100,
  "l2_error_abs": 0.2726513223491462,
  "l2_error_rel": 0.2726513223491462
}