{
  "u_initial": [
    0.0,
    0.20129852008866006,
    0.39435585511331855,
    0.5712682150947923,
    0.7247927872291199,
    0.8486442574947509,
    0.9377521321470804,
    0.9884683243281114,
    0.9987165071710528,
    0.9680771188662044,
    0.8978045395707416,
    0.7907757369376985,
    0.6513724827222223,
    0.48530196253108143,
    0.29936312297335804,
    0.10116832198743228,
    -0.10116832198743204,
    -0.2993631229733574,
    -0.48530196253108043,
    -0.651372482722222,
    -0.7907757369376986,
    -0.8978045395707414,
    -0.9680771188662043,
    -0.9987165071710528,
    -0.9884683243281114,
    -0.9377521321470808,
    -0.8486442574947515,
    -0.72479278722912,
    -0.5712682150947924,
    -0.3943558551133187,
    -0.20129852008866028,
    -2.4492935982947064e-16
  ],
  "u_final_classical": [
    0.0,
    0.11465753632850059,
    0.22858560009524026,
    0.34104229567526934,
    0.45125864150819267,
    0.558418962127498,
    0.6616325262531132,
    0.7598903858913767,
    0.8519976328093486,
    0.9364633816334008,
    1.011230685873693,
    1.073925629372657,
    1.120783807238316,
    1.11669620945892,
    1.2187235751677745,
    1.0804685486537364,
    -1.0804685486537329,
    -1.218723575167775,
    -1.1166962094589221,
    -1.1207838072383158,
    -1.0739256293726573,
    -1.011230685873694,
    -0.9364633816334001,
    -0.8519976328093489,
    -0.7598903858913767,
    -0.661632526253113,
    -0.5584189621274979,
    -0.4512586415081927,
    -0.3410422956752695,
    -0.22858560009524032,
    -0.11465753632850076,
    -2.4492935982947064e-16
  ],
  "u_final_method": [
    0.0,
    0.08841387421371556,
    0.17579225077369134,
    0.3251524944779697,
    0.4821350277001527,
    0.6074663118652872,
    0.6993319761711209,
    0.7709767010717699,
    0.8317914216801403,
    0.8915278398724037,
    0.9856812307249065,
    1.1428956601390576,
    1.0896159461369557,
    1.080795429989999,
    1.4954937047584274,
    0.35157862328448064,
    0.11915240163130918,
    0.16916248010336357,
    0.1744246651604278,
    0.2798783483690629,
    0.3921239756413353,
    0.4463625094639098,
    0.5940682486783889,
    0.6222180419879861,
    0.7261945474461783,
    0.7712750011451165,
    0.8609688203777374,
    0.9152938407229034,
    0.866565089091014,
    0.9627050270680294,
    0.7324936242255439,
    0.0
  ],
  "errors_by_step": {
    "0": 0.0,
    "8": 1.384412387094266,
    "16": 1.3407631886071174,
    "24": 1.2920122229367654,
    "32": 1.2451035083105293,
    "40": 1.1976743129985263,
    "48": 1.158811520398378,
    "50": 1.1497577870444007
  },
  "final_error": 1.1497577870444007,
  "max_error": 1.384412387094266,
  "_source": "solver"
}