xp, rho, u, p, Mach
0.1,0.9874709822336366,1.5144362451960578,0.6998202924458301,1.5203930746121772
0.3,0.886031399557814,1.6131635450823734,0.6031849900901588,1.652394248928269
0.5,0.6197112227469139,1.7414124093007486,0.3750528891616895,1.891847127819733
0.7,0.5170336606486582,1.829106818372078,0.28876810464410324,2.0685205922838907
0.9,0.4837714388198462,1.8695833288702086,0.2609018012434226,2.1516041959536083
