xp, rho, u, p, Mach
0.1,0.9874709822336366,1.5144362450864353,0.6998202925114047,1.5203930744308916
0.3,0.886031399557814,1.6131635450823734,0.6031849905818067,1.652394248254847
0.5,0.619711222900002,1.7414124088705651,0.37505288925453795,1.8918471273518866
0.7,0.5170336593202348,1.8291068206943801,0.28876810373776296,2.0685205954989936
0.9,0.48377143433677056,1.869583335347502,0.2609017986043957,2.151604204320359
