xp, rho, u, p, Mach
0.1,0.9874709822336366,1.5144362452894593,0.6998202922322151,1.5203930749379906
0.3,0.8860313992493524,1.6131635450263295,0.6031849900596596,1.6523942486250067
0.5,0.6197112227469139,1.7414124086643896,0.375052889436386,1.8918471264355874
0.7,0.5170336612063665,1.829106817161811,0.2887681050388637,2.0685205906169495
0.9,0.4837714399849952,1.869583325959737,0.260901802400606,2.1516041904236096
