xp, rho, u, p, Mach
0.1,0.9874434007053601,1.514449033913336,0.6998022408430713,1.5204042891449314
0.3,0.8857720152654974,1.6133906608801338,0.6030106469177254,1.652623820832395
0.5,0.6195293474782597,1.7416147095635264,0.37493175363667086,1.8920948195995801
0.7,0.5184495920340917,1.8267638732645903,0.28985903561846976,2.0648011978396266
0.9,0.48845383474755,1.86117215291479,0.26442739914559726,2.137868868516968
