xp, rho, u, p, Mach
0.1,0.9874434007053601,1.5144683027661219,0.6997907146606943,1.5204361550891725
0.3,0.8859167333824879,1.6132661173793048,0.6030977938518819,1.652511830359921
0.5,0.6195657812208499,1.7415715540061483,0.3749626051070965,1.8920257273513814
0.7,0.5172393849246579,1.828765255084564,0.28894050680184086,2.06792851721238
0.9,0.484810527543707,1.8677091616661887,0.2616949929868469,2.1484910335174643
