xp, rho, u, p, Mach
0.1,0.98746942023192,1.5144379134232009,0.6998187225927276,1.520395252198789
0.3,0.8860262404857121,1.6131690877287197,0.6031803424931078,1.652401481633338
0.5,0.6197034829828287,1.7414229568195798,0.37504710976210326,1.8918613488947809
0.7,0.5170256952780492,1.829119598551786,0.28876260204609894,2.0685388199219386
0.9,0.48376890799393446,1.8695871440528469,0.26090075000508967,2.15160729330661
