xp, rho, u, p, Mach
0.1,0.9874709832416458,1.5144362435405003,0.6998202932334922,1.5203930728704989
0.3,0.886031399557814,1.6131635450823734,0.603184990866915,1.6523942478643272
0.5,0.619711222900002,1.7414124088705651,0.3750528898352678,1.8918471258872238
0.7,0.5170336556144286,1.8291068266587942,0.2887681011836132,2.0685206039791186
0.9,0.4837714219309098,1.8695833588952704,0.2609017886547301,2.151604244858746
