{
  "u_initial": [
    0.0,
    0.19509032201612825,
    0.3826834323650898,
    0.5555702330196022,
    0.7071067811865475,
    0.8314696123025452,
    0.9238795325112867,
    0.9807852804032304,
    1.0,
    0.9807852804032304,
    0.9238795325112867,
    0.8314696123025455,
    0.7071067811865476,
    0.5555702330196022,
    0.3826834323650899,
    0.1950903220161286,
    1.2246467991473532e-16,
    -0.19509032201612836,
    -0.38268343236508967,
    -0.555570233019602,
    -0.7071067811865475,
    -0.8314696123025452,
    -0.9238795325112865,
    -0.9807852804032303,
    -1.0,
    -0.9807852804032304,
    -0.9238795325112866,
    -0.8314696123025455,
    -0.7071067811865477,
    -0.5555702330196022,
    -0.3826834323650904,
    -0.19509032201612872
  ],
  "u_final_classical": [
    1.2666709085995244e-17,
    -0.025148101574398535,
    -0.049235054998908116,
    -0.07125655836456622,
    -0.09031675794445258,
    -0.10567027335613899,
    -0.11675188638992502,
    -0.12319296305175077,
    -0.12482534884195047,
    -0.12167468983977285,
    -0.11394576295274554,
    -0.10200248682230695,
    -0.086344973029793,
    -0.06758544163989096,
    -0.04642422195779213,
    -0.02362649816750343,
    -2.2943885724649593e-17,
    0.023626498167503385,
    0.04642422195779209,
    0.06758544163989091,
    0.08634497302979298,
    0.10200248682230692,
    0.11394576295274551,
    0.12167468983977284,
    0.12482534884195046,
    0.12319296305175077,
    0.11675188638992504,
    0.105670273356139,
    0.09031675794445261,
    0.07125655836456625,
    0.049235054998908144,
    0.025148101574398563
  ],
  "u_final_method": [
    7.460698725481052e-15,
    -0.024825709014448805,
    -0.04860698944583533,
    -0.07035483546264275,
    -0.08918606381337427,
    -0.10436452515973116,
    -0.11533044450722763,
    -0.12171694162480301,
    -0.12335437756437458,
    -0.12026434589017097,
    -0.11264575372425245,
    -0.10085554783163389,
    -0.08538636434821285,
    -0.06684288233003848,
    -0.04591809023787388,
    -0.023370137472630326,
    -3.375077994860476e-15,
    0.02337013747262695,
    0.045918090237876186,
    0.06684288233004239,
    0.08538636434821162,
    0.1008555478316346,
    0.11264575372425761,
    0.12026434589017576,
    0.12335437756437245,
    0.12171694162479874,
    0.11533044450722621,
    0.10436452515972548,
    0.08918606381336858,
    0.0703548354626335,
    0.04860698944583426,
    0.02482570901446195
  ],
  "errors_by_step": {
    "0": 0.0,
    "1": 0.009664610727832491,
    "2": 0.009770006193369568,
    "3": 0.009911292340840044,
    "4": 0.010078799364058148,
    "5": 0.01026488369020207,
    "6": 0.010463475037966893,
    "7": 0.010669719823321495,
    "8": 0.01087970732896125,
    "9": 0.011090263317526076,
    "10": 0.011298796398702486,
    "11": 0.011503184340133706,
    "12": 0.011701689829055817,
    "13": 0.011892897470245295,
    "14": 0.012075665815672949,
    "15": 0.012249089880294555,
    "16": 0.012412470906452346,
    "17": 0.01256529113376264,
    "18": 0.012707192064372864,
    "19": 0.012837955237481647,
    "20": 0.012957484890800957,
    "21": 0.013065792130573916,
    "22": 0.013162980389113345,
    "23": 0.013249232044963453,
    "24": 0.013324796135886316,
    "25": 0.013389977122310619,
    "26": 0.013445124669744051,
    "27": 0.013490624419523513,
    "28": 0.013526889713110309,
    "29": 0.01355435422895371,
    "30": 0.013573465484681434,
    "31": 0.013584679152002612,
    "32": 0.013588454127728102,
    "33": 0.013585248301859296,
    "34": 0.013575514962935058,
    "35": 0.01355969978099617,
    "36": 0.01353823831027381,
    "37": 0.01351155395589381,
    "38": 0.013480056351970495,
    "39": 0.01344414010184068,
    "40": 0.013404183834839802,
    "41": 0.013360549537862927,
    "42": 0.013313582123675272,
    "43": 0.013263609201608071,
    "44": 0.01321094101992434,
    "45": 0.013155870552337636,
    "46": 0.013098673704417052,
    "47": 0.01303960961845468,
    "48": 0.01297892105800211,
    "49": 0.012916834855716418,
    "50": 0.01285356241031787,
    "51": 0.012789300220395795,
    "52": 0.012724230444625647,
    "53": 0.01265852147930867,
    "54": 0.012592328545785143,
    "55": 0.012525794281206901,
    "56": 0.01245904932735446,
    "57": 0.012392212913125087,
    "58": 0.01232539342696124,
    "59": 0.012258688976333957,
    "60": 0.012192187931916225,
    "61": 0.012125969454583982,
    "62": 0.012060104003846191,
    "63": 0.011994653826643834,
    "64": 0.011929673425784906,
    "65": 0.01186521000754733,
    "66": 0.011801303908140912,
    "67": 0.011737988999069441,
    "68": 0.01167529307131878,
    "69": 0.011613238198599505,
    "70": 0.01155184107998812,
    "71": 0.011491113362212795,
    "72": 0.011431061942071524,
    "73": 0.011371689249368346,
    "74": 0.011312993510867527,
    "75": 0.011254968995766276,
    "76": 0.011197606243113944,
    "77": 0.011140892271742432,
    "78": 0.011084810773161544,
    "79": 0.01102934228781057,
    "80": 0.01097446436525266,
    "81": 0.010920151708584394,
    "82": 0.01086637630353767,
    "83": 0.010813107532602478,
    "84": 0.010760312274490348,
    "85": 0.01070795498916669,
    "86": 0.01065599778881121,
    "87": 0.010604400494770431,
    "88": 0.010553120680715714,
    "89": 0.010502113702051955,
    "90": 0.010451332711670537,
    "91": 0.0104007286620026,
    "92": 0.010350250293206655,
    "93": 0.010299844107552601,
    "94": 0.010249454329515817,
    "95": 0.01019902285150231,
    "96": 0.010148489164748857,
    "97": 0.01009779027490203,
    "98": 0.010046860601823696,
    "99": 0.00999563186287114,
    "100": 0.00994403293895291,
    "101": 0.009891989722487947,
    "102": 0.009839424946180743,
    "103": 0.009786257991582255,
    "104": 0.009732404676040337,
    "105": 0.009677777016681379,
    "106": 0.009622282969608162,
    "107": 0.009565826142709908,
    "108": 0.009508305479797535,
    "109": 0.009449614913952117,
    "110": 0.009389642987444654,
    "111": 0.009328272435475233,
    "112": 0.009265379730608026,
    "113": 0.009200834584453433,
    "114": 0.009134499402964997,
    "115": 0.009066228691135141,
    "116": 0.008995868402844994,
    "117": 0.008923255230999442,
    "118": 0.008848215832954868,
    "119": 0.008770565985962857,
    "120": 0.00869010966719872,
    "121": 0.008606638053017996,
    "122": 0.008519928432164472,
    "123": 0.008429743028567761,
    "124": 0.008335827730395226,
    "125": 0.008237910723911453,
    "126": 0.008135701034429486,
    "127": 0.008028886980892522,
    "128": 0.007917134558895462,
    "129": 0.0078000857780110245,
    "130": 0.007677356996274601,
    "131": 0.007548537319894195,
    "132": 0.007413187173940265,
    "133": 0.007270837205179472,
    "134": 0.007120987762356151,
    "135": 0.006963109324659138,
    "136": 0.006796644440557663,
    "137": 0.0066210120319829344,
    "138": 0.006435615372860566,
    "139": 0.0062398557620161645,
    "140": 0.006033155040535041,
    "141": 0.00581499192139183,
    "142": 0.005584960066668083,
    "143": 0.0053428607499616376,
    "144": 0.005088851124977463,
    "145": 0.004823682828429008,
    "146": 0.004549088387246934,
    "147": 0.004268409194455314,
    "148": 0.003987610601534502,
    "149": 0.0037168799737942824,
    "150": 0.0034729619753319143,
    "151": 0.0032819616055177916,
    "152": 0.0031809913856487037,
    "153": 0.0032149206147000717,
    "154": 0.0034254300007618183,
    "155": 0.003838441241077997,
    "156": 0.004462297937383677,
    "157": 0.005297769587520629,
    "158": 0.006349421890038172,
    "159": 0.0076323908254032225,
    "160": 0.009175905960732318,
    "161": 0.011026499597965781,
    "162": 0.013253036486630435,
    "163": 0.015955393208312,
    "164": 0.019279424345820587,
    "165": 0.02344317997503723,
    "166": 0.02878464982691864,
    "167": 0.03585387807895118,
    "168": 0.04560471500449784,
    "169": 0.05983464872850067,
    "170": 0.08232491914912841,