xp, rho, u, p, Mach
0.1,0.9874709944508363,1.5144362258545938,0.6998203097179853,1.520393045837657
0.3,0.8860314087991822,1.613163526395893,0.6031850020935723,1.6523942219632761
0.5,0.6197112308672056,1.7414124019968018,0.3750528802814514,1.8918471546765008
0.7,0.5170336500881906,1.8291068958950312,0.2887680761083482,2.0685207610335357
0.9,0.48377140732277707,1.869583451727852,0.2609017872160014,2.1516043251419865
