xp, rho, u, p, Mach
0.1,0.990301084781867,1.5129420517719603,0.6981263358494446,1.522912295160114
0.3,0.8839519879291783,1.6168390758220628,0.6025371946955786,1.6551036129122576
0.5,0.6199558396980924,1.7461316692710478,0.37437420905717056,1.8990674402112047
0.7,0.5176890079399197,1.8349818564014564,0.2878993099116325,2.0796100931027035
0.9,0.48636193718647847,1.8579077937789017,0.2638964421359939,2.1316856467614733
