xp, rho, u, p, Mach
0.1,0.9882085372893977,1.5137625451843622,0.6994845545287184,1.5206489754425427
0.3,0.8852754311668335,1.614421980909067,0.6030119836528486,1.6532147767827545
0.5,0.6199558396980924,1.7421379403237076,0.3750878748820749,1.8929205498527515
0.7,0.5176890079399197,1.8284641761045617,0.28912999980031673,2.067808575055359
0.9,0.48483375656744343,1.8637638602015623,0.26226632267154454,2.1416674191825558
