xp, rho, u, p, Mach
0.1,0.9914565187118229,1.5092621869790583,0.7006229681457169,1.5173833858979933
0.3,0.8824907355813814,1.6244755963669184,0.5970782842455539,1.6691240431911705
0.5,0.6204333054368406,1.7396754751197907,0.37274699107454773,1.8969011578043142
0.7,0.5181766638403567,1.8285342634643538,0.2876351669540276,2.074230513099165
0.9,0.4835748347281321,1.8740720834755034,0.2588644411918067,2.164800704805215
