{
  "u_initial": [
    0.0,
    0.05881028419773636,
    0.11705419320967694,
    0.1741708063526774,
    0.22961005941905385,
    0.2828380420955986,
    0.3333421398117613,
    0.38063597049818726,
    0.42426406871192845,
    0.4638062720176422,
    0.4988817673815271,
    0.5291527586090129,
    0.5543277195067721,
    0.5741642014393252,
    0.5884711682419382,
    0.597110836003318,
    0.6,
    0.5971108360033182,
    0.5884711682419382,
    0.5741642014393253,
    0.5543277195067721,
    0.529152758609013,
    0.4988817673815272,
    0.46380627201764224,
    0.4242640687119285,
    0.38063597049818726,
    0.3333421398117613,
    0.2828380420955987,
    0.22961005941905394,
    0.17417080635267743,
    0.11705419320967717,
    0.05881028419773649,
    7.347880794884119e-17,
    -0.05881028419773635,
    -0.11705419320967701,
    -0.17417080635267726,
    -0.2296100594190538,
    -0.2828380420955986,
    -0.33334213981176114,
    -0.38063597049818715,
    -0.42426406871192845,
    -0.46380627201764196,
    -0.4988817673815271,
    -0.5291527586090129,
    -0.5543277195067718,
    -0.5741642014393252,
    -0.5884711682419381,
    -0.5971108360033182,
    -0.6,
    -0.5971108360033182,
    -0.5884711682419382,
    -0.5741642014393253,
    -0.554327719506772,
    -0.529152758609013,
    -0.49888176738152723,
    -0.46380627201764213,
    -0.4242640687119286,
    -0.38063597049818754,
    -0.3333421398117613,
    -0.28283804209559876,
    -0.2296100594190542,
    -0.17417080635267748,
    -0.11705419320967722,
    -0.058810284197736304
  ],
  "u_final_classical": null,
  "u_final_method": [
    1.34256482311677e-17,
    0.03314724255970043,
    0.06618027713960765,
    0.09898353917849506,
    0.13143871685889638,
    0.16342329136842068,
    0.19480897143904627,
    0.22545998316776217,
    0.2552311734433604,
    0.28396588284861224,
    0.31149354265200774,
    0.337626952089386,
    0.3621591992340603,
    0.38486020558442463,
    0.4054729075199031,
    0.4237091465228875,
    0.43924543798012583,
    0.4517189432755934,
    0.4607242032186195,
    0.4658115242650764,
    0.46648835573395175,
    0.4622255440495557,
    0.45247093244752573,
    0.4366732305165197,
    0.4143191099385072,
    0.38498564298731414,
    0.34840796065829444,
    0.3045579855881276,
    0.2537244705299786,
    0.19657857874572116,
    0.13420537205137148,
    0.06808297584341057,
    -3.017255584604037e-17,
    -0.06808297584341062,
    -0.13420537205137154,
    -0.19657857874572118,
    -0.2537244705299786,
    -0.3045579855881276,
    -0.34840796065829444,
    -0.38498564298731414,
    -0.4143191099385072,
    -0.4366732305165197,
    -0.45247093244752573,
    -0.4622255440495557,
    -0.46648835573395175,
    -0.4658115242650763,
    -0.4607242032186194,
    -0.4517189432755933,
    -0.4392454379801257,
    -0.4237091465228874,
    -0.405472907519903,
    -0.3848602055844245,
    -0.3621591992340602,
    -0.33762695208938587,
    -0.3114935426520076,
    -0.2839658828486121,
    -0.2552311734433602,
    -0.22545998316776206,
    -0.1948089714390462,
    -0.16342329136842063,
    -0.13143871685889635,
    -0.09898353917849502,
    -0.06618027713960763,
    -0.033147242559700404
  ],
  "errors_by_step": {},
  "final_error": NaN,
  "max_error": NaN,
  "_source": "solver"
}