xp, rho, u, p, Mach
0.1,0.9873785816761693,1.514541332758448,0.6997572379158488,1.5204959357701162
0.3,0.8858055805720659,1.613434039082577,0.6029925907805727,1.6527243107583096
0.5,0.6194707919827606,1.741759393860019,0.3748813866535163,1.8922896847155668
0.7,0.5169444079505116,1.8293266410817344,0.2887067593044979,2.0688103786710053
0.9,0.4840717630491457,1.869029235930209,0.2611405050313583,2.1506504642044315
