xp, rho, u, p, Mach
0.1,0.9871821810315279,1.5147415083182083,0.6997386013692991,1.5205658976659842
0.3,0.8852644588731748,1.6140216501873568,0.6025194978957504,1.6534699243196493
0.5,0.6188900280937392,1.742556538567962,0.37447914120419895,1.8932840957058352
0.7,0.5170798581630998,1.8294743112943783,0.28879101553663067,2.0689465419339386
0.9,0.48587338685410403,1.865670146312408,0.26249507278692225,2.1452199261658516
