{
  "grid": [
    0.0,
    0.0625,
    0.125,
    0.1875,
    0.25,
    0.3125,
    0.375,
    0.4375,
    0.5,
    0.5625,
    0.625,
    0.6875,
    0.75,
    0.8125,
    0.875,
    0.9375
  ],
  "solution_steps": {
    "0": [
      0.0,
      0.11480502970952693,
      0.21213203435596423,
      0.27716385975338603,
      0.3,
      0.27716385975338603,
      0.21213203435596426,
      0.11480502970952697,
      3.6739403974420595e-17,
      -0.1148050297095269,
      -0.21213203435596423,
      -0.2771638597533859,
      -0.3,
      -0.277163859753386,
      -0.2121320343559643,
      -0.1148050297095271
    ],
    "10": [
      -1.4365905995597236e-17,
      0.09935732865320493,
      0.1872406212751936,
      0.25231795713059063,
      0.2839416514206628,
      0.27358306791181075,
      0.2176069442509756,
      0.12104241323878795,
      2.814121655093358e-17,
      -0.12104241323878788,
      -0.2176069442509756,
      -0.2735830679118108,
      -0.28394165142066286,
      -0.2523179571305907,
      -0.18724062127519364,
      -0.09935732865320496
    ],
    "20": [
      -1.6877458514011485e-17,
      0.0878529953337598,
      0.16758703073714296,
      0.23048896196197285,
      0.2668296522264698,
      0.26613081876205824,
      0.2194549549176118,
      0.12564562359800122,
      4.681887691700239e-17,
      -0.12564562359800113,
      -0.21945495491761177,
      -0.26613081876205835,
      -0.2668296522264699,
      -0.23048896196197288,
      -0.16758703073714298,
      -0.08785299533375983
    ],
    "30": [
      -8.898261297787681e-18,
      0.07888990631440848,
      0.151710535509691,
      0.2116012888837519,
      0.2500523978617221,
      0.25622422330530253,
      0.2179042366837268,
      0.1281638117934426,
      3.565676971997923e-17,
      -0.12816381179344255,
      -0.21790423668372677,
      -0.2562242233053026,
      -0.2500523978617221,
      -0.2116012888837519,
      -0.15171053550969102,
      -0.07888990631440848
    ]
  },
  "_source": "solver"
}