{
  "u_initial": [
    0.0,
    0.20129852008866006,
    0.39435585511331855,
    0.5712682150947923,
    0.7247927872291199,
    0.8486442574947509,
    0.9377521321470804,
    0.9884683243281114,
    0.9987165071710528,
    0.9680771188662044,
    0.8978045395707416,
    0.7907757369376985,
    0.6513724827222223,
    0.48530196253108143,
    0.29936312297335804,
    0.10116832198743228,
    -0.10116832198743204,
    -0.2993631229733574,
    -0.48530196253108043,
    -0.651372482722222,
    -0.7907757369376986,
    -0.8978045395707414,
    -0.9680771188662043,
    -0.9987165071710528,
    -0.9884683243281114,
    -0.9377521321470808,
    -0.8486442574947515,
    -0.72479278722912,
    -0.5712682150947924,
    -0.3943558551133187,
    -0.20129852008866028,
    -2.4492935982947064e-16
  ],
  "u_final_classical": [
    0.0,
    0.1445665550608459,
    0.28738212385082673,
    0.4266267526025605,
    0.5603332711213871,
    0.6862884250753655,
    0.801897216909979,
    0.9039848770149191,
    0.9884931914447719,
    1.049994594178077,
    1.0808853195800976,
    1.0700170129171809,
    1.0005156052760056,
    0.8478044747705502,
    0.5851654983097261,
    0.21166057320858492,
    -0.21166057320858422,
    -0.5851654983097244,
    -0.8478044747705499,
    -1.0005156052760067,
    -1.0700170129171802,
    -1.0808853195800983,
    -1.0499945941780773,
    -0.9884931914447719,
    -0.9039848770149194,
    -0.8018972169099791,
    -0.6862884250753655,
    -0.5603332711213871,
    -0.4266267526025607,
    -0.2873821238508269,
    -0.14456655506084606,
    -2.4492935982947064e-16
  ],
  "u_final_method": [
    0.0,
    0.10401493341379627,
    0.3868542305424477,
    0.42009631678523396,
    0.5373478463492543,
    0.658939530935168,
    0.8169932821300644,
    0.956855917800874,
    0.9466674431552692,
    1.0642103297924628,
    1.0464646347122621,
    1.0601225375485543,
    1.0278045144955565,
    0.8490020046085662,
    0.6254147749538004,
    0.11453226204689591,
    -0.16161911709930932,
    -0.5725501968830042,
    -0.8039886667527404,
    -1.0952885545604376,
    -1.0705200718267378,
    -1.1012894832001505,
    -0.9738239282522159,
    -0.914977432401759,
    -0.9088434059718932,
    -0.8767059056350011,
    -0.7101222192956976,
    -0.5151555955955306,
    -0.46134741317330114,
    -0.20321670535517375,
    -0.158196703735303,
    0.0
  ],
  "errors_by_step": {
    "0": 0.0,
    "1": 0.014697931019924835,
    "2": 0.021728252221013756,
    "3": 0.024851926911410544,
    "4": 0.026181188470076104,
    "5": 0.027813971919571214,
    "6": 0.033886748125388555,
    "7": 0.03639686653879509,
    "8": 0.03767722638179534,
    "9": 0.0431463828181014,
    "10": 0.04328092002193203,
    "11": 0.0459822160866954,
    "12": 0.044931480153820286,
    "13": 0.04470977743980745,
    "14": 0.03985184961545756,
    "15": 0.041213947591381125,
    "16": 0.04340209955251929,
    "17": 0.048987678986627786,
    "18": 0.0443976259551463,
    "19": 0.04932606136203845,
    "20": 0.051053918867127096,
    "21": 0.052724457955746235,
    "22": 0.05348460913148444,
    "23": 0.05982981395439444,
    "24": 0.059339254420840974,
    "25": 0.06349161029519837
  },
  "final_error": 0.06349161029519837,
  "max_error": 0.06349161029519837,
  "_source": "solver"
}