{
  "grid": [
    0.0,
    0.03225806451612903,
    0.06451612903225806,
    0.0967741935483871,
    0.12903225806451613,
    0.16129032258064516,
    0.1935483870967742,
    0.22580645161290322,
    0.25806451612903225,
    0.29032258064516125,
    0.3225806451612903,
    0.3548387096774194,
    0.3870967741935484,
    0.4193548387096774,
    0.45161290322580644,
    0.4838709677419355,
    0.5161290322580645,
    0.5483870967741935,
    0.5806451612903225,
    0.6129032258064516,
    0.6451612903225806,
    0.6774193548387096,
    0.7096774193548387,
    0.7419354838709677,
    0.7741935483870968,
    0.8064516129032258,
    0.8387096774193548,
    0.8709677419354839,
    0.9032258064516129,
    0.9354838709677419,
    0.967741935483871,
    1.0
  ],
  "solution_steps": {
    "0": [
      0.0,
      0.20129852008866006,
      0.39435585511331855,
      0.5712682150947923,
      0.7247927872291199,
      0.8486442574947509,
      0.9377521321470804,
      0.9884683243281114,
      0.9987165071710528,
      0.9680771188662044,
      0.8978045395707416,
      0.7907757369376985,
      0.6513724827222223,
      0.48530196253108143,
      0.29936312297335804,
      0.10116832198743228,
      -0.10116832198743204,
      -0.2993631229733574,
      -0.48530196253108043,
      -0.651372482722222,
      -0.7907757369376986,
      -0.8978045395707414,
      -0.9680771188662043,
      -0.9987165071710528,
      -0.9884683243281114,
      -0.9377521321470808,
      -0.8486442574947515,
      -0.72479278722912,
      -0.5712682150947924,
      -0.3943558551133187,
      -0.20129852008866028,
      -2.4492935982947064e-16
    ],
    "8": [
      0.0,
      0.1729972927910967,
      0.3689295774298256,
      0.5269833448194554,
      0.6777689516794194,
      0.8014025318227009,
      0.9250415250080489,
      0.9950255383969862,
      1.040651309628498,
      1.0205138432588798,
      0.9846167478925774,
      0.8900075573574906,
      0.7579500110659074,
      0.5629193566558385,
      0.3396841887366069,
      0.11462169887767457,
      0.08822984589710348,
      0.2411627914169447,
      0.4151366827558634,
      0.5568016428430281,
      0.707718790808259,
      0.8027155121644113,
      0.9036574846711453,
      0.9574383625790353,
      0.9912720984234097,
      0.9480142604824786,
      0.8815148342549768,
      0.7715351060997883,
      0.6420820627541843,
      0.43663047760247137,
      0.20547769609487151,
      0.0
    ],
    "16": [
      0.0,
      0.15361866858982462,
      0.3476355417822436,
      0.4838843105519328,
      0.6247277462614421,
      0.7541483273935751,
      0.8940983074379181,
      0.9653914899444427,
      1.062741481942696,
      1.0637891913715807,
      1.0389656635090345,
      0.9586040464906117,
      0.8732658477679327,
      0.6668916583367621,
      0.38456578946428654,
      0.1395186647740285,
      0.05825321536893514,
      0.192296752288332,
      0.36179948694560016,
      0.49285939118422123,
      0.6137330297213811,
      0.7103324231772243,
      0.8122794913938405,
      0.8828195895198284,
      0.9825421989691225,
      0.9554176526078478,
      0.9152716502961676,
      0.8263139706857704,
      0.7199812254198897,
      0.5108260820031805,
      0.24701679405394314,
      0.0
    ],
    "24": [
      0.0,
      0.1274606431348351,
      0.2975490173718603,
      0.45159009451714244,
      0.5949355135229152,
      0.7029760367004737,
      0.8451712310310495,
      0.9408871879308305,
      1.0263480012572614,
      1.0682439572085782,
      1.0657103201785552,
      1.0235639914774448,
      0.9811534290225836,
      0.8324771240006376,
      0.4893094795994517,
      0.1566391868653134,
      0.05198904455657164,
      0.15338579393969384,
      0.30890858305575525,
      0.4315338741883308,
      0.543956790385247,
      0.6330064715374691,
      0.7457974550712345,
      0.8044289025236059,
      0.9262595169203524,
      0.95067755926529,
      0.9220489947750261,
      0.86489291923973,
      0.8032036061463306,
      0.6338529314425617,
      0.3005299865609067,
      0.0
    ],
    "32": [
      0.0,
      0.08093995105756957,
      0.25100017871012953,
      0.41378161052297124,
      0.5508329616399523,
      0.6566075540162871,
      0.810201295852948,
      0.9114925012883385,
      0.9522852169288037,
      1.0604280587154182,
      1.0988864070193434,
      1.0527581740897478,
      1.077780611215137,
      1.009137451459147,
      0.6486579038206708,
      0.20962406193577415,
      0.050346860709642324,
      0.12502568147773493,
      0.25960219234147647,
      0.3847944867332633,
      0.49786462272141274,
      0.5797590530039869,
      0.6885061163260594,
      0.7500532656372174,
      0.8307745792659786,
      0.9158975100142692,
      0.9185174984735871,
      0.8650377665822708,
      0.8401805616811119,
      0.7564645270014789,
      0.4068098229426948,
      0.0
    ],
    "40": [
      0.0,
      0.06425137413039962,
      0.19203306253539362,
      0.38686438530984424,
      0.5051642537925524,
      0.6229744839502772,
      0.7493823902951575,
      0.8874035002122729,
      0.8817616390871307,
      1.0177231280538854,
      1.1071773636882736,
      1.0811636308329742,
      1.0994282682568977,
      1.1469011956586057,
      0.8777557426245504,
      0.2677056973259132,
      0.05775624323111525,
      0.10580582968874945,
      0.2147058621037839,
      0.35825275203154067,
      0.44247573785008903,
      0.5365913792614535,
      0.6134119745247583,
      0.6825900288253312,
      0.7622011428525989,
      0.8946244272406935,
      0.9293477090509118,
      0.8628546915796679,
      0.8444061170892444,
      0.8567651839106527,
      0.5666690466701249,
      0.0
    ],
    "48": [
      0.0,
      0.043023265912926205,
      0.12145742005084245,
      0.34713586949306846,
      0.47673231858996146,
      0.570326453726096,
      0.7031188545685559,
      0.8725502473701063,
      0.7974360298050351,
      0.9260449979191726,
      1.078083731689113,
      1.0982088466406834,
      1.105454337641136,
      1.2158883918198815,
      1.197837242723193,
      0.4127893048533078,
      0.07596383380407624,
      0.10745357278425066,
      0.15936474082193083,
      0.32355866123481414,
      0.4145434033389074,
      0.4929646626070236,
      0.5705936488520049,
      0.6096694030060431,
      0.7045348865641553,
      0.8271038328010191,
      0.9278728437731258,
      0.8688125802939279,
      0.8330542485962117,
      0.8802951460839493,
      0.801214187429791,
      0.0
    ],
    "50": [
      0.0,
      0.03774313414969779,
      0.09245330526248967,
      0.3331016326689162,
      0.4706957844236008,
      0.5544638068904625,
      0.6871285561251025,
      0.8712668923106561,
      0.7841447342054239,
      0.8974887378441382,
      1.0642101679396263,
      1.1103871322944534,
      1.1172364762504718,
      1.2080996258910124,
      1.2887268465916963,
      0.44090816650268305,
      0.07846174486807016,
      0.11887968979080177,
      0.15571479036209682,
      0.3186670731654528,
      0.40435465266284987,
      0.47744263532738285,
      0.5624062927982351,
      0.6107572052780402,
      0.696932582523613,
      0.7997203651416009,
      0.9298240463357653,
      0.8582155586583246,
      0.8217681317272321,
      0.8709712209866175,
      0.8675122465049163,
      0.0
    ]
  },
  "_source": "solver"
}