{
  "u_initial": [
    0.0,
    0.20129852008866006,
    0.39435585511331855,
    0.5712682150947923,
    0.7247927872291199,
    0.8486442574947509,
    0.9377521321470804,
    0.9884683243281114,
    0.9987165071710528,
    0.9680771188662044,
    0.8978045395707416,
    0.7907757369376985,
    0.6513724827222223,
    0.48530196253108143,
    0.29936312297335804,
    0.10116832198743228,
    -0.10116832198743204,
    -0.2993631229733574,
    -0.48530196253108043,
    -0.651372482722222,
    -0.7907757369376986,
    -0.8978045395707414,
    -0.9680771188662043,
    -0.9987165071710528,
    -0.9884683243281114,
    -0.9377521321470808,
    -0.8486442574947515,
    -0.72479278722912,
    -0.5712682150947924,
    -0.3943558551133187,
    -0.20129852008866028,
    -2.4492935982947064e-16
  ],
  "u_final_classical": [
    0.0,
    0.11465753632850059,
    0.22858560009524026,
    0.34104229567526934,
    0.45125864150819267,
    0.558418962127498,
    0.6616325262531132,
    0.7598903858913767,
    0.8519976328093486,
    0.9364633816334008,
    1.011230685873693,
    1.073925629372657,
    1.120783807238316,
    1.11669620945892,
    1.2187235751677745,
    1.0804685486537364,
    -1.0804685486537329,
    -1.218723575167775,
    -1.1166962094589221,
    -1.1207838072383158,
    -1.0739256293726573,
    -1.011230685873694,
    -0.9364633816334001,
    -0.8519976328093489,
    -0.7598903858913767,
    -0.661632526253113,
    -0.5584189621274979,
    -0.4512586415081927,
    -0.3410422956752695,
    -0.22858560009524032,
    -0.11465753632850076,
    -2.4492935982947064e-16
  ],
  "u_final_method": [
    0.0,
    0.03774313414969779,
    0.09245330526248967,
    0.3331016326689162,
    0.4706957844236008,
    0.5544638068904625,
    0.6871285561251025,
    0.8712668923106561,
    0.7841447342054239,
    0.8974887378441382,
    1.0642101679396263,
    1.1103871322944534,
    1.1172364762504718,
    1.2080996258910124,
    1.2887268465916963,
    0.44090816650268305,
    0.07846174486807016,
    0.11887968979080177,
    0.15571479036209682,
    0.3186670731654528,
    0.40435465266284987,
    0.47744263532738285,
    0.5624062927982351,
    0.6107572052780402,
    0.696932582523613,
    0.7997203651416009,
    0.9298240463357653,
    0.8582155586583246,
    0.8217681317272321,
    0.8709712209866175,
    0.8675122465049163,
    0.0
  ],
  "errors_by_step": {
    "0": 0.0,
    "8": 1.3729877513500746,
    "16": 1.3284227285934092,
    "24": 1.283160292259988,
    "32": 1.236833666631079,
    "40": 1.19479893385848,
    "48": 1.152797429184585,
    "50": 1.1424937578051364
  },
  "final_error": 1.1424937578051364,
  "max_error": 1.3729877513500746,
  "_source": "solver"
}