xp, rho, u, p, Mach
0.1,0.9874027339700873,1.5145001574284385,0.699761964159195,1.520468059678803
0.3,0.8858128026961688,1.6133790580375287,0.603016783533756,1.6526415754421264
0.5,0.6194010118504195,1.7418464915731524,0.37483582644094815,1.8923927201580018
0.7,0.5167954157243261,1.829518983552299,0.2886185483920522,2.0690458255778226
0.9,0.48380819851135465,1.8694567216937268,0.26098313220201674,2.1512049573191425
