xp, rho, u, p, Mach
0.1,0.9874189984058928,1.5144861758842267,0.6997751133253084,1.5204522601243133
0.3,0.8858663901102087,1.6133287207992066,0.6030558279665873,1.6525864989522028
0.5,0.6194747769957417,1.7417437749660165,0.3748867686034973,1.8922652193736749
0.7,0.5168367360094023,1.829446802043828,0.2886409963410427,2.0689664463317037
0.9,0.48375714379088247,1.8695625615655653,0.26093178107453807,2.151424902119972
