xp, rho, u, p, Mach
0.1,0.9874190567381778,1.5144861231656543,0.6997751604501643,1.5204522009130141
0.3,0.8858665742289543,1.6133285437008817,0.6030559646697472,1.6525863019739926
0.5,0.6194750361439463,1.7417434179130546,0.3748869435495942,1.8922647857390926
0.7,0.5168368955312361,1.82944650646218,0.2886410941358462,2.068966080850245
0.9,0.4837570019663941,1.8695628701651685,0.26093163176356887,2.151425557422267
