xp, rho, u, p, Mach
0.1,0.9874189199404505,1.5144862602425255,0.6997750466294421,1.520452356860892
0.3,0.885866167998663,1.6133289481564064,0.6030556540507814,1.6525867629623452
0.5,0.6194744618790224,1.741744222888057,0.37488655154068057,1.8922657725422516
0.7,0.5168365419698271,1.8294471672889372,0.2886408741993729,2.0689669087664226
0.9,0.48375731118696963,1.8695621851760864,0.2609319677769984,2.1514240715212094
