xp, rho, u, p, Mach
0.1,0.9874674441816677,1.514440459259236,0.6998160705188676,1.5203991676946091
0.3,0.8860193052041073,1.6131771131887647,0.6031741944511761,1.6524116565221973
0.5,0.6196925675989362,1.7414387445732336,0.3750385337409854,1.8918834693049569
0.7,0.5170024600902516,1.8291592043609448,0.2887455899838802,2.0685980633986816
0.9,0.48372977446214926,1.8696550020838205,0.2608730281128936,2.151712675201238
