xp, rho, u, p, Mach
0.1,0.9874147985150091,1.5144905069757044,0.6997718119294746,1.520456961323389
0.3,0.8858554392461685,1.6133386633254019,0.6030477486452439,1.6525975390955971
0.5,0.619458758411356,1.7417670543989232,0.3748756154114521,1.8922941935878652
0.7,0.5168273045236211,1.8294642007110493,0.2886354825065113,2.068987006656073
0.9,0.4837663849324442,1.8695424983040927,0.26094157776199,2.151381976448731
