xp, rho, u, p, Mach
0.1,0.987088873839144,1.5149719559144839,0.6994015597205565,1.5210917324472457
0.3,0.8853020134626692,1.6137693675635756,0.6026268194485068,1.6530993219248225
0.5,0.6189732860760604,1.7425567426690953,0.3744821308969208,1.8934041048921084
0.7,0.51718020488538,1.8292288084115518,0.28871828090155305,2.0691302021472286
0.9,0.4853362983546032,1.8671153587729548,0.2620818936891529,2.1473854753856143
