xp, rho, u, p, Mach
0.1,0.9874474656644987,1.5144630709888318,0.6997984461706442,1.5204256331843597
0.3,0.8859807146277545,1.6132193190845903,0.6031390370755452,1.652467061783011
0.5,0.6196522178190195,1.7414991134866575,0.37500837592546526,1.8919635280726796
0.7,0.5169915498571125,1.8291874962615315,0.28873475881273397,2.068647030612871
0.9,0.4837755555713274,1.8695835074951634,0.26090376623743433,2.15160545381895
