xp, rho, u, p, Mach
0.25,0.9244227359118982,1.5412079298263737,0.641108211959661,1.5641084283996292
0.75,0.8491170062648012,1.5812225437563507,0.5697111565311623,1.631493647453962
