xp, rho, u, p, Mach
0.25,0.9244227357819398,1.5412079296502772,0.6411082121737386,1.5641084278498303
0.75,0.8491170057064604,1.5812225441966468,0.5697111565738981,1.6314936473106665
