{
  "quantum_solution": [
    0.7098688223395151,
    0.09252222852964466,
    0.6907262922988989,
    0.10209349354995272
  ],
  "classical_solution": [
    0.7055698197297996,
    0.046596453582414196,
    0.7055698197297996,
    0.046596453582414196
  ],
  "_source": "harvester"
}