{
  "iterations_completed": 1,
  "converged": true,
  "_source": "harvester",
  "fidelity": 0.9972860450101538,
  "shots": 1000,
  "l2_error_abs": 0.07367435089427303,
  "l2_error_rel": 0.07367435089427303
}