xp, rho, u, p, Mach
0.1,0.9871325029606101,1.516827640653273,0.6987713362982086,1.5236752086586576
0.3,0.8840368854924656,1.6150372220225568,0.6028050194329451,1.6529711783447805
0.5,0.6204779495059489,1.742241358377035,0.37572863788251115,1.8922143350427598
0.7,0.5265910484728845,1.8189058027254832,0.2951399646905039,2.0533780548204446
0.9,0.5061617542071715,1.8376738454522021,0.2773678280421139,2.098075135341908
