xp, rho, u, p, Mach
0.1,0.9874447945744939,1.5144658841652239,0.6997943367805125,1.5204308652014507
0.3,0.8859690186244398,1.6132391287705041,0.6031257776242365,1.6524946103554807
0.5,0.6196440106832988,1.7415166318218844,0.37499938489317275,1.8919927114454314
0.7,0.5169952583736361,1.829183791401358,0.28873911493371596,2.068634655580982
0.9,0.4838028555196825,1.869533657755603,0.2609248593948433,2.1515218207918347
