xp, rho, u, p, Mach
0.1,0.9922837183905453,1.5116644284287517,0.7010259757758298,1.5199953285494021
0.3,0.8934843274502728,1.5979602907927748,0.6147375023014244,1.6281731195813294
0.5,0.6341067844832786,1.7356805627382283,0.3843235298683865,1.8842498734806112
0.7,0.5646352957304815,1.7548963865086626,0.32812896562670707,1.9455804269218815
0.9,0.571449495682695,1.724235387210695,0.332876331852838,1.9093256395814548
