dq_lu, dq_hhl,
0.00037057591478284593,0.00027938897322927553
-0.00016145663968769646,-0.0003951156751169542
0.0006988345250276623,0.00048391589670821963
0.001614175072627419,0.0009678317934172246
0.0010775994776333268,0.000684360424173046
0.0017640379146508715,0.0006843604241732932
-0.0003970345959914104,-0.001368720848343915
0.0009503713804456877,0.0002793889732297355
0.0023646763848946006,0.0014517476901261222
-0.0029283090000222388,-0.0030349410878585874
-0.003611118221837855,-0.0038103575810444048
-0.00794177234671727,-0.008334974297658893
-0.010689388556779365,-0.011027904290879534
-0.010907369969826369,-0.011227822155496723
-0.022659704969007283,-0.02335030011717676
