{
  "u_initial": [
    0.0,
    0.02940514209886818,
    0.05852709660483847,
    0.0870854031763387,
    0.11480502970952693,
    0.1414190210477993,
    0.16667106990588065,
    0.19031798524909363,
    0.21213203435596423,
    0.2319031360088211,
    0.24944088369076356,
    0.26457637930450645,
    0.27716385975338603,
    0.2870821007196626,
    0.2942355841209691,
    0.298555418001659,
    0.3,
    0.2985554180016591,
    0.2942355841209691,
    0.28708210071966267,
    0.27716385975338603,
    0.2645763793045065,
    0.2494408836907636,
    0.23190313600882112,
    0.21213203435596426,
    0.19031798524909363,
    0.16667106990588065,
    0.14141902104779935,
    0.11480502970952697,
    0.08708540317633871,
    0.05852709660483858,
    0.029405142098868246,
    3.6739403974420595e-17,
    -0.029405142098868176,
    -0.058527096604838506,
    -0.08708540317633863,
    -0.1148050297095269,
    -0.1414190210477993,
    -0.16667106990588057,
    -0.19031798524909357,
    -0.21213203435596423,
    -0.23190313600882098,
    -0.24944088369076356,
    -0.26457637930450645,
    -0.2771638597533859,
    -0.2870821007196626,
    -0.29423558412096906,
    -0.2985554180016591,
    -0.3,
    -0.2985554180016591,
    -0.2942355841209691,
    -0.28708210071966267,
    -0.277163859753386,
    -0.2645763793045065,
    -0.24944088369076362,
    -0.23190313600882106,
    -0.2121320343559643,
    -0.19031798524909377,
    -0.16667106990588065,
    -0.14141902104779938,
    -0.1148050297095271,
    -0.08708540317633874,
    -0.05852709660483861,
    -0.029405142098868152
  ],
  "u_final_classical": null,
  "u_final_method": [
    1.2575486942715695e-17,
    0.0210452438312334,
    0.04198410991180206,
    0.06270951614897609,
    0.08311296898180356,
    0.10308385130701733,
    0.1225087046113481,
    0.14127050664246069,
    0.15924794924659808,
    0.17631472578779706,
    0.1923388443505004,
    0.2071819923816383,
    0.22069899138745297,
    0.232737397761251,
    0.2431373288735334,
    0.25173162323481135,
    0.25834648048724285,
    0.2628027708747068,
    0.2649182524640244,
    0.2645109822479587,
    0.2614042437865783,
    0.25543332167197585,
    0.24645440598667415,
    0.23435577481432393,
    0.21907114440097925,
    0.2005946695917292,
    0.17899652712262176,
    0.15443738273896754,
    0.1271794674911106,
    0.09759167865846904,
    0.06614631126297875,
    0.033405881314583566,
    -4.37245060301104e-18,
    -0.033405881314583566,
    -0.06614631126297874,
    -0.09759167865846906,
    -0.12717946749111061,
    -0.15443738273896757,
    -0.1789965271226218,
    -0.2005946695917292,
    -0.21907114440097925,
    -0.23435577481432393,
    -0.24645440598667412,
    -0.2554333216719758,
    -0.2614042437865783,
    -0.2645109822479587,
    -0.2649182524640244,
    -0.2628027708747068,
    -0.25834648048724285,
    -0.25173162323481135,
    -0.24313732887353337,
    -0.232737397761251,
    -0.22069899138745294,
    -0.20718199238163829,
    -0.19233884435050036,
    -0.17631472578779703,
    -0.15924794924659805,
    -0.14127050664246063,
    -0.12250870461134808,
    -0.1030838513070173,
    -0.08311296898180354,
    -0.06270951614897607,
    -0.041984109911802035,
    -0.02104524383123338
  ],
  "errors_by_step": {},
  "final_error": NaN,
  "max_error": NaN,
  "_source": "solver"
}