{
  "u_initial": [
    0.0,
    0.19509032201612825,
    0.3826834323650898,
    0.5555702330196022,
    0.7071067811865475,
    0.8314696123025452,
    0.9238795325112867,
    0.9807852804032304,
    1.0,
    0.9807852804032304,
    0.9238795325112867,
    0.8314696123025455,
    0.7071067811865476,
    0.5555702330196022,
    0.3826834323650899,
    0.1950903220161286,
    1.2246467991473532e-16,
    -0.19509032201612836,
    -0.38268343236508967,
    -0.555570233019602,
    -0.7071067811865475,
    -0.8314696123025452,
    -0.9238795325112865,
    -0.9807852804032303,
    -1.0,
    -0.9807852804032304,
    -0.9238795325112866,
    -0.8314696123025455,
    -0.7071067811865477,
    -0.5555702330196022,
    -0.3826834323650904,
    -0.19509032201612872
  ],
  "u_final_classical": [
    -3.737358543145155e-17,
    0.038440938392563934,
    0.07686848003777323,
    0.11526904537387743,
    0.15362868192834278,
    0.19193285906027244,
    0.23016623838759537,
    0.2683124086653084,
    0.3063535711596231,
    0.3442701610678522,
    0.38204041907655645,
    0.4196403264217442,
    0.45705029393315294,
    0.4943581798648165,
    0.5328682893475198,
    0.5751015130019228,
    1.093651331142921e-15,
    -0.5751015130019251,
    -0.5328682893475202,
    -0.4943581798648166,
    -0.457050293933153,
    -0.4196403264217443,
    -0.38204041907655656,
    -0.3442701610678523,
    -0.3063535711596232,
    -0.2683124086653085,
    -0.2301662383875954,
    -0.19193285906027246,
    -0.15362868192834284,
    -0.11526904537387749,
    -0.0768684800377733,
    -0.03844093839256401
  ],
  "u_final_method": [
    -0.06904829507173661,
    -0.025309320301353785,
    0.017816690507359782,
    0.06002977523820954,
    0.10104396159503037,
    0.14060618307865586,
    0.1785220027177656,
    0.21468513815329673,
    0.2491027082497984,
    0.28190492047064736,
    0.3133292593747423,
    0.3436750944365771,
    0.3732279284259252,
    0.40212306385143254,
    0.4299028305032857,
    0.45323917834088745,
    0.45368012998375606,
    0.3552355481768143,
    0.05652832054581268,
    -0.3025040527724832,
    -0.4832890696764548,
    -0.5065411018641561,
    -0.48186236270211286,
    -0.44679867817017865,
    -0.4088226040270195,
    -0.3693300265020898,
    -0.3286461869565166,
    -0.28692453350202984,
    -0.24431374130110597,
    -0.20099169735347655,
    -0.15717157216852987,
    -0.11309949128075301
  ],
  "errors_by_step": {
    "0": 0.0,
    "1": 1.7128364622509744,
    "2": 1.5981884924925553,
    "3": 1.5096485979589647,
    "4": 1.4276392420739468,
    "5": 1.3513220094831204,
    "6": 1.2873054515846771,
    "7": 1.2345172873496457,
    "8": 1.1897955120174948,
    "9": 1.1505609672026955,
    "10": 1.115324020341477,
    "11": 1.0834756933742191,
    "12": 1.054854972284582,
    "13": 1.0293923272048875,
    "14": 1.006935633715949,
    "15": 0.9872141030971647,
    "16": 0.9698666041938143,
    "17": 0.9544892356347607,
    "18": 0.9406833659756966,
    "19": 0.9280962159625666,
    "20": 0.9164482696656654,
    "21": 0.9055433210269322,
    "22": 0.8952610406856976,
    "23": 0.885537091587662,
    "24": 0.876338795207895,
    "25": 0.8676436777331877,
    "26": 0.8594250974733914,
    "27": 0.8516457731086309,
    "28": 0.8442577790117779,
    "29": 0.8372066576973111,
    "30": 0.8304372917316399,
    "31": 0.8238996239154247,
    "32": 0.8175529367636142,
    "33": 0.8113680602684593,
    "34": 0.8053274739239736,
    "35": 0.7994237220123996,
    "36": 0.7936568067473494,
    "37": 0.7880312586150384,
    "38": 0.7825534552352236,
    "39": 0.7772295513516637,
    "40": 0.7720641663692276,
    "41": 0.767059804597354,
    "42": 0.762216873804298,
    "43": 0.7575341170445135,
    "44": 0.7530092685983232,
    "45": 0.7486397677119041,
    "46": 0.744423403850689,
    "47": 0.740358810718081,
    "48": 0.7364457689432715,
    "49": 0.7326853134510898,
    "50": 0.7290796680734037,
    "51": 0.7256320478610682,
    "52": 0.7223463766229798,
    "53": 0.7192269672192644,
    "54": 0.716278205680606,
    "55": 0.7135042706877122,
    "56": 0.710908908540792,
    "57": 0.708495273107462,
    "58": 0.7062658310567977,
    "59": 0.7042223254992533,
    "60": 0.7023657866568666,
    "61": 0.7006965758160739,
    "62": 0.6992144482461465,
    "63": 0.6979186221738193,
    "64": 0.6968078429915033,
    "65": 0.695880434815288,
    "66": 0.6951343346651302,
    "67": 0.6945671077049148,
    "68": 0.6941759445181515,
    "69": 0.6939576437274844,
    "70": 0.6939085845158678,
    "71": 0.6940246945086269,
    "72": 0.6943014184601332,
    "73": 0.6947336927121291,
    "74": 0.6953159295149186,
    "75": 0.6960420140478906,
    "76": 0.6969053157326887,
    "77": 0.6978987141406248,
    "78": 0.6990146386428151,
    "79": 0.7002451200244412,
    "80": 0.7015818517241124,
    "81": 0.7030162577870321,
    "82": 0.7045395646649875,
    "83": 0.7061428739725152,
    "84": 0.7078172336880721,
    "85": 0.7095537056073573,
    "86": 0.7113434274310213,
    "87": 0.71317766830613,
    "88": 0.7150478772261679,
    "89": 0.7169457240858634,
    "90": 0.7188631336090483,
    "91": 0.7207923126785374,
    "92": 0.7227257717516486,
    "93": 0.7246563411981752,
    "94": 0.7265771834597431,
    "95": 0.7284818018181534,
    "96": 0.730364046590795,
    "97": 0.7322181193105559,
    "98": 0.7340385754771017,
    "99": 0.7358203261719447,
    "100": 0.7375586387897556,
    "101": 0.7392491369672599,
    "102": 0.7408877997794968,
    "103": 0.742470960058013,
    "104": 0.743995301796296,
    "105": 0.7454578564501403,
    "106": 0.7468559980817875,
    "107": 0.7481874371656018,
    "108": 0.7494502130386934,
    "109": 0.7506426849361326,
    "110": 0.7517635215880076,
    "111": 0.7528116895165023,
    "112": 0.753786440011666,
    "113": 0.7546872950372827,
    "114": 0.755514032124602,
    "115": 0.7562666685040145,
    "116": 0.7569454446342353,
    "117": 0.7575508073304751,
    "118": 0.7580833927226217,
    "119": 0.7585440091817952,
    "120": 0.7589336204493157,
    "121": 0.759253329083855,
    "122": 0.759504360393036,
    "123": 0.7596880469855137,
    "124": 0.7598058139993239,
    "125": 0.7598591651244433,
    "126": 0.759849669477372,
    "127": 0.7597789493317424,
    "128": 0.7596486687646095,
    "129": 0.7594605232164369,
    "130": 0.7592162299455444,
    "131": 0.7589175193621375,
    "132": 0.7585661272289299,
    "133": 0.758163787681173,
    "134": 0.7577122270177531,
    "135": 0.7572131582427868,
    "136": 0.7566682762861344,
    "137": 0.7560792538763398,
    "138": 0.7554477379847306,
    "139": 0.7547753468364657,
    "140": 0.7540636673953514,
    "141": 0.753314253316126,
    "142": 0.7525286232820433,
    "143": 0.7517082597255614,
    "144": 0.7508546078560384,
    "145": 0.7499690749823618,
    "146": 0.749053030089872,
    "147": 0.7481078036348234,
    "148": 0.7471346875353325,
    "149": 0.7461349353302247,
    "150": 0.7451097624726783,
    "151": 0.7440603467601292,
    "152": 0.7429878288573547,
    "153": 0.7418933129079007,
    "154": 0.740777867214988,
    "155": 0.7396425249808506,
    "156": 0.7384882850923894,
    "157": 0.7373161129352365,
    "158": 0.7361269412420595,
    "159": 0.7349216709490884,
    "160": 0.7337011720703981,
    "161": 0.7324662845734126,
    "162": 0.7312178192524493,
    "163": 0.7299565586007479,
    "164": 0.7286832576705214,
    "165": 0.7273986449247998,
    "166": 0.7261034230722319,
    "167": 0.7247982698877646,
    "168": 0.7234838390141873,
    "169": 0.7221607607469585,
    "170": 0.7208296427958675,
    "171": 0.719491071030635,
    "172": 0.7181456101999151,
    "173": 0.7167938046341328,
    "174": 0.7154361789249325,
    "175": 0.7140732385814734,
    "176": 0.7127054706689603,
    "177": 0.7113333444250716,
    "178": 0.7099573118544703,
    "179": 0.7085778083060346,
    "180": 0.7071952530277592,
    "181": 0.7058100497041818,
    "182": 0.7044225869750478,