{
  "iterations_completed": 1,
  "converged": true,
  "_source": "harvester",
  "fidelity": 0.9934041322105587,
  "shots": 100,
  "l2_error_abs": 0.11485528102304585,
  "l2_error_rel": 0.11485528102304585
}