{
  "quantum_solution": [
    0.753181916595446,
    0.11217603013123664,
    0.6410058864642094,
    0.09615088296963141
  ],
  "classical_solution": [
    0.7055698197297996,
    0.046596453582414196,
    0.7055698197297996,
    0.046596453582414196
  ],
  "_source": "harvester"
}