{
  "circuit_build_time_s": 0.7238879203796387,
  "modular_transpile_time_s": 3.411957025527954,
  "execution_time_s": 12.256831884384155,
  "modular_pre_opt": {
    "cx_count": 140596,
    "total_gates": 376557,
    "depth": 270420
  },
  "modular_post_opt": {
    "cx_count": 140596,
    "total_gates": 376557,
    "depth": 270420
  },
  "blocks_transpiled": 5,
  "per_block_compile_times": {
    "state_prep": 0.0071519589982926846,
    "qpe": 0.11344066700257827,
    "controlled_rotations": 0.15025945800880436,
    "inverse_qpe": 0.11468187499849591,
    "measurement": 0.0003341249976074323
  },
  "boundary_swaps": {
    "state_prep\u2192qpe": 0,
    "qpe\u2192controlled_rotations": 0,
    "controlled_rotations\u2192inverse_qpe": 0,
    "inverse_qpe\u2192measurement": 0
  },
  "exec_info": {
    "wall_time": 12.256831884384155,
    "backend_time": 10.75653225,
    "shots_requested": 65536,
    "shots_executed": 65536,
    "status": "DONE"
  },
  "_source": "solver"
}