{
  "classical_solution": [
    -4.81790327092651,
    -10.132520694864253,
    -15.308873817630811,
    -21.132915478498067,
    -28.47998699577334,
    -35.59290513832528,
    -42.47168632392803,
    -50.929680325038184,
    -60.155109055301246,
    -68.91106339962936,
    -78.20957778754344,
    -87.04467448264504,
    -95.41404142417638,
    -104.02537063727375,
    -110.72341960571333,
    -115.69655074163988,
    -120.10739434832546,
    -123.5054068346766,
    -127.21766665362304,
    -130.02190239704828,
    -131.41383443913827,
    -134.2714152501498,
    -136.90321976067483,
    -139.6025524758878,
    -140.87713700488726,
    -141.60733880936155,
    -142.4484632035457,
    -142.13859402030758,
    -142.20442285541512,
    -141.66961300060385,
    -140.8431093959993,
    -139.41489917916542,
    -139.83896714684045,
    -140.24953788977754,
    -139.60239770375873,
    -139.7778024298431,
    -138.73236350595644,
    -137.89578817707454,
    -135.09954272431287,
    -130.9751112226528,
    -127.04754095686184,
    -123.8584372710663,
    -120.84070186646072,
    -117.70731817946692,
    -114.27283079688382,
    -109.35982142393331,
    -103.72696784258807,
    -97.63347549028303,
    -92.5971053641969,
    -87.90435352767925,
    -81.44856153579887,
    -75.31685351331329,
    -68.8000632104114,
    -61.60635090720353,
    -55.02431489283653,
    -49.473278400965484,
    -44.85352202821064,
    -39.39454813223315,
    -33.62636186040444,
    -28.18943901997929,
    -23.728061306676505,
    -18.787509355528424,
    -13.661298427716524,
    -7.428752525898597
  ],
  "classical_solution_normalized": [
    -0.005852902406590698,
    -0.01230922486918182,
    -0.018597580601109463,
    -0.02567276362910314,
    -0.0345981592102778,
    -0.04323909975502621,
    -0.05159560520804723,
    -0.061870575596671785,
    -0.07307784377555408,
    -0.08371478340926762,
    -0.09501083776701205,
    -0.10574392139309269,
    -0.11591122554162726,
    -0.1263724711584555,
    -0.13450941885589307,
    -0.1405508957301596,
    -0.14590929246602863,
    -0.15003727809392714,
    -0.15454701878534272,
    -0.157953670436152,
    -0.15964462227574602,
    -0.1631160787715051,
    -0.1663132568979904,
    -0.1695924698785409,
    -0.17114086519444555,
    -0.17202793155057075,
    -0.17304974928208694,
    -0.1726733128975611,
    -0.17275328331742176,
    -0.17210358370531406,
    -0.1710995276534549,
    -0.1693645042324436,
    -0.1698796719909042,
    -0.1703784430027494,
    -0.16959228185771197,
    -0.1698053676516136,
    -0.1685353438156259,
    -0.16751905239581794,
    -0.16412210753836343,
    -0.1591116509757429,
    -0.1543403460806404,
    -0.15046614778568987,
    -0.1468001317162819,
    -0.1429936233886767,
    -0.13882132719746232,
    -0.13285288765736858,
    -0.12600996441289908,
    -0.11860744633650573,
    -0.11248914524703983,
    -0.1067882797516217,
    -0.09894563153704695,
    -0.09149668816413116,
    -0.08357993776416589,
    -0.07484084656948743,
    -0.06684483414200112,
    -0.06010130422549102,
    -0.05448911533927459,
    -0.04785742523331318,
    -0.040850096647914384,
    -0.03424519468377579,
    -0.028825407924570372,
    -0.022823509011560408,
    -0.016596067199447808,
    -0.009024623594910243
  ],
  "quantum_solution": [
    0.0,
    0.014943693634945607,
    0.021133574210488573,
    0.03660442427809353,
    0.044831080904836826,
    0.055914181674880964,
    0.05977477453978243,
    0.05977477453978243,
    0.0651380503979599,
    0.07619818544973996,
    0.08966216180967365,
    0.10024534440800792,
    0.0991252495382736,
    0.10024534440800792,
    0.12322885458750213,
    0.10671931855203541,
    0.12680144526293147,
    0.14943693634945607,
    0.13858211368405302,
    0.13282245434019804,
    0.1595549863146965,
    0.16164076093686372,
    0.1523963708994799,
    0.1574415819264963,
    0.1588536423203065,
    0.1716899685132333,
    0.16840687453545197,
    0.17618354958468976,
    0.18664667367782842,
    0.16301645179293578,
    0.1697277330011501,
    0.18241102745944932,
    0.1817978794138063,
    0.1710383913296074,
    0.1755486518455944,
    0.1595549863146965,
    0.16094850610301797,
    0.18843280694550807,
    0.16369996192612163,
    0.17038432242775392,
    0.16840687453545197,
    0.15312729293887148,
    0.14793501947342003,
    0.14255375172339507,
    0.13858211368405302,
    0.1441117624946888,
    0.13113037946274606,
    0.1377740478235458,
    0.12231940411681472,
    0.11671397836918228,
    0.10671931855203541,
    0.11282241279524867,
    0.07907459405360984,
    0.08966216180967365,
    0.08184998096306081,
    0.08047425305150899,
    0.05977477453978243,
    0.05388025364562124,
    0.0495626247691368,
    0.044831080904836826,
    0.029887387269891215,
    0.025883236628469433,
    0.0,
    0.0
  ],
  "quantum_solution_normalized": [
    0.0,
    0.014943693634945607,
    0.021133574210488573,
    0.03660442427809353,
    0.044831080904836826,
    0.055914181674880964,
    0.05977477453978243,
    0.05977477453978243,
    0.0651380503979599,
    0.07619818544973996,
    0.08966216180967365,
    0.10024534440800792,
    0.0991252495382736,
    0.10024534440800792,
    0.12322885458750213,
    0.10671931855203541,
    0.12680144526293147,
    0.14943693634945607,
    0.13858211368405302,
    0.13282245434019804,
    0.1595549863146965,
    0.16164076093686372,
    0.1523963708994799,
    0.1574415819264963,
    0.1588536423203065,
    0.1716899685132333,
    0.16840687453545197,
    0.17618354958468976,
    0.18664667367782842,
    0.16301645179293578,
    0.1697277330011501,
    0.18241102745944932,
    0.1817978794138063,
    0.1710383913296074,
    0.1755486518455944,
    0.1595549863146965,
    0.16094850610301797,
    0.18843280694550807,
    0.16369996192612163,
    0.17038432242775392,
    0.16840687453545197,
    0.15312729293887148,
    0.14793501947342003,
    0.14255375172339507,
    0.13858211368405302,
    0.1441117624946888,
    0.13113037946274606,
    0.1377740478235458,
    0.12231940411681472,
    0.11671397836918228,
    0.10671931855203541,
    0.11282241279524867,
    0.07907459405360984,
    0.08966216180967365,
    0.08184998096306081,
    0.08047425305150899,
    0.05977477453978243,
    0.05388025364562124,
    0.0495626247691368,
    0.044831080904836826,
    0.029887387269891215,
    0.025883236628469433,
    0.0,
    0.0
  ],
  "_source": "solver"
}