{
  "_source": "stdout",
  "experiment_id": null,
  "algorithm": "modular_hhl",
  "dimension": 64,
  "condition_number": 1711.6613758257176,
  "num_qubits": 19,
  "num_clock_qubits": 12,
  "decomposition_depth": 1,
  "transpiled_depth": 270420,
  "transpiled_cx_count": 140596,
  "total_gates": 376557,
  "boundary_swaps": 0,
  "sv_fidelity": 0.9946318328646636,
  "sv_fidelity_transpiled": 0.9946318632008218,
  "fidelity_shots": 0.9910315568859743,
  "success_probability": 0.06937100738985646,
  "success_probability_transpiled": 0.06937106347805867,
  "compile_time_s": 3.411957025527954,
  "circuit_build_time_s": 0.7238879203796387,
  "transpile_calls": 5,
  "per_block_compile_times": {
    "state_prep": 0.0071519589982926846,
    "qpe": 0.11344066700257827,
    "controlled_rotations": 0.15025945800880436,
    "inverse_qpe": 0.11468187499849591,
    "measurement": 0.0003341249976074323
  },
  "fidelity_noisy": null,
  "noise_cx_error": null,
  "error": null,
  "exit_code": 0
}