{
  "l2_error_normalized": 1.9977515756381132,
  "l2_error_phase_corrected": 0.09480844917746484,
  "fidelity_shots": 0.9910315568859743,
  "residual": 124.91130393167083,
  "shots": 65536,
  "sv_fidelity": 0.9946318328646636,
  "sv_solution": [
    0.0058045606246287405,
    0.01634878975737419,
    0.026786845889627122,
    0.03354457927128493,
    0.03857049672011411,
    0.052703483133592764,
    0.05989051178349858,
    0.06409347240189134,
    0.07226074922510319,
    0.08296391408565726,
    0.08687279748657453,
    0.09551923235013987,
    0.10462546849321165,
    0.11092827665271374,
    0.1167544217627454,
    0.11910577050598908,
    0.1290518458923546,
    0.1363054048084565,
    0.13854772936354806,
    0.14344758361925355,
    0.15225415831347952,
    0.1542141566529786,
    0.15544383722885388,
    0.1595084882786288,
    0.16351938202041247,
    0.16943080206613878,
    0.16803390091989417,
    0.16946710687768363,
    0.17638629944827033,
    0.1712451083887383,
    0.17435080569932368,
    0.17744667533579894,
    0.17466963554355086,
    0.17218535296095053,
    0.17467575619218023,
    0.17501292333074087,
    0.17226999421915626,
    0.1667549869820862,
    0.16334335203322928,
    0.1686051525217405,
    0.1595856051877308,
    0.15589486457352456,
    0.15572242286821733,
    0.14999310526288437,
    0.14384908331022395,
    0.13903202489121133,
    0.13538357957338176,
    0.128674850865802,
    0.12252353485922995,
    0.11517136267253296,
    0.11318811175108187,
    0.10265181042587895,
    0.09275707260234796,
    0.09082011442302289,
    0.08262232983778434,
    0.07233898131614429,
    0.06458024851471822,
    0.05838893769623977,
    0.0510128062839441,
    0.04041951326581279,
    0.03239401867164567,
    0.026355879781070124,
    0.017679439687675783,
    0.005119114836829104
  ],
  "success_probability": 0.06937100738985646,
  "_source": "solver"
}