xp, rho, u, p, Mach
0.1,0.9874278236044545,1.5144928724358193,0.6997661732060086,1.5204754903035682
0.3,0.8859253579968653,1.613299756408435,0.6030779038397339,1.6525815827565136
0.5,0.6196131349365437,1.7415639196875483,0.3749678801399743,1.892076427064754
0.7,0.5170241681349167,1.8291407459567652,0.28874890602505593,2.0686087380862266
0.9,0.48394065509761436,1.8692991801119199,0.26100938093910925,2.151209927255818
