{
  "circuit_build_time_s": 0.002026081085205078,
  "modular_transpile_time_s": 0.019353866577148438,
  "execution_time_s": 0.027214765548706055,
  "modular_pre_opt": {
    "cx_count": 393,
    "total_gates": 1084,
    "depth": 793
  },
  "modular_post_opt": {
    "cx_count": 393,
    "total_gates": 1084,
    "depth": 793
  },
  "blocks_transpiled": 5,
  "per_block_compile_times": {
    "state_prep": 0.0008165840117726475,
    "qpe": 0.0004341669991845265,
    "controlled_rotations": 0.002173083004890941,
    "inverse_qpe": 0.00038049998693168163,
    "measurement": 0.00012629199773073196
  },
  "boundary_swaps": {
    "state_prep\u2192qpe": 0,
    "qpe\u2192controlled_rotations": 0,
    "controlled_rotations\u2192inverse_qpe": 0,
    "inverse_qpe\u2192measurement": 0
  },
  "exec_info": {
    "wall_time": 0.027214765548706055,
    "backend_time": 0.022832708,
    "shots_requested": 65536,
    "shots_executed": 65536,
    "status": "DONE"
  },
  "_source": "solver"
}