{
  "quantum_solution": [
    1.2277322193821274,
    0.1423372754340921,
    0.05711063520503696,
    0.037195131646357404
  ],
  "classical_solution": [
    1.1454545454545455,
    0.43636363636363634,
    0.16363636363636364,
    0.05454545454545454
  ],
  "_source": "harvester"
}