{
  "iterations_completed": 1,
  "converged": true,
  "_source": "harvester",
  "fidelity": 1.4797964644232118,
  "shots": 5000,
  "l2_error_abs": 0.32383619481295145,
  "l2_error_rel": 0.2616153414671115
}