{
  "iterations_completed": 1,
  "converged": true,
  "_source": "harvester",
  "fidelity": 1.4421747998313803,
  "shots": 100,
  "l2_error_abs": 0.43636851265013243,
  "l2_error_rel": 0.35193486411911995
}