xp, rho, u, p, Mach
0.1,0.98747079119057,1.5144364717949532,0.6998199871240096,1.5203934866926412
0.3,0.8860302563620812,1.613164442404207,0.6031842482028156,1.652395118258204
0.5,0.61970923621204,1.741415158794305,0.3750514190227531,1.8918507904490611
0.7,0.5170292342688122,1.8291132143797768,0.2887650232086356,2.068530007649432
0.9,0.4837635004387402,1.8695961410919728,0.2608963675183274,2.1516236931726254
