{
  "u_initial": [
    0.0,
    0.02940514209886818,
    0.05852709660483847,
    0.0870854031763387,
    0.11480502970952693,
    0.1414190210477993,
    0.16667106990588065,
    0.19031798524909363,
    0.21213203435596423,
    0.2319031360088211,
    0.24944088369076356,
    0.26457637930450645,
    0.27716385975338603,
    0.28708210071966267,
    0.2942355841209691,
    0.298555418001659,
    0.3,
    0.2985554180016591,
    0.2942355841209691,
    0.28708210071966267,
    0.27716385975338603,
    0.2645763793045065,
    0.24944088369076362,
    0.23190313600882112,
    0.21213203435596426,
    0.19031798524909363,
    0.16667106990588065,
    0.14141902104779935,
    0.11480502970952697,
    0.08708540317633871,
    0.05852709660483858,
    0.029405142098868246,
    3.6739403974420595e-17,
    -0.029405142098868176,
    -0.058527096604838506,
    -0.08708540317633863,
    -0.1148050297095269,
    -0.1414190210477993,
    -0.16667106990588057,
    -0.19031798524909357,
    -0.21213203435596423,
    -0.23190313600882098,
    -0.24944088369076356,
    -0.26457637930450645,
    -0.2771638597533859,
    -0.2870821007196626,
    -0.29423558412096906,
    -0.2985554180016591,
    -0.3,
    -0.2985554180016591,
    -0.2942355841209691,
    -0.28708210071966267,
    -0.277163859753386,
    -0.2645763793045065,
    -0.24944088369076362,
    -0.23190313600882106,
    -0.2121320343559643,
    -0.19031798524909377,
    -0.16667106990588065,
    -0.14141902104779938,
    -0.1148050297095271,
    -0.08708540317633874,
    -0.05852709660483861,
    -0.029405142098868152
  ],
  "u_final_classical": null,
  "u_final_method": [
    -3.483676389691175e-17,
    0.016464723866154315,
    0.03295651076127135,
    0.04949499929157486,
    0.0660850838065222,
    0.08270983745088213,
    0.0993238827672888,
    0.11584751009827918,
    0.1321619604154505,
    0.1481064095087565,
    0.16347728610904957,
    0.1780305861183187,
    0.19148775868173853,
    0.2035454910233515,
    0.21388928622509046,
    0.2222101399188597,
    0.22822297442788467,
    0.23168494076299387,
    0.23241143128405886,
    0.2302877950597325,
    0.22527533734920072,
    0.21741109467514588,
    0.20680187780165876,
    0.1936139111282451,
    0.178059882323286,
    0.16038529092054726,
    0.14085571408193046,
    0.11974613191755877,
    0.09733292530379614,
    0.07388869141218256,
    0.04967967596962443,
    0.02496540607612135,
    2.0765644245185467e-17,
    -0.024965406076121237,
    -0.049679675969624346,
    -0.07388869141218248,
    -0.09733292530379604,
    -0.11974613191755874,
    -0.14085571408193032,
    -0.16038529092054718,
    -0.17805988232328596,
    -0.19361391112824508,
    -0.20680187780165873,
    -0.2174110946751459,
    -0.22527533734920074,
    -0.23028779505973246,
    -0.2324114312840589,
    -0.23168494076299392,
    -0.2282229744278846,
    -0.22221013991885974,
    -0.21388928622509054,
    -0.20354549102335154,
    -0.1914877586817385,
    -0.17803058611831873,
    -0.16347728610904955,
    -0.14810640950875653,
    -0.13216196041545056,
    -0.1158475100982792,
    -0.09932388276728885,
    -0.08270983745088219,
    -0.06608508380652223,
    -0.04949499929157489,
    -0.03295651076127142,
    -0.01646472386615435
  ],
  "errors_by_step": {},
  "final_error": NaN,
  "max_error": NaN,
  "_source": "solver"
}