xp, rho, u, p, Mach
0.1,0.9858272134432602,1.521043148299887,0.6961292905954476,1.529794036826239
0.3,0.8801779928004501,1.6311403329466307,0.5957366301758723,1.6756580965792842
0.5,0.6262315156030661,1.725866866059367,0.3793682276270664,1.8740460373045196
0.7,0.512877636241766,1.8351705713849393,0.2917896864952403,2.056289845777442
0.9,0.4922227903124124,1.8606120939653705,0.25975660502239084,2.1646584494815504
