{
  "final_error_epsilon": 0.048733909375632344,
  "max_error_epsilon": 0.048733909375632344,
  "classical_wall_time_s": 0.0007510185241699219,
  "method_wall_time_s": 11.015376091003418,
  "speedup_ratio": 6.817910872632854e-05,
  "n_pauli_terms": 240,
  "shots": 150000,
  "t1": null,
  "t2": null,
  "backend_name": null,
  "backend_type": "sim",
  "coupling_map": "default",
  "optimization_level": 1,
  "seed": null,
  "total_pauli_decomp_time": 4.335758244036697,
  "total_circuit_construction_time": 0.028119210968725383,
  "total_transpilation_time": 2.4436165110673755,
  "total_execution_time": 2.6465187799185514,
  "total_sign_recovery_time": 0,
  "total_metric_transpile_time": 0,
  "n_circuits_executed": 0,
  "avg_circuit_depth": 1946.3333333333333,
  "avg_gate_count": 2241.3333333333335,
  "avg_cx_gates": 1195.6666666666667,
  "avg_sign_recovery_depth_per_circuit": null,
  "avg_sign_recovery_cx_per_circuit": null,
  "total_sign_recovery_cx": 0,
  "n_qubits": 6,
  "circuit_metrics_n_available": 12,
  "circuit_metrics_n_total": 12,
  "sign_recovery": "hadamard_test",
  "per_step_metrics": [
    {
      "pauli_decomp_time_s": 0.3576891439734027,
      "circuit_construction_time_s": 0.0014079120010137558,
      "transpilation_time_s": 1.2627589270705357,
      "execution_time_s": 0.20901501993648708,
      "circuit_depth": 1114,
      "gate_counts": {
        "cx": 752,
        "crz": 240,
        "u2": 106,
        "h": 104,
        "sxdg": 80,
        "sx": 42,
        "measure": 6,
        "initialize": 1,
        "barrier": 1
      },
      "n_qubits": 6,
      "n_pauli_terms": 240,
      "sign_recovery": "hadamard_test"
    },
    {
      "pauli_decomp_time_s": 0.35718135605566204,
      "circuit_construction_time_s": 0.002387588960118592,
      "transpilation_time_s": 0.1074535429943353,
      "execution_time_s": 0.22742717701476067,
      "circuit_depth": 2022,
      "gate_counts": {
        "cx": 1236,
        "crz": 496,
        "h": 242,
        "u2": 170,
        "sx": 86,
        "sxdg": 86,
        "measure": 6,
        "initialize": 1,
        "barrier": 1
      },
      "n_qubits": 6,
      "n_pauli_terms": 496,
      "sign_recovery": "hadamard_test"
    },
    {
      "pauli_decomp_time_s": 0.3826252600410953,
      "circuit_construction_time_s": 0.0025546870892867446,
      "transpilation_time_s": 0.10818201105576009,
      "execution_time_s": 0.22448674589395523,
      "circuit_depth": 2022,
      "gate_counts": {
        "cx": 1236,
        "crz": 496,
        "h": 242,
        "u2": 170,
        "sx": 86,
        "sxdg": 86,
        "measure": 6,
        "initialize": 1,
        "barrier": 1
      },
      "n_qubits": 6,
      "n_pauli_terms": 496,
      "sign_recovery": "hadamard_test"
    },
    {
      "pauli_decomp_time_s": 0.38199651206377894,
      "circuit_construction_time_s": 0.002464364981278777,
      "transpilation_time_s": 0.10765608795918524,
      "execution_time_s": 0.22157880710437894,
      "circuit_depth": 2022,
      "gate_counts": {
        "cx": 1236,
        "crz": 496,
        "h": 242,
        "u2": 170,
        "sx": 86,
        "sxdg": 86,
        "measure": 6,
        "initialize": 1,
        "barrier": 1
      },
      "n_qubits": 6,
      "n_pauli_terms": 496,
      "sign_recovery": "hadamard_test"
    },
    {
      "pauli_decomp_time_s": 0.3734449309995398,
      "circuit_construction_time_s": 0.002392427995800972,
      "transpilation_time_s": 0.10629654792137444,
      "execution_time_s": 0.221036734059453,
      "circuit_depth": 2022,
      "gate_counts": {
        "cx": 1236,
        "crz": 496,
        "h": 242,
        "u2": 170,
        "sx": 86,
        "sxdg": 86,
        "measure": 6,
        "initialize": 1,
        "barrier": 1
      },
      "n_qubits": 6,
      "n_pauli_terms": 496,
      "sign_recovery": "hadamard_test"
    },
    {
      "pauli_decomp_time_s": 0.3548470389796421,
      "circuit_construction_time_s": 0.002372278948314488,
      "transpilation_time_s": 0.10561971995048225,
      "execution_time_s": 0.21870900900103152,
      "circuit_depth": 2022,
      "gate_counts": {
        "cx": 1236,
        "crz": 496,
        "h": 242,
        "u2": 170,
        "sx": 86,
        "sxdg": 86,
        "measure": 6,
        "initialize": 1,
        "barrier": 1
      },
      "n_qubits": 6,
      "n_pauli_terms": 496,
      "sign_recovery": "hadamard_test"
    },
    {
      "pauli_decomp_time_s": 0.35845050390344113,
      "circuit_construction_time_s": 0.0024150210665538907,
      "transpilation_time_s": 0.10742450703401119,
      "execution_time_s": 0.22155081294476986,
      "circuit_depth": 2022,
      "gate_counts": {
        "cx": 1236,
        "crz": 496,
        "h": 242,
        "u2": 170,
        "sx": 86,
        "sxdg": 86,
        "measure": 6,
        "initialize": 1,
        "barrier": 1
      },
      "n_qubits": 6,
      "n_pauli_terms": 496,
      "sign_recovery": "hadamard_test"
    },
    {
      "pauli_decomp_time_s": 0.3578064769972116,
      "circuit_construction_time_s": 0.0024196800077334046,
      "transpilation_time_s": 0.10726937197614461,
      "execution_time_s": 0.2205037180101499,
      "circuit_depth": 2022,
      "gate_counts": {
        "cx": 1236,
        "crz": 496,
        "h": 242,
        "u2": 170,
        "sx": 86,
        "sxdg": 86,
        "measure": 6,
        "initialize": 1,
        "barrier": 1
      },
      "n_qubits": 6,
      "n_pauli_terms": 496,
      "sign_recovery": "hadamard_test"
    },
    {
      "pauli_decomp_time_s": 0.3580755789298564,
      "circuit_construction_time_s": 0.0024006529711186886,
      "transpilation_time_s": 0.10732557903975248,
      "execution_time_s": 0.22185812797397375,
      "circuit_depth": 2022,
      "gate_counts": {
        "cx": 1236,
        "crz": 496,
        "h": 242,
        "u2": 170,
        "sx": 86,
        "sxdg": 86,
        "measure": 6,
        "initialize": 1,
        "barrier": 1
      },
      "n_qubits": 6,
      "n_pauli_terms": 496,
      "sign_recovery": "hadamard_test"
    },
    {
      "pauli_decomp_time_s": 0.34576774307060987,
      "circuit_construction_time_s": 0.0024248900590464473,
      "transpilation_time_s": 0.10862668708432466,
      "execution_time_s": 0.21943987195845693,
      "circuit_depth": 2022,
      "gate_counts": {
        "cx": 1236,
        "crz": 496,
        "h": 242,
        "u2": 170,
        "sx": 86,
        "sxdg": 86,
        "measure": 6,
        "initialize": 1,
        "barrier": 1
      },
      "n_qubits": 6,
      "n_pauli_terms": 496,
      "sign_recovery": "hadamard_test"
    },
    {
      "pauli_decomp_time_s": 0.3457452179864049,
      "circuit_construction_time_s": 0.0023939209058880806,
      "transpilation_time_s": 0.10736053599976003,
      "execution_time_s": 0.22044901293702424,
      "circuit_depth": 2022,
      "gate_counts": {
        "cx": 1236,
        "crz": 496,
        "h": 242,
        "u2": 170,
        "sx": 86,
        "sxdg": 86,
        "measure": 6,
        "initialize": 1,
        "barrier": 1
      },
      "n_qubits": 6,
      "n_pauli_terms": 496,
      "sign_recovery": "hadamard_test"
    },
    {
      "pauli_decomp_time_s": 0.3621284810360521,
      "circuit_construction_time_s": 0.0024857859825715423,
      "transpilation_time_s": 0.10764299298170954,
      "execution_time_s": 0.22046374308411032,
      "circuit_depth": 2022,
      "gate_counts": {
        "cx": 1236,
        "crz": 496,
        "h": 242,
        "u2": 170,
        "sx": 86,
        "sxdg": 86,
        "measure": 6,
        "initialize": 1,
        "barrier": 1
      },
      "n_qubits": 6,
      "n_pauli_terms": 496,
      "sign_recovery": "hadamard_test"
    }
  ],
  "_source": "solver"
}