{
  "u_initial": [
    0.0,
    0.20129852008866006,
    0.39435585511331855,
    0.5712682150947923,
    0.7247927872291199,
    0.8486442574947509,
    0.9377521321470804,
    0.9884683243281114,
    0.9987165071710528,
    0.9680771188662044,
    0.8978045395707416,
    0.7907757369376985,
    0.6513724827222223,
    0.48530196253108143,
    0.29936312297335804,
    0.10116832198743228,
    -0.10116832198743204,
    -0.2993631229733574,
    -0.48530196253108043,
    -0.651372482722222,
    -0.7907757369376986,
    -0.8978045395707414,
    -0.9680771188662043,
    -0.9987165071710528,
    -0.9884683243281114,
    -0.9377521321470808,
    -0.8486442574947515,
    -0.72479278722912,
    -0.5712682150947924,
    -0.3943558551133187,
    -0.20129852008866028,
    -2.4492935982947064e-16
  ],
  "u_final_classical": [
    0.0,
    0.16842685999318183,
    0.33331211881619505,
    0.4910075166540398,
    0.6376485099672735,
    0.7690404821007752,
    0.8805442404374964,
    0.9669744109560453,
    1.022544804712009,
    1.0409324806008284,
    1.015591983263906,
    0.9405206331692635,
    0.8116914434016061,
    0.6291888576774569,
    0.3995554033586374,
    0.13712367448567545,
    -0.13712367448567503,
    -0.3995554033586362,
    -0.6291888576774559,
    -0.8116914434016066,
    -0.9405206331692632,
    -1.0155919832639058,
    -1.0409324806008287,
    -1.022544804712009,
    -0.9669744109560455,
    -0.8805442404374968,
    -0.7690404821007755,
    -0.6376485099672734,
    -0.4910075166540399,
    -0.3333121188161952,
    -0.168426859993182,
    -2.4492935982947064e-16
  ],
  "u_final_method": [
    0.0,
    0.14254352472321857,
    0.34273559665603454,
    0.5622902535376039,
    0.6812096463516788,
    0.7627802899271866,
    0.898086214776719,
    0.9396904202316396,
    1.0365059632964797,
    1.0448044042951294,
    0.9965557122994214,
    0.9526614504474374,
    0.7782963233964431,
    0.6345285076428071,
    0.43230291169266394,
    0.17259988015511604,
    -0.08116155217056116,
    -0.42132547361224526,
    -0.579967693470068,
    -0.7260923994863053,
    -0.9539486661997388,
    -1.0197924060481458,
    -1.0538409080600581,
    -1.0732027080061737,
    -0.9208635585564633,
    -0.859106419387912,
    -0.7768368659654361,
    -0.6701478643173504,
    -0.4666674141377113,
    -0.28673364999197676,
    -0.23143500729476676,
    0.0
  ],
  "errors_by_step": {
    "0": 0.0,
    "1": 0.015955188462135943,
    "2": 0.022463442557038298,
    "3": 0.029261449756582406,
    "4": 0.02825546932544607,
    "5": 0.030606612100407066,
    "6": 0.03828324581320422,
    "7": 0.04225203693948047,
    "8": 0.04438553829322979,
    "9": 0.04098137760326488,
    "10": 0.04407188976997202,
    "11": 0.04730997694227469,
    "12": 0.048733909375632344
  },
  "final_error": 0.048733909375632344,
  "max_error": 0.048733909375632344,
  "_source": "solver"
}