{
  "iterations_completed": 1,
  "converged": true,
  "_source": "harvester",
  "fidelity": 1.4383341186583967,
  "shots": 10000,
  "l2_error_abs": 0.4450829598873351,
  "l2_error_rel": 0.3589631388806975
}