{
  "u_initial": [
    0.0,
    0.20129852008866006,
    0.39435585511331855,
    0.5712682150947923,
    0.7247927872291199,
    0.8486442574947509,
    0.9377521321470804,
    0.9884683243281114,
    0.9987165071710528,
    0.9680771188662044,
    0.8978045395707416,
    0.7907757369376985,
    0.6513724827222223,
    0.48530196253108143,
    0.29936312297335804,
    0.10116832198743228,
    -0.10116832198743204,
    -0.2993631229733574,
    -0.48530196253108043,
    -0.651372482722222,
    -0.7907757369376986,
    -0.8978045395707414,
    -0.9680771188662043,
    -0.9987165071710528,
    -0.9884683243281114,
    -0.9377521321470808,
    -0.8486442574947515,
    -0.72479278722912,
    -0.5712682150947924,
    -0.3943558551133187,
    -0.20129852008866028,
    -2.4492935982947064e-16
  ],
  "u_final_classical": [
    0.0,
    0.11465753632850059,
    0.22858560009524026,
    0.34104229567526934,
    0.45125864150819267,
    0.558418962127498,
    0.6616325262531132,
    0.7598903858913767,
    0.8519976328093486,
    0.9364633816334008,
    1.011230685873693,
    1.073925629372657,
    1.120783807238316,
    1.11669620945892,
    1.2187235751677745,
    1.0804685486537364,
    -1.0804685486537329,
    -1.218723575167775,
    -1.1166962094589221,
    -1.1207838072383158,
    -1.0739256293726573,
    -1.011230685873694,
    -0.9364633816334001,
    -0.8519976328093489,
    -0.7598903858913767,
    -0.661632526253113,
    -0.5584189621274979,
    -0.4512586415081927,
    -0.3410422956752695,
    -0.22858560009524032,
    -0.11465753632850076,
    -2.4492935982947064e-16
  ],
  "u_final_method": [
    0.0,
    0.07834740728606786,
    0.1680184758580673,
    0.38722204164471147,
    0.47314520362280227,
    0.5598265333009655,
    0.7140254035612486,
    0.8613871730829086,
    0.8825256857524972,
    0.9946024551661684,
    0.9561854184041829,
    1.0613060171259292,
    1.006871231590807,
    1.1046863772879938,
    1.3584194897137694,
    1.0081862155123242,
    -0.6137884787436447,
    -1.4281868368041721,
    -1.0269203655397567,
    -1.1574800866286676,
    -1.139776430746648,
    -0.8934817246176711,
    -0.917054956068788,
    -0.9053932632601465,
    -0.7632943982707492,
    -0.5728980791681251,
    -0.5201667517421086,
    -0.3615138026018798,
    -0.2546224216427442,
    -0.16718874491414748,
    -0.08991795623984657,
    0.0
  ],
  "errors_by_step": {
    "0": 0.0,
    "1": 0.019247196801574846,
    "2": 0.022312362767728137,
    "3": 0.025255738743378574,
    "4": 0.024957244572939907,
    "5": 0.02622143449166516,
    "6": 0.032940780499584404,
    "7": 0.03761291972754334,
    "8": 0.041585890958251555,
    "9": 0.04417701611940295,
    "10": 0.04719718550620556,
    "11": 0.049326756033201476,
    "12": 0.05267799537375114,
    "13": 0.055711220037998235,
    "14": 0.05370305132349094,
    "15": 0.0568519792927935,
    "16": 0.06035303239402817,
    "17": 0.06215246290595878,
    "18": 0.06767877554889659,
    "19": 0.06582950878436312,
    "20": 0.07126099721232383,
    "21": 0.07467872462856716,
    "22": 0.07506314028779239,
    "23": 0.07753694764950012,
    "24": 0.07926572739288133,
    "25": 0.07951079613034953,
    "26": 0.08351956425947255,
    "27": 0.08117471710768502,
    "28": 0.08340804445043298,
    "29": 0.07944616708920685,
    "30": 0.08087480002991158,
    "31": 0.08583565187815753,
    "32": 0.08588957588060189,
    "33": 0.08367014984860772,
    "34": 0.08318645333946317,
    "35": 0.08587849597043705,
    "36": 0.0873599920201576,
    "37": 0.08992943307383396,
    "38": 0.09355818274092102,
    "39": 0.10175950603375611,
    "40": 0.10168129490646617,
    "41": 0.10517411911939399,
    "42": 0.10745963330957997,
    "43": 0.11414276405697625,
    "44": 0.11275494464917893,
    "45": 0.11311662832370567,
    "46": 0.11369299166573481,
    "47": 0.11761971301399418,
    "48": 0.12382056007023631,
    "49": 0.12489776275887486,
    "50": 0.1349440531406235
  },
  "final_error": 0.1349440531406235,
  "max_error": 0.1349440531406235,
  "_source": "solver"
}