{
  "iterations_completed": 1,
  "converged": true,
  "_source": "harvester",
  "fidelity": 1.4842110087540625,
  "shots": 100000,
  "l2_error_abs": 0.30990448917243957,
  "l2_error_rel": 0.25036042930243824
}