{
  "quantum_solution": [
    1.2258816706250184,
    0.15807584781932452,
    0.0547202668570118,
    0.03825249424012431
  ],
  "classical_solution": [
    1.1454545454545455,
    0.43636363636363634,
    0.16363636363636364,
    0.05454545454545454
  ],
  "_source": "harvester"
}