{
  "u_initial": [
    0.0,
    0.3826834323650898,
    0.7071067811865475,
    0.9238795325112867,
    1.0,
    0.9238795325112867,
    0.7071067811865476,
    0.3826834323650899,
    1.2246467991473532e-16,
    -0.38268343236508967,
    -0.7071067811865475,
    -0.9238795325112865,
    -1.0,
    -0.9238795325112866,
    -0.7071067811865477,
    -0.3826834323650904
  ],
  "u_final_classical": [
    -5.857590438709849e-17,
    0.1889547358027246,
    0.37461807356714477,
    0.5530941296344742,
    0.7189359818183182,
    0.8627457524740141,
    0.9804309490943023,
    0.978818493029693,
    5.190854798563756e-16,
    -0.9788184930296926,
    -0.9804309490943022,
    -0.862745752474014,
    -0.7189359818183185,
    -0.5530941296344745,
    -0.3746180735671451,
    -0.18895473580272476
  ],
  "u_final_method": [
    -0.15184333963412985,
    0.16240003672314868,
    0.3104750931240105,
    0.3917066597534929,
    0.5030291553187242,
    0.5953313204386318,
    0.6341413810971366,
    0.543591056522832,
    0.3432347523567782,
    0.15886717352754004,
    -0.2916018002611847,
    -0.7306507462135214,
    -0.7628642230853022,
    -0.6876629456231963,
    -0.5845710189160327,
    -0.4335825551289277
  ],
  "errors_by_step": {
    "0": 0.0,
    "4": 0.7736395404774926,
    "8": 0.6745797891683355,
    "12": 0.6264701850547472,
    "16": 0.5958043584996737,
    "20": 0.5825686907397111,
    "24": 0.5820108096165049,
    "26": 0.5853072883809985
  },
  "final_error": 0.5853072883809985,
  "max_error": 0.7736395404774926,
  "_source": "solver"
}