{
  "grid": [
    0.0,
    0.0625,
    0.125,
    0.1875,
    0.25,
    0.3125,
    0.375,
    0.4375,
    0.5,
    0.5625,
    0.625,
    0.6875,
    0.75,
    0.8125,
    0.875,
    0.9375
  ],
  "solution_steps": {
    "0": [
      0.0,
      0.3826834323650898,
      0.7071067811865475,
      0.9238795325112867,
      1.0,
      0.9238795325112867,
      0.7071067811865476,
      0.3826834323650899,
      1.2246467991473532e-16,
      -0.38268343236508967,
      -0.7071067811865475,
      -0.9238795325112865,
      -1.0,
      -0.9238795325112866,
      -0.7071067811865477,
      -0.3826834323650904
    ],
    "4": [
      -0.39761276344256735,
      0.3215583042049462,
      0.3857337892691189,
      0.5484749567051961,
      0.8448162061325841,
      0.7456739516870506,
      0.45419532979123434,
      0.19045956267144903,
      0.1363768019941705,
      0.3371092917702481,
      0.3846277967591925,
      0.11938722847355564,
      -0.6398647318466228,
      -1.2669410597020911,
      -1.1682724286571102,
      -0.9957222358103545
    ],
    "8": [
      -0.2976402191247775,
      0.275321790859364,
      0.37751623206833,
      0.4869265748530029,
      0.7389238803213336,
      0.762910195533038,
      0.5514697249368326,
      0.26617753022270224,
      0.15130171289380742,
      0.30487981055939456,
      0.336455508403653,
      -0.26037868472202663,
      -0.9093165407358876,
      -1.0561801310962498,
      -0.9487102987632915,
      -0.7796570862092251
    ],
    "12": [
      -0.24311554894715787,
      0.24030647943525124,
      0.36523217947823156,
      0.45524961860715557,
      0.657318754429621,
      0.7318039942421423,
      0.6156788036244639,
      0.34873745343659013,
      0.17796274459552763,
      0.2809985497043195,
      0.19375489467546858,
      -0.4721349478270369,
      -0.9453785106024887,
      -0.9288127568385448,
      -0.821453317253666,
      -0.6561483907598771
    ],
    "16": [
      -0.206915608787598,
      0.2125024844704641,
      0.35052320679011323,
      0.43318251061034546,
      0.5976201854171727,
      0.6896894396385183,
      0.6459257060749829,
      0.4233198675367439,
      0.2178650121303309,
      0.257115520643911,
      0.024681252844080463,
      -0.6065320234501121,
      -0.8975709908234366,
      -0.8385134913485079,
      -0.7321287636456456,
      -0.5707643081013627
    ],
    "20": [
      -0.18057194119910297,
      0.18975654711322368,
      0.3346497560445637,
      0.41518566660793965,
      0.5527887122972036,
      0.6486791917500538,
      0.6514155060360624,
      0.48342997724008596,
      0.2670358826851413,
      0.22529127451485068,
      -0.12203844079015795,
      -0.6870934586541688,
      -0.8395940197979148,
      -0.7688452099374417,
      -0.6636854552757951,
      -0.5064039886345435
    ],
    "24": [
      -0.16033265909796116,
      0.17076599255139685,
      0.3184838245774968,
      0.3992185568327192,
      0.5178440493156211,
      0.6119517496745741,
      0.6420050652537453,
      0.5274597969892725,
      0.3186138016626623,
      0.18276614007905295,
      -0.2413259204504868,
      -0.724419193967325,
      -0.7867681776492103,
      -0.7123246692714309,
      -0.6085199836118673,
      -0.4554183728882596
    ],
    "26": [
      -0.15184333963412985,
      0.16240003672314868,
      0.3104750931240105,
      0.3917066597534929,
      0.5030291553187242,
      0.5953313204386318,
      0.6341413810971366,
      0.543591056522832,
      0.3432347523567782,
      0.15886717352754004,
      -0.2916018002611847,
      -0.7306507462135214,
      -0.7628642230853022,
      -0.6876629456231963,
      -0.5845710189160327,
      -0.4335825551289277
    ]
  },
  "_source": "solver"
}