xp, rho, u, p, Mach
0.1,0.9874709824920144,1.5144362445435062,0.6998202923309468,1.5203930742807639
0.3,0.8860313979971891,1.6131635467229877,0.6031849894117968,1.6523942500827158
0.5,0.6197112213893867,1.7414124111302678,0.37505288837274237,1.891847129724986
0.7,0.5170336598402376,1.8291068193888926,0.28876810467879444,2.0685205916924034
0.9,0.48377143979201026,1.869583325494209,0.2609018028063595,2.1516041877856185
