xp, rho, u, p, Mach
0.1,0.9874688627365755,1.5144384397401895,0.6998182288286687,1.5203958877666837
0.3,0.8860243246889777,1.6131711306008267,0.6031786869473161,1.6524040554188104
0.5,0.6197004940543439,1.7414271080902266,0.37504487500125483,1.8918669328562294
0.7,0.5170224084652127,1.8291255532837978,0.2887600699322532,2.068548048450202
0.9,0.48376719969625254,1.8695918402052196,0.260899025762437,2.1516160087553637
