xp, rho, u, p, Mach
0.1,0.9874668456745433,1.5144405643838648,0.6998162457672165,1.5203986221038563
0.3,0.8860171230887014,1.6131789834286199,0.6031723845518646,1.6524140165790464
0.5,0.6196906913656202,1.7414409040716154,0.3750375773026184,1.8918853637288804
0.7,0.5170188160615811,1.8291318326731378,0.2887575414527688,2.0685570198475602
0.9,0.483781462369515,1.869568205568367,0.26090948898541644,2.1515773822441933
