xp, rho, u, p, Mach
0.1,0.9874702868435569,1.5144369650060112,0.6998195445278436,1.520394074357196
0.3,0.886028917543632,1.6131661962325095,0.6031827480685296,1.6523977211052034
0.5,0.6197071290370972,1.7414181039066174,0.37504977789827065,1.891854912706181
0.7,0.51702750801518,1.8291171186395634,0.2887636582258677,2.068535858695841
0.9,0.48376475646568007,1.8695953233899871,0.2608970189690047,2.1516228590503235
