xp, rho, u, p, Mach
0.1,0.9908420021977764,1.5122132030270992,0.7029807875636487,1.5173280408721659
0.3,0.8984431722273434,1.59810130666609,0.6141880772192179,1.6335592993007753
0.5,0.6523951306665966,1.6974590712098576,0.3988450856310278,1.834799133831692
0.7,0.6129235204793775,1.6746665964720058,0.36386499782937903,1.8369500340919527
0.9,0.6579182644175453,1.5827345368439607,0.40445217791860655,1.7060684183542456
