xp, rho, u, p, Mach
0.1,0.9874709799580683,1.5144362492529269,0.6998202905057099,1.5203930790406777
0.3,0.8860313993916447,1.6131635488994143,0.6031849906013723,1.6523942519829677
0.5,0.6197112213137053,1.7414124140304965,0.37505288779439405,1.8918471342188923
0.7,0.5170336210133432,1.8291068856016164,0.288768075186031,2.06852069453565
0.9,0.4837713297911864,1.8695835217245116,0.26090172076986456,2.1516045072680265
