xp, rho, u, p, Mach
0.1,0.9874709824920144,1.5144362445435062,0.6998202922408868,1.5203930743785934
0.3,0.8860313979971891,1.6131635467229877,0.6031849894117968,1.6523942500827158
0.5,0.6197112213893867,1.7414124111302678,0.37505288837274237,1.891847129724986
0.7,0.5170336598402376,1.8291068190332047,0.2887681047613299,2.068520590994548
0.9,0.4837714391164758,1.8695833278360776,0.26090180209236113,2.151604191922609
