{
  "quantum_solution": [
    0.7296124895162117,
    0.11349527614696626,
    0.6647580460036596,
    0.11349527614696625
  ],
  "classical_solution": [
    0.7055698197297996,
    0.046596453582414196,
    0.7055698197297996,
    0.046596453582414196
  ],
  "_source": "harvester"
}