{
  "iterations_completed": 1,
  "converged": true,
  "_source": "harvester",
  "fidelity": 0.9944027221169105,
  "shots": 100,
  "l2_error_abs": 0.10580432772896836,
  "l2_error_rel": 0.10580432772896836
}