{
  "quantum_solution": [
    0.38945611,
    0.013069,
    0.0182966,
    0.92789879,
    0.0,
    0.02613799,
    0.37638711,
    0.0078414,
    0.02613799,
    0.0104552,
    0.0026138,
    0.0,
    0.0078414,
    0.013069,
    0.0104552,
    0.0052276,
    0.20126255,
    0.04704839,
    0.0052276,
    0.22217295,
    0.04443459,
    0.0104552,
    0.16466936,
    0.05750359,
    0.0026138,
    0.0,
    0.0052276,
    0.0052276,
    0.0026138,
    0.0078414,
    0.0,
    0.0026138
  ],
  "classical_solution": [
    0.08877293122011366,
    -0.012329573780571344,
    0.08877293122011366,
    8.092777922236356e-18,
    0.009863659024457072,
    1.1266717801943072e-17,
    0.08877293122011366,
    -0.01232957378057134,
    0.08877293122011366,
    0.039454636097828295,
    0.039454636097828295,
    0.039454636097828295,
    0.039454636097828295,
    0.039454636097828295,
    0.039454636097828295,
    0.039454636097828295,
    0.49503753153502605,
    0.26231425430419864,
    0.039454636097828295,
    0.49503753153502594,
    0.26231425430419864,
    0.039454636097828295,
    0.49503753153502605,
    0.26231425430419864,
    0.039454636097828295,
    0.039454636097828295,
    0.039454636097828295,
    0.039454636097828295,
    0.039454636097828295,
    0.039454636097828295,
    0.039454636097828295,
    0.039454636097828295
  ],
  "_source": "harvester"
}