{
  "iterations_completed": 1,
  "converged": true,
  "_source": "harvester",
  "fidelity": 0.40549762763991304,
  "shots": 1000,
  "l2_error_abs": 1.2126475552863352,
  "l2_error_rel": 1.2126475552863354
}