{
  "grid": [
    0.0,
    0.14285714285714285,
    0.2857142857142857,
    0.42857142857142855,
    0.5714285714285714,
    0.7142857142857142,
    0.8571428571428571,
    1.0
  ],
  "solution_steps": {
    "0": [
      0.0,
      0.7818314824680298,
      0.9749279121818236,
      0.43388373911755823,
      -0.433883739117558,
      -0.9749279121818234,
      -0.7818314824680299,
      -2.4492935982947064e-16
    ],
    "2": [
      0.006731614286243679,
      0.0481119606647713,
      0.04474615352164946,
      -0.0,
      -0.044182850252297526,
      -0.04466805327868949,
      -0.003928391573033018,
      -0.006886377093282115
    ],
    "4": [
      0.006119298912089803,
      0.04811221703576822,
      0.04505256757972332,
      -0.0,
      -0.0,
      -0.045022113597776955,
      -0.04811097071040701,
      -0.006177714225260097
    ],
    "6": [
      0.006011374797626187,
      0.003929357464178434,
      0.045106520317662865,
      -0.0002426015131959809,
      -0.0444254517654935,
      -0.0005966618322834488,
      -0.0036854815332650775,
      -0.006177639401963257
    ],
    "8": [
      0.00557779568226503,
      0.003929231629440034,
      0.045323184040605036,
      0.044182850252297526,
      -0.044182850252297526,
      -0.0451306678226833,
      -0.00392815319002178,
      -0.005960671239272013
    ],
    "10": [
      0.0054085172595260906,
      0.0035435219752424757,
      0.04540662789881079,
      0.0001419127878378573,
      -0.0444254517654935,
      -0.0009109413899055345,
      -0.003686648761282479,
      -0.00555141474275389
    ]
  },
  "_source": "solver"
}