{
  "iterations_completed": 1,
  "converged": true,
  "_source": "harvester",
  "fidelity": 0.6131106295510548,
  "shots": 1000,
  "l2_error_abs": 0.8154422749926372,
  "l2_error_rel": 0.6587657977581481
}