{
  "quantum_solution": [
    0.6785265749818526,
    0.6957355823183489,
    0.5482298051483809,
    0.5359376570508836
  ],
  "classical_solution": [
    1.1454545454545455,
    0.43636363636363634,
    0.16363636363636364,
    0.05454545454545454
  ],
  "_source": "harvester"
}