{
  "grid": [
    0.0,
    0.03225806451612903,
    0.06451612903225806,
    0.0967741935483871,
    0.12903225806451613,
    0.16129032258064516,
    0.1935483870967742,
    0.22580645161290322,
    0.25806451612903225,
    0.29032258064516125,
    0.3225806451612903,
    0.3548387096774194,
    0.3870967741935484,
    0.4193548387096774,
    0.45161290322580644,
    0.4838709677419355,
    0.5161290322580645,
    0.5483870967741935,
    0.5806451612903225,
    0.6129032258064516,
    0.6451612903225806,
    0.6774193548387096,
    0.7096774193548387,
    0.7419354838709677,
    0.7741935483870968,
    0.8064516129032258,
    0.8387096774193548,
    0.8709677419354839,
    0.9032258064516129,
    0.9354838709677419,
    0.967741935483871,
    1.0
  ],
  "solution_steps": {
    "0": [
      0.0,
      0.20129852008866006,
      0.39435585511331855,
      0.5712682150947923,
      0.7247927872291199,
      0.8486442574947509,
      0.9377521321470804,
      0.9884683243281114,
      0.9987165071710528,
      0.9680771188662044,
      0.8978045395707416,
      0.7907757369376985,
      0.6513724827222223,
      0.48530196253108143,
      0.29936312297335804,
      0.10116832198743228,
      -0.10116832198743204,
      -0.2993631229733574,
      -0.48530196253108043,
      -0.651372482722222,
      -0.7907757369376986,
      -0.8978045395707414,
      -0.9680771188662043,
      -0.9987165071710528,
      -0.9884683243281114,
      -0.9377521321470808,
      -0.8486442574947515,
      -0.72479278722912,
      -0.5712682150947924,
      -0.3943558551133187,
      -0.20129852008866028,
      -2.4492935982947064e-16
    ],
    "1": [
      0.0,
      0.21630878044207782,
      0.40679024794835567,
      0.578155515828445,
      0.7307557596039007,
      0.8272938623921464,
      0.9357000291044174,
      1.0018666082550143,
      0.9959795540892994,
      0.9640975335671483,
      0.9005599131059846,
      0.801891805760651,
      0.6592039084169689,
      0.49552353458858467,
      0.2914563718989191,
      0.10246871641870006,
      -0.10645144028857394,
      -0.29535573937503723,
      -0.49740902057054703,
      -0.6579404610465723,
      -0.8318140758175807,
      -0.9060866474204596,
      -0.9839590283383217,
      -0.9835797725456503,
      -0.9871201485062997,
      -0.9224903475175449,
      -0.8497448798617029,
      -0.7178317184803261,
      -0.5635799629001543,
      -0.40653448562468925,
      -0.1818249491367403,
      0.0
    ],
    "2": [
      0.0,
      0.20001249676575436,
      0.4124512425236242,
      0.5706111878544969,
      0.7315305061410095,
      0.8238646120265211,
      0.9428750781539206,
      1.0013190098811608,
      1.0065890965627495,
      0.9863563808454106,
      0.9048231695793075,
      0.8079477738287959,
      0.6710904035375101,
      0.48889847606954656,
      0.30682591364487,
      0.11890257356917686,
      -0.1106953406191345,
      -0.29922553238711275,
      -0.5088341814551186,
      -0.6543460203747956,
      -0.8430753989649268,
      -0.9199686410511451,
      -0.987417159730711,
      -0.976177225296831,
      -0.9914427007976971,
      -0.9102221735067485,
      -0.842709296491223,
      -0.7115077699696963,
      -0.5604298105700444,
      -0.4021704592264942,
      -0.17002409003599533,
      0.0
    ],
    "3": [
      0.0,
      0.18185322964002887,
      0.40918046031394406,
      0.5681760842422968,
      0.732785026547884,
      0.8228771224230644,
      0.921203012883803,
      0.9872680456005428,
      1.0034075273564445,
      0.9966206243702066,
      0.9244916951181965,
      0.8231398726345639,
      0.6853668033179041,
      0.49151327428324043,
      0.3194870966764135,
      0.12777633387355983,
      -0.12358446200418978,
      -0.3042843319972329,
      -0.527696719264218,
      -0.6676106109148557,
      -0.8597055945381009,
      -0.9269957131720983,
      -0.9816002809136373,
      -0.9826101535110036,
      -0.9962984603531505,
      -0.895450692711311,
      -0.8600667940432463,
      -0.706577970649917,
      -0.548934557865634,
      -0.4000661737233153,
      -0.1673707571048694,
      0.0
    ],
    "4": [
      0.0,
      0.16287188057073035,
      0.40895031352970407,
      0.562371467630955,
      0.7124124788475511,
      0.7957964690592296,
      0.9271742889755005,
      0.9784506294488188,
      1.0248804174077084,
      1.021087529407804,
      0.9376603776182072,
      0.8447879334921947,
      0.6903528805540374,
      0.48117412479699023,
      0.3258601591474579,
      0.12987330416309134,
      -0.12316768570686912,
      -0.30046194053238634,
      -0.5436750867030671,
      -0.6640439569187798,
      -0.87633562930723,
      -0.9361889177489009,
      -0.9770355331293095,
      -0.9940999468522738,
      -0.9895513564446223,
      -0.8893435279447374,
      -0.8750097908318786,
      -0.6907975865518391,
      -0.5319417633470657,
      -0.407131013490341,
      -0.17781349351554962,
      0.0
    ],
    "5": [
      0.0,
      0.16460751001118973,
      0.4126032966005844,
      0.5618709223524639,
      0.7045123963387095,
      0.8092957803529915,
      0.9263539726649676,
      0.9718219492776476,
      1.0281216071002106,
      1.019739386217165,
      0.9529120860946092,
      0.8688349747625554,
      0.7010033518917796,
      0.49057518935309014,
      0.33328859639698144,
      0.15426138135214224,
      -0.11822440532518032,
      -0.3093728115279145,
      -0.5367067029581473,
      -0.6809219913444448,
      -0.8754436174605069,
      -0.9406239137319258,
      -0.991399138705717,
      -0.9985235663348438,
      -0.9941893528147305,
      -0.8789372576693184,
      -0.860186162128725,
      -0.67448111446638,
      -0.5249445715756467,
      -0.41208560131457206,
      -0.1510836086519995,
      0.0
    ],
    "6": [
      0.0,
      0.13987610249503507,
      0.3890421139960478,
      0.5558413844835145,
      0.7000173053276738,
      0.7931016086221282,
      0.91418576493537,
      0.9715704262529623,
      1.0284526764400035,
      1.0430153492899983,
      0.9620708971636605,
      0.8700820754720914,
      0.71114684445583,
      0.49306410780114995,
      0.3395443795684475,
      0.1635623805108176,
      -0.10418533965379137,
      -0.3240032805598495,
      -0.5428383864619635,
      -0.7043167545495371,
      -0.8899783895749555,
      -0.9435819289119092,
      -0.996670441985337,
      -1.0116030387788892,
      -1.0036565765739582,
      -0.8702410412927736,
      -0.8728003824428225,
      -0.6620030888113518,
      -0.5124006979221963,
      -0.4002026425606867,
      -0.14880654898204548,
      0.0
    ],
    "7": [
      0.0,
      0.14698940470081087,
      0.3781836947607386,
      0.5402421226669494,
      0.7004306614827439,
      0.7878935422788254,
      0.9273993588403211,
      0.9671485107832046,
      1.0199692843136992,
      1.0447438960220015,
      0.9707744480133688,
      0.8828847758151461,
      0.7363794742424931,
      0.48241841181825085,
      0.34900520119592987,
      0.17177710699868465,
      -0.0837947283972555,
      -0.33120519669509557,
      -0.5463106256517127,
      -0.7150781288508674,
      -0.9088292644097095,
      -0.9617120338565771,
      -1.0153576057504847,
      -1.0253604440127133,
      -1.0069063487026604,
      -0.8763356668354393,
      -0.8409876035226567,
      -0.6229925135167657,
      -0.5127274514529774,
      -0.3930420152630029,
      -0.13470905122423804,
      0.0
    ],