{
  "final_error_epsilon": 0.036794247601416384,
  "max_error_epsilon": 0.04290072848480865,
  "classical_wall_time_s": 0.0006535053253173828,
  "method_wall_time_s": 9.838060140609741,
  "speedup_ratio": 6.642623809747112e-05,
  "n_pauli_terms": 240,
  "shots": 150000,
  "t1": null,
  "t2": null,
  "backend_name": null,
  "backend_type": "sim",
  "coupling_map": "default",
  "optimization_level": 1,
  "seed": null,
  "total_pauli_decomp_time": 4.350291854003444,
  "total_circuit_construction_time": 0.028071236913092434,
  "total_transpilation_time": 1.3923447359120473,
  "total_execution_time": 2.6459278822876513,
  "total_sign_recovery_time": 0,
  "total_metric_transpile_time": 0,
  "n_circuits_executed": 0,
  "avg_circuit_depth": 1946.3333333333333,
  "avg_gate_count": 2241.3333333333335,
  "avg_cx_gates": 1195.6666666666667,
  "avg_sign_recovery_depth_per_circuit": null,
  "avg_sign_recovery_cx_per_circuit": null,
  "total_sign_recovery_cx": 0,
  "n_qubits": 6,
  "circuit_metrics_n_available": 12,
  "circuit_metrics_n_total": 12,
  "sign_recovery": "hadamard_test",
  "per_step_metrics": [
    {
      "pauli_decomp_time_s": 0.3876631590537727,
      "circuit_construction_time_s": 0.0015795619692653418,
      "transpilation_time_s": 0.2399761169217527,
      "execution_time_s": 0.20238905912265182,
      "circuit_depth": 1114,
      "gate_counts": {
        "cx": 752,
        "crz": 240,
        "u2": 106,
        "h": 104,
        "sxdg": 80,
        "sx": 42,
        "measure": 6,
        "initialize": 1,
        "barrier": 1
      },
      "n_qubits": 6,
      "n_pauli_terms": 240,
      "sign_recovery": "hadamard_test"
    },
    {
      "pauli_decomp_time_s": 0.3846531150629744,
      "circuit_construction_time_s": 0.002446852042339742,
      "transpilation_time_s": 0.10444692801684141,
      "execution_time_s": 0.22287449205759913,
      "circuit_depth": 2022,
      "gate_counts": {
        "cx": 1236,
        "crz": 496,
        "h": 242,
        "u2": 170,
        "sx": 86,
        "sxdg": 86,
        "measure": 6,
        "initialize": 1,
        "barrier": 1
      },
      "n_qubits": 6,
      "n_pauli_terms": 496,
      "sign_recovery": "hadamard_test"
    },
    {
      "pauli_decomp_time_s": 0.3589335170108825,
      "circuit_construction_time_s": 0.002416884060949087,
      "transpilation_time_s": 0.10569723101798445,
      "execution_time_s": 0.22755364095792174,
      "circuit_depth": 2022,
      "gate_counts": {
        "cx": 1236,
        "crz": 496,
        "h": 242,
        "u2": 170,
        "sx": 86,
        "sxdg": 86,
        "measure": 6,
        "initialize": 1,
        "barrier": 1
      },
      "n_qubits": 6,
      "n_pauli_terms": 496,
      "sign_recovery": "hadamard_test"
    },
    {
      "pauli_decomp_time_s": 0.3655786260496825,
      "circuit_construction_time_s": 0.002406264073215425,
      "transpilation_time_s": 0.10424191097263247,
      "execution_time_s": 0.22371079307049513,
      "circuit_depth": 2022,
      "gate_counts": {
        "cx": 1236,
        "crz": 496,
        "h": 242,
        "u2": 170,
        "sx": 86,
        "sxdg": 86,
        "measure": 6,
        "initialize": 1,
        "barrier": 1
      },
      "n_qubits": 6,
      "n_pauli_terms": 496,
      "sign_recovery": "hadamard_test"
    },
    {
      "pauli_decomp_time_s": 0.35162260895594954,
      "circuit_construction_time_s": 0.0023741309996694326,
      "transpilation_time_s": 0.10458856401965022,
      "execution_time_s": 0.22250054497271776,
      "circuit_depth": 2022,
      "gate_counts": {
        "cx": 1236,
        "crz": 496,
        "h": 242,
        "u2": 170,
        "sx": 86,
        "sxdg": 86,
        "measure": 6,
        "initialize": 1,
        "barrier": 1
      },
      "n_qubits": 6,
      "n_pauli_terms": 496,
      "sign_recovery": "hadamard_test"
    },
    {
      "pauli_decomp_time_s": 0.35322276898659766,
      "circuit_construction_time_s": 0.0023866359842941165,
      "transpilation_time_s": 0.1052312069805339,
      "execution_time_s": 0.21877167210914195,
      "circuit_depth": 2022,
      "gate_counts": {
        "cx": 1236,
        "crz": 496,
        "h": 242,
        "u2": 170,
        "sx": 86,
        "sxdg": 86,
        "measure": 6,
        "initialize": 1,
        "barrier": 1
      },
      "n_qubits": 6,
      "n_pauli_terms": 496,
      "sign_recovery": "hadamard_test"
    },
    {
      "pauli_decomp_time_s": 0.37178370205219835,
      "circuit_construction_time_s": 0.002410832908935845,
      "transpilation_time_s": 0.10518652095925063,
      "execution_time_s": 0.22261853702366352,
      "circuit_depth": 2022,
      "gate_counts": {
        "cx": 1236,
        "crz": 496,
        "h": 242,
        "u2": 170,
        "sx": 86,
        "sxdg": 86,
        "measure": 6,
        "initialize": 1,
        "barrier": 1
      },
      "n_qubits": 6,
      "n_pauli_terms": 496,
      "sign_recovery": "hadamard_test"
    },
    {
      "pauli_decomp_time_s": 0.3574121289420873,
      "circuit_construction_time_s": 0.0023967860033735633,
      "transpilation_time_s": 0.105404102941975,
      "execution_time_s": 0.2212478700093925,
      "circuit_depth": 2022,
      "gate_counts": {
        "cx": 1236,
        "crz": 496,
        "h": 242,
        "u2": 170,
        "sx": 86,
        "sxdg": 86,
        "measure": 6,
        "initialize": 1,
        "barrier": 1
      },
      "n_qubits": 6,
      "n_pauli_terms": 496,
      "sign_recovery": "hadamard_test"
    },
    {
      "pauli_decomp_time_s": 0.3565324649680406,
      "circuit_construction_time_s": 0.002406633924692869,
      "transpilation_time_s": 0.10438049910590053,
      "execution_time_s": 0.21994826092850417,
      "circuit_depth": 2022,
      "gate_counts": {
        "cx": 1236,
        "crz": 496,
        "h": 242,
        "u2": 170,
        "sx": 86,
        "sxdg": 86,
        "measure": 6,
        "initialize": 1,
        "barrier": 1
      },
      "n_qubits": 6,
      "n_pauli_terms": 496,
      "sign_recovery": "hadamard_test"
    },
    {
      "pauli_decomp_time_s": 0.3509848219109699,
      "circuit_construction_time_s": 0.0024191789561882615,
      "transpilation_time_s": 0.10396542504895478,
      "execution_time_s": 0.22226369788404554,
      "circuit_depth": 2022,
      "gate_counts": {
        "cx": 1236,
        "crz": 496,
        "h": 242,
        "u2": 170,
        "sx": 86,
        "sxdg": 86,
        "measure": 6,
        "initialize": 1,
        "barrier": 1
      },
      "n_qubits": 6,
      "n_pauli_terms": 496,
      "sign_recovery": "hadamard_test"
    },
    {
      "pauli_decomp_time_s": 0.35966114804614335,
      "circuit_construction_time_s": 0.0024287269916385412,
      "transpilation_time_s": 0.10470062994863838,
      "execution_time_s": 0.22159305808600038,
      "circuit_depth": 2022,
      "gate_counts": {
        "cx": 1236,
        "crz": 496,
        "h": 242,
        "u2": 170,
        "sx": 86,
        "sxdg": 86,
        "measure": 6,
        "initialize": 1,
        "barrier": 1
      },
      "n_qubits": 6,
      "n_pauli_terms": 496,
      "sign_recovery": "hadamard_test"
    },
    {
      "pauli_decomp_time_s": 0.35224379296414554,
      "circuit_construction_time_s": 0.002398748998530209,
      "transpilation_time_s": 0.10452559997793287,
      "execution_time_s": 0.22045625606551766,
      "circuit_depth": 2022,
      "gate_counts": {
        "cx": 1236,
        "crz": 496,
        "h": 242,
        "u2": 170,
        "sx": 86,
        "sxdg": 86,
        "measure": 6,
        "initialize": 1,
        "barrier": 1
      },
      "n_qubits": 6,
      "n_pauli_terms": 496,
      "sign_recovery": "hadamard_test"
    }
  ],
  "_source": "solver"
}