{
  "u_initial": [
    0.0,
    0.3826834323650898,
    0.7071067811865475,
    0.9238795325112867,
    1.0,
    0.9238795325112867,
    0.7071067811865476,
    0.3826834323650899,
    1.2246467991473532e-16,
    -0.38268343236508967,
    -0.7071067811865475,
    -0.9238795325112865,
    -1.0,
    -0.9238795325112866,
    -0.7071067811865477,
    -0.3826834323650904
  ],
  "u_final_classical": [
    -5.857590438709849e-17,
    0.1889547358027246,
    0.37461807356714477,
    0.5530941296344742,
    0.7189359818183182,
    0.8627457524740141,
    0.9804309490943023,
    0.978818493029693,
    5.190854798563756e-16,
    -0.9788184930296926,
    -0.9804309490943022,
    -0.862745752474014,
    -0.7189359818183185,
    -0.5530941296344745,
    -0.3746180735671451,
    -0.18895473580272476
  ],
  "u_final_method": [
    0.0,
    0.12771726130923133,
    0.39573738617728144,
    0.21156699193729797,
    -0.9106012212497024,
    -0.14726937736531726,
    2.2381491418163715,
    0.5602965700658005,
    2.098452924622478e-16,
    -0.5602965700657999,
    -2.238149141816355,
    0.14726937736531764,
    0.9106012212497014,
    -0.21156699193729808,
    -0.3957373861772833,
    -0.12771726130923122
  ],
  "errors_by_step": {
    "0": 0.0,
    "10": 0.15349866255132627,
    "20": 0.5204177620073963,
    "26": 1.2313755701117381
  },
  "final_error": 1.2313755701117381,
  "max_error": 1.2313755701117381,
  "_source": "solver"
}