{
  "u_initial": [
    0.0,
    0.19509032201612825,
    0.3826834323650898,
    0.5555702330196022,
    0.7071067811865475,
    0.8314696123025452,
    0.9238795325112867,
    0.9807852804032304,
    1.0,
    0.9807852804032304,
    0.9238795325112867,
    0.8314696123025455,
    0.7071067811865476,
    0.5555702330196022,
    0.3826834323650899,
    0.1950903220161286,
    1.2246467991473532e-16,
    -0.19509032201612836,
    -0.38268343236508967,
    -0.555570233019602,
    -0.7071067811865475,
    -0.8314696123025452,
    -0.9238795325112865,
    -0.9807852804032303,
    -1.0,
    -0.9807852804032304,
    -0.9238795325112866,
    -0.8314696123025455,
    -0.7071067811865477,
    -0.5555702330196022,
    -0.3826834323650904,
    -0.19509032201612872
  ],
  "u_final_classical": [
    -7.369194475381926e-17,
    0.09022054822612993,
    0.17908794131080907,
    0.2651786431445868,
    0.34692163787153746,
    0.4225085614518001,
    0.4897872292126568,
    0.5461405763168405,
    0.5883662648192313,
    0.6125982690297614,
    0.6143554915892525,
    0.588859857259647,
    0.5318059931334113,
    0.4407056197009944,
    0.31665727230091584,
    0.1658889155098501,
    8.599296954344536e-17,
    -0.16588891550984994,
    -0.3166572723009157,
    -0.44070561970099437,
    -0.5318059931334113,
    -0.588859857259647,
    -0.6143554915892525,
    -0.6125982690297616,
    -0.5883662648192314,
    -0.5461405763168407,
    -0.489787229212657,
    -0.4225085614518002,
    -0.34692163787153757,
    -0.2651786431445869,
    -0.1790879413108092,
    -0.09022054822613008
  ],
  "u_final_method": [
    1.4477308241112042e-14,
    0.09052094623642476,
    0.17961697232972443,
    0.26579275499804167,
    0.34740599241589054,
    0.4225794461473491,
    0.4890992453064824,
    0.5443039471275694,
    0.5849832070871568,
    0.60733120107566,
    0.6070403701254649,
    0.5796668838108012,
    0.5214153151280122,
    0.43040432744176127,
    0.3082113307876526,
    0.16109002676588702,
    -2.2737367544323207e-14,
    -0.1610900267659318,
    -0.3082113307876867,
    -0.4304043274417879,
    -0.5214153151280332,
    -0.579666883810808,
    -0.6070403701254666,
    -0.6073312010756556,
    -0.5849832070871436,
    -0.5443039471275569,
    -0.4890992453064687,
    -0.4225794461473317,
    -0.34740599241587033,
    -0.26579275499801897,
    -0.17961697232970641,
    -0.09052094623640344
  ],
  "errors_by_step": {
    "0": 0.0,
    "1": 0.009664614535710032,
    "2": 0.009770046525110869,
    "3": 0.00991139464238936,
    "4": 0.01007898281150149,
    "5": 0.010265162219572257,
    "6": 0.010463858298616334,
    "7": 0.010670214008085448,
    "8": 0.010880315870699134,
    "9": 0.011090987460266658,
    "10": 0.011299635659597749,
    "11": 0.011504136880166044,
    "12": 0.01170275274929157,
    "13": 0.01189406704826302,
    "14": 0.012076937694267247,
    "15": 0.012250459218281098,
    "16": 0.012413932499390075,
    "17": 0.012566839510857795,
    "18": 0.012708821566426545,
    "19": 0.012839660079780667,
    "20": 0.012959259213996408,
    "21": 0.013067630041965326,
    "22": 0.013164875996184693,
    "23": 0.013251179482744391,
    "24": 0.013326789589265451,
    "25": 0.013392010844280468,
    "26": 0.01344719299632669,
    "27": 0.013492721781977218,
    "28": 0.013529010647890112,
    "29": 0.01355649338583236,
    "30": 0.013575617633350504,
    "31": 0.013586839187401863,
    "32": 0.013590617074313837,
    "33": 0.013587409317020871,
    "34": 0.013577669339636179,
    "35": 0.013561842949831449,
    "36": 0.013540365840996067,
    "37": 0.013513661558515338,
    "38": 0.013482139877499843,
    "39": 0.013446195542709436,
    "40": 0.013406207325089896,
    "41": 0.013362537353112785,
    "42": 0.013315530680897868,
    "43": 0.013265515058777327,
    "44": 0.013212800875513686,
    "45": 0.013157681244726643,
    "46": 0.0131004322112074,
    "47": 0.013041313055703711,
    "48": 0.01298056667939071,
    "49": 0.012918420051653324,
    "50": 0.012855084706995337,
    "51": 0.012790757278818366
  },
  "final_error": 0.012790757278818366,
  "max_error": 0.013590617074313837,
  "_source": "solver"
}