dq_lu, dq_hhl,
-0.013788286970991078,-0.0
-0.00410742292789111,-0.0
-0.030217825797323745,-0.0
-0.010341112351289192,-0.0
-0.07630564649170306,-0.0
-0.10973008826672774,-0.0
-0.167725150204053,-0.043091141020772425
-0.08144747286933335,-0.0
-0.3050898851913253,-0.04309114102077254
-0.11281646408106483,-0.0
-0.13766977192923063,-0.030470038024853954
-0.22609431382305964,-0.0
-0.1747582738220009,-0.0
-0.21170362833341225,-0.0
-0.22619392501987268,-0.06813307630057705
