dq_lu, dq_hhl,
-0.014402781048876318,-0.0
-0.007192391152453503,-0.0
-0.036169051772835144,-0.0
-0.11628213151751988,-0.11411261359216329
-0.06392159042340997,-0.0
-0.11082561136293193,-0.0
-0.2774557125681188,-0.11411261359216386
-0.2566625718517235,-0.11411261359216382
-0.3334796769862079,-0.0
-0.1181861993698348,-0.0
-0.21151153924123992,-0.0
-0.4290267772229375,-0.1613796057798787
-0.18270429655608908,-0.0
-0.4534676530186453,-0.16137960577987873
-0.4884393618990996,-0.11411261359216404
