xp, rho, u, p, Mach
0.1,1.0,1.5,0.7142857142857144,1.5
0.3,1.0,1.5,0.6647231240014467,1.5549156965948727
0.5,1.0,1.5,0.6441936269193619,1.5794978141509435
0.7,1.0,1.3760935242893306,0.6997141122404369,1.3903483209305056
0.9,0.8760935242893305,1.7121459734755715,0.5647969977159716,1.8022117479408255
