xp, rho, u, p, Mach
0.1,1.0,1.5,0.7142857142857144,1.5
0.3,1.0,1.5,0.6647231240014467,1.5549156965948727
0.5,1.0,1.3332978031049847,0.5410971624965338,1.5318827206161099
0.7,0.7399562181519677,1.7115650731343814,0.37019119697605457,2.0451226854591065
0.9,0.7985873338749999,1.8783167931320957,0.3215519726080358,2.5017300389214414
