{
  "u_initial": [
    0.0,
    0.3826834323650898,
    0.7071067811865475,
    0.9238795325112867,
    1.0,
    0.9238795325112867,
    0.7071067811865476,
    0.3826834323650899,
    1.2246467991473532e-16,
    -0.38268343236508967,
    -0.7071067811865475,
    -0.9238795325112865,
    -1.0,
    -0.9238795325112866,
    -0.7071067811865477,
    -0.3826834323650904
  ],
  "u_final_classical": [
    -5.857590438709849e-17,
    0.1889547358027246,
    0.37461807356714477,
    0.5530941296344742,
    0.7189359818183182,
    0.8627457524740141,
    0.9804309490943023,
    0.978818493029693,
    5.190854798563756e-16,
    -0.9788184930296926,
    -0.9804309490943022,
    -0.862745752474014,
    -0.7189359818183185,
    -0.5530941296344745,
    -0.3746180735671451,
    -0.18895473580272476
  ],
  "u_final_method": [
    0.0007708132348051144,
    0.20391310946690047,
    0.22469574986971505,
    0.19183162182386962,
    0.17852191747544274,
    0.1207807384194964,
    0.09265635086962845,
    0.03884062526253608,
    -0.029579762040486842,
    -0.04381116775109654,
    -0.06881610121784888,
    -0.12000425971812391,
    -0.17235535780932623,
    -0.1856559680026258,
    -0.2258936103819294,
    -0.20589469950095635
  ],
  "errors_by_step": {
    "0": 0.0,
    "2": 5.0238459582112345,
    "4": 0.7810937536439366,
    "6": 0.7944995065553616,
    "8": 0.801000876251984,
    "10": 0.8186070413246013,
    "12": 0.8224065777238315,
    "14": 0.8196396493069513,
    "16": 0.8392703896044194,
    "18": 0.8414612734568185,
    "20": 0.8370666508873514,
    "22": 0.8496608744687195,
    "24": 0.8503516547537765,
    "26": 0.8571308623809021
  },
  "final_error": 0.8571308623809021,
  "max_error": 5.0238459582112345,
  "_source": "solver"
}