{
  "quantum_solution": [
    1.2265346136871542,
    0.1587794214868169,
    0.04224406626713476,
    0.029133838804920525
  ],
  "classical_solution": [
    1.1454545454545455,
    0.43636363636363634,
    0.16363636363636364,
    0.05454545454545454
  ],
  "_source": "harvester"
}