{
  "iterations_completed": 1,
  "converged": true,
  "_source": "harvester",
  "fidelity": 0.9364264493789016,
  "shots": 1000,
  "l2_error_abs": 0.31465666032758405,
  "l2_error_rel": 0.2541995334525515
}