{
  "u_initial": [
    0.0,
    0.11480502970952693,
    0.21213203435596423,
    0.27716385975338603,
    0.3,
    0.27716385975338603,
    0.21213203435596426,
    0.11480502970952697,
    3.6739403974420595e-17,
    -0.1148050297095269,
    -0.21213203435596423,
    -0.2771638597533859,
    -0.3,
    -0.277163859753386,
    -0.2121320343559643,
    -0.1148050297095271
  ],
  "u_final_classical": null,
  "u_final_method": [
    -0.00034236221941150104,
    0.032749374254313665,
    0.057767505798773745,
    0.08064358265316296,
    0.09432707505924304,
    0.08990132853195328,
    0.07968097399831357,
    0.0441239895620607,
    0.003037859572493462,
    -0.044391930522599446,
    -0.0768006355513122,
    -0.0954230346289835,
    -0.09412124698478894,
    -0.07608840644398784,
    -0.05794217182174883,
    -0.026625244042332862
  ],
  "errors_by_step": {},
  "final_error": NaN,
  "max_error": NaN,
  "_source": "solver"
}