{
  "u_initial": [
    0.0,
    0.40673664307580015,
    0.7431448254773941,
    0.9510565162951535,
    0.9945218953682734,
    0.8660254037844387,
    0.5877852522924732,
    0.20791169081775931,
    -0.20791169081775907,
    -0.587785252292473,
    -0.8660254037844384,
    -0.9945218953682733,
    -0.9510565162951536,
    -0.743144825477394,
    -0.40673664307580015,
    -2.4492935982947064e-16
  ],
  "u_final_classical": [
    0.0,
    0.2327032026500107,
    0.4596574448446474,
    0.6748971873077655,
    0.8715251018302631,
    1.0207213452962849,
    1.2765963788637327,
    1.2584414536519224,
    -1.2584414536519215,
    -1.2765963788637336,
    -1.0207213452962849,
    -0.8715251018302631,
    -0.6748971873077653,
    -0.4596574448446475,
    -0.23270320265001082,
    -2.4492935982947064e-16
  ],
  "u_final_method": [
    0.0,
    0.23300153265155213,
    0.45971789611851693,
    0.6749772040031533,
    0.8715621451325459,
    1.0208360634072937,
    1.2767680586804218,
    1.257595903684361,
    -1.2575959036838023,
    -1.2767680586803853,
    -1.020836063406986,
    -0.8715621451330309,
    -0.6749772040029098,
    -0.4597178961188293,
    -0.23300153265172716,
    0.0
  ],
  "errors_by_step": {
    "0": 0.0,
    "4": 2.5355043929610523e-05,
    "8": 4.5599307445394516e-05,
    "12": 6.69223197355655e-05,
    "16": 0.00010178955183244577,
    "20": 0.00016846698192535064,
    "24": 0.0003194162997452985,
    "25": 0.000386771400446034
  },
  "final_error": 0.000386771400446034,
  "max_error": 0.000386771400446034,
  "_source": "solver"
}