{
  "grid": [
    0.0,
    0.06666666666666667,
    0.13333333333333333,
    0.2,
    0.26666666666666666,
    0.3333333333333333,
    0.4,
    0.4666666666666667,
    0.5333333333333333,
    0.6,
    0.6666666666666666,
    0.7333333333333333,
    0.8,
    0.8666666666666667,
    0.9333333333333333,
    1.0
  ],
  "solution_steps": {
    "0": [
      0.0,
      0.40673664307580015,
      0.7431448254773941,
      0.9510565162951535,
      0.9945218953682734,
      0.8660254037844387,
      0.5877852522924732,
      0.20791169081775931,
      -0.20791169081775907,
      -0.587785252292473,
      -0.8660254037844384,
      -0.9945218953682733,
      -0.9510565162951536,
      -0.743144825477394,
      -0.40673664307580015,
      -2.4492935982947064e-16
    ],
    "4": [
      0.0,
      0.3614300042089862,
      0.6832371444264919,
      0.9219087778113555,
      1.0289841681892182,
      0.9583050192336189,
      0.6879545404399239,
      0.2512863509814217,
      -0.25128635098136964,
      -0.6879545404399016,
      -0.9583050192335816,
      -1.028984168189261,
      -0.9219087778113186,
      -0.6832371444265274,
      -0.36143000420901306,
      0.0
    ],
    "8": [
      0.0,
      0.32591482773851205,
      0.6284140960516749,
      0.8791040089991463,
      1.0373338829643133,
      1.0404550166608548,
      0.8081741423919194,
      0.3114078472202996,
      -0.31140784722017717,
      -0.8081741423918738,
      -1.0404550166607651,
      -1.0373338829644247,
      -0.8791040089990646,
      -0.6284140960517554,
      -0.3259148277385671,
      0.0
    ],
    "12": [
      0.0,
      0.297514899219181,
      0.5800468987828372,
      0.8296606107400754,
      1.0196130643277317,
      1.098393437931704,
      0.9465930114018803,
      0.3986439878779182,
      -0.3986439878777141,
      -0.94659301140182,
      -1.0983934379315614,
      -1.0196130643279198,
      -0.8296606107399517,
      -0.5800468987829679,
      -0.29751489921926066,
      0.0
    ],
    "16": [
      0.0,
      0.2741886919614452,
      0.5378589228470092,
      0.7792315131462341,
      0.9818298703183582,
      1.1188050520381312,
      1.0925805271679148,
      0.5319761707098446,
      -0.5319761707095458,
      -1.0925805271678501,
      -1.1188050520379298,
      -0.9818298703186271,
      -0.7792315131460724,
      -0.537858922847192,
      -0.2741886919615536,
      0.0
    ],
    "20": [
      0.0,
      0.25441414198632994,
      0.5007805617605526,
      0.7309992060350665,
      0.9335021134025276,
      1.0960249664323345,
      1.2198475265211692,
      0.7479450792013808,
      -0.7479450792009756,
      -1.2198475265211048,
      -1.096024966432085,
      -0.9335021134028854,
      -0.7309992060348677,
      -0.5007805617607882,
      -0.2544141419864651,
      0.0
    ],
    "24": [
      0.0,
      0.23706486910094354,
      0.4675568408811928,
      0.6858335010063235,
      0.8835889596296321,
      1.0382829115172143,
      1.2800917016306905,
      1.1223964093195027,
      -1.1223964093189787,
      -1.280091701630646,
      -1.0382829115169159,
      -0.8835889596300895,
      -0.6858335010060908,
      -0.4675568408814885,
      -0.2370648691011119,
      0.0
    ],
    "25": [
      0.0,
      0.23300153265155213,
      0.45971789611851693,
      0.6749772040031533,
      0.8715621451325459,
      1.0208360634072937,
      1.2767680586804218,
      1.257595903684361,
      -1.2575959036838023,
      -1.2767680586803853,
      -1.020836063406986,
      -0.8715621451330309,
      -0.6749772040029098,
      -0.4597178961188293,
      -0.23300153265172716,
      0.0
    ]
  },
  "_source": "solver"
}