{
  "u_initial": [
    0.0,
    0.20129852008866006,
    0.39435585511331855,
    0.5712682150947923,
    0.7247927872291199,
    0.8486442574947509,
    0.9377521321470804,
    0.9884683243281114,
    0.9987165071710528,
    0.9680771188662044,
    0.8978045395707416,
    0.7907757369376985,
    0.6513724827222223,
    0.48530196253108143,
    0.29936312297335804,
    0.10116832198743228,
    -0.10116832198743204,
    -0.2993631229733574,
    -0.48530196253108043,
    -0.651372482722222,
    -0.7907757369376986,
    -0.8978045395707414,
    -0.9680771188662043,
    -0.9987165071710528,
    -0.9884683243281114,
    -0.9377521321470808,
    -0.8486442574947515,
    -0.72479278722912,
    -0.5712682150947924,
    -0.3943558551133187,
    -0.20129852008866028,
    -2.4492935982947064e-16
  ],
  "u_final_classical": [
    0.0,
    0.18186826095866485,
    0.35818983238782987,
    0.523413459159408,
    0.6719951947922439,
    0.7984444421997785,
    0.8974237781732953,
    0.963923128389169,
    0.9935262580772825,
    0.9827778389606532,
    0.9296390405814605,
    0.8339875185261089,
    0.6980783513503098,
    0.526848625374454,
    0.3279393549084559,
    0.11134213589271631,
    -0.11134213589271598,
    -0.3279393549084551,
    -0.5268486253744531,
    -0.6980783513503097,
    -0.8339875185261089,
    -0.9296390405814603,
    -0.9827778389606531,
    -0.9935262580772825,
    -0.9639231283891692,
    -0.8974237781732957,
    -0.7984444421997788,
    -0.671995194792244,
    -0.5234134591594081,
    -0.35818983238783003,
    -0.18186826095866507,
    -2.4492935982947064e-16
  ],
  "u_final_method": [
    0.1041263647160467,
    0.18905611670922606,
    0.3584122736156176,
    0.5192894988104525,
    0.6615831987590842,
    0.780992105358731,
    0.8744776443524838,
    0.9392033610890171,
    0.9718575425703901,
    0.9683435735596925,
    0.9241845798909576,
    0.8359768018881886,
    0.7036505546362812,
    0.5321796778181769,
    0.3311349988694079,
    0.11232284474997052,
    -0.11232283947504103,
    -0.33113500442328453,
    -0.5321796781607414,
    -0.7036505542078176,
    -0.8359768019205587,
    -0.9241845797045132,
    -0.9683435735315885,
    -0.9718575425639289,
    -0.9392033610859492,
    -0.8744776443511825,
    -0.7809921053586888,
    -0.6615831987590894,
    -0.519289498810453,
    -0.358412273615615,
    -0.18905611670922248,
    -0.10412636471604364
  ],
  "errors_by_step": {
    "0": 0.0,
    "5": 0.041590330591516
  },
  "final_error": 0.041590330591516,
  "max_error": 0.041590330591516,
  "_source": "solver"
}