{
  "grid": [
    0.0,
    0.14285714285714285,
    0.2857142857142857,
    0.42857142857142855,
    0.5714285714285714,
    0.7142857142857142,
    0.8571428571428571,
    1.0
  ],
  "solution_steps": {
    "0": [
      0.0,
      0.7818314824680298,
      0.9749279121818236,
      0.43388373911755823,
      -0.433883739117558,
      -0.9749279121818234,
      -0.7818314824680299,
      -2.4492935982947064e-16
    ],
    "2": [
      0.0,
      0.728023028386021,
      1.0338551650494596,
      0.5114801162091779,
      -0.5114801162091738,
      -1.0338551650494587,
      -0.7280230283860215,
      0.0
    ],
    "4": [
      0.0,
      0.6750245986558151,
      1.0796823140188292,
      0.6079607889279017,
      -0.6079607889278893,
      -1.0796823140188323,
      -0.6750245986558152,
      0.0
    ],
    "6": [
      0.0,
      0.6235682141017649,
      1.1078833539123951,
      0.7290447982472289,
      -0.7290447982472065,
      -1.1078833539124013,
      -0.6235682141017648,
      0.0
    ],
    "8": [
      0.0,
      0.5743826265213924,
      1.113868126352064,
      0.8828282281585559,
      -0.882828228158523,
      -1.113868126352076,
      -0.5743826265213922,
      0.0
    ],
    "10": [
      0.0,
      0.5281310551355674,
      1.0932347025888518,
      1.0811628600416823,
      -1.0811628600416368,
      -1.0932347025888691,
      -0.5281310551355672,
      0.0
    ],
    "12": [
      0.0,
      0.4853645386287949,
      1.0421001395382135,
      1.3422379826932775,
      -1.342237982693219,
      -1.04210013953824,
      -0.4853645386287944,
      0.0
    ],
    "13": [
      0.0,
      0.4654232043834622,
      1.0041262626735656,
      1.5049068120725086,
      -1.5049068120724425,
      -1.004126262673598,
      -0.46542320438346163,
      0.0
    ]
  },
  "_source": "solver"
}