{
  "final_error_epsilon": 0.0005902673535008445,
  "max_error_epsilon": 0.0005902673535008445,
  "classical_wall_time_s": 0.0005805492401123047,
  "method_wall_time_s": 3.10353422164917,
  "speedup_ratio": 0.00018706068586664716,
  "n_pauli_terms": 12,
  "shots": 0,
  "t1": null,
  "t2": null,
  "backend_name": null,
  "backend_type": "sim",
  "coupling_map": "default",
  "optimization_level": 1,
  "seed": null,
  "total_pauli_decomp_time": 0.0861909860977903,
  "total_circuit_construction_time": 0.0043885959312319756,
  "total_transpilation_time": 1.3782942770048976,
  "total_execution_time": 0.07546066818758845,
  "total_sign_recovery_time": 0,
  "total_metric_transpile_time": 0,
  "n_circuits_executed": 0,
  "avg_circuit_depth": 258.0,
  "avg_gate_count": 314.0,
  "avg_cx_gates": 160.0,
  "avg_sign_recovery_depth_per_circuit": null,
  "avg_sign_recovery_cx_per_circuit": null,
  "total_sign_recovery_cx": 0,
  "n_qubits": 3,
  "circuit_metrics_n_available": 13,
  "circuit_metrics_n_total": 13,
  "sign_recovery": "none",
  "per_step_metrics": [
    {
      "pauli_decomp_time_s": 0.006630660034716129,
      "circuit_construction_time_s": 0.0004503530217334628,
      "transpilation_time_s": 0.30056166800204664,
      "execution_time_s": 0.007546224980615079,
      "circuit_depth": 258,
      "gate_counts": {
        "cx": 160,
        "rz": 60,
        "h": 30,
        "sxdg": 26,
        "u2": 20,
        "sx": 16,
        "initialize": 1,
        "save_statevector": 1
      },
      "n_qubits": 3,
      "n_pauli_terms": 12,
      "sign_recovery": "none"
    },
    {
      "pauli_decomp_time_s": 0.006001511937938631,
      "circuit_construction_time_s": 0.000300902989692986,
      "transpilation_time_s": 0.09163353499025106,
      "execution_time_s": 0.005627927021123469,
      "circuit_depth": 258,
      "gate_counts": {
        "cx": 160,
        "rz": 60,
        "h": 30,
        "sxdg": 26,
        "u2": 20,
        "sx": 16,
        "initialize": 1,
        "save_statevector": 1
      },
      "n_qubits": 3,
      "n_pauli_terms": 13,
      "sign_recovery": "none"
    },
    {
      "pauli_decomp_time_s": 0.006419401033781469,
      "circuit_construction_time_s": 0.0002976069226861,
      "transpilation_time_s": 0.08653700700961053,
      "execution_time_s": 0.00539778103120625,
      "circuit_depth": 258,
      "gate_counts": {
        "cx": 160,
        "rz": 60,
        "u2": 40,
        "h": 26,
        "sxdg": 16,
        "sx": 10,
        "initialize": 1,
        "save_statevector": 1
      },
      "n_qubits": 3,
      "n_pauli_terms": 22,
      "sign_recovery": "none"
    },
    {
      "pauli_decomp_time_s": 0.006445863051339984,
      "circuit_construction_time_s": 0.00027638603933155537,
      "transpilation_time_s": 0.08570987393613905,
      "execution_time_s": 0.0055019931169226766,
      "circuit_depth": 258,
      "gate_counts": {
        "cx": 160,
        "rz": 60,
        "u2": 40,
        "h": 26,
        "sxdg": 16,
        "sx": 10,
        "initialize": 1,
        "save_statevector": 1
      },
      "n_qubits": 3,
      "n_pauli_terms": 23,
      "sign_recovery": "none"
    },
    {
      "pauli_decomp_time_s": 0.006602605921216309,
      "circuit_construction_time_s": 0.0003095699939876795,
      "transpilation_time_s": 0.08599143999163061,
      "execution_time_s": 0.0057009689044207335,
      "circuit_depth": 258,
      "gate_counts": {
        "cx": 160,
        "rz": 60,
        "u2": 50,
        "sxdg": 16,
        "h": 16,
        "sx": 10,
        "initialize": 1,
        "save_statevector": 1
      },
      "n_qubits": 3,
      "n_pauli_terms": 26,
      "sign_recovery": "none"
    },
    {
      "pauli_decomp_time_s": 0.006505869096145034,
      "circuit_construction_time_s": 0.0003103320486843586,
      "transpilation_time_s": 0.08697909500915557,
      "execution_time_s": 0.00570493598934263,
      "circuit_depth": 258,
      "gate_counts": {
        "cx": 160,
        "rz": 60,
        "u2": 50,
        "sxdg": 16,
        "h": 16,
        "sx": 10,
        "initialize": 1,
        "save_statevector": 1
      },
      "n_qubits": 3,
      "n_pauli_terms": 28,
      "sign_recovery": "none"
    },
    {
      "pauli_decomp_time_s": 0.006814487045630813,
      "circuit_construction_time_s": 0.0003252100432291627,
      "transpilation_time_s": 0.09055885102134198,
      "execution_time_s": 0.005769571987912059,
      "circuit_depth": 258,
      "gate_counts": {
        "cx": 160,
        "rz": 60,
        "u2": 40,
        "h": 26,
        "sxdg": 16,
        "sx": 10,
        "initialize": 1,
        "save_statevector": 1
      },
      "n_qubits": 3,
      "n_pauli_terms": 27,
      "sign_recovery": "none"
    },
    {
      "pauli_decomp_time_s": 0.006915042060427368,
      "circuit_construction_time_s": 0.0003470730734989047,
      "transpilation_time_s": 0.10299416305497289,
      "execution_time_s": 0.00624407094437629,
      "circuit_depth": 258,
      "gate_counts": {
        "cx": 160,
        "rz": 60,
        "u2": 50,
        "sxdg": 16,
        "h": 16,
        "sx": 10,
        "initialize": 1,
        "save_statevector": 1
      },
      "n_qubits": 3,
      "n_pauli_terms": 28,
      "sign_recovery": "none"
    },
    {
      "pauli_decomp_time_s": 0.007707918994128704,
      "circuit_construction_time_s": 0.0003782130079343915,
      "transpilation_time_s": 0.09953253401909024,
      "execution_time_s": 0.005721488036215305,
      "circuit_depth": 258,
      "gate_counts": {
        "cx": 160,
        "rz": 60,
        "u2": 40,
        "h": 26,
        "sxdg": 16,
        "sx": 10,
        "initialize": 1,
        "save_statevector": 1
      },
      "n_qubits": 3,
      "n_pauli_terms": 27,
      "sign_recovery": "none"
    },
    {
      "pauli_decomp_time_s": 0.006851629936136305,
      "circuit_construction_time_s": 0.00040173798333853483,
      "transpilation_time_s": 0.08764259901363403,
      "execution_time_s": 0.0055773400235921144,
      "circuit_depth": 258,
      "gate_counts": {
        "cx": 160,
        "rz": 60,
        "u2": 50,
        "sxdg": 16,
        "h": 16,
        "sx": 10,
        "initialize": 1,
        "save_statevector": 1
      },
      "n_qubits": 3,
      "n_pauli_terms": 28,
      "sign_recovery": "none"
    },
    {
      "pauli_decomp_time_s": 0.006377861020155251,
      "circuit_construction_time_s": 0.0003008429193869233,
      "transpilation_time_s": 0.08632691903039813,
      "execution_time_s": 0.005486974958330393,
      "circuit_depth": 258,
      "gate_counts": {
        "cx": 160,
        "rz": 60,
        "u2": 50,
        "sxdg": 16,
        "h": 16,
        "sx": 10,
        "initialize": 1,
        "save_statevector": 1
      },
      "n_qubits": 3,
      "n_pauli_terms": 28,
      "sign_recovery": "none"
    },
    {
      "pauli_decomp_time_s": 0.00641622394323349,
      "circuit_construction_time_s": 0.00035724195186048746,
      "transpilation_time_s": 0.08722410898189992,
      "execution_time_s": 0.005575826042331755,
      "circuit_depth": 258,
      "gate_counts": {
        "cx": 160,
        "rz": 60,
        "u2": 50,
        "sxdg": 16,
        "h": 16,
        "sx": 10,
        "initialize": 1,
        "save_statevector": 1
      },
      "n_qubits": 3,
      "n_pauli_terms": 28,
      "sign_recovery": "none"
    },
    {
      "pauli_decomp_time_s": 0.0065019120229408145,
      "circuit_construction_time_s": 0.0003331259358674288,
      "transpilation_time_s": 0.08660248294472694,
      "execution_time_s": 0.0056055651511996984,
      "circuit_depth": 258,
      "gate_counts": {
        "cx": 160,
        "rz": 60,
        "u2": 50,
        "sxdg": 16,
        "h": 16,
        "sx": 10,
        "initialize": 1,
        "save_statevector": 1
      },
      "n_qubits": 3,
      "n_pauli_terms": 28,
      "sign_recovery": "none"
    }
  ],
  "_source": "solver"
}