{
  "grid": [
    0.0,
    0.0625,
    0.125,
    0.1875,
    0.25,
    0.3125,
    0.375,
    0.4375,
    0.5,
    0.5625,
    0.625,
    0.6875,
    0.75,
    0.8125,
    0.875,
    0.9375
  ],
  "solution_steps": {
    "0": [
      0.0,
      0.3826834323650898,
      0.7071067811865475,
      0.9238795325112867,
      1.0,
      0.9238795325112867,
      0.7071067811865476,
      0.3826834323650899,
      1.2246467991473532e-16,
      -0.38268343236508967,
      -0.7071067811865475,
      -0.9238795325112865,
      -1.0,
      -0.9238795325112866,
      -0.7071067811865477,
      -0.3826834323650904
    ],
    "4": [
      1.5099033134902129e-15,
      0.32794710832181134,
      0.5913387440027119,
      0.7702791438736512,
      0.8755842485132799,
      0.9033145234815811,
      0.798083467821717,
      0.4824562288791745,
      -9.548273283144226e-11,
      -0.4824562288802505,
      -0.7980834677261168,
      -0.9033145234805311,
      -0.8755842485134089,
      -0.7702791438736303,
      -0.5913387440027017,
      -0.3279471083218062
    ],
    "8": [
      2.913225216616411e-15,
      0.2961350345739457,
      0.5292017651523837,
      0.690317318064171,
      0.7983067351887028,
      0.8602451997984542,
      0.8425615665282612,
      0.5934588703729682,
      -4.7745629672135695e-11,
      -0.5934588703735878,
      -0.842561566480514,
      -0.8602451997978692,
      -0.7983067351887231,
      -0.6903173180641451,
      -0.529201765152368,
      -0.2961350345739369
    ],
    "12": [
      4.209965709378594e-15,
      0.27001966666973515,
      0.48144357308434854,
      0.6303166694769512,
      0.7358908298939996,
      0.8083131753509432,
      0.8347733288261716,
      0.6628135935268356,
      -2.08444816962583e-11,
      -0.6628135935272085,
      -0.8347733288053647,
      -0.8083131753506102,
      -0.7358908298939849,
      -0.6303166694769228,
      -0.48144357308432983,
      -0.2700196666697236
    ],
    "16": [
      5.311306949806749e-15,
      0.24805505724141888,
      0.4428031417481843,
      0.5824740122076878,
      0.6847636840777994,
      0.7601089347270831,
      0.8054386303571442,
      0.6870911158848003,
      -9.125358246819814e-12,
      -0.6870911158850518,
      -0.8054386303480727,
      -0.7601089347268749,
      -0.6847636840777719,
      -0.5824740122076583,
      -0.4428031417481635,
      -0.24805505724140506
    ],
    "20": [
      6.252776074688882e-15,
      0.2292567389170752,
      0.4105072724627566,
      0.5428163570871549,
      0.6418554987440966,
      0.7175079389430884,
      0.7706767126264183,
      0.6815481320734955,
      -4.284856913727708e-12,
      -0.681548132073685,
      -0.7706767126221954,
      -0.7175079389429447,
      -0.6418554987440634,
      -0.5428163570871246,
      -0.4105072724627341,
      -0.2292567389170597
    ],
    "24": [
      7.096545573404001e-15,
      0.21295492467950713,
      0.38289997942002957,
      0.5090539261259244,
      0.6050698080108101,
      0.6800460737854473,
      0.7363847430282106,
      0.6618190761900943,
      -2.196713921875926e-12,
      -0.6618190761902497,
      -0.73638474302608,
      -0.6800460737853398,
      -0.6050698080107745,
      -0.5090539261258934,
      -0.38289997942000603,
      -0.21295492467949018
    ],
    "26": [
      7.478462293875054e-15,
      0.20558520194470128,
      0.370503886985062,
      0.49391232624244086,
      0.5885097662022362,
      0.6629843439025388,
      0.7200396805861152,
      0.6496967314168464,
      -1.6262902136077173e-12,
      -0.649696731416991,
      -0.7200396805845567,
      -0.6629843439024429,
      -0.5885097662021997,
      -0.4939123262424097,
      -0.37050388698503806,
      -0.20558520194468366
    ]
  },
  "_source": "solver"
}