{
  "u_initial": [
    0.0,
    0.7818314824680298,
    0.9749279121818236,
    0.43388373911755823,
    -0.433883739117558,
    -0.9749279121818234,
    -0.7818314824680299,
    -2.4492935982947064e-16
  ],
  "u_final_classical": [
    0.0,
    0.4650271050087969,
    1.0036738014210564,
    1.5058313396955698,
    -1.5058313396955694,
    -1.0036738014210562,
    -0.465027105008797,
    -2.4492935982947064e-16
  ],
  "u_final_method": [
    0.0,
    0.4650271050087969,
    1.0036738014210562,
    1.5058313396955698,
    -1.5058313396955694,
    -1.0036738014210562,
    -0.4650271050087969,
    -2.4492935982947064e-16
  ],
  "errors_by_step": {
    "0": 0.0,
    "2": 0.0,
    "4": 0.0,
    "6": 0.0,
    "8": 0.0,
    "10": 0.0,
    "12": 9.93156737144202e-17,
    "13": 9.394996944671877e-17
  },
  "final_error": 9.394996944671877e-17,
  "max_error": 9.93156737144202e-17,
  "_source": "solver"
}