{
  "u_initial": [
    0.0,
    0.7071067811865475,
    1.0,
    0.7071067811865476,
    1.2246467991473532e-16,
    -0.7071067811865475,
    -1.0,
    -0.7071067811865477
  ],
  "u_final_classical": [
    -1.4778213349946724e-17,
    0.361989589826444,
    0.7161619111719113,
    1.174496075191928,
    3.3455384452398253e-16,
    -1.1744960751919282,
    -0.7161619111719114,
    -0.3619895898264442
  ],
  "u_final_method": [
    7.001087903656063e-17,
    0.0,
    1.414213562373095,
    0.6666666666666667,
    5.030218900547699e-17,
    -0.6666666666666666,
    -1.4142135623730947,
    0.0
  ],
  "errors_by_step": {
    "0": 0.0,
    "10": 0.5841480398464728
  },
  "final_error": NaN,
  "max_error": 0.5841480398464728,
  "_source": "solver"
}