{
  "iterations_completed": 1,
  "converged": true,
  "_source": "harvester",
  "fidelity": 1.4337594301738887,
  "shots": 100,
  "l2_error_abs": 0.45524522858684435,
  "l2_error_rel": 0.3671590937908749
}