dq_lu, dq_hhl,
0.0004075088471306285,0.0001449277586621087
0.00019681699253556813,6.481366403886153e-05
0.0005521613016072668,0.0001841999665597226
0.0008837975635107638,0.00032356936944517113
0.0006628420434178097,0.00025863069699383096
0.0010120914482455903,0.0003424902480096419
0.00044705879206874465,0.00014823452082616325
0.0004935614791564491,0.00016766967548785248
0.0008139944603155734,0.00029096821054194907
-4.310630691532969e-06,-0.0
7.173411029585057e-05,2.5422010590667234e-05
0.00027496968034191184,0.00010481763488197182
-0.00029380998599179355,-0.00010008655578311731
-0.0004987122247401458,-0.00017428452385943202
-0.0007592511408530892,-0.0002529458116402464
