{
  "u_initial": [
    0.0,
    0.40673664307580015,
    0.7431448254773941,
    0.9510565162951535,
    0.9945218953682734,
    0.8660254037844387,
    0.5877852522924732,
    0.20791169081775931,
    -0.20791169081775907,
    -0.587785252292473,
    -0.8660254037844384,
    -0.9945218953682733,
    -0.9510565162951536,
    -0.743144825477394,
    -0.40673664307580015,
    -2.4492935982947064e-16
  ],
  "u_final_classical": [
    0.0,
    0.2250808167092194,
    0.4448306516661004,
    0.6527736874969992,
    0.8391422280300536,
    0.9919728094875375,
    1.0912680974522906,
    0.6437845757906916,
    -0.643784575790691,
    -1.0912680974522906,
    -0.9919728094875375,
    -0.8391422280300534,
    -0.6527736874969993,
    -0.4448306516661004,
    -0.2250808167092194,
    -2.4492935982947064e-16
  ],
  "u_final_method": [
    0.009667338719653307,
    0.007378291208820381,
    0.0025446218489937286,
    0.09571725702576318,
    0.09571725702576318,
    -0.0,
    -0.0,
    -0.0,
    -0.0,
    -0.0,
    -0.09467753625492326,
    -0.09519739664034323,
    -0.0015595811562598772,
    -0.002948869224543244,
    -0.006857418900593871,
    -0.00989654089378109
  ],
  "errors_by_step": {
    "0": 0.0,
    "4": 0.9740006396434698,
    "8": 0.9576263858332995,
    "12": 0.9576280363823302,
    "16": 1.0107843501606733,
    "20": 0.9608085707191373
  },
  "final_error": 0.9608085707191373,
  "max_error": 1.0107843501606733,
  "_source": "solver"
}