{
  "grid": [
    0.0,
    0.0625,
    0.125,
    0.1875,
    0.25,
    0.3125,
    0.375,
    0.4375,
    0.5,
    0.5625,
    0.625,
    0.6875,
    0.75,
    0.8125,
    0.875,
    0.9375
  ],
  "solution_steps": {
    "0": [
      0.0,
      0.11480502970952693,
      0.21213203435596423,
      0.27716385975338603,
      0.3,
      0.27716385975338603,
      0.21213203435596426,
      0.11480502970952697,
      3.6739403974420595e-17,
      -0.1148050297095269,
      -0.21213203435596423,
      -0.2771638597533859,
      -0.3,
      -0.277163859753386,
      -0.2121320343559643,
      -0.1148050297095271
    ],
    "10": [
      -7.723826496081355e-17,
      0.092516652894742,
      0.17866887427427405,
      0.24670393629408707,
      0.2808657247310746,
      0.2692462786521026,
      0.2106997661255238,
      0.11526595963830145,
      3.690949359715798e-17,
      -0.1152659596383014,
      -0.21069976612552366,
      -0.2692462786521026,
      -0.2808657247310746,
      -0.24670393629408713,
      -0.1786688742742742,
      -0.09251665289474204
    ],
    "20": [
      -2.5234675861975457e-17,
      0.07621463645308099,
      0.14981484142058712,
      0.21318525825348725,
      0.2509630257335528,
      0.24650800264368022,
      0.19501991181204073,
      0.10692063131014892,
      4.377558558116351e-17,
      -0.10692063131014885,
      -0.19501991181204067,
      -0.24650800264368017,
      -0.25096302573355284,
      -0.2131852582534873,
      -0.14981484142058715,
      -0.0762146364530811
    ],
    "30": [
      -5.422872691465052e-17,
      0.06676505697978034,
      0.13132225326724828,
      0.18745537887254926,
      0.2217411959287719,
      0.21776670390066166,
      0.17089467664872354,
      0.09278469016741585,
      5.90847875503302e-17,
      -0.09278469016741582,
      -0.1708946766487234,
      -0.21776670390066163,
      -0.22174119592877195,
      -0.18745537887254926,
      -0.1313222532672484,
      -0.06676505697978037
    ]
  },
  "_source": "solver"
}