{
  "results": [
    {
      "u_initial": [
        0.0,
        0.11480502970952693,
        0.21213203435596423,
        0.27716385975338603,
        0.3,
        0.27716385975338603,
        0.21213203435596426,
        0.11480502970952697,
        3.6739403974420595e-17,
        -0.1148050297095269,
        -0.21213203435596423,
        -0.2771638597533859,
        -0.3,
        -0.277163859753386,
        -0.2121320343559643,
        -0.1148050297095271
      ],
      "u_final_classical": null,
      "u_final_method": [
        -5.422872691465052e-17,
        0.06676505697978034,
        0.13132225326724828,
        0.18745537887254926,
        0.2217411959287719,
        0.21776670390066166,
        0.17089467664872354,
        0.09278469016741585,
        5.90847875503302e-17,
        -0.09278469016741582,
        -0.1708946766487234,
        -0.21776670390066163,
        -0.22174119592877195,
        -0.18745537887254926,
        -0.1313222532672484,
        -0.06676505697978037
      ],
      "errors_by_step": {},
      "final_error": NaN,
      "max_error": NaN,
      "_source": "solver"
    },
    {
      "_source": "stdout",
      "experiment_id": null,
      "algorithm": "burgers_lbm",
      "q": 4,
      "N": 16,
      "nu": 0.05,
      "n_steps": 30,
      "shock_pct": null,
      "ic": "sine",
      "ic_modes": null,
      "ic_seed": null,
      "ic_alpha": null,
      "ic_center": null,
      "ic_sigma": null,
      "ic_cole_hopf_coeffs": null,
      "classical_reference": false,
      "analytic_reference": null,
      "method": "lbm",
      "bc": "periodic",
      "trotter_order": 1,
      "trotter_reps": 1,
      "qalb_collision_trotter_reps": 0,
      "shots": 150000,
      "t1": null,
      "t2": null,
      "backend_name": null,
      "final_error": NaN,
      "max_error": NaN,
      "classical_time_s": null,
      "method_time_s": 0.0004940032958984375,
      "exit_code": 0
    }
  ],
  "analysis": [
    {
      "final_error_epsilon": NaN,
      "max_error_epsilon": NaN,
      "classical_wall_time_s": null,
      "method_wall_time_s": 0.0004940032958984375,
      "speedup_ratio": null,
      "n_pauli_terms": 60,
      "shots": 150000,
      "t1": null,
      "t2": null,
      "backend_name": null,
      "backend_type": "sim",
      "coupling_map": "default",
      "optimization_level": 1,
      "seed": 1234,
      "total_pauli_decomp_time": 0,
      "total_circuit_construction_time": 0,
      "total_transpilation_time": 0,
      "total_execution_time": 0,
      "total_sign_recovery_time": 0,
      "total_metric_transpile_time": 0,
      "n_circuits_executed": 0,
      "avg_circuit_depth": null,
      "avg_gate_count": null,
      "avg_cx_gates": null,
      "avg_sign_recovery_depth_per_circuit": null,
      "avg_sign_recovery_cx_per_circuit": null,
      "total_sign_recovery_cx": 0,
      "n_qubits": null,
      "circuit_metrics_n_available": 0,
      "circuit_metrics_n_total": 3,
      "sign_recovery": "none",
      "per_step_metrics": [
        {
          "step": 1,
          "rho_max": 1.1279852245561321,
          "rho_min": 0.8983751651370784,
          "u_max": 0.2808657247310746,
          "mass": 16.0
        },
        {
          "step": 2,
          "rho_max": 1.268084721067537,
          "rho_min": 0.8249236814287372,
          "u_max": 0.25096302573355284,
          "mass": 16.0
        },
        {
          "step": 3,
          "rho_max": 1.4092752178546404,
          "rho_min": 0.7677363233875888,
          "u_max": 0.22174119592877195,
          "mass": 16.0
        }
      ],
      "_source": "solver"
    }
  ],
  "experiment": [
    {
      "_source": "sweep",
      "name": "lbm_classical",
      "experiment_id": "9f2648d5",
      "workflow_id": "_32fc91a5",
      "timestamp": "2026-06-15T01:15:20.512303Z",
      "user": {
        "username": "agallojr",
        "hostname": "MH-DT9TLJQR2V"
      }
    }
  ],
  "case": [
    {
      "_source": "sweep",
      "name": "lbm_classical",
      "case_id": "lbm_classical",
      "params": {
        "_output_dir": "~/q8020",
        "_inject_outdir": "--outdir",
        "_env": "./.venv",
        "_script": "python ./q8020-mps-burgers/src/burgers_solver.py",
        "--noshow": true,
        "--no-classical-reference": true,
        "--no-analytic-reference": true,
        "--cfl": 0.1,
        "--evolution-mode": "measure_reprepare",
        "--segment-size": 5,
        "--save-every": 10,
        "--bc": "periodic",
        "--ic": "sine",
        "--source": "none",
        "--ic-amplitude": 0.3,
        "--nu": 0.05,
        "--seed": 1234,
        "--shots": 150000,
        "--metric-transpile-timeout": 0,
        "--q": 4,
        "--n-steps": 30,
        "--method": "lbm"
      },
      "command": [
        "bash",
        "-c",
        "source /Users/agallojr/proj/src/q8020/.venv/bin/activate && python ./q8020-mps-burgers/src/burgers_solver.py --noshow --no-classical-reference --no-analytic-reference --cfl 0.1 --evolution-mode measure_reprepare --segment-size 5 --save-every 10 --bc periodic --ic sine --source none --ic-amplitude 0.3 --nu 0.05 --seed 1234 --shots 150000 --metric-transpile-timeout 0 --q 4 --n-steps 30 --method lbm --outdir /Users/agallojr/q8020/2026-06-14/_32fc91a5/9f2648d5"
      ],
      "script": "-c",
      "cwd": "/Users/agallojr/proj/src/q8020"
    },
    {
      "q": 4,
      "N": 16,
      "nu": 0.05,
      "dx": 0.0625,
      "dt": 0.00625,
      "cfl": 0.1,
      "n_steps": 30,
      "shock_pct": null,
      "ic": "sine",
      "ic_modes": null,
      "ic_seed": null,
      "ic_alpha": null,
      "ic_center": null,
      "ic_sigma": null,
      "ic_cole_hopf_coeffs": null,
      "classical_reference": false,
      "analytic_reference": null,
      "source": "none",
      "method": "lbm",
      "trotter_order": 1,
      "trotter_reps": 1,
      "bond_dim": null,
      "mps_threshold": 0.0,
      "shots": 150000,
      "backend_name": null,
      "t1": null,
      "t2": null,
      "bc": "periodic",
      "sign_recovery": "none",
      "backend_type": "sim",
      "coupling_map": "default",
      "optimization_level": 1,
      "seed": 1234,
      "name": "burgers_1d",
      "_source": "solver"
    }
  ],
  "exec_stats": [
    {
      "_source": "sweep",
      "start_time": "2026-06-15T01:15:20.512303Z",
      "end_time": "2026-06-15T01:15:21.674287Z",
      "duration_seconds": 1.161994,
      "exit_code": 0,
      "success": true
    }
  ],
  "code": [
    {
      "_source": "sweep",
      "entry_point": "-c",
      "interpreter": "bash",
      "library_versions_before": {
        "type": "venv",
        "path": "/Users/agallojr/proj/src/q8020/.venv",
        "packages": {
          "ml_dtypes": "0.5.4",
          "starlette": "1.3.1",
          "cytoolz": "1.1.0",
          "toolz": "1.1.0",
          "pybase64": "1.4.3",
          "pydantic_core": "2.46.4",
          "numba": "0.65.1",
          "jax": "0.7.1",
          "iniconfig": "2.3.0",
          "toml": "0.10.2",
          "pandas": "3.0.3",
          "q8020-cfd-qutil": "0.1.0",
          "matplotlib": "3.11.0",
          "jsonschema-specifications": "2025.9.1",
          "websockets": "16.0",
          "requests": "2.34.2",
          "narwhals": "2.22.1",
          "opt_einsum": "3.4.0",
          "orjson": "3.11.9",
          "networkx": "3.6.1",
          "PyJWT": "2.13.0",
          "quimb": "1.14.0",
          "blinker": "1.9.0",
          "qiskit-ibm-runtime": "0.47.0",
          "jsonschema": "4.26.0",
          "contourpy": "1.3.3",
          "rustworkx": "0.17.1",
          "GitPython": "3.1.50",
          "samplomatic": "0.19.0",
          "pillow": "12.2.0",
          "kiwisolver": "1.5.0",
          "qrisp": "0.8.2",
          "itsdangerous": "2.2.0",
          "packaging": "26.2",
          "cffi": "2.0.0",
          "ddt": "1.7.2",
          "numpy": "2.4.6",
          "altair": "6.2.1",
          "q8020-cfd-experiments": "0.1.0",