{
  "grid": [
    0.0,
    0.06666666666666667,
    0.13333333333333333,
    0.2,
    0.26666666666666666,
    0.3333333333333333,
    0.4,
    0.4666666666666667,
    0.5333333333333333,
    0.6,
    0.6666666666666666,
    0.7333333333333333,
    0.8,
    0.8666666666666667,
    0.9333333333333333,
    1.0
  ],
  "solution_steps": {
    "0": [
      0.0,
      0.40673664307580015,
      0.7431448254773941,
      0.9510565162951535,
      0.9945218953682734,
      0.8660254037844387,
      0.5877852522924732,
      0.20791169081775931,
      -0.20791169081775907,
      -0.587785252292473,
      -0.8660254037844384,
      -0.9945218953682733,
      -0.9510565162951536,
      -0.743144825477394,
      -0.40673664307580015,
      -2.4492935982947064e-16
    ],
    "5": [
      0.1903209224230595,
      0.3395425556928136,
      0.5905196776468425,
      0.7556641491714271,
      0.8527646999605638,
      0.8755569096157754,
      0.7341585203189708,
      0.3018397447315095,
      -0.3018397447055414,
      -0.7341585203850951,
      -0.8755569095677281,
      -0.852764699968065,
      -0.7556641491718237,
      -0.5905196776468348,
      -0.3395425556928134,
      -0.19032092242306087
    ]
  },
  "_source": "solver"
}