{
  "results": [
    {
      "u_initial": [
        0.0,
        0.40673664307580015,
        0.7431448254773941,
        0.9510565162951535,
        0.9945218953682734,
        0.8660254037844387,
        0.5877852522924732,
        0.20791169081775931,
        -0.20791169081775907,
        -0.587785252292473,
        -0.8660254037844384,
        -0.9945218953682733,
        -0.9510565162951536,
        -0.743144825477394,
        -0.40673664307580015,
        -2.4492935982947064e-16
      ],
      "u_final_classical": [
        0.0,
        0.33666300556821654,
        0.6401194428950681,
        0.8724600515057863,
        0.9878133984023528,
        0.9358885780494899,
        0.6829322072337242,
        0.25202043801908297,
        -0.2520204380190827,
        -0.6829322072337239,
        -0.9358885780494896,
        -0.9878133984023527,
        -0.8724600515057864,
        -0.640119442895068,
        -0.33666300556821654,
        -2.4492935982947064e-16
      ],
      "u_final_method": [
        0.1903209224230595,
        0.3395425556928136,
        0.5905196776468425,
        0.7556641491714271,
        0.8527646999605638,
        0.8755569096157754,
        0.7341585203189708,
        0.3018397447315095,
        -0.3018397447055414,
        -0.7341585203850951,
        -0.8755569095677281,
        -0.852764699968065,
        -0.7556641491718237,
        -0.5905196776468348,
        -0.3395425556928134,
        -0.19032092242306087
      ],
      "errors_by_step": {
        "0": 0.0,
        "5": 0.14709318844467678
      },
      "final_error": 0.14709318844467678,
      "max_error": 0.14709318844467678,
      "_source": "solver"
    },
    {
      "_source": "stdout",
      "experiment_id": null,
      "algorithm": "burgers_cole_hopf_circuit",
      "q": 4,
      "N": 16,
      "nu": 0.01,
      "n_steps": 5,
      "shock_pct": null,
      "ic": "sine",
      "ic_modes": null,
      "ic_seed": null,
      "ic_alpha": null,
      "ic_center": null,
      "ic_sigma": null,
      "ic_cole_hopf_coeffs": null,
      "classical_reference": true,
      "analytic_reference": null,
      "method": "cole_hopf_circuit",
      "bc": "dirichlet",
      "trotter_order": 1,
      "trotter_reps": 1,
      "shots": 0,
      "t1": null,
      "t2": null,
      "backend_name": null,
      "final_error": 0.14709318844467678,
      "max_error": 0.14709318844467678,
      "classical_time_s": 0.0003561973571777344,
      "method_time_s": 0.26738524436950684,
      "exit_code": 0
    }
  ],
  "case": [
    {
      "q": 4,
      "N": 16,
      "nu": 0.01,
      "dx": 0.06666666666666667,
      "dt": 0.006666666666666667,
      "cfl": 0.1,
      "n_steps": 5,
      "shock_pct": null,
      "ic": "sine",
      "ic_modes": null,
      "ic_seed": null,
      "ic_alpha": null,
      "ic_center": null,
      "ic_sigma": null,
      "ic_cole_hopf_coeffs": null,
      "classical_reference": true,
      "analytic_reference": null,
      "source": "none",
      "method": "cole_hopf_circuit",
      "trotter_order": 1,
      "trotter_reps": 1,
      "bond_dim": 4,
      "mps_threshold": 0.0,
      "shots": 0,
      "backend_name": null,
      "t1": null,
      "t2": null,
      "bc": "dirichlet",
      "sign_recovery": "none",
      "backend_type": "sim",
      "coupling_map": "default",
      "optimization_level": 1,
      "seed": null,
      "name": "burgers_1d",
      "_source": "solver"
    },
    {
      "_source": "sweep",
      "name": "mps_bond_q4_chi4",
      "case_id": "mps_bond_q4_chi4",
      "params": {
        "_output_dir": "/lustre/orion/ard189/scratch/ishangore/burgers_quantum",
        "_inject_outdir": "--outdir",
        "_env": "./q8020-mps-burgers/.venv",
        "_script": "./q8020-mps-burgers/.venv/bin/python ./q8020-mps-burgers/src/burgers_solver.py",
        "_slurm": true,
        "_slurm_project": "ard189",
        "_slurm_pack_venvs": [
          "./q8020-mps-burgers/.venv"
        ],
        "_slurm_partition": "extended",
        "_slurm_walltime": "24:00:00",
        "_slurm_cores_per_task": 1,
        "_slurm_cores_per_node": 64,
        "_slurm_exclusive_node": false,
        "_run_mode": "parallel",
        "_trials": 1,
        "_case_timeout": 82800,
        "--noshow": true,
        "--nu": 0.01,
        "--cfl": 0.1,
        "--ic": "sine",
        "--source": "none",
        "--q": 4,
        "--method": "cole_hopf_circuit",
        "--propagator": "dense-block",
        "--bc": "dirichlet",
        "--n-steps": 5,
        "--bond-dim": 4
      },
      "command": [
        "bash",
        "-c",
        "source /mnt/bb/ishangore/venv_0/bin/activate && /mnt/bb/ishangore/venv_0/bin/python ./q8020-mps-burgers/src/burgers_solver.py --noshow --nu 0.01 --cfl 0.1 --ic sine --source none --q 4 --method cole_hopf_circuit --propagator dense-block --bc dirichlet --n-steps 5 --bond-dim 4 --outdir /lustre/orion/ard189/scratch/ishangore/burgers_quantum/2026-06-05/_e15fb147/6ace5229"
      ],
      "script": "-c",
      "cwd": "/autofs/nccs-svm1_home1/ishangore/q8020"
    }
  ],
  "experiment": [
    {
      "_source": "sweep",
      "name": "mps_bond_q4_chi4",
      "experiment_id": "6ace5229",
      "workflow_id": "_e15fb147",
      "timestamp": "2026-06-06T00:13:16.809371Z",
      "user": {
        "username": "ishangore",
        "hostname": "frontier10365"
      }
    }
  ],
  "analysis": [
    {
      "final_error_epsilon": 0.14709318844467678,
      "max_error_epsilon": 0.14709318844467678,
      "classical_wall_time_s": 0.0003561973571777344,
      "method_wall_time_s": 0.26738524436950684,
      "speedup_ratio": 0.0013321503885438634,
      "n_pauli_terms": 56,
      "shots": 0,
      "t1": null,
      "t2": null,
      "backend_name": null,
      "backend_type": "sim",
      "coupling_map": "default",
      "optimization_level": 1,
      "seed": null,
      "total_pauli_decomp_time": 0,
      "total_circuit_construction_time": 0,
      "total_transpilation_time": 0,
      "total_execution_time": 0,
      "total_sign_recovery_time": 0,
      "total_metric_transpile_time": 0,
      "n_circuits_executed": 0,
      "avg_circuit_depth": null,
      "avg_gate_count": null,
      "avg_cx_gates": null,
      "avg_sign_recovery_depth_per_circuit": null,
      "avg_sign_recovery_cx_per_circuit": null,
      "total_sign_recovery_cx": 0,
      "n_qubits": null,
      "circuit_metrics_n_available": 0,
      "circuit_metrics_n_total": 5,
      "sign_recovery": "none",
      "per_step_metrics": [
        {
          "step": 1,
          "p_success_step": 0.9898090630793568,
          "p_success_total": 0.9898090630793568
        },
        {
          "step": 2,
          "p_success_step": 0.9899687084284889,
          "p_success_total": 0.9798799997674836
        },
        {
          "step": 3,
          "p_success_step": 0.9901243980961358,
          "p_success_total": 0.9702030949762215
        },
        {
          "step": 4,
          "p_success_step": 0.9902762504403132,
          "p_success_total": 0.9607690830586397
        },
        {
          "step": 5,
          "p_success_step": 0.9904243799450821,
          "p_success_total": 0.9515691233587584
        }
      ],
      "_source": "solver"
    }
  ],
  "artifacts": [
    {
      "_source": "sweep",
      "directory": "/lustre/orion/ard189/scratch/ishangore/burgers_quantum/2026-06-05/_e15fb147/6ace5229",
      "files": [
        {
          "name": "q8020_env_before_6ace5229.json",
          "path": "q8020_env_before_6ace5229.json",
          "size_bytes": 2662,
          "modified": "2026-06-06T00:13:16Z",
          "type": "json"
        },
        {
          "name": "q8020_stdout_6ace5229.txt",
          "path": "q8020_stdout_6ace5229.txt",
          "size_bytes": 692,
          "modified": "2026-06-06T00:13:19Z",
          "type": "txt"
        },
        {
          "name": "pipeline_args.json",
          "path": "pipeline_args.json",
          "size_bytes": 1675,