dq_lu, dq_hhl,
-0.005801430280508241,-0.0
-0.00443610272226996,-0.0
-0.021077477864758998,-8.352427477526982e-05
-0.016891869462140163,-0.0001181211621745622
-0.009273093139197393,-0.0
-0.019682031125356336,-0.00014466828757611042
0.00897799265401415,0.0
0.0023386488216075468,0.0
0.003463789106699715,0.0
-0.012904123857221466,-8.352427477526731e-05
0.011618906253620415,0.0
-0.015387399109967103,-0.00014466828757610836
-0.004134718078417216,-0.0
0.024741064637492413,0.0002209844594923908
-0.00403694760774776,-0.0
