dq_lu, dq_hhl,
-0.0058343651965448535,-0.0
-0.00449564100625298,-0.0
-0.013641664994844278,-0.005464807419341424
-0.009453776340342897,-0.004461996573320597
-0.00547703651033706,-0.0031551080346258896
-0.013359530696210185,-0.00315510803462623
0.0037672681344508015,0.0
0.0025082653817602957,0.0
0.0038199248645889414,0.0
-0.01182858277415793,-0.0
0.007355655528575309,0.003155108034626037
-0.009530256887320078,-0.004461996573320601
-0.0037055439921836516,-0.0
0.016801001840179536,0.006310216069252556
-0.002826445423626953,-0.0031551080346253497
