xp, rho, u, p, Mach
0.1,1.0,1.5,0.7142857142857144,1.5
0.3,0.9048867842307683,1.6450750155206733,0.5836181484345988,1.7312285968035046
0.5,0.5774520377906002,1.950631315088836,0.30978922353299,2.2507951997265723
0.7,0.6204411781102153,1.6071542266821401,0.32440534544157335,1.8784508795215524
0.9,0.5276258032279252,1.8128037132220471,0.2686750278070394,2.147020178737111
