xp, rho, u, p, Mach
0.1,0.988757857221954,1.5170549483312814,0.6996708673550124,1.5241768875197144
0.3,0.8910923795179714,1.6066836582441328,0.6065931045960977,1.645807317193739
0.5,0.615748921665425,1.7482749723250113,0.3728228443384851,1.8988746418101605
0.7,0.5250548456620219,1.7933300724235803,0.29730909198903177,2.0141622571461255
0.9,0.48704047031912306,1.8489157812694577,0.26550686803343904,2.1164000187886627
