dq_lu, dq_hhl,
0.003031395990890596,0.0
0.0013361374201500428,0.0
0.006364998401744602,0.0
0.0012989416808021252,0.0
0.0001216680087167662,0.0
-0.0003861977363037455,-0.0
-0.027047172089674942,-0.0
0.030639167285333415,0.0110970888360055
-0.06091313519340256,-0.011097088836005681
-0.06369271922240312,-0.015693653534738308
-0.04581785630782464,-0.0
-0.1202532215361892,-0.0
-0.0642922690316975,-0.0
-0.10276770755240087,-0.0
-0.160393202511758,-0.0
-0.10203199153097989,-0.019220721680067342
-0.15342059612496567,-0.0
-0.21274197682247217,-0.01922072168006744
-0.11969802999016162,-0.0
-0.13228548445963895,-0.0
-0.23264835936967732,-0.011097088836005815
-0.10352447278415014,-0.011097088836005756
-0.12125078737557224,-0.0
-0.2264751228886582,-0.03138730706947697
-0.14596796346893554,-0.015693653534738446
-0.11669058475245303,-0.0
-0.2676485038614045,-0.027182205278549976
-0.15430154046040084,-0.019220721680067405
-0.09607009337899519,-0.011097088836005747
-0.3579596955190752,-0.036804879934273095
