{
  "transpile_passes": [
    {
      "wall_time": 0.09616875648498535,
      "after": {
        "depth": 91178,
        "num_qubits": 11,
        "gate_counts": {
          "cx": 44356,
          "u3": 31263,
          "t": 19308,
          "tdg": 14608,
          "h": 10444,
          "rz": 3048,
          "s": 508,
          "sdg": 508,
          "ry": 64,
          "reset": 3,
          "u2": 2,
          "u1": 2
        }
      }
    }
  ],
  "circuit_construction_time_s": 0.39012694358825684,
  "execution_time_s": 0.0,
  "_source": "solver"
}