{
  "u_initial": [
    0.0,
    0.02940514209886818,
    0.05852709660483847,
    0.0870854031763387,
    0.11480502970952693,
    0.1414190210477993,
    0.16667106990588065,
    0.19031798524909363,
    0.21213203435596423,
    0.2319031360088211,
    0.24944088369076356,
    0.26457637930450645,
    0.27716385975338603,
    0.28708210071966267,
    0.2942355841209691,
    0.298555418001659,
    0.3,
    0.2985554180016591,
    0.2942355841209691,
    0.28708210071966267,
    0.27716385975338603,
    0.2645763793045065,
    0.24944088369076362,
    0.23190313600882112,
    0.21213203435596426,
    0.19031798524909363,
    0.16667106990588065,
    0.14141902104779935,
    0.11480502970952697,
    0.08708540317633871,
    0.05852709660483858,
    0.029405142098868246,
    3.6739403974420595e-17,
    -0.029405142098868176,
    -0.058527096604838506,
    -0.08708540317633863,
    -0.1148050297095269,
    -0.1414190210477993,
    -0.16667106990588057,
    -0.19031798524909357,
    -0.21213203435596423,
    -0.23190313600882098,
    -0.24944088369076356,
    -0.26457637930450645,
    -0.2771638597533859,
    -0.2870821007196626,
    -0.29423558412096906,
    -0.2985554180016591,
    -0.3,
    -0.2985554180016591,
    -0.2942355841209691,
    -0.28708210071966267,
    -0.277163859753386,
    -0.2645763793045065,
    -0.24944088369076362,
    -0.23190313600882106,
    -0.2121320343559643,
    -0.19031798524909377,
    -0.16667106990588065,
    -0.14141902104779938,
    -0.1148050297095271,
    -0.08708540317633874,
    -0.05852709660483861,
    -0.029405142098868152
  ],
  "u_final_classical": null,
  "u_final_method": [
    0.007532740505552806,
    0.031374937984837356,
    0.05349750592928924,
    0.07438184823495493,
    0.09482758789962836,
    0.11544799301383314,
    0.1362366210167589,
    0.15639923955084195,
    0.1745510574169752,
    0.18925183179113264,
    0.1997153013423607,
    0.20639411122629311,
    0.2110815956787287,
    0.21632686817299732,
    0.22434383915860215,
    0.23594474227978884,
    0.25003016659834426,
    0.26384084671677727,
    0.27383122818104366,
    0.27684756391697374,
    0.2712079960035105,
    0.257237384002496,
    0.2369829781515557,
    0.2133378629538167,
    0.18923495437832655,
    0.16735366818190542,
    0.1500180959977507,
    0.13856377493938496,
    0.1319827555922697,
    0.12563132678692668,
    0.11138657298971892,
    0.08056536541176626,
    0.029628518499907983,
    -0.034713904903095595,
    -0.09702350600610671,
    -0.14247527009658084,
    -0.16606663297350677,
    -0.17386367473688125,
    -0.1774363829317741,
    -0.18706866991843724,
    -0.2071235063294705,
    -0.2348152623761041,
    -0.26275945530603634,
    -0.28371956285861016,
    -0.29421925742598043,
    -0.29492797415240457,
    -0.2886713430253559,
    -0.2782114536572651,
    -0.26513038571872066,
    -0.24991986657505036,
    -0.2327174602525899,
    -0.21403204439282955,
    -0.19503146271562768,
    -0.17729956180711406,
    -0.1622328450831324,
    -0.15038035777584444,
    -0.1410554817572116,
    -0.13245602261963044,
    -0.12229366504550088,
    -0.1086465849597116,
    -0.0906205156126222,
    -0.06854488160097559,
    -0.04370761515668803,
    -0.01782427273419136
  ],
  "errors_by_step": {},
  "final_error": NaN,
  "max_error": NaN,
  "_source": "solver"
}