xp, rho, u, p, Mach
0.1,0.9864517709181895,1.5168579813008873,0.6992346389652918,1.5226755156206222
0.3,0.886178996045169,1.6147485189607,0.6021538325107898,1.6555712491063574
0.5,0.6209056074072069,1.7398144394518118,0.37540574936706783,1.8910423032778851
0.7,0.5177377476101513,1.828395374492581,0.28836392398454264,2.070573005693888
0.9,0.4843664676695039,1.867649778406874,0.26181047301962584,2.1469649276526432
