xp, rho, u, p, Mach
0.1,0.986012476891798,1.5177943243693788,0.6988764435231148,1.5236664708363246
0.3,0.886178996045169,1.6151584931004377,0.6019191407028623,1.6563143968311151
0.5,0.6211446717584834,1.7400054360674735,0.3753208244413982,1.891827954504546
0.7,0.517755582556989,1.8288428393746246,0.2881825395154755,2.071767096773809
0.9,0.4843664676695039,1.867649778406874,0.26181047301962584,2.1469649276526432
