xp, rho, u, p, Mach
0.1,1.0,1.5,0.7142857142857144,1.5
0.3,1.0,1.5,0.7131290120365205,1.5012160144561093
0.5,0.9942164887540296,1.508725732239492,0.7080101809317738,1.5110088537840436
0.7,0.9949913323379166,1.5046445086705242,0.7083371600692223,1.5071605656431304
0.9,0.9929166742628621,1.5029953393391475,0.7110601467445512,1.5010558415332727
