{
  "u_initial": [
    0.0,
    0.19509032201612825,
    0.3826834323650898,
    0.5555702330196022,
    0.7071067811865475,
    0.8314696123025452,
    0.9238795325112867,
    0.9807852804032304,
    1.0,
    0.9807852804032304,
    0.9238795325112867,
    0.8314696123025455,
    0.7071067811865476,
    0.5555702330196022,
    0.3826834323650899,
    0.1950903220161286,
    1.2246467991473532e-16,
    -0.19509032201612836,
    -0.38268343236508967,
    -0.555570233019602,
    -0.7071067811865475,
    -0.8314696123025452,
    -0.9238795325112865,
    -0.9807852804032303,
    -1.0,
    -0.9807852804032304,
    -0.9238795325112866,
    -0.8314696123025455,
    -0.7071067811865477,
    -0.5555702330196022,
    -0.3826834323650904,
    -0.19509032201612872
  ],
  "u_final_classical": [
    -8.486442845178899e-17,
    0.09590909595271489,
    0.19134664650845248,
    0.2858202979373214,
    0.37879355477628157,
    0.46965678236545927,
    0.5576879216366918,
    0.6419952536468057,
    0.7214283406360186,
    0.794429909285007,
    0.8587702555834253,
    0.9110240847824432,
    0.9454091621459159,
    0.9507769815158772,
    0.8960351765679959,
    0.6478384184080687,
    5.561119710024097e-16,
    -0.6478384184080678,
    -0.8960351765679955,
    -0.9507769815158771,
    -0.945409162145916,
    -0.9110240847824432,
    -0.8587702555834253,
    -0.794429909285007,
    -0.7214283406360188,
    -0.641995253646806,
    -0.557687921636692,
    -0.46965678236545944,
    -0.37879355477628174,
    -0.28582029793732155,
    -0.19134664650845262,
    -0.09590909595271506
  ],
  "u_final_method": [
    -2.8599345114344034e-15,
    0.09967171698807366,
    0.19739579202400456,
    0.2914953264544373,
    0.380726187464832,
    0.46429638540795887,
    0.541781135852967,
    0.6129910663865415,
    0.677829633510748,
    0.7361421965165408,
    0.7875190723751567,
    0.8309334291692474,
    0.863802722335522,
    0.8784880367927161,
    0.8427446178256531,
    0.6055108180727701,
    -8.883284863259177e-10,
    -0.605510818294336,
    -0.8427446169313407,
    -0.878488036575726,
    -0.8638027223429628,
    -0.8309334291643086,
    -0.7875190723733766,
    -0.7361421965168787,
    -0.6778296335110762,
    -0.6129910663865772,
    -0.5417811358529571,
    -0.4642963854079439,
    -0.380726187464835,
    -0.2914953264544378,
    -0.19739579202400362,
    -0.0996717169880775
  ],
  "errors_by_step": {
    "0": 0.0,
    "8": 0.021563301109757276,
    "16": 0.035598646066804004,
    "24": 0.047349572304557795,
    "32": 0.05528743004907206,
    "40": 0.05922101863812856,
    "48": 0.06517624877320156,
    "51": 0.07045138062172153
  },
  "final_error": 0.07045138062172153,
  "max_error": 0.07045138062172153,
  "_source": "solver"
}