xp, rho, u, p, Mach
0.1,0.9874179284325925,1.514430548699431,0.6999248996218407,1.5202328964443663
0.3,0.8858081706303242,1.6133042689989607,0.6031927293944926,1.6523196095202435
0.5,0.6194307979110404,1.7422985017938133,0.3747299987368405,1.8931965823653334
0.7,0.5170004695896376,1.8296208300964152,0.28856956966561487,2.06974709197956
0.9,0.48372280757224345,1.8696760229159692,0.260812565737028,2.151970766964548
