xp, rho, u, p, Mach
0.1,0.9996811329255367,1.5004784531746589,0.7137595378439608,1.500792086359683
0.3,0.8699214544929161,1.5764056481548852,0.6276072926468212,1.568555878282413
0.5,0.549977398427109,2.064497280438102,0.2701251004384229,2.489661180716495
0.7,0.6008017128587442,1.6816233370191878,0.30780457526981153,1.9856045231553476
0.9,0.5155715607631671,2.0088844818536176,0.1883714369422989,2.8088457968381104
