dq_lu, dq_hhl,
-2.757356381867875e-05,-5.696887224580174e-08
-5.116236751019843e-05,-8.056615176446019e-08
7.944479381195197e-05,1.2738627094613022e-07
0.00015586641943256946,2.7321311337214674e-07
-1.8204854131935485e-05,-0.0
0.0002803377737450844,5.523337089894556e-07
6.882347284013773e-05,9.867298118177393e-08
-7.432559875805428e-05,-1.3954466822719997e-07
0.00044050406411129373,8.658518958784945e-07
0.0001663741288021744,3.067867659295153e-07
-0.00031065437338126454,-5.974945728364641e-07
0.0004467835256194696,9.168272317844039e-07
8.443096096528518e-06,0.0
-0.00012466975766929126,-2.732131133717081e-07
0.000462156604314465,8.788729557978227e-07
