dq_lu, dq_hhl,
-0.012604254014099993,-0.012434170475427865
-0.004402798340958737,-0.004396143130801651
0.0279558224211651,0.024476689057582116
0.03649424033910331,0.030457373039579565
0.01017765133636959,0.009830074879292508
0.061827197237323064,0.04915037439646656
-0.004170954411880243,-0.0
-0.00701042155298223,-0.004396143130802022
0.0708492733407242,0.053661765620867455
0.032962274107301584,0.02407866758761922
-0.017830692750702155,-0.012434170475428153
0.045441340106168064,0.03730251142628573
0.004244201915513794,0.00621708523771296
-0.042025773241417735,-0.03260267003571382
0.09778988747768484,0.08200898670525698
