xp, rho, u, p, Mach
0.1,0.987495050148716,1.5144421475465788,0.69977867455907,1.5204627397965238
0.3,0.8858979190956581,1.6134262257268688,0.6030077226695956,1.6527817086063301
0.5,0.619649273126327,1.7416924868022086,0.37481813748930837,1.8926492357656504
0.7,0.5168929281065772,1.8301207382150015,0.2883261205147222,2.0709710378841715
0.9,0.4837630291027641,1.8698345910136618,0.2606575130251437,2.1528827885465667
