xp, rho, u, p, Mach
0.1,0.9874984846540913,1.5144442119132062,0.699771995280417,1.5204747128187837
0.3,0.8858796121853596,1.613459567558853,0.6029858261991539,1.6528287951853045
0.5,0.6196439047712057,1.7417184632890719,0.37479024768533925,1.8927396846842743
0.7,0.5168714667459732,1.8302662764369837,0.2882643154831537,2.0713147457064447
0.9,0.4837630291027641,1.8698672036056878,0.26062523205232146,2.1530536638499855
