{
  "grid": [
    0.0,
    0.03225806451612903,
    0.06451612903225806,
    0.0967741935483871,
    0.12903225806451613,
    0.16129032258064516,
    0.1935483870967742,
    0.22580645161290322,
    0.25806451612903225,
    0.29032258064516125,
    0.3225806451612903,
    0.3548387096774194,
    0.3870967741935484,
    0.4193548387096774,
    0.45161290322580644,
    0.4838709677419355,
    0.5161290322580645,
    0.5483870967741935,
    0.5806451612903225,
    0.6129032258064516,
    0.6451612903225806,
    0.6774193548387096,
    0.7096774193548387,
    0.7419354838709677,
    0.7741935483870968,
    0.8064516129032258,
    0.8387096774193548,
    0.8709677419354839,
    0.9032258064516129,
    0.9354838709677419,
    0.967741935483871,
    1.0
  ],
  "solution_steps": {
    "0": [
      0.0,
      0.20129852008866006,
      0.39435585511331855,
      0.5712682150947923,
      0.7247927872291199,
      0.8486442574947509,
      0.9377521321470804,
      0.9884683243281114,
      0.9987165071710528,
      0.9680771188662044,
      0.8978045395707416,
      0.7907757369376985,
      0.6513724827222223,
      0.48530196253108143,
      0.29936312297335804,
      0.10116832198743228,
      -0.10116832198743204,
      -0.2993631229733574,
      -0.48530196253108043,
      -0.651372482722222,
      -0.7907757369376986,
      -0.8978045395707414,
      -0.9680771188662043,
      -0.9987165071710528,
      -0.9884683243281114,
      -0.9377521321470808,
      -0.8486442574947515,
      -0.72479278722912,
      -0.5712682150947924,
      -0.3943558551133187,
      -0.20129852008866028,
      -2.4492935982947064e-16
    ],
    "8": [
      0.0,
      0.6639513375355041,
      0.7129195656170396,
      0.6872231798629305,
      0.7375193001213748,
      0.7190143735875693,
      0.734400645069916,
      0.7168344588183988,
      0.7395707712598071,
      0.7142736300875631,
      0.740874640087327,
      0.7244106274218235,
      0.7622756739958222,
      0.7287667491011158,
      0.7694389056773931,
      0.7278525299650959,
      0.7075461919282621,
      0.6808441951317544,
      0.713710872446438,
      0.6801365368035424,
      0.7228451450053216,
      0.6967218320979629,
      0.7309525928265715,
      0.7018393403405334,
      0.734493137951981,
      0.7045373608778067,
      0.735866462268002,
      0.707545123649602,
      0.745298423705753,
      0.7227133988994919,
      0.7768860910535268,
      0.0
    ],
    "16": [
      0.0,
      0.5568990569095977,
      0.7211914997278843,
      0.6002568355310548,
      0.7848788702076888,
      0.6446324580429897,
      0.7927447229932587,
      0.6522161017862933,
      0.8181560356236673,
      0.6817281319460311,
      0.8356498429607022,
      0.6823780441351551,
      0.9029808100703848,
      0.7427985259463394,
      0.9128810336485725,
      0.7714926230759649,
      0.6719057398696039,
      0.5533539734017751,
      0.6779416006515069,
      0.5606347957308512,
      0.7211463425773121,
      0.611273646054352,
      0.7404773121566026,
      0.6120551055126734,
      0.7768489863527431,
      0.6325626070069356,
      0.7764328380090088,
      0.6421130725498335,
      0.8463762441450042,
      0.6980156032981264,
      0.8872275528481517,
      0.0
    ],
    "24": [
      0.0,
      0.32657629861713383,
      0.6326503798718601,
      0.34285164054601297,
      0.7965928165254929,
      0.4488279751028565,
      0.7941261221399096,
      0.45110472813048813,
      0.9823909712867976,
      0.56240045741766,
      0.9924855724205202,
      0.5359688171219515,
      1.2755955233991858,
      0.7106276473622571,
      1.2736027240131917,
      0.7394196147251494,
      0.5531008661517121,
      0.30104073722814395,
      0.5316708578604773,
      0.29813987671853803,
      0.6915937368073128,
      0.38175714890636087,
      0.6990620725343484,
      0.38229584165633124,
      0.8453211431277732,
      0.472269987453264,
      0.8519673823495423,
      0.4719475285836431,
      1.1074154346913079,
      0.6115834351436928,
      1.1308717091343603,
      0.0
    ],
    "32": [
      0.0,
      0.09610095299800445,
      0.3937182803319795,
      0.10097219042290875,
      0.6237866832130662,
      0.15141237245778524,
      0.6381989216524742,
      0.16397382858401346,
      1.0405998952261946,
      0.2545253455467724,
      1.072641378977876,
      0.2640486881202733,
      1.6888632322494106,
      0.4237182716086109,
      1.7379724190968018,
      0.470799408225369,
      0.3104410096875097,
      0.07468710629288293,
      0.3162709094107082,
      0.0855042942273745,
      0.5030837848148858,
      0.12902652155450678,
      0.5260540074453356,
      0.1249196816210469,
      0.8522078346437411,
      0.20355398394878613,
      0.8632819284482816,
      0.19501937024775085,
      1.366918419675885,
      0.3426441670664296,
      1.4440031632688186,
      0.0
    ],
    "40": [
      0.0,
      0.023230146250934516,
      0.22117083139399746,
      0.021906161938960944,
      0.3902830959751729,
      0.03305258060175904,
      0.4338229319836675,
      0.03582328140997567,
      0.9508701030576988,
      0.09283259393230159,
      1.0580617081282775,
      0.09737617085686234,
      1.7928095246904545,
      0.15765123798106304,
      1.9585693739145478,
      0.1881977121575945,
      0.1691148277128252,
      0.01730278651583947,
      0.1799349286555448,
      0.008904889087607771,
      0.32180635041968014,
      0.029068172753966875,
      0.34324988255206795,
      0.034502317631441196,
      0.7797534554578646,
      0.0695490428848732,
      0.85568826655931,
      0.0743588746183698,
      1.447174521725411,
      0.12827961928618947,
      1.6075914717763848,
      0.0
    ],
    "48": [
      0.0,
      0.010646944164098261,
      0.1317276812514624,
      0.0011858647344413053,
      0.2466317362935506,
      0.011983380701501357,
      0.2748929918892198,
      0.002171683289895594,
      0.8988021868034637,
      0.02510363917396378,
      1.017042607953817,
      0.034845525697419694,
      1.802137420832106,
      0.04829400082207372,
      2.0490963007831464,
      0.05606876367752012,
      0.09502333429760584,
      -0.0004947810254370973,
      0.11345873918579193,
      -0.0011140692674519621,
      0.19844976480047713,
      -0.0015352958785468847,
      0.2227625709971813,
      -0.001527797712216911,
      0.7281668700509448,
      0.016332097364067842,
      0.8203186738088516,
      0.013305138960852055,
      1.4645520582014302,
      0.033776275788439114,
      1.663077709344341,
      0.0
    ],
    "50": [
      0.0,
      0.0003919807605924,
      0.12948093001510294,
      0.0011124102851240286,
      0.21122188716866336,
      0.00163374200038935,
      0.24162441085453995,
      0.0119186485356077,
      0.9030147870529589,
      0.025014686289522386,
      1.0135464943582324,
      0.02425759737517617,
      1.801283230712896,
      0.038350144907224944,
      2.049081389511424,
      0.03459973836508428,
      0.09029464803401284,
      -0.00046725807959343706,
      0.09869918415500592,
      -0.001060221372901606,
      0.1745459323079995,
      -0.0014776323583539988,
      0.19182426155345558,
      -0.001697765295260893,
      0.7229336969321213,
      -0.001218474758234428,
      0.8203881869451044,
      0.009120261350978254,
      1.4645423435436191,
      0.028818957220287315,
      1.6732308847349993,
      0.0
    ]
  },
  "_source": "solver"
}