xp, rho, u, p, Mach
0.1,0.9874691428835488,1.5144386483146826,0.6998202670490207,1.5203940987593807
0.3,0.8860334102438137,1.6131673010738543,0.6031800333976989,1.652406760535848
0.5,0.6197093289617159,1.741419827524085,0.37505138599110444,1.8918560873801427
0.7,0.5170366200182119,1.8291122162773144,0.2887669029797672,2.068536920534051
0.9,0.4837676714525502,1.869594606313477,0.26090114191265956,2.1516115153892974
