xp, rho, u, p, Mach
0.1,0.989264127169023,1.5162785739462217,0.700813443837066,1.5225441626636973
0.3,0.8899988928790774,1.6040273645109877,0.6043816772583646,1.645079322412748
0.5,0.6256150538441974,1.7401975981649254,0.37467009515387983,1.900481414959764
0.7,0.5285667796280259,1.8185025756851867,0.2942842245603361,2.0597586904079637
0.9,0.491267319617047,1.8706750162634505,0.26104744903834054,2.1688700857574776
