xp, rho, u, p, Mach
0.1,0.9867631291058904,1.5136598003917008,0.6993444212296578,1.5195855623183616
0.3,0.8844064911983157,1.6176336077941598,0.6021526879433174,1.656871354108363
0.5,0.6187657885669222,1.740075919869836,0.3750614037421595,1.8889311941091216
0.7,0.5112393567681092,1.8408482231991776,0.2850092933369939,2.0837067281420087
0.9,0.4796706686693091,1.8713526236366822,0.26153515931217153,2.14189488284271
