xp, rho, u, p, Mach
0.1,0.9874376739124587,1.514486912450537,0.69980889829147,1.52043067547331
0.3,0.8860654360900031,1.613218456541962,0.6031091136566933,1.6525861797181345
0.5,0.6196902302237227,1.7415087059863898,0.3750289989619878,1.8919799571756382
0.7,0.5170760224731784,1.829187428107069,0.2887513338506629,2.068756569062532
0.9,0.48371175306569514,1.8697822474233472,0.26089131550196887,2.1517436145750723
