dq_lu, dq_hhl,
0.0021137009531081493,0.002524985839958863
-0.0007960187882289547,-0.0
0.0020759021437693403,0.002524985839958841
-0.0013085752511896483,-0.0
-0.002369822482815966,-0.0
-0.003397852655122421,-0.0
-0.0014848378641410768,-0.0
-0.0006180183539005845,-0.0
-0.0005297052182789638,-0.0
4.113790503684474e-06,0.0
0.002690620589197861,0.0
-0.00016844654675200198,-0.0
-0.0004199664334148495,-0.0
-0.005017446125670721,-0.00564603998037397
0.0009545853134995172,0.0
