xp, rho, u, p, Mach
0.1,0.9878809348215463,1.5146143358354045,0.6997045905047868,1.5210132092494857
0.3,0.8873419002419204,1.6134523392951017,0.6036986488609726,1.6532080676396192
0.5,0.621197638906358,1.7382458990636882,0.3757331632240079,1.8889581204789871
0.7,0.5170168030570411,1.8239390549674988,0.29078984217357884,2.055459944653417
0.9,0.4841581650318484,1.8667862671999236,0.26121791029069297,2.1479429110350567
