xp, rho, u, p, Mach
0.1,0.9878809348215463,1.514238239470907,0.6998302855207114,1.5204989587961573
0.3,0.8862551771118968,1.613394887211944,0.6033120808973411,1.6526658007508712
0.5,0.6200231058333535,1.7406547179191514,0.375304397410924,1.890865876083569
0.7,0.5170168030570411,1.8274607419394033,0.28946016935366625,2.0641533619967687
0.9,0.48378662660370636,1.8693528672595823,0.26083342619243727,2.151654702485742
