{
  "u_initial": [
    0.0,
    0.19509032201612825,
    0.3826834323650898,
    0.5555702330196022,
    0.7071067811865475,
    0.8314696123025452,
    0.9238795325112867,
    0.9807852804032304,
    1.0,
    0.9807852804032304,
    0.9238795325112867,
    0.8314696123025455,
    0.7071067811865476,
    0.5555702330196022,
    0.3826834323650899,
    0.1950903220161286,
    1.2246467991473532e-16,
    -0.19509032201612836,
    -0.38268343236508967,
    -0.555570233019602,
    -0.7071067811865475,
    -0.8314696123025452,
    -0.9238795325112865,
    -0.9807852804032303,
    -1.0,
    -0.9807852804032304,
    -0.9238795325112866,
    -0.8314696123025455,
    -0.7071067811865477,
    -0.5555702330196022,
    -0.3826834323650904,
    -0.19509032201612872
  ],
  "u_final_classical": [
    -8.262354423525326e-17,
    0.07668201739399202,
    0.15223282699214896,
    0.22545019860421728,
    0.2949851727812013,
    0.35925804770944325,
    0.41636533821497723,
    0.4639834149587487,
    0.4992871886484854,
    0.5189242157644078,
    0.5191169139512792,
    0.49600018165738713,
    0.4463101680036828,
    0.36846577185950674,
    0.2638680243861619,
    0.13791273925703,
    1.3224265637097127e-16,
    -0.1379127392570297,
    -0.26386802438616164,
    -0.3684657718595065,
    -0.4463101680036826,
    -0.49600018165738696,
    -0.5191169139512791,
    -0.5189242157644078,
    -0.4992871886484854,
    -0.46398341495874873,
    -0.41636533821497734,
    -0.35925804770944336,
    -0.2949851727812014,
    -0.22545019860421742,
    -0.15223282699214913,
    -0.07668201739399219
  ],
  "u_final_method": [
    9.769962616701378e-15,
    0.07714486096457646,
    0.15308838702490607,
    0.2265587254975163,
    0.2961389193114906,
    0.3601854781994984,
    0.41674070145166947,
    0.46344640678078836,
    0.4974798383429832,
    0.5155538753950655,
    0.5140522057618473,
    0.4893951761559436,
    0.43872475027561075,
    0.36091035870385824,
    0.257677526418512,
    0.1344025289928595,
    -2.0605739337042908e-14,
    -0.13440252899289717,
    -0.2576775264185425,
    -0.3609103587038831,
    -0.43872475027563135,
    -0.48939517615595246,
    -0.5140522057618465,
    -0.5155538753950605,
    -0.49747983834297127,
    -0.46344640678077664,
    -0.4167407014516556,
    -0.360185478199481,
    -0.29613891931147407,
    -0.2265587254974989,
    -0.15308838702488706,
    -0.07714486096455656
  ],
  "errors_by_step": {
    "0": 0.0,
    "1": 0.009647551421722836,
    "2": 0.009738957769682687,
    "3": 0.009868721083788123,
    "4": 0.010026566075086372,
    "5": 0.010204272766480747,
    "6": 0.010395240357489259,
    "7": 0.010594138012267783,
    "8": 0.010796632697115519,
    "9": 0.01099918132232396,
    "10": 0.011198874083579852,
    "11": 0.011393317081559285,
    "12": 0.011580544185352022,
    "13": 0.011758950144254427,
    "14": 0.011927238840857222,
    "15": 0.01208438218269991,
    "16": 0.012229586416435382,
    "17": 0.012362263636206091,
    "18": 0.01248200698881139,
    "19": 0.012588568600947292,
    "20": 0.012681839615031696,
    "21": 0.012761831960589727,
    "22": 0.012828661641339813,
    "23": 0.012882533410218526,
    "24": 0.01292372675553018,
    "25": 0.012952583145790331,
    "26": 0.012969494489027527,
    "27": 0.012974892761434592,
    "28": 0.012969240755039474,
    "29": 0.012953023887479759,
    "30": 0.01292674301075785,
    "31": 0.012890908150972652,
    "32": 0.012846033107831913,
    "33": 0.012792630841332954,
    "34": 0.012731209573187508,
    "35": 0.012662269532141874,
    "36": 0.012586300275012997,
    "37": 0.012503778518769186,
    "38": 0.012415166423053974,
    "39": 0.012320910266994063,
    "40": 0.012221439468720447,
    "41": 0.012117165900678465,
    "42": 0.012008483458334556,
    "43": 0.01189576784426148,
    "44": 0.011779376533728063,
    "45": 0.011659648891790426,
    "46": 0.011536906415471072,
    "47": 0.011411453077890306,
    "48": 0.01128357575420963,
    "49": 0.011153544711936948,
    "50": 0.011021614150566534,
    "51": 0.010888022777681397
  },
  "final_error": 0.010888022777681397,
  "max_error": 0.012974892761434592,
  "_source": "solver"
}