{
  "l2_error_normalized": 0.11578222243968897,
  "l2_error_phase_corrected": 0.11578222243968897,
  "fidelity_shots": 0.9866394039788742,
  "residual": 2.1233372543995155,
  "shots": 65536,
  "sv_fidelity": 0.9861913130064518,
  "sv_solution": [
    -0.1877359026965406,
    -0.27719815561071964,
    -0.399796069803852,
    -0.49580306534969004,
    -0.4442576129359346,
    -0.4099215523931853,
    -0.3197868428965417,
    -0.12080854964059225
  ],
  "success_probability": 0.3224174640898084,
  "_source": "solver"
}