{
  "classical_solution": [
    1.8659977352180732,
    3.235281317424914,
    4.742829200802939,
    5.602688546080272,
    4.939518034949579,
    4.5105008985422215,
    4.315620719084045,
    2.541527724118476
  ],
  "classical_solution_normalized": [
    0.15903977137148692,
    0.27574438668092427,
    0.4042333265005592,
    0.47751949995272674,
    0.4209971985158434,
    0.3844318876363518,
    0.3678221680204592,
    0.21661547629416597
  ],
  "quantum_solution": [
    0.19165296647450608,
    0.2736253485630178,
    0.40220155067448465,
    0.49402251295534777,
    0.4418246465719849,
    0.41229347421152235,
    0.31918461169940854,
    0.12449993916481732
  ],
  "quantum_solution_normalized": [
    0.19165296647450608,
    0.2736253485630178,
    0.40220155067448465,
    0.49402251295534777,
    0.4418246465719849,
    0.41229347421152235,
    0.31918461169940854,
    0.12449993916481732
  ],
  "_source": "solver"
}