{
  "circuit_build_time_s": 0.004884958267211914,
  "modular_transpile_time_s": 0.052256107330322266,
  "execution_time_s": 0.08691692352294922,
  "modular_pre_opt": {
    "cx_count": 1914,
    "total_gates": 5094,
    "depth": 3673
  },
  "modular_post_opt": {
    "cx_count": 1914,
    "total_gates": 5094,
    "depth": 3673
  },
  "blocks_transpiled": 5,
  "per_block_compile_times": {
    "state_prep": 0.0012828749895561486,
    "qpe": 0.0011834169999929145,
    "controlled_rotations": 0.005670084006851539,
    "inverse_qpe": 0.0011266670044278726,
    "measurement": 0.00015062499733176082
  },
  "boundary_swaps": {
    "state_prep\u2192qpe": 0,
    "qpe\u2192controlled_rotations": 0,
    "controlled_rotations\u2192inverse_qpe": 0,
    "inverse_qpe\u2192measurement": 0
  },
  "exec_info": {
    "wall_time": 0.08691692352294922,
    "backend_time": 0.067538584,
    "shots_requested": 65536,
    "shots_executed": 65536,
    "status": "DONE"
  },
  "_source": "solver"
}