dq_lu, dq_hhl,
-2.7084911367283707e-05,-0.0
0.00012139205721015731,0.00024056459962252722
-7.079323729506698e-05,-0.0002405645996211108
0.00022335256500724535,0.0003803660296082645
0.0004959848912401403,0.0005103145791227222
0.0006768887504721695,0.0009547111572769988
-0.00022009577951190884,-0.0
0.00015244713781853344,0.0
0.00023178811413033913,0.00012028229981173554
-0.0038198025397559532,-0.003790324105743553
-0.0036432581174005232,-0.003584331807119425
-0.007687716032924756,-0.007531823676393628
-0.01004515815373267,-0.009645860528178592
-0.008601307697635419,-0.008443783178288257
-0.019772643950250846,-0.019358725246806558
