xp, rho, u, p, Mach
0.1,0.9892412466528188,1.5122185711841363,0.7032120748198616,1.5158579219611568
0.3,0.903663045768251,1.5929480720828124,0.6215097087483965,1.6233677108764057
0.5,0.6837785785685782,1.6595322745850685,0.42603086339889407,1.7768832749282297
0.7,0.6926110157354642,1.5675492386537464,0.4341747978045505,1.6732836424474753
0.9,0.7816931105596009,1.4688594969135853,0.5149089091809516,1.5295693649653197
