xp, rho, u, p, Mach
0.1,1.0,1.5,0.7142857142857144,1.5
0.3,0.9709728350900868,1.5202163127320267,0.6843047616878318,1.5304534668645071
0.5,0.8715849622341096,1.5133058109045432,0.5899966875920755,1.5545072772228654
0.7,0.9256906198127444,1.4798025309133436,0.6422724918786836,1.501457413000923
0.9,0.9745642332052687,1.4797130364054074,0.6905039776476533,1.4857153969757761
