xp, rho, u, p, Mach
0.1,0.987446198744879,1.5144763858010741,0.6997837809375085,1.52045395671638
0.3,0.8858413760771214,1.613304329065705,0.6030189879359176,1.6525886601958286
0.5,0.6194116047458211,1.741663778719623,0.3748524198396777,1.8921685143120088
0.7,0.5177568193048306,1.827704395165273,0.28935110641026274,2.0662947798040343
0.9,0.4868845244299964,1.8636730110100206,0.2633210035627306,2.141785296193442
