xp, rho, u, p, Mach
0.1,0.9874709097234389,1.5144363208227298,0.6998202159794462,1.5203931777783712
0.3,0.8860308447441951,1.6131640735543609,0.6031844886092944,1.6523949597962324
0.5,0.6197099436176509,1.7414139314228267,0.37505194113707085,1.8918492199984869
0.7,0.5170324631467588,1.829108538216056,0.28876727295292876,2.068523120600964
0.9,0.48377240490155077,1.8695810675413653,0.26090266392718997,2.151600184682106
