xp, rho, u, p, Mach
0.1,0.98747093169468,1.5144363059728,0.699820234863377,1.5203931592712905
0.3,0.8860310283605939,1.6131639078423996,0.6031846508166181,1.65239473909156
0.5,0.6197103431958507,1.7414134541573996,0.37505224230274303,1.89184855184465
0.7,0.5170326884734799,1.8291082457584624,0.2887674259456374,2.068522692636976
0.9,0.48377166479663125,1.8695825788879357,0.26090206544225475,2.151602745965558
