xp, rho, u, p, Mach
0.1,0.9874668234243807,1.5144407710009566,0.6998152172624077,1.5203999296544355
0.3,0.8860066181217686,1.6131856540463219,0.6031638922718039,1.65242268609872
0.5,0.619670419303049,1.7414574338426847,0.37502407588405984,1.891906430953688
0.7,0.5170659977276468,1.8290396172013608,0.2887958327638468,2.068409973767873
0.9,0.4840033182024027,1.8691449795347057,0.261081485786201,2.1508746571772486
