xp, rho, u, p, Mach
0.1,0.9874657599095108,1.5144405366318041,0.6998148940623372,1.5203992267053414
0.3,0.8859994838471166,1.6131930136246506,0.6031582576999885,1.652431290115914
0.5,0.619661911184066,1.7414625435731217,0.375018168416346,1.8919138950348862
0.7,0.5170806572685038,1.8290145798239605,0.288806775360751,2.068371794864643
0.9,0.4840817303397227,1.8690012929116953,0.26114135718455894,2.1506369428823
