xp, rho, u, p, Mach
0.1,0.9874709362225088,1.5144363014531244,0.6998202408057931,1.520393151764457
0.3,0.8860310712384685,1.6131638686777552,0.6031846894707806,1.6523946860112066
0.5,0.6197104414046005,1.7414133422676765,0.3750523130052611,1.8918484018749586
0.7,0.5170327541641065,1.8291081593122291,0.28876747094224753,2.068522565120118
0.9,0.4837715190522976,1.8695828812218367,0.2609019458004385,2.1516032631324316
