xp, rho, u, p, Mach
0.1,0.9873183411279257,1.5146540781345081,0.6996020500256408,1.520731375694878
0.3,0.8851729343784673,1.6138644521325882,0.6024725239063566,1.6532878655476795
0.5,0.6187466663522256,1.7419722511535118,0.3745092527533051,1.8923539663975577
0.7,0.5215369092898885,1.8208125441780059,0.2923514333751256,2.0553752831380474
0.9,0.49975957446783353,1.8395671603976709,0.27344135031326966,2.1018421485122922
