{
  "iterations_completed": 1,
  "converged": true,
  "_source": "harvester",
  "fidelity": 0.9981053249624189,
  "shots": 100000,
  "l2_error_abs": 0.06155764724092655,
  "l2_error_rel": 0.06155764724092655
}