{
  "quantum_solution": [
    0.70594846,
    0.00308231,
    0.70824954,
    0.00313913
  ],
  "classical_solution": [
    0.7055698197297996,
    0.046596453582414196,
    0.7055698197297996,
    0.046596453582414196
  ],
  "_source": "harvester"
}