{
  "u_initial": [
    5.555177545985609e-12,
    2.7988183977060362e-09,
    5.797115548591035e-07,
    4.9363921634671915e-05,
    0.0017280957896376294,
    0.024870609608846517,
    0.147151776468577,
    0.3579357267257479,
    0.3579357267257479,
    0.147151776468577,
    0.024870609608846562,
    0.0017280957896376324,
    4.9363921634671644e-05,
    5.797115548591035e-07,
    2.7988183977060362e-09,
    5.555177545985609e-12
  ],
  "u_final_classical": null,
  "u_final_method": [
    0.0,
    0.0,
    0.0,
    0.0,
    0.0,
    0.0,
    0.0,
    0.0,
    0.008943150568311681,
    0.0,
    0.0,
    0.0,
    0.0,
    0.0,
    0.0,
    0.0
  ],
  "errors_by_step": {},
  "final_error": NaN,
  "max_error": NaN,
  "_source": "solver"
}