dq_lu, dq_hhl,
-0.01506554333440728,-0.0
-0.003886616536836267,-0.0
-0.03450286849232665,-0.0
-0.0825068687042803,-0.012072617843214175
0.03270574965190846,0.012072617843213953
-0.027197545299599255,-0.012072617843213876
-0.0442328774720265,-0.012072617843214048
-0.0999040094098841,-0.0
0.0070992613875257085,0.0
-0.12811643436544817,-0.012072617843214227
-0.09158584357597867,-0.0
0.007165632588889231,0.0
-0.0684581919892479,-0.0
-0.11473471201414324,-0.0
0.0257630268007487,0.0
