dq_lu, dq_hhl,
-0.012908198380370993,-0.030762338645839417
-0.004229436939186942,-0.0
-0.029955798817912153,-0.0
-0.03149760973640025,-0.03076233864584082
0.016781177890342346,0.0
-0.01597227581571773,-0.0
-0.03232772336749437,-0.030762338645840846
-0.048511836163154895,-0.030762338645841162
0.008135047228535919,0.0
-0.06638043426378157,-0.04350451652326281
-0.04180338377378603,-0.03076233864584106
-0.004530950926226688,-0.0
-0.027077826011040283,-0.030762338645840662
-0.07697690546193164,-0.030762338645841398
0.015680574561302202,0.0
