xp, rho, u, p, Mach
0.1,1.0,1.5,0.7142857142857144,1.5
0.3,1.0,1.5,0.7142857142857144,1.5
0.5,1.0,1.5,0.5421620811041827,1.7217205827140005
0.7,1.0,1.5,0.39227188251969103,2.0241078603097606
0.9,0.6957255294371828,1.7186742168344493,0.48112182671634557,1.746710713954463
