xp, rho, u, p, Mach
0.1,1.0,1.5,0.7142857142857144,1.5
0.3,1.0,1.3868803533090597,0.7081604879471709,1.392865342567149
0.5,0.664766898089005,1.8362935915551222,0.3009308178876974,2.3066380980656493
0.7,0.6545674612464066,1.7245178351178423,0.26413143922625465,2.2944089590678365
0.9,0.592736169534194,1.7474050752292574,0.31677792404921484,2.020146360196487
