xp, rho, u, p, Mach
0.1,1.0,1.5,0.7142857142857144,1.5
0.3,1.0,1.4020838798956918,0.6830508598649786,1.4337831002019648
0.5,0.664766898089005,1.7737558442776284,0.33094695245087075,2.124639842305861
0.7,0.6393639346597743,1.7417462485011603,0.24890883429772262,2.359254423140652
0.9,0.5511631452630603,1.8516235584697505,0.21037627662498287,2.532971962437391
