xp, rho, u, p, Mach
0.1,0.9692376613541606,1.529975762422327,0.7105224029665835,1.510242840540721
0.3,0.8700507808480752,1.6253723677604976,0.6048475269171135,1.6475484705967471
0.5,0.6219319415999501,1.7367115939772813,0.3740760380139991,1.8925840336965518
0.7,0.5199653205775719,1.8385887348627536,0.2784589601540299,2.1233772892521334
0.9,0.4767598365720208,1.9584257838356933,0.22259398199518232,2.4223462551689683
