{
  "quantum_solution": [
    0.7995750164096371,
    0.3018263306976775,
    0.48892335440500984,
    0.17474155987760276
  ],
  "classical_solution": [
    0.7055698197297996,
    0.046596453582414196,
    0.7055698197297996,
    0.046596453582414196
  ],
  "_source": "harvester"
}