{
  "iterations_completed": 1,
  "converged": true,
  "_source": "harvester",
  "fidelity": 0.9313319368098911,
  "shots": 1000,
  "l2_error_abs": 0.37058889133407363,
  "l2_error_rel": 0.37058889133407363
}