xp, rho, u, p, Mach
0.1,0.9902162163952317,1.5122345551709866,0.7014589603631347,1.5185147800324246
0.3,0.8904002797608976,1.6051678237385492,0.6031382502721506,1.648316612637427
0.5,0.6102767555065622,1.7587996758456266,0.3646863447889154,1.9228970022954244
0.7,0.5018702682203988,1.8758966115139142,0.26852922693211273,2.167428772452035
0.9,0.4666786341345039,1.9244946357819426,0.23849195255900457,2.275227255070092
