xp, rho, u, p, Mach
0.1,0.9920696179606728,1.5101460334992367,0.7031237464212231,1.516038116348196
0.3,0.8933038766653021,1.5995142458750369,0.6029516548635081,1.6454415442195698
0.5,0.6025842790936256,1.773455637663468,0.3564578727518897,1.9487723293441765
0.7,0.490348323829634,1.9126401592868978,0.25332472431362474,2.248965590282405
0.9,0.4541776887552304,1.9665274118640175,0.22200321236394807,2.377219342518191
