xp, rho, u, p, Mach
0.1,0.9892353596095622,1.5131344278867236,0.7008220474873142,1.5193556061753153
0.3,0.8890409102928009,1.6076221721329813,0.6033531504435078,1.6492824971134235
0.5,0.6137313345927216,1.7525020034681449,0.3683816975903395,1.911765550234139
0.7,0.5073420503037295,1.8589865200370255,0.27575928574561426,2.131069334982952
0.9,0.47274841133455364,1.9050704394678322,0.2463241032896091,2.2305327500057412
