dq_lu, dq_hhl,
-0.00022863068792349075,-0.0
-0.00019355195854699918,-0.0
-0.0006049588629627997,-0.0
-0.0008700803413934813,-0.0
-0.0007506869531005098,-0.0
-0.002323546008553793,-0.0
-0.002014077974513269,-0.0
-0.00186531595007158,-0.0
-0.005561293706518634,-0.0
-0.00422193420401113,-0.0
-0.00417359513735402,-0.0
-0.012041062390295919,-0.0
-0.009828039289038122,-0.0
-0.009573136017488037,-0.0
-0.027928913482966146,-0.0
-0.025290731386867982,-0.0
-0.02294079052221893,-0.0
-0.06934529639532669,-0.0
-0.06290149872189439,-0.0
-0.054188853500813296,-0.0
-0.15634947610158195,-0.0
-0.11567179527238343,-0.0
-0.1174703478896274,-0.0
-0.3305489323694482,-0.0
-0.22246963329762265,-0.0
-0.15348225018372672,-0.0
-0.4916441615436003,-0.017601186337867072
-0.3148161086978941,-0.012445918216433807
-0.2274525924199363,-0.0
-0.6837758642730584,-0.017601186337867083
-0.3637681880100113,-0.0
-0.3093579386005738,-0.012445918216433807
-0.8606146134341356,-0.024891836432867666
-0.4105517303535976,-0.012445918216433816
-0.3965349983983399,-0.017601186337867062
-0.9699084430629494,-0.021556962697710427
-0.4429255341739375,-0.0
-0.44379215627459667,-0.0
-1.0528216361007086,-0.02782991917434899
-0.47839711346178165,-0.01244591821643382
-0.45433646972456415,-0.012445918216433819
-1.1375335820635106,-0.03520237267573418
-0.447981354588035,-0.0
-0.44206362439858515,-0.01760118633786707
-1.0994725902401594,-0.03733775464930151
-0.45284833748753545,-0.01760118633786707
-0.45934353006803774,-0.0
-1.1194596895546218,-0.03292880443853248
-0.4658420672685731,-0.01244591821643382
-0.5144111627833067,-0.012445918216433823
-1.1425375516897804,-0.03048614901067298
-0.5067315869132434,-0.012445918216433823
-0.47106643645211804,-0.0
-1.2046128581400932,-0.03292880443853249
-0.481082491610956,-0.021556962697710402
-0.42291594885109374,-0.017601186337867065
-1.1885919720442104,-0.030486149010672984
-0.4844500393647411,-0.01760118633786707
-0.5130970044992617,-0.012445918216433823
-1.0991411730200755,-0.03935744913611139
