xp, rho, u, p, Mach
0.1,1.0,1.5,0.7142857142857144,1.5
0.3,1.0,1.5,0.7142857142857144,1.5
0.5,0.7729595995561345,1.4761671987974017,0.5128227542345584,1.531673812557383
0.7,0.6410176068603403,1.7265586455280812,0.39681007106502686,1.85464568255133
0.9,0.6410176068603402,1.7265586455280812,0.3465714034765332,1.984522071219808
