{
  "grid": [
    0.0,
    0.0625,
    0.125,
    0.1875,
    0.25,
    0.3125,
    0.375,
    0.4375,
    0.5,
    0.5625,
    0.625,
    0.6875,
    0.75,
    0.8125,
    0.875,
    0.9375
  ],
  "solution_steps": {
    "0": [
      0.0,
      0.1913417161825449,
      0.35355339059327373,
      0.46193976625564337,
      0.5,
      0.46193976625564337,
      0.3535533905932738,
      0.19134171618254495,
      6.123233995736766e-17,
      -0.19134171618254484,
      -0.35355339059327373,
      -0.46193976625564326,
      -0.5,
      -0.4619397662556433,
      -0.35355339059327384,
      -0.1913417161825452
    ],
    "10": [
      -2.854218601827537e-17,
      0.15459108517433368,
      0.29410179090691496,
      0.40265410910180266,
      0.46317766703085067,
      0.45834199159238,
      0.3748139518485267,
      0.21314598747881025,
      -1.1312575262872062e-18,
      -0.21314598747881022,
      -0.37481395184852667,
      -0.4583419915923799,
      -0.46317766703085067,
      -0.40265410910180266,
      -0.29410179090691496,
      -0.15459108517433368
    ],
    "20": [
      -6.9231598100726834e-18,
      0.13036128070356173,
      0.2516679758102127,
      0.35350209744191324,
      0.422411899364133,
      0.4399266312241672,
      0.3821460713495476,
      0.22957783055872213,
      3.277392236881736e-17,
      -0.2295778305587221,
      -0.38214607134954753,
      -0.4399266312241672,
      -0.422411899364133,
      -0.3535020974419133,
      -0.2516679758102127,
      -0.1303612807035618
    ],
    "30": [
      -1.467530604803549e-17,
      0.11301855214354775,
      0.22003797719811594,
      0.3138232741509551,
      0.38407692635684965,
      0.41421792605077934,
      0.37682641766367336,
      0.23742534451480773,
      1.004601560536877e-17,
      -0.23742534451480773,
      -0.37682641766367336,
      -0.41421792605077934,
      -0.38407692635684965,
      -0.3138232741509551,
      -0.22003797719811594,
      -0.11301855214354778
    ]
  },
  "_source": "solver"
}