{
  "u_initial": [
    0.0,
    0.1913417161825449,
    0.35355339059327373,
    0.46193976625564337,
    0.5,
    0.46193976625564337,
    0.3535533905932738,
    0.19134171618254495,
    6.123233995736766e-17,
    -0.19134171618254484,
    -0.35355339059327373,
    -0.46193976625564326,
    -0.5,
    -0.4619397662556433,
    -0.35355339059327384,
    -0.1913417161825452
  ],
  "u_final_classical": null,
  "u_final_method": [
    -1.467530604803549e-17,
    0.11301855214354775,
    0.22003797719811594,
    0.3138232741509551,
    0.38407692635684965,
    0.41421792605077934,
    0.37682641766367336,
    0.23742534451480773,
    1.004601560536877e-17,
    -0.23742534451480773,
    -0.37682641766367336,
    -0.41421792605077934,
    -0.38407692635684965,
    -0.3138232741509551,
    -0.22003797719811594,
    -0.11301855214354778
  ],
  "errors_by_step": {},
  "final_error": NaN,
  "max_error": NaN,
  "_source": "solver"
}