{
  "grid": [
    0.0,
    0.03125,
    0.0625,
    0.09375,
    0.125,
    0.15625,
    0.1875,
    0.21875,
    0.25,
    0.28125,
    0.3125,
    0.34375,
    0.375,
    0.40625,
    0.4375,
    0.46875,
    0.5,
    0.53125,
    0.5625,
    0.59375,
    0.625,
    0.65625,
    0.6875,
    0.71875,
    0.75,
    0.78125,
    0.8125,
    0.84375,
    0.875,
    0.90625,
    0.9375,
    0.96875
  ],
  "solution_steps": {
    "0": [
      0.0,
      0.19509032201612825,
      0.3826834323650898,
      0.5555702330196022,
      0.7071067811865475,
      0.8314696123025452,
      0.9238795325112867,
      0.9807852804032304,
      1.0,
      0.9807852804032304,
      0.9238795325112867,
      0.8314696123025455,
      0.7071067811865476,
      0.5555702330196022,
      0.3826834323650899,
      0.1950903220161286,
      1.2246467991473532e-16,
      -0.19509032201612836,
      -0.38268343236508967,
      -0.555570233019602,
      -0.7071067811865475,
      -0.8314696123025452,
      -0.9238795325112865,
      -0.9807852804032303,
      -1.0,
      -0.9807852804032304,
      -0.9238795325112866,
      -0.8314696123025455,
      -0.7071067811865477,
      -0.5555702330196022,
      -0.3826834323650904,
      -0.19509032201612872
    ],
    "10": [
      -1.8109266269419935e-16,
      0.1399803534368631,
      0.2834994611477082,
      0.4318847494428199,
      0.5825393256568423,
      0.7282566314324435,
      0.8579731710668709,
      0.9589326814781692,
      1.0195911582083181,
      1.0321726986284858,
      0.9939692270800756,
      0.9071589687041164,
      0.7775929348180657,
      0.6132614666460059,
      0.4230031070569593,
      0.2157064722939191,
      1.5755499472615828e-16,
      -0.21570647229391887,
      -0.42300310705695904,
      -0.6132614666460059,
      -0.7775929348180654,
      -0.9071589687041162,
      -0.9939692270800754,
      -1.0321726986284854,
      -1.0195911582083184,
      -0.9589326814781692,
      -0.8579731710668709,
      -0.7282566314324439,
      -0.5825393256568423,
      -0.4318847494428201,
      -0.28349946114770863,
      -0.13998035343686324
    ],
    "20": [
      -9.421781745485318e-18,
      0.12886965249621252,
      0.25273375172306356,
      0.3694226071669302,
      0.4819349946387267,
      0.5982270229770251,
      0.7259645446390375,
      0.8627550877026285,
      0.9886364194497256,
      1.0710583012753458,
      1.0825939905718178,
      1.0153871569307398,
      0.8800280240717135,
      0.6950271900154479,
      0.4781374111847637,
      0.24310565632976613,
      1.7787300206812969e-16,
      -0.24310565632976575,
      -0.4781374111847634,
      -0.6950271900154474,
      -0.880028024071713,
      -1.0153871569307396,
      -1.0825939905718178,
      -1.0710583012753447,
      -0.9886364194497268,
      -0.8627550877026284,
      -0.7259645446390374,
      -0.5982270229770257,
      -0.4819349946387268,
      -0.36942260716692993,
      -0.2527337517230639,
      -0.12886965249621282
    ],
    "30": [
      -1.4856657972986e-16,
      0.10700827267547026,
      0.21678521448182309,
      0.3279215408016471,
      0.4338695188618793,
      0.5271406112903726,
      0.6087103120133588,
      0.6999885211652098,
      0.8387614094277633,
      1.0271510162372328,
      1.1733070298227481,
      1.1724471104204195,
      1.0274277617299938,
      0.8013347266887767,
      0.5422067788080409,
      0.27241085100227624,
      2.7280599206600174e-16,
      -0.2724108510022758,
      -0.5422067788080401,
      -0.8013347266887763,
      -1.027427761729993,
      -1.1724471104204195,
      -1.1733070298227486,
      -1.0271510162372297,
      -0.8387614094277683,
      -0.6999885211652077,
      -0.6087103120133588,
      -0.5271406112903738,
      -0.4338695188618788,
      -0.327921540801647,
      -0.2167852144818236,
      -0.1070082726754703
    ],
    "40": [
      1.7635012313914057e-17,
      0.09758166130813825,
      0.19293179747823516,
      0.28740535635352693,
      0.3853479537173506,
      0.48585746731541407,
      0.5724807976092972,
      0.6177838189982028,
      0.620117479318414,
      0.7055529797391619,
      1.1198124055655392,
      1.5029864787532374,
      1.3269373640658013,
      0.9679980791626706,
      0.6215871894778797,
      0.30330921772255776,
      2.02772493827129e-16,
      -0.3033092177225569,
      -0.621587189477879,
      -0.9679980791626699,
      -1.3269373640657982,
      -1.5029864787532414,
      -1.11981240556554,
      -0.7055529797391568,
      -0.6201174793184243,
      -0.6177838189981957,
      -0.5724807976092988,
      -0.4858574673154151,
      -0.38534795371735003,
      -0.28740535635352704,
      -0.1929317974782356,
      -0.09758166130813854
    ],
    "50": [
      -1.1605574929548936e-16,
      0.08640352845687847,
      0.17405882965800618,
      0.2609966240309571,
      0.344726813801974,
      0.43144123648521854,
      0.5345714590260722,
      0.6340919976564167,
      0.6411426889579469,
      0.4194713473512174,
      0.04108329432751281,
      -60.75652018439975,
      3.5004713569073522,
      1.3435381401166455,
      0.7310474458924634,
      0.3356633357789066,
      3.945777751343403e-16,
      -0.33566333577890595,
      -0.7310474458924623,
      -1.343538140116644,
      -3.5004713569072727,
      60.75652018428032,
      -0.04108329432750976,
      -0.41947134735121383,
      -0.6411426889579658,
      -0.6340919976563989,
      -0.5345714590260785,
      -0.4314412364852199,
      -0.344726813801973,
      -0.26099662403095697,
      -0.17405882965800681,
      -0.0864035284568785
    ]
  },
  "_source": "solver"
}