{
  "u_initial": [
    0.0,
    0.19509032201612825,
    0.3826834323650898,
    0.5555702330196022,
    0.7071067811865475,
    0.8314696123025452,
    0.9238795325112867,
    0.9807852804032304,
    1.0,
    0.9807852804032304,
    0.9238795325112867,
    0.8314696123025455,
    0.7071067811865476,
    0.5555702330196022,
    0.3826834323650899,
    0.1950903220161286,
    1.2246467991473532e-16,
    -0.19509032201612836,
    -0.38268343236508967,
    -0.555570233019602,
    -0.7071067811865475,
    -0.8314696123025452,
    -0.9238795325112865,
    -0.9807852804032303,
    -1.0,
    -0.9807852804032304,
    -0.9238795325112866,
    -0.8314696123025455,
    -0.7071067811865477,
    -0.5555702330196022,
    -0.3826834323650904,
    -0.19509032201612872
  ],
  "u_final_classical": [
    -8.486442845178899e-17,
    0.09590909595271489,
    0.19134664650845248,
    0.2858202979373214,
    0.37879355477628157,
    0.46965678236545927,
    0.5576879216366918,
    0.6419952536468057,
    0.7214283406360186,
    0.794429909285007,
    0.8587702555834253,
    0.9110240847824432,
    0.9454091621459159,
    0.9507769815158772,
    0.8960351765679959,
    0.6478384184080687,
    5.561119710024097e-16,
    -0.6478384184080678,
    -0.8960351765679955,
    -0.9507769815158771,
    -0.945409162145916,
    -0.9110240847824432,
    -0.8587702555834253,
    -0.794429909285007,
    -0.7214283406360188,
    -0.641995253646806,
    -0.557687921636692,
    -0.46965678236545944,
    -0.37879355477628174,
    -0.28582029793732155,
    -0.19134664650845262,
    -0.09590909595271506
  ],
  "u_final_method": [
    -1.1605574929548936e-16,
    0.08640352845687847,
    0.17405882965800618,
    0.2609966240309571,
    0.344726813801974,
    0.43144123648521854,
    0.5345714590260722,
    0.6340919976564167,
    0.6411426889579469,
    0.4194713473512174,
    0.04108329432751281,
    -60.75652018439975,
    3.5004713569073522,
    1.3435381401166455,
    0.7310474458924634,
    0.3356633357789066,
    3.945777751343403e-16,
    -0.33566333577890595,
    -0.7310474458924623,
    -1.343538140116644,
    -3.5004713569072727,
    60.75652018428032,
    -0.04108329432750976,
    -0.41947134735121383,
    -0.6411426889579658,
    -0.6340919976563989,
    -0.5345714590260785,
    -0.4314412364852199,
    -0.344726813801973,
    -0.26099662403095697,
    -0.17405882965800681,
    -0.0864035284568785
  ],
  "errors_by_step": {
    "0": 0.0,
    "10": 0.04156864853701904,
    "20": 0.08025581847275629,
    "30": 0.14241319816131146,
    "40": 0.2899493240284715,
    "50": 23.36669672867658
  },
  "final_error": NaN,
  "max_error": 23.36669672867658,
  "_source": "solver"
}