{
  "u_initial": [
    0.0,
    0.20129852008866006,
    0.39435585511331855,
    0.5712682150947923,
    0.7247927872291199,
    0.8486442574947509,
    0.9377521321470804,
    0.9884683243281114,
    0.9987165071710528,
    0.9680771188662044,
    0.8978045395707416,
    0.7907757369376985,
    0.6513724827222223,
    0.48530196253108143,
    0.29936312297335804,
    0.10116832198743228,
    -0.10116832198743204,
    -0.2993631229733574,
    -0.48530196253108043,
    -0.651372482722222,
    -0.7907757369376986,
    -0.8978045395707414,
    -0.9680771188662043,
    -0.9987165071710528,
    -0.9884683243281114,
    -0.9377521321470808,
    -0.8486442574947515,
    -0.72479278722912,
    -0.5712682150947924,
    -0.3943558551133187,
    -0.20129852008866028,
    -2.4492935982947064e-16
  ],
  "u_final_classical": [
    0.0,
    0.12850801575020385,
    0.2559341335411367,
    0.3811644300220706,
    0.5030159126835924,
    0.6201882359624689,
    0.7311950431004103,
    0.8342598354404899,
    0.927149097252236,
    1.006889509126058,
    1.0692536763396356,
    1.1077275583014536,
    1.111565169031328,
    1.060508365369753,
    0.8821006976273174,
    0.38052209825597316,
    -0.3805220982559718,
    -0.8821006976273155,
    -1.060508365369754,
    -1.1115651690313286,
    -1.1077275583014534,
    -1.0692536763396365,
    -1.0068895091260577,
    -0.9271490972522362,
    -0.8342598354404902,
    -0.7311950431004103,
    -0.6201882359624686,
    -0.5030159126835924,
    -0.3811644300220709,
    -0.25593413354113675,
    -0.128508015750204,
    -2.4492935982947064e-16
  ],
  "u_final_method": [
    0.0,
    0.15938681361247214,
    0.23849288773975583,
    0.38254913343387525,
    0.4527083315795389,
    0.5446430192674638,
    0.7106954372391934,
    0.9070907538537584,
    0.9335227375312688,
    0.9554886026907986,
    1.2344938999427204,
    0.9593691895850952,
    1.1563302022314446,
    0.962998415675539,
    0.9465881301330019,
    0.2352269526724469,
    -0.44767995716648534,
    -0.7252561945463011,
    -1.1634583008743733,
    -1.1326593121610347,
    -1.0638262807197758,
    -1.025669307423554,
    -1.0841570633756077,
    -1.0314065396809797,
    -0.8076545845935784,
    -0.7568885159989522,
    -0.5472300195690555,
    -0.48422674014494577,
    -0.35971625513227223,
    -0.20739398934161427,
    -0.1975195137816036,
    0.0
  ],
  "errors_by_step": {
    "0": 0.0,
    "1": 0.014498126809820742,
    "2": 0.020366565841853188,
    "3": 0.025610439184404685,
    "4": 0.030153746643334145,
    "5": 0.032579645873156746,
    "6": 0.03949856865283655,
    "7": 0.037736801753248256,
    "8": 0.03602652197164032,
    "9": 0.0344865861527371,
    "10": 0.033767670023232714,
    "11": 0.034217820902894776,
    "12": 0.03757266339287108,
    "13": 0.03517053802169651,
    "14": 0.04366960263614156,
    "15": 0.04619047867572843,
    "16": 0.046599432224847005,
    "17": 0.04796648757214821,
    "18": 0.050717157110820754,
    "19": 0.050509624429021016,
    "20": 0.05512068725658289,
    "21": 0.056343590908285765,
    "22": 0.057801531677476536,
    "23": 0.06063285185914296,
    "24": 0.0625290888967695,
    "25": 0.06612170145823668,
    "26": 0.06689155710575702,
    "27": 0.07180851431253205,
    "28": 0.07450139626856822,
    "29": 0.07385332234377752,
    "30": 0.07540185769456428,
    "31": 0.07648602004927359,
    "32": 0.08139102271231877,
    "33": 0.08557513724681998,
    "34": 0.09001417859601779,
    "35": 0.08850730137982378,
    "36": 0.0946799290299691,
    "37": 0.0965616735172114
  },
  "final_error": 0.0965616735172114,
  "max_error": 0.0965616735172114,
  "_source": "solver"
}