dq_lu, dq_hhl,
-0.0002568231095683966,-0.0
0.00020318716521843308,0.00013774876932907967
0.0012409545798464621,0.0008149327093779745
0.001144761096368951,0.0007288979741028435
0.0002569550973229163,0.0
0.003673430781491018,0.002389851827835271
0.0005202766214424523,0.00027549753865898567
-0.0007989504634277999,-0.0004966602509498809
0.004893111224493162,0.003171214819195186
0.0010132837991587453,0.000779224711144616
-0.0008191194571127501,-0.0004966602509498962
0.0035385420510907757,0.0023618993828790637
0.002455357146241913,0.0016356760090893523
-0.00047432114560638707,-0.00023858786715872266
0.003744820373269319,0.002471813292199989
