{
  "final_error_epsilon": 0.027095939639470924,
  "max_error_epsilon": 0.027095939639470924,
  "classical_wall_time_s": 0.0003948211669921875,
  "method_wall_time_s": 4.962531089782715,
  "speedup_ratio": 7.956044201014262e-05,
  "n_pauli_terms": 240,
  "shots": 150000,
  "t1": null,
  "t2": null,
  "backend_name": null,
  "backend_type": "sim",
  "coupling_map": "default",
  "optimization_level": 1,
  "seed": null,
  "total_pauli_decomp_time": 1.8487984291277826,
  "total_circuit_construction_time": 0.011805560905486345,
  "total_transpilation_time": 0.6452389451442286,
  "total_execution_time": 1.0840358369750902,
  "total_sign_recovery_time": 0,
  "total_metric_transpile_time": 0,
  "n_circuits_executed": 0,
  "avg_circuit_depth": 1840.4,
  "avg_gate_count": 2125.6,
  "avg_cx_gates": 1139.2,
  "avg_sign_recovery_depth_per_circuit": null,
  "avg_sign_recovery_cx_per_circuit": null,
  "total_sign_recovery_cx": 0,
  "n_qubits": 6,
  "circuit_metrics_n_available": 5,
  "circuit_metrics_n_total": 5,
  "sign_recovery": "hadamard_test",
  "per_step_metrics": [
    {
      "pauli_decomp_time_s": 0.3944866630481556,
      "circuit_construction_time_s": 0.0014458619989454746,
      "transpilation_time_s": 0.23125375201925635,
      "execution_time_s": 0.2015072809299454,
      "circuit_depth": 1114,
      "gate_counts": {
        "cx": 752,
        "crz": 240,
        "u2": 106,
        "h": 104,
        "sxdg": 80,
        "sx": 42,
        "measure": 6,
        "initialize": 1,
        "barrier": 1
      },
      "n_qubits": 6,
      "n_pauli_terms": 240,
      "sign_recovery": "hadamard_test"
    },
    {
      "pauli_decomp_time_s": 0.36816027003806084,
      "circuit_construction_time_s": 0.002360944985412061,
      "transpilation_time_s": 0.10456877504475415,
      "execution_time_s": 0.2217212370596826,
      "circuit_depth": 2022,
      "gate_counts": {
        "cx": 1236,
        "crz": 496,
        "h": 242,
        "u2": 170,
        "sx": 86,
        "sxdg": 86,
        "measure": 6,
        "initialize": 1,
        "barrier": 1
      },
      "n_qubits": 6,
      "n_pauli_terms": 496,
      "sign_recovery": "hadamard_test"
    },
    {
      "pauli_decomp_time_s": 0.36495077004656196,
      "circuit_construction_time_s": 0.0023425909457728267,
      "transpilation_time_s": 0.10296533606015146,
      "execution_time_s": 0.22241407097317278,
      "circuit_depth": 2022,
      "gate_counts": {
        "cx": 1236,
        "crz": 496,
        "h": 242,
        "u2": 170,
        "sx": 86,
        "sxdg": 86,
        "measure": 6,
        "initialize": 1,
        "barrier": 1
      },
      "n_qubits": 6,
      "n_pauli_terms": 496,
      "sign_recovery": "hadamard_test"
    },
    {
      "pauli_decomp_time_s": 0.3614486720180139,
      "circuit_construction_time_s": 0.0032982630655169487,
      "transpilation_time_s": 0.10378852195572108,
      "execution_time_s": 0.2209110570838675,
      "circuit_depth": 2022,
      "gate_counts": {
        "cx": 1236,
        "crz": 496,
        "h": 242,
        "u2": 170,
        "sx": 86,
        "sxdg": 86,
        "measure": 6,
        "initialize": 1,
        "barrier": 1
      },
      "n_qubits": 6,
      "n_pauli_terms": 496,
      "sign_recovery": "hadamard_test"
    },
    {
      "pauli_decomp_time_s": 0.3597520539769903,
      "circuit_construction_time_s": 0.002357899909839034,
      "transpilation_time_s": 0.1026625600643456,
      "execution_time_s": 0.21748219092842191,
      "circuit_depth": 2022,
      "gate_counts": {
        "cx": 1236,
        "crz": 496,
        "h": 242,
        "u2": 170,
        "sx": 86,
        "sxdg": 86,
        "measure": 6,
        "initialize": 1,
        "barrier": 1
      },
      "n_qubits": 6,
      "n_pauli_terms": 496,
      "sign_recovery": "hadamard_test"
    }
  ],
  "_source": "solver"
}