xp, rho, u, p, Mach
0.1,0.9864121262549429,1.5162729909998822,0.6991832450750298,1.522113634566414
0.3,0.8854798443540801,1.6130334857301738,0.6041202004179644,1.6504676885260352
0.5,0.6193368404210886,1.7423748730034379,0.37429277607110173,1.894241364670147
0.7,0.517123138093319,1.828765650404731,0.28826845902953213,2.070105407425453
0.9,0.4841492765655845,1.8668646666966175,0.26133342873425625,2.147538600043011
