xp, rho, u, p, Mach
0.1,0.9873609353844676,1.514636566088305,0.6997491271447722,1.5205867680222487
0.3,0.8859886037240571,1.6131431206018556,0.6032785654609271,1.6522052691342963
0.5,0.6196668906127356,1.7415158888467077,0.3749841101888318,1.892065368976018
0.7,0.517053544464749,1.8290332684963178,0.2887238716805238,2.068635629412253
0.9,0.48381395120970117,1.869318389187646,0.2609400313379908,2.15123620856102
