xp, rho, u, p, Mach
0.1,0.9873458291950725,1.5145719363493522,0.6996945266827502,1.5205695778175852
0.3,0.8856994323296244,1.613572672626883,0.6028864405372475,1.6529127788345557
0.5,0.6194044330828978,1.7419054452958704,0.37480202942684393,1.892547318179894
0.7,0.5169136015351027,1.8293397542641874,0.28868746384804067,2.0688326990249246
0.9,0.48404164312592507,1.8690655035160815,0.26111453166094634,2.150732245219642
