dq_lu, dq_hhl,
-0.01580255150397772,-0.0
-0.00487884323200787,-0.0
-0.036901848735530984,-0.0
0.04240696270969316,0.0
-0.06816505773233389,-0.0
0.01907536465408589,0.0
-0.020411343863371532,-0.0
-0.024251936659648532,-0.0
-0.07926239466420308,-0.0
-0.07270348707538962,-0.053445787067648964
-0.050413169822738295,-0.0
-0.15614149689436352,-0.0999879119868087
-0.07193595977144039,-0.03779187846138686
-0.1510829166686124,-0.07558375692277428
-0.18736961769957694,-0.13091490721718108
