dq_lu, dq_hhl,
0.003739177601500748,0.0
0.0016008416248494872,0.0
0.004478076420585517,0.0
0.004022974314672572,0.0
0.00131147144573932,0.0
0.006717839029867201,0.0
0.01722986821024071,0.0
-0.014146920879655498,-0.0
-0.01674551814873279,-0.0
-0.04074090863854714,-0.012790483319683936
-0.027928336853524065,-0.012790483319683792
-0.026200535679360634,-0.01279048331968376
-0.01188802991399849,-0.0
-0.03706462282317502,-0.012790483319683904
-0.052821781928831205,-0.018088474980003974
-0.032586170305287834,-0.0
-0.034843138420433545,-0.0
-0.041546637137256884,-0.01279048331968394
-0.027920749195547778,-0.0
-0.025841370512079426,-0.012790483319683755
-0.03979895202982474,-0.0
-0.03652353025308418,-0.0
-0.04996593246578736,-0.012790483319683995
-0.06951475887143752,-0.02215376696305504
-0.0478762091861191,-0.012790483319683982
-0.03216337587520078,-0.0
-0.08183408241033709,-0.012790483319684093
-0.03814294220253407,-0.012790483319683915
-0.06641973071103516,-0.012790483319684057
-0.08760717306677615,-0.022153766963055103
