dq_lu, dq_hhl,
-0.01704919678697257,-0.0
-0.007527125926315975,-0.0
-0.03946437154699015,-0.0
-0.12826085714099558,-0.0
-0.06876632967306695,-0.0
-0.2800164192553327,-0.2653396478170498
-0.41143356080460386,-0.45958175128156303
-0.4227263288364665,-0.4195388203244015
-1.1094363650733268,-1.0613585912682018
-0.5251959061113858,-0.45958175128156326
-0.5557609286029187,-0.4964050266293311
-1.4277137791385277,-1.1257407857345203
-0.5637311791890326,-0.37524692857817304
-0.5957643013625102,-0.41953882032440176
-1.5292681016856882,-1.4288977333618442
