dq_lu, dq_hhl,
0.0012641082075372002,0.00017335505489018263
-0.004550449734256756,-0.0
-0.003833504767231696,-0.00017335505489027455
-0.0072276247962999385,-0.0004903221394635774
-0.006954393581081216,-0.0003876336869779066
-0.0036910284034853374,-0.0001733550548902728
-0.003610807073577506,-0.00017335505489027175
-0.0012977432532809583,-0.0
-0.004391532358589396,-0.00017335505489028032
0.003634864112861513,0.00017335505489027208
0.0012831667919936136,0.0
0.0037174222955549045,0.0
-0.0027539420589314137,-0.0
-0.00490988031187605,-0.0
0.0005661638350705509,0.0
