dq_lu, dq_hhl,
0.0010978768829210791,0.0
-0.001978830447271429,-0.0006446326649488665
-0.0008080230327077865,-0.0
-0.0016384886838591893,-0.0
-0.0014798116144162906,-0.0
-8.840678970634576e-05,-0.0
-0.0006121741111241738,-0.0
-0.0012856411833602093,-0.0006446326649486909
-0.0022017858496419292,-0.000911648257519445
0.0023273849977111195,0.0006446326649489153
0.000135173987799387,0.0
0.0017474309271754062,0.0
-0.0016084120611359035,-0.0
-0.0011740536908252928,-0.0
0.0005638815806882407,0.0
