xp, rho, u, p, Mach
0.1,0.9873676729058835,1.5149472527011236,0.6994352456160385,1.5212450896359542
0.3,0.8847041704232055,1.614156665320931,0.6022460904529158,1.6534600587632733
0.5,0.6190292557395062,1.7416409584765251,0.37485425913451426,1.8915550021499827
0.7,0.5262349314535603,1.8152700110699544,0.2952883693421968,2.0480656843948486
0.9,0.510526202646424,1.8216750489478026,0.2816620223137789,2.0727731010298043
