xp, rho, u, p, Mach
0.1,0.9874709400561426,1.5144362643173788,0.6998202337792414,1.5203931250666955
0.3,0.8860312766746175,1.613163788250133,0.6031848058549394,1.6523946357763477
0.5,0.6197109023454078,1.7414128766216626,0.3750526212933701,1.891847822044715
0.7,0.517031810834165,1.8291098354371162,0.2887667433714384,2.068525179517608
0.9,0.4837671728075871,1.8695907446504896,0.2608986914072942,2.1516160668452766
