xp, rho, u, p, Mach
0.1,0.9874150864200497,1.514495271446851,0.6997621989976067,1.5204724098099998
0.3,0.8857928020217647,1.6134213847412548,0.6029731535518764,1.6527260649862519
0.5,0.6193523162551223,1.7418900059654823,0.3747919711147784,1.8924763167252945
0.7,0.5168810399966652,1.8294177631489565,0.2886643129974986,2.068938716014225
0.9,0.4843224368475056,1.868578789423423,0.26135021759235527,2.1498257394930125
