xp, rho, u, p, Mach
0.1,0.9874709400561426,1.5144362643173788,0.6998202735263249,1.5203930818904718
0.3,0.886031386529753,1.6131635882410484,0.6031849673530292,1.6523943121318567
0.5,0.6197111524153255,1.7414125879248203,0.3750528028924472,1.8918474321011147
0.7,0.5170327725301707,1.8291081853309594,0.2887674627073561,2.06852266077798
0.9,0.483769076419053,1.8695874730650184,0.26090004594145555,2.1516109496499674
