xp, rho, u, p, Mach
0.1,0.9874584588148978,1.5144485415709443,0.6998073080515808,1.5204098830221466
0.3,0.8859823363311313,1.6132169036559731,0.6031402870220303,1.6524643876444431
0.5,0.6196313647254617,1.7415244183862313,0.37499242154070017,1.8919994306518484
0.7,0.5169516266945943,1.8292461955838903,0.2887091083806487,2.0687254296528224
0.9,0.48374618501088457,1.8696255552885124,0.26088845605064725,2.151651660601313
