xp, rho, u, p, Mach
0.1,0.9873676729058835,1.51456799769157,0.6996621345783198,1.5206176423425688
0.3,0.8853913774379835,1.6137763127836255,0.6026440527794122,1.6531662304267414
0.5,0.618789631881095,1.7425793541336463,0.3744305590458884,1.8932781263990215
0.7,0.5174429845523353,1.8286710885818669,0.2891102906993214,2.0676215846880215
0.9,0.48740105501288167,1.863057109935935,0.26370173873537484,2.140665874768902
