xp, rho, u, p, Mach
0.1,0.9874567082217893,1.5144498434913147,0.6998055250871704,1.5204117792023581
0.3,0.8859738985979803,1.6132263912935847,0.6031326520249085,1.6524766965127247
0.5,0.6196183492956135,1.741542155086533,0.37498274096974427,1.8920232505401116
0.7,0.5169426148633601,1.8292617605463048,0.2887028954448623,2.0687472599662047
0.9,0.4837548658538818,1.8696100798026056,0.2608958507468285,2.151622663298481
