xp, rho, u, p, Mach
0.1,0.9874247472108605,1.5144873720992502,0.699771758739096,1.5204615315281758
0.3,0.8858482990397941,1.6133607457981787,0.6030209041468404,1.652650282688994
0.5,0.6194282318779162,1.7417968281753622,0.3748450709034719,1.8923570088712969
0.7,0.5168858703920699,1.829371114818991,0.28866350996802415,2.0688985049857354
0.9,0.4840962319526319,1.8689849721958425,0.261173308942845,2.150518817026437
