xp, rho, u, p, Mach
0.1,0.9874607047791296,1.5144465487498087,0.6998097373639289,1.5204069724623437
0.3,0.8859921071599273,1.6132058904071787,0.6031495406711681,1.6524495419970338
0.5,0.6196474273975259,1.7415011109256893,0.37500434342778577,1.8919685571278217
0.7,0.5169629228668267,1.8292271774375568,0.28871679086325186,2.0686990001178494
0.9,0.48373734792461937,1.869642569310416,0.26088064322342636,2.15168380612757
