{
  "iterations_completed": 1,
  "converged": true,
  "_source": "harvester",
  "fidelity": 0.9978722378496062,
  "shots": 100000,
  "l2_error_abs": 0.0652343797455548,
  "l2_error_rel": 0.0652343797455548
}