{
  "quantum_solution": [
    0.6994951159450948,
    0.09423299601801292,
    0.7025737958419448,
    0.09064649263302287
  ],
  "classical_solution": [
    0.7055698197297996,
    0.046596453582414196,
    0.7055698197297996,
    0.046596453582414196
  ],
  "_source": "harvester"
}