{
  "grid": [
    0.0,
    0.0625,
    0.125,
    0.1875,
    0.25,
    0.3125,
    0.375,
    0.4375,
    0.5,
    0.5625,
    0.625,
    0.6875,
    0.75,
    0.8125,
    0.875,
    0.9375
  ],
  "solution_steps": {
    "0": [
      0.0,
      0.11480502970952693,
      0.21213203435596423,
      0.27716385975338603,
      0.3,
      0.27716385975338603,
      0.21213203435596426,
      0.11480502970952697,
      3.6739403974420595e-17,
      -0.1148050297095269,
      -0.21213203435596423,
      -0.2771638597533859,
      -0.3,
      -0.277163859753386,
      -0.2121320343559643,
      -0.1148050297095271
    ],
    "10": [
      -1.7357732995415663e-17,
      0.087646047503252,
      0.16448518884797417,
      0.2201387157591702,
      0.24544791714250824,
      0.23395126443846065,
      0.18410477268622769,
      0.10158041340799903,
      1.0698013952210759e-17,
      -0.10158041340799899,
      -0.18410477268622763,
      -0.23395126443846062,
      -0.24544791714250822,
      -0.22013871575917018,
      -0.16448518884797417,
      -0.08764604750325203
    ],
    "20": [
      -2.4284004984148817e-17,
      0.06994980772981105,
      0.13197500415158006,
      0.17812307103914532,
      0.20074390864378897,
      0.1935932696906322,
      0.1539985187549232,
      0.08562703604400217,
      3.3154038413183656e-18,
      -0.0856270360440021,
      -0.15399851875492318,
      -0.1935932696906322,
      -0.200743908643789,
      -0.17812307103914535,
      -0.13197500415158012,
      -0.06994980772981112
    ],
    "30": [
      -2.2565536951455402e-17,
      0.0570509463331058,
      0.10774967820339817,
      0.14564978645865173,
      0.1644380425513143,
      0.15885229633900583,
      0.12653701764026135,
      0.07041880562628151,
      3.7298267608719313e-17,
      -0.07041880562628142,
      -0.12653701764026126,
      -0.15885229633900583,
      -0.16443804255131433,
      -0.14564978645865176,
      -0.10774967820339817,
      -0.05705094633310582
    ]
  },
  "_source": "solver"
}