dq_lu, dq_hhl,
0.0037470627847027292,0.0005745640568884346
0.0016608918358501955,0.0
0.007780942314612403,0.0
0.003867960553178021,0.0
0.0009561422823516726,0.0
0.006021686510219434,0.0
-0.006548171929787395,-0.0
0.00034471039247388604,0.0
-0.0013937249015203049,-0.0005745640568881755
-0.0074657602340079746,-0.0008125562817038386
-0.035351413982318856,-0.0005745640568885716
-0.00398555727488037,-0.0
-0.0287079018099349,-0.0005745640568885678
-0.027628126207555823,-0.0008125562817039181
-0.0353467128357528,-0.0005745640568885716
-0.02235514424489632,-0.0005745640568885622
-0.026325131861559256,-0.0005745640568885661
-0.045242262403616104,-0.000995174138733907
-0.027173778826957037,-0.0011491281137771335
-0.02054421036798915,-0.0011491281137771198
-0.0634262927706985,-0.001990348277467827
-0.04300672182107955,-0.0005745640568885745
-0.0418310788133304,-0.0011491281137771484
-0.09658895095296996,-0.002437668845111818
-0.050869729632297245,-0.0014073887639204587
-0.046398331009298,-0.0012847642886309111
-0.07825922084262411,-0.0020716201681503857
-0.04588335813213308,-0.0014073887639204558
-0.05074786638620072,-0.0012847642886309137
-0.0725420315420618,-0.0017236921706657402
