{
  "grid": [
    0.0,
    0.0625,
    0.125,
    0.1875,
    0.25,
    0.3125,
    0.375,
    0.4375,
    0.5,
    0.5625,
    0.625,
    0.6875,
    0.75,
    0.8125,
    0.875,
    0.9375
  ],
  "solution_steps": {
    "0": [
      0.0,
      0.3826834323650898,
      0.7071067811865475,
      0.9238795325112867,
      1.0,
      0.9238795325112867,
      0.7071067811865476,
      0.3826834323650899,
      1.2246467991473532e-16,
      -0.38268343236508967,
      -0.7071067811865475,
      -0.9238795325112865,
      -1.0,
      -0.9238795325112866,
      -0.7071067811865477,
      -0.3826834323650904
    ],
    "4": [
      -7.815970093361102e-16,
      0.32794710823784406,
      0.5913387469302075,
      0.7702791211167508,
      0.8755843010394306,
      0.9033148034513961,
      0.7980830244872763,
      0.4824555758261178,
      -2.005998851473123e-09,
      -0.48245558354431356,
      -0.7980830224840341,
      -0.9033147957304157,
      -0.8755843010366691,
      -0.7702791211195351,
      -0.5913387469302116,
      -0.32794710823784434
    ],
    "8": [
      -5.329070518200751e-16,
      0.29613503432873367,
      0.5292017687214439,
      0.6903172993946166,
      0.7983067562102895,
      0.8602454303639793,
      0.842561308193495,
      0.5934579662242706,
      -4.285404600068432e-09,
      -0.5934579718832222,
      -0.8425613039199257,
      -0.8602454247019954,
      -0.7983067561984399,
      -0.6903172993976484,
      -0.5292017687214575,
      -0.29613503432873406
    ],
    "12": [
      -3.1974423109204507e-16,
      0.27001966626522406,
      0.4814435766308914,
      0.630316656190323,
      0.7358908332614261,
      0.8083133218787363,
      0.8347732761279016,
      0.6628127727015255,
      -4.239469717504108e-09,
      -0.6628127761585362,
      -0.8347732719032075,
      -0.808313318418887,
      -0.7358908332466266,
      -0.6303166561931617,
      -0.4814435766309149,
      -0.27001966626522383
    ],
    "16": [
      -3.907985046680551e-16,
      0.24805505670543151,
      0.4428031450434995,
      0.5824740030602625,
      0.684763679952849,
      0.7601090232804566,
      0.8054386658703253,
      0.6870905659172055,
      -3.2881260381145696e-09,
      -0.6870905680460831,
      -0.8054386625970927,
      -0.7601090211490846,
      -0.6847636799379067,
      -0.5824740030627568,
      -0.4428031450435479,
      -0.24805505670543163
    ],
    "20": [
      -1.1723955140041654e-15,
      0.22925673828349888,
      0.4105072754316252,
      0.5428163508795003,
      0.641855491969052,
      0.7175079920971257,
      0.7706767694755021,
      0.6815478328418269,
      -2.377683188115043e-09,
      -0.6815478342089455,
      -0.7706767671117664,
      -0.7175079907278369,
      -0.6418554919550309,
      -0.5428163508816679,
      -0.4105072754316978,
      -0.22925673828350135
    ],
    "24": [
      -1.4210854715202005e-15,
      0.21295492398057655,
      0.38289998204943215,
      0.5090539219739588,
      0.6050698007433697,
      0.6800461056522816,
      0.7363847968312688,
      0.6618189347328627,
      -1.7049632106136414e-09,
      -0.661818935650623,
      -0.7363847951389779,
      -0.6800461047325209,
      -0.6050698007306246,
      -0.5090539219759572,
      -0.38289998204950354,
      -0.21295492398057866
    ],
    "26": [
      -1.2789769243681803e-15,
      0.2055852012238286,
      0.37050388944895046,
      0.49391232287273384,
      0.5885097590775449,
      0.6629843685223057,
      0.7200397298938905,
      0.6496966391421026,
      -1.4485911492556626e-09,
      -0.6496966399056251,
      -0.7200397284573158,
      -0.6629843677568665,
      -0.5885097590654558,
      -0.4939123228746482,
      -0.37050388944902196,
      -0.20558520122383087
    ]
  },
  "_source": "solver"
}