dq_lu, dq_hhl,
-0.012037779608257946,-0.0
-0.0043025275147818755,-0.0
-0.028024895026265022,-0.0
-0.03469208952458669,-0.0
-0.06792694151662186,-0.0
-0.09719816797127262,-0.03256663690967954
-0.037594250535788576,-0.0
-0.09739124626457975,-0.0
-0.1359191279292773,-0.0
-0.1733254076544408,-0.06513327381935938
-0.11481017726787113,-0.0
-0.2124486106115042,-0.04605617959854928
-0.08487714421578771,-0.032566636909679494
-0.06095271676113652,-0.0
-0.17325072203601216,-0.056407069759213106
