xp, rho, u, p, Mach
0.1,1.0,1.5,0.7142857142857144,1.5
0.3,0.9130291126058381,1.5828526635891014,0.6120294772699161,1.6339268763058967
0.5,0.6384958737269203,1.709837743287097,0.38650479710735897,1.8573445891444706
0.7,0.5409797394802384,1.761936529877513,0.3094059475422759,1.9690303639465392
0.9,0.5028264908519597,1.8132614573771104,0.28382284764847965,2.039772868726388
