{
  "u_initial": [
    0.0,
    0.05852709660483847,
    0.11480502970952693,
    0.16667106990588065,
    0.21213203435596423,
    0.24944088369076356,
    0.27716385975338603,
    0.2942355841209691,
    0.3,
    0.2942355841209691,
    0.27716385975338603,
    0.24944088369076362,
    0.21213203435596426,
    0.16667106990588065,
    0.11480502970952697,
    0.05852709660483858,
    3.6739403974420595e-17,
    -0.058527096604838506,
    -0.1148050297095269,
    -0.16667106990588057,
    -0.21213203435596423,
    -0.24944088369076356,
    -0.2771638597533859,
    -0.29423558412096906,
    -0.3,
    -0.2942355841209691,
    -0.277163859753386,
    -0.24944088369076362,
    -0.2121320343559643,
    -0.16667106990588065,
    -0.1148050297095271,
    -0.05852709660483861
  ],
  "u_final_classical": [
    -3.5847704594566466e-17,
    0.03010436016563704,
    0.05886532143414028,
    0.0863478517725557,
    0.11250055707822867,
    0.13716936231946922,
    0.160092533742897,
    0.18087800926291484,
    0.19895751922362465,
    0.21350459381943482,
    0.2232932296964205,
    0.22646188310554685,
    0.22014761872905284,
    0.2000251279279233,
    0.16009411451876973,
    0.09393104257536154,
    1.145661842169289e-16,
    -0.09393104257536136,
    -0.16009411451876956,
    -0.20002512792792318,
    -0.22014761872905275,
    -0.2264618831055468,
    -0.22329322969642046,
    -0.21350459381943485,
    -0.19895751922362467,
    -0.1808780092629149,
    -0.16009253374289706,
    -0.13716936231946925,
    -0.11250055707822872,
    -0.08634785177255574,
    -0.05886532143414033,
    -0.030104360165637105
  ],
  "u_final_method": [
    3.1172575631899238e-12,
    0.027867263875464447,
    0.055501192917455755,
    0.08266119404788876,
    0.10909039954345247,
    0.1345026133349592,
    0.15856162024279358,
    0.1808464075248608,
    0.200789868160117,
    0.21756630734132087,
    0.22987992601717666,
    0.2355734683410536,
    0.23098155708723242,
    0.21023230136284254,
    0.16581190871406662,
    0.09329141550132747,
    -4.740059011965059e-11,
    -0.09329141557906781,
    -0.16581190862913658,
    -0.21023230119413044,
    -0.2309815571483965,
    -0.23557346850588673,
    -0.22987992598179197,
    -0.2175663072163645,
    -0.20078986817475775,
    -0.18084640760812234,
    -0.15856162024140003,
    -0.13450261328547825,
    -0.10909039953898181,
    -0.08266119407273069,
    -0.05550119292354653,
    -0.027867263867936993
  ],
  "errors_by_step": {
    "0": 0.0,
    "1": 0.009409479812575988,
    "2": 0.009227746460656683,
    "3": 0.009062149697992612,
    "4": 0.008912669406979995,
    "5": 0.008779264228706042,
    "6": 0.008661861509528312,
    "7": 0.008560348576822946,
    "8": 0.00847456556987406,
    "9": 0.008404300033654041,
    "10": 0.008349283435824249,
    "11": 0.008309189694804061,
    "12": 0.00828363571673885,
    "13": 0.008272183841657971,
    "14": 0.008274346005135417,
    "15": 0.008289589341617935,
    "16": 0.008317342897852954,
    "17": 0.008357005093910429,
    "18": 0.0084079515664698,
    "19": 0.008469543051661902,
    "20": 0.008541133007601925,
    "21": 0.008622074733097713,
    "22": 0.008711727801697303,
    "23": 0.008809463693087941,
    "24": 0.008914670561696479,
    "25": 0.009026757131769467,
    "26": 0.009145155747750457,
    "27": 0.009269324637586687,
    "28": 0.009398749465784513,
    "29": 0.009532944263634125,
    "30": 0.009671451827587158,
    "31": 0.00981384367526168,
    "32": 0.009959719643252969,
    "33": 0.010108707203255265,
    "34": 0.010260460564241614,
    "35": 0.010414659619064806,
    "36": 0.010571008784802525,
    "37": 0.010729235777637446,
    "38": 0.010889090355199568,
    "39": 0.011050343052664101,
    "40": 0.011212783932833424,
    "41": 0.011376221365490755,
    "42": 0.01154048084723153,
    "43": 0.011705403869485344,
    "44": 0.011870846839791494,
    "45": 0.012036680059135425,
    "46": 0.012202786756597566,
    "47": 0.012369062181138106,
    "48": 0.012535412749436444,
    "49": 0.012701755248104398,
    "50": 0.012868016087884186,
    "51": 0.013034130607372595,
    "52": 0.013200042423420074,
    "53": 0.013365702825454396,
    "54": 0.013531070210762925,
    "55": 0.013696109558035042,
    "56": 0.013860791936365129,
    "57": 0.014025094047143484,
    "58": 0.014188997796381064,
    "59": 0.014352489895120753,
    "60": 0.014515561485779876,
    "61": 0.0146782077923755,
    "62": 0.014840427792813075,
    "63": 0.015002223911494214,
    "64": 0.015163601730647904,
    "65": 0.015324569718977017,
    "66": 0.015485138976231575,
    "67": 0.015645322992617935,
    "68": 0.01580513742180813,
    "69": 0.0159645998666941,
    "70": 0.01612372967691477,
    "71": 0.01628254775734352,
    "72": 0.016441076386835864,
    "73": 0.01659933904660373,
    "74": 0.01675736025752276,
    "75": 0.016915165425977693,
    "76": 0.017072780697658618,
    "77": 0.017230232818937496,
    "78": 0.01738754900542997,
    "79": 0.017544756817395275,
    "80": 0.017701884041657356,
    "81": 0.017858958579794828,
    "82": 0.01801600834232685,
    "83": 0.018173061148685336,
    "84": 0.018330144632773118,
    "85": 0.018487286153884768,
    "86": 0.018644512712899648,
    "87": 0.018801850873516917,
    "88": 0.01895932668842666,
    "89": 0.01911696563028495,
    "90": 0.01927479252735978,
    "91": 0.019432831503721156,
    "92": 0.019591105923897248,
    "93": 0.01974963834183684,
    "94": 0.01990845045411397,
    "95": 0.02006756305725555,
    "96": 0.02022699600907762,
    "97": 0.02038676819394562,
    "98": 0.02054689749184478,
    "99": 0.020707400751153425,
    "100": 0.02086829376503021,
    "101": 0.02102959125127777,
    "102": 0.021191306835621215,
    "103": 0.021353453038235364,
    "104": 0.021516041263457346,
    "105": 0.021679081792551673,
    "106": 0.021842583779398992,
    "107": 0.022006555249014077,
    "108": 0.02217100309876097,
    "109": 0.022335933102158877,
    "110": 0.022501349915143038,
    "111": 0.022667257084651022,
    "112": 0.022833657059467383,
    "113": 0.023000551203103577,
    "114": 0.02316793980871312,
    "115": 0.023335822115815034,
    "116": 0.023504196328762755,
    "117": 0.023673059636813872,
    "118": 0.023842408235698824,
    "119": 0.02401223735055697,
    "120": 0.024182541260133306,
    "121": 0.024353313322108383,
    "122": 0.024524545999451388,
    "123": 0.024696230887733,
    "124": 0.024868358743208103,
    "125": 0.02504091951162485,
    "126": 0.025213902357671857,
    "127": 0.025387295694891315,
    "128": 0.025561087216064905,
    "129": 0.025735263923898077,
    "130": 0.02590981216195885,
    "131": 0.02608471764577872,
    "132": 0.026259965494056032,
    "133": 0.026435540259837034,
    "134": 0.026611425961678172,
    "135": 0.02678760611463458,
    "136": 0.026964063761107687,
    "137": 0.027140781501408633,
    "138": 0.0273177415240313,
    "139": 0.027494925635576793,
    "140": 0.02767231529026865,
    "141": 0.027849891619014112,
    "142": 0.028027635458006846,
    "143": 0.028205527376769995,
    "144": 0.02838354770567183,
    "145": 0.028561676562846184,
    "146": 0.028739893880494635,
    "147": 0.028918179430550466,
    "148": 0.029096512849707226,
    "149": 0.029274873663737988,
    "150": 0.029453241311158094,
    "151": 0.029631595166149622,
    "152": 0.02980991456079137,
    "153": 0.029988178806571005,
    "154": 0.030166367215157894,
    "155": 0.030344459118440005,
    "156": 0.030522433887857893,
    "157": 0.030700270952947892,
    "158": 0.03087794981922454,
    "159": 0.031055450085268686,
    "160": 0.031232751459120366,
    "161": 0.03140983377397533,
    "162": 0.03158667700312707,
    "163": 0.03176326127422263,
    "164": 0.03193956688284983,
    "165": 0.032115574305405487,
    "166": 0.03229126421132175,
    "167": 0.03246661747458647,
    "168": 0.03264161518468684,
    "169": 0.03281623865686585,
    "170": 0.03299046944176214,
    "171": 0.0331642893344816
  },