xp, rho, u, p, Mach
0.1,0.987243571932937,1.5146567636107173,0.6995995702878711,1.5206791836102502
0.3,0.8838735281579615,1.614633343118491,0.6014984794469503,1.6541987772218751
0.5,0.6183807297673773,1.7421929907191713,0.374100068643646,1.8930684783831155
0.7,0.5322572835664268,1.803748931478043,0.3002813086701409,2.02959192170905
0.9,0.5289636301940843,1.7877988360885861,0.2966861698185541,2.0175248264765493
