xp, rho, u, p, Mach
0.1,0.9927755956302668,1.5090351524618488,0.7046291201124081,1.5138421445025343
0.3,0.9130021537144816,1.5813331884480175,0.6317247861439319,1.6066871137127108
0.5,0.7086987351112156,1.6249344373713521,0.44707269924893084,1.7290739932123231
0.7,0.7310057909105661,1.5323976810573425,0.4672400483060074,1.6199359626445635
0.9,0.8276936744953676,1.4545487013098441,0.5547493728689393,1.501587544456272
