xp, rho, u, p, Mach
0.1,0.9940955714368523,1.508909246856336,0.7059325123833207,1.5133228149682123
0.3,0.9270336890077729,1.5650659854724633,0.6449400015786194,1.5858303902229325
0.5,0.7416188364604358,1.5937023942058117,0.47448000182847183,1.6839322981565525
0.7,0.7812169488345806,1.5024561624768933,0.510789495419275,1.570372355173737
0.9,0.8784913103506846,1.4508381602819007,0.6003722344811872,1.4832466890452836
