{
  "artifacts": [
    {
      "grid": [
        0.0,
        0.0625,
        0.125,
        0.1875,
        0.25,
        0.3125,
        0.375,
        0.4375,
        0.5,
        0.5625,
        0.625,
        0.6875,
        0.75,
        0.8125,
        0.875,
        0.9375
      ],
      "solution_steps": {
        "0": [
          0.0,
          0.22961005941905385,
          0.42426406871192845,
          0.5543277195067721,
          0.6,
          0.5543277195067721,
          0.4242640687119285,
          0.22961005941905394,
          7.347880794884119e-17,
          -0.2296100594190538,
          -0.42426406871192845,
          -0.5543277195067718,
          -0.6,
          -0.554327719506772,
          -0.4242640687119286,
          -0.2296100594190542
        ],
        "10": [
          0.0020353224974401134,
          -0.07078385793438159,
          -0.10153887548113977,
          -0.08523559069297332,
          -0.05225154565687896,
          0.006973321877183066,
          0.045854735040941175,
          0.05088421648163914,
          0.004300990350853815,
          -0.04573702157342492,
          -0.049320508665684076,
          -0.014676172086772145,
          0.04434242514747029,
          0.0892658587563342,
          0.10561618380609702,
          0.06890890951381905
        ],
        "20": [
          -0.0007611118878907741,
          -0.0046766260283605116,
          -0.007040280666396867,
          0.0020583007954808603,
          0.004010594882691201,
          0.009276266221038929,
          0.00864545706927519,
          0.0011685656489793662,
          0.0038913858983269374,
          -0.005500839278169046,
          -0.00579758683379251,
          -0.008005772323041152,
          -0.006648098042269958,
          0.0030848220275406547,
          0.0020607993522933563,
          0.0037161164482854654
        ],
        "30": [
          -0.00040790394408368193,
          0.0015304777207560758,
          0.0013736456784552314,
          -0.00040773752409345643,
          0.0032987674826813643,
          0.002560178068487789,
          0.0009540338083473836,
          -0.0016705077141390768,
          0.0010015487832102476,
          0.0013010909553269753,
          0.0019678454003275916,
          -0.0017564597298494742,
          0.000826132603231991,
          0.0053230158753367835,
          0.0033422725234063012,
          -0.002511258487533385
        ]
      },
      "_source": "solver"
    },
    {
      "_source": "sweep",
      "directory": "/Users/agallojr/q8020/2026-06-14/_0a52e9ab/28a857e1",
      "files": [
        {
          "name": "q8020_params_28a857e1.json",
          "path": "q8020_params_28a857e1.json",
          "size_bytes": 1799,
          "modified": "2026-06-15T01:26:25.579988Z",
          "type": "json"
        },
        {
          "name": "q8020_stdout_28a857e1.txt",
          "path": "q8020_stdout_28a857e1.txt",
          "size_bytes": 671,
          "modified": "2026-06-15T01:26:36.078933Z",
          "type": "txt"
        },
        {
          "name": "q8020_stderr_28a857e1.txt",
          "path": "q8020_stderr_28a857e1.txt",
          "size_bytes": 369,
          "modified": "2026-06-15T01:26:36.078478Z",
          "type": "txt"
        },
        {
          "name": "q8020_artifacts_0.json",
          "path": "q8020_artifacts_0.json",
          "size_bytes": 2074,
          "modified": "2026-06-15T01:26:35.894143Z",
          "type": "json"
        },
        {
          "name": "q8020_case_0.json",
          "path": "q8020_case_0.json",
          "size_bytes": 728,
          "modified": "2026-06-15T01:26:35.877982Z",
          "type": "json"
        },
        {
          "name": "q8020_analysis_0.json",
          "path": "q8020_analysis_0.json",
          "size_bytes": 2619,
          "modified": "2026-06-15T01:26:35.893829Z",
          "type": "json"
        },
        {
          "name": "q8020_env_before_28a857e1.json",
          "path": "q8020_env_before_28a857e1.json",
          "size_bytes": 3002,
          "modified": "2026-06-15T01:26:25.579597Z",
          "type": "json"
        },
        {
          "name": "q8020_results_0.json",
          "path": "q8020_results_0.json",
          "size_bytes": 955,
          "modified": "2026-06-15T01:26:35.878325Z",
          "type": "json"
        }
      ]
    }
  ],
  "case": [
    {
      "q": 4,
      "N": 16,
      "nu": 0.04,
      "dx": 0.0625,
      "dt": 0.00625,
      "cfl": 0.1,
      "n_steps": 30,
      "shock_pct": null,
      "ic": "sine",
      "ic_modes": null,
      "ic_seed": null,
      "ic_alpha": null,
      "ic_center": null,
      "ic_sigma": null,
      "ic_cole_hopf_coeffs": null,
      "classical_reference": false,
      "analytic_reference": null,
      "source": "none",
      "method": "qlbm_circuit",
      "trotter_order": 1,
      "trotter_reps": 1,
      "bond_dim": null,
      "mps_threshold": 0.0,
      "shots": 150000,
      "backend_name": null,
      "t1": null,
      "t2": null,
      "bc": "periodic",
      "sign_recovery": "none",
      "backend_type": "sim",
      "coupling_map": "default",
      "optimization_level": 1,
      "seed": 1234,
      "name": "burgers_1d",
      "_source": "solver"
    },
    {
      "_source": "sweep",
      "name": "qlbm_circuit",
      "case_id": "qlbm_circuit",
      "params": {
        "_output_dir": "~/q8020",
        "_inject_outdir": "--outdir",
        "_env": "./.venv",
        "_script": "python ./q8020-mps-burgers/src/burgers_solver.py",
        "--noshow": true,
        "--no-classical-reference": true,
        "--no-analytic-reference": true,
        "--cfl": 0.1,
        "--evolution-mode": "measure_reprepare",
        "--segment-size": 5,
        "--save-every": 10,
        "--bc": "periodic",
        "--ic": "sine",
        "--source": "none",
        "--ic-amplitude": 0.6,
        "--nu": 0.04,
        "--seed": 1234,
        "--shots": 150000,
        "--metric-transpile-timeout": 0,
        "--q": 4,
        "--n-steps": 30,
        "--method": "qlbm_circuit",
        "--fock-qubits": 3,
        "--qalb-collision-trotter-reps": 0
      },
      "command": [
        "bash",
        "-c",
        "source /Users/agallojr/proj/src/q8020/.venv/bin/activate && python ./q8020-mps-burgers/src/burgers_solver.py --noshow --no-classical-reference --no-analytic-reference --cfl 0.1 --evolution-mode measure_reprepare --segment-size 5 --save-every 10 --bc periodic --ic sine --source none --ic-amplitude 0.6 --nu 0.04 --seed 1234 --shots 150000 --metric-transpile-timeout 0 --q 4 --n-steps 30 --method qlbm_circuit --fock-qubits 3 --qalb-collision-trotter-reps 0 --outdir /Users/agallojr/q8020/2026-06-14/_0a52e9ab/28a857e1"
      ],
      "script": "-c",
      "cwd": "/Users/agallojr/proj/src/q8020"
    }
  ],
  "backend": [],
  "experiment": [
    {
      "_source": "sweep",
      "name": "qlbm_circuit",
      "experiment_id": "28a857e1",
      "workflow_id": "_0a52e9ab",
      "timestamp": "2026-06-15T01:26:25.580017Z",
      "user": {
        "username": "agallojr",
        "hostname": "MH-DT9TLJQR2V"
      }
    }
  ],
  "exec_stats": [
    {
      "_source": "sweep",
      "start_time": "2026-06-15T01:26:25.580017Z",
      "end_time": "2026-06-15T01:26:36.077801Z",
      "duration_seconds": 10.497793,
      "exit_code": 0,
      "success": true
    }
  ],
  "code": [
    {
      "_source": "sweep",
      "entry_point": "-c",
      "interpreter": "bash",
      "library_versions_before": {
        "type": "venv",
        "path": "/Users/agallojr/proj/src/q8020/.venv",
        "packages": {
          "ml_dtypes": "0.5.4",
          "starlette": "1.3.1",
          "cytoolz": "1.1.0",
          "toolz": "1.1.0",
          "pybase64": "1.4.3",
          "pydantic_core": "2.46.4",
          "numba": "0.65.1",
          "jax": "0.7.1",
          "iniconfig": "2.3.0",
          "toml": "0.10.2",
          "pandas": "3.0.3",
          "q8020-cfd-qutil": "0.1.0",