{
  "u_initial": [
    0.0,
    0.22961005941905385,
    0.42426406871192845,
    0.5543277195067721,
    0.6,
    0.5543277195067721,
    0.4242640687119285,
    0.22961005941905394,
    7.347880794884119e-17,
    -0.2296100594190538,
    -0.42426406871192845,
    -0.5543277195067718,
    -0.6,
    -0.554327719506772,
    -0.4242640687119286,
    -0.2296100594190542
  ],
  "u_final_classical": null,
  "u_final_method": [
    -0.00040790394408368193,
    0.0015304777207560758,
    0.0013736456784552314,
    -0.00040773752409345643,
    0.0032987674826813643,
    0.002560178068487789,
    0.0009540338083473836,
    -0.0016705077141390768,
    0.0010015487832102476,
    0.0013010909553269753,
    0.0019678454003275916,
    -0.0017564597298494742,
    0.000826132603231991,
    0.0053230158753367835,
    0.0033422725234063012,
    -0.002511258487533385
  ],
  "errors_by_step": {},
  "final_error": NaN,
  "max_error": NaN,
  "_source": "solver"
}