xp, rho, u, p, Mach
0.1,0.9984971101669388,1.4939741814287537,0.7053246004486294,1.5023044881096346
0.3,0.8827296156151728,1.6249366484799879,0.5940329481774138,1.6740984631228895
0.5,0.6182984224065979,1.7305414216513921,0.37944582727380827,1.866990721391964
0.7,0.5046201653247917,1.8641371604590822,0.2807925060992748,2.1120460853580623
0.9,0.4855095980586307,1.850601642192938,0.2660815848059095,2.1127126176924382
