xp, rho, u, p, Mach
0.1,0.9922561114205122,1.5053466791164005,0.7023580417188325,1.5121856851612805
0.3,0.8846534591394654,1.6182722463985488,0.5991525100927539,1.6619022147754083
0.5,0.6187057985741321,1.7381252174645643,0.3765148828566073,1.8830769268239693
0.7,0.5117696127069987,1.8425730105065277,0.28576827234528657,2.083967446610577
0.9,0.484703053918539,1.8606952918543629,0.2632029431299839,2.134045861212442
