xp, rho, u, p, Mach
0.1,0.9917892643687198,1.5062354960287652,0.7021295965171056,1.512968623728899
0.3,0.8848021361390443,1.6177004602482765,0.5995713027084002,1.6608742558561331
0.5,0.6187861672098064,1.7384338322181956,0.37641327779552913,1.8837877938529533
0.7,0.5123308128652875,1.8410749556629822,0.2861117857977596,2.082163439786179
0.9,0.4845534745661715,1.8618379736598272,0.2629363434570359,2.1361090131691673
