dq_lu, dq_hhl,
0.00013690900733295106,4.9422428852337115e-05
3.956859006051655e-05,0.0
0.0002377961555241357,9.595120843841322e-05
0.00041266046471867746,0.00018844443243955613
0.0002980743010707249,0.00015078047040334897
0.000715932357784323,0.00032926101702506784
0.0004631601006833082,0.00022313892973587044
0.0003294204460571764,0.00016899513511435465
0.0007634150833973429,0.0003608436158471796
-3.383274793941652e-05,-3.06504892265863e-05
-0.0001212059630203579,-6.281481081281936e-05
-0.0002672341777628843,-0.0001488995593046233
-0.0010411750363547322,-0.0005724343005717994
-0.0010135773314974305,-0.000576033522832302
-0.0021350065285116646,-0.0011654442971991016
