xp, rho, u, p, Mach
0.1,0.9874255806802363,1.514483370552067,0.699778578956919,1.5204507464913197
0.3,0.8858975518258424,1.6133115351468403,0.6030695011218496,1.6525792262330279
0.5,0.619532483445967,1.7416731466881958,0.3749194698280145,1.8921940917840947
0.7,0.5168808835890688,1.8293810888357112,0.28865996085456047,2.0689125233852765
0.9,0.48374654037898895,1.8696179431145812,0.2608992047939332,2.1515993674123153
