xp, rho, u, p, Mach
0.1,0.9874709832924841,1.5144362449179198,0.6998202930317206,1.5203930745116527
0.3,0.8860314037573432,1.6131635413259897,0.6031849937752405,1.6523942439489199
0.5,0.619711229802312,1.7414123993607278,0.37505289447046086,1.8918471144010558
0.7,0.5170336648681864,1.8291068108513189,0.28876810748815884,2.0685205820330097
0.9,0.48377143262872296,1.8695833405292337,0.2609017963448738,2.1516042158023234
