xp, rho, u, p, Mach
0.1,0.994922507321428,1.5076551077715217,0.7052531267180174,1.5134222105225401
0.3,0.9014500396566629,1.591985656537489,0.6211197458637233,1.6209077388455162
0.5,0.6637237017797778,1.6797585808731244,0.40615528542519125,1.8148070563431833
0.7,0.617407810236351,1.6678547959422627,0.37170257879101737,1.8166969736055392
0.9,0.6590836489458345,1.61719943005919,0.4021976264033712,1.749645559431008
