xp, rho, u, p, Mach
0.1,0.9873008804417418,1.5146218973463907,0.6996634627434791,1.5206188786845298
0.3,0.8855368364256924,1.6136802745052419,0.602778986173764,1.6530185848642973
0.5,0.6190856028119173,1.742344742589727,0.3745756020390686,1.893109262921786
0.7,0.5167455268731233,1.8297094208093434,0.2885763680878799,2.0693125309307416
0.9,0.48438033333817443,1.8684400420579126,0.2614278513004447,2.1494753661495833
