xp, rho, u, p, Mach
0.1,0.9874851274151563,1.514339296127693,0.7010482967336615,1.5189745127160812
0.3,0.8880818396324108,1.6107559035292143,0.6069789764313914,1.6466654907616993
0.5,0.632237066727666,1.722663540252195,0.38569679290655057,1.8640321877777912
0.7,0.5604293696705842,1.7603056691137864,0.32338390628676744,1.9585078281774784
0.9,0.5754465045170303,1.7156086506257657,0.33355521606407196,1.9044642275934547
