xp, rho, u, p, Mach
0.1,0.9870807075691963,1.5149597406973971,0.6994641557222168,1.5210051128839466
0.3,0.8843910056233381,1.6150572891950032,0.6018158875985529,1.6546808798294759
0.5,0.617952492790433,1.744317555357035,0.37372849094895033,1.895662305807097
0.7,0.5186849663195792,1.8262932818348905,0.2901134523437749,2.0638322774307496
0.9,0.49106260086819103,1.856408217655074,0.26664958887653994,2.129155766252543
