xp, rho, u, p, Mach
0.1,0.987470982719995,1.514436245194541,0.6998202923967857,1.5203930750383492
0.3,0.8860313998832389,1.6131635447627344,0.6031849911099585,1.652394247507461
0.5,0.6197112245883633,1.7414124065753829,0.3750528908781596,1.8918471233405882
0.7,0.5170336638637482,1.8291068127197576,0.2887681067434309,2.0685205848040984
0.9,0.48377144083101514,1.8695833238104083,0.26090180334921664,2.151604185919925
