{
  "grid": [
    0.0,
    0.0625,
    0.125,
    0.1875,
    0.25,
    0.3125,
    0.375,
    0.4375,
    0.5,
    0.5625,
    0.625,
    0.6875,
    0.75,
    0.8125,
    0.875,
    0.9375
  ],
  "solution_steps": {
    "0": [
      0.0,
      0.11480502970952693,
      0.21213203435596423,
      0.27716385975338603,
      0.3,
      0.27716385975338603,
      0.21213203435596426,
      0.11480502970952697,
      3.6739403974420595e-17,
      -0.1148050297095269,
      -0.21213203435596423,
      -0.2771638597533859,
      -0.3,
      -0.277163859753386,
      -0.2121320343559643,
      -0.1148050297095271
    ],
    "10": [
      0.001114109186755028,
      0.09746337512399489,
      0.18853763993289427,
      0.24650231607097517,
      0.28646628177684347,
      0.2662578251914305,
      0.23015821480198106,
      0.08317766166719355,
      0.0014545632638814964,
      -0.0982602474868132,
      -0.2413974826406352,
      -0.2467247911323306,
      -0.2827508741712942,
      -0.25428160617711604,
      -0.18358245215042593,
      -0.0941345332573343
    ],
    "20": [
      0.0020169934203276042,
      0.08874160764525067,
      0.17351025863490047,
      0.22965092008334623,
      0.27625702359839416,
      0.26862758810749365,
      0.249002401970635,
      0.0759574390912194,
      -0.005518213589018223,
      -0.09837743836213349,
      -0.25641071979309854,
      -0.24227611583741132,
      -0.2722310485118207,
      -0.2398531143472994,
      -0.1666266957303198,
      -0.0824708863804658
    ],
    "30": [
      0.0025990417442976186,
      0.08169571293400237,
      0.15951064836475728,
      0.21566994161809147,
      0.2608727644290178,
      0.26292875263361265,
      0.26409628784209294,
      0.07489851708875904,
      -0.02014570471670009,
      -0.1016757432464642,
      -0.25408202467940755,
      -0.2347054618708351,
      -0.25993331477845816,
      -0.22555532302251521,
      -0.1529176982055998,
      -0.07325639613465097
    ]
  },
  "_source": "solver"
}