{
  "grid": [
    0.0,
    0.03225806451612903,
    0.06451612903225806,
    0.0967741935483871,
    0.12903225806451613,
    0.16129032258064516,
    0.1935483870967742,
    0.22580645161290322,
    0.25806451612903225,
    0.29032258064516125,
    0.3225806451612903,
    0.3548387096774194,
    0.3870967741935484,
    0.4193548387096774,
    0.45161290322580644,
    0.4838709677419355,
    0.5161290322580645,
    0.5483870967741935,
    0.5806451612903225,
    0.6129032258064516,
    0.6451612903225806,
    0.6774193548387096,
    0.7096774193548387,
    0.7419354838709677,
    0.7741935483870968,
    0.8064516129032258,
    0.8387096774193548,
    0.8709677419354839,
    0.9032258064516129,
    0.9354838709677419,
    0.967741935483871,
    1.0
  ],
  "solution_steps": {
    "0": [
      0.0,
      0.20129852008866006,
      0.39435585511331855,
      0.5712682150947923,
      0.7247927872291199,
      0.8486442574947509,
      0.9377521321470804,
      0.9884683243281114,
      0.9987165071710528,
      0.9680771188662044,
      0.8978045395707416,
      0.7907757369376985,
      0.6513724827222223,
      0.48530196253108143,
      0.29936312297335804,
      0.10116832198743228,
      -0.10116832198743204,
      -0.2993631229733574,
      -0.48530196253108043,
      -0.651372482722222,
      -0.7907757369376986,
      -0.8978045395707414,
      -0.9680771188662043,
      -0.9987165071710528,
      -0.9884683243281114,
      -0.9377521321470808,
      -0.8486442574947515,
      -0.72479278722912,
      -0.5712682150947924,
      -0.3943558551133187,
      -0.20129852008866028,
      -2.4492935982947064e-16
    ],
    "8": [
      -0.0,
      -0.0,
      -0.0,
      -0.0,
      -0.0,
      -0.0,
      -0.0,
      -0.0,
      -0.0,
      -0.0,
      -0.0,
      -0.0,
      -0.0,
      -0.0,
      -0.19566690826017474,
      -0.0,
      0.19566690826017474,
      -0.0,
      -0.0,
      -0.0,
      -0.0,
      -0.0,
      -0.19566690826017474,
      -0.19566690826017474,
      0.19566690826017474,
      -0.0,
      -0.1973697573076103,
      -0.0024946287642728547,
      -0.005568740170019603,
      -0.014899074347762685,
      -0.01012952077227091,
      -1.4813755381087735e-05
    ],
    "16": [
      -0.0,
      -0.0,
      -0.19566690826017474,
      -0.0,
      0.19566690826017474,
      -0.0,
      -0.0,
      -0.0,
      -0.0,
      -0.0,
      -0.0,
      -0.0,
      -0.0,
      -0.0,
      -0.0,
      -0.0,
      -0.0,
      -0.19566690826017474,
      -0.0,
      0.19566690826017474,
      -0.0,
      -0.19566690826017474,
      -0.0,
      0.19566690826017474,
      -0.0,
      -0.0,
      -0.1973697573076103,
      -0.1996425797642401,
      -0.006607153809414039,
      -0.01340457590296067,
      -0.009102008041649023,
      -6.352698294515976e-05
    ],
    "24": [
      -0.0,
      -0.0,
      -0.0,
      -0.0,
      -0.0,
      -0.0,
      -0.0,
      -0.0,
      -0.0,
      -0.0,
      -0.0,
      -0.0,
      -0.0,
      -0.19566690826017474,
      -0.0,
      0.19566690826017474,
      -0.0,
      -0.0,
      -0.0,
      -0.0,
      -0.0,
      -0.0,
      -0.0,
      -0.0,
      -0.19566690826017474,
      -0.19674128639004265,
      -0.003016160731035736,
      -0.0044364113654406755,
      -0.005967728782650591,
      -0.011885917875091224,
      -0.008408880057087917,
      7.875599251145838e-06
    ],
    "32": [
      -0.0,
      -0.0,
      -0.0,
      -0.0,
      -0.0,
      -0.0,
      -0.0,
      -0.0,
      -0.0,
      -0.0,
      -0.0,
      -0.0,
      -0.0,
      -0.19566690826017474,
      -0.0,
      0.19566690826017474,
      -0.0,
      -0.0,
      -0.0,
      -0.0,
      -0.0,
      -0.0,
      -0.0,
      -0.19566690826017474,
      -0.0,
      -0.0024946287642728547,
      -0.1993836459330122,
      -0.0033352314150521664,
      -0.005793387908339221,
      -0.011554356928065975,
      -0.00789185105660104,
      -3.5519060773479616e-05
    ],
    "40": [
      -0.0,
      -0.0,
      -0.0,
      -0.0,
      -0.0,
      -0.0,
      -0.0,
      -0.0,
      -0.0,
      -0.0,
      -0.0,
      -0.0,
      -0.0,
      -0.0,
      -0.0,
      -0.0,
      -0.19566690826017474,
      -0.19566690826017474,
      0.19566690826017474,
      0.19566690826017474,
      -0.19566690826017474,
      -0.19566690826017474,
      0.19566690826017474,
      0.19566690826017474,
      -0.19566690826017474,
      -0.1978156645199106,
      -0.0038516053071714,
      -0.00409053886090365,
      -0.005908914138726198,
      -0.011137412778717338,
      -0.007647058069457275,
      -6.173923199610931e-05
    ]
  },
  "_source": "solver"
}