{
  "u_initial": [
    0.0,
    0.3826834323650898,
    0.7071067811865475,
    0.9238795325112867,
    1.0,
    0.9238795325112867,
    0.7071067811865476,
    0.3826834323650899,
    1.2246467991473532e-16,
    -0.38268343236508967,
    -0.7071067811865475,
    -0.9238795325112865,
    -1.0,
    -0.9238795325112866,
    -0.7071067811865477,
    -0.3826834323650904
  ],
  "u_final_classical": [
    -5.857590438709849e-17,
    0.1889547358027246,
    0.37461807356714477,
    0.5530941296344742,
    0.7189359818183182,
    0.8627457524740141,
    0.9804309490943023,
    0.978818493029693,
    5.190854798563756e-16,
    -0.9788184930296926,
    -0.9804309490943022,
    -0.862745752474014,
    -0.7189359818183185,
    -0.5530941296344745,
    -0.3746180735671451,
    -0.18895473580272476
  ],
  "u_final_method": [
    -1.2789769243681803e-15,
    0.2055852012238286,
    0.37050388944895046,
    0.49391232287273384,
    0.5885097590775449,
    0.6629843685223057,
    0.7200397298938905,
    0.6496966391421026,
    -1.4485911492556626e-09,
    -0.6496966399056251,
    -0.7200397284573158,
    -0.6629843677568665,
    -0.5885097590654558,
    -0.4939123228746482,
    -0.37050388944902196,
    -0.20558520122383087
  ],
  "errors_by_step": {
    "0": 0.0,
    "4": 0.0823037460206383,
    "8": 0.12123779142395993,
    "12": 0.14518052346198396,
    "16": 0.1641160561245205,
    "20": 0.1905663668040524,
    "24": 0.23008731239778252,
    "26": 0.25429408299057443
  },
  "final_error": 0.25429408299057443,
  "max_error": 0.25429408299057443,
  "_source": "solver"
}