{
  "final_error_epsilon": 0.06349161029519837,
  "max_error_epsilon": 0.06349161029519837,
  "classical_wall_time_s": 0.0011248588562011719,
  "method_wall_time_s": 18.473859310150146,
  "speedup_ratio": 6.088921850688434e-05,
  "n_pauli_terms": 240,
  "shots": 150000,
  "t1": null,
  "t2": null,
  "backend_name": null,
  "backend_type": "sim",
  "coupling_map": "default",
  "optimization_level": 1,
  "seed": null,
  "total_pauli_decomp_time": 8.991311231860891,
  "total_circuit_construction_time": 0.05965140170883387,
  "total_transpilation_time": 2.791399425943382,
  "total_execution_time": 5.554024565848522,
  "total_sign_recovery_time": 0,
  "total_metric_transpile_time": 0,
  "n_circuits_executed": 0,
  "avg_circuit_depth": 1985.72,
  "avg_gate_count": 2284.36,
  "avg_cx_gates": 1216.64,
  "avg_sign_recovery_depth_per_circuit": null,
  "avg_sign_recovery_cx_per_circuit": null,
  "total_sign_recovery_cx": 0,
  "n_qubits": 6,
  "circuit_metrics_n_available": 25,
  "circuit_metrics_n_total": 25,
  "sign_recovery": "hadamard_test",
  "per_step_metrics": [
    {
      "pauli_decomp_time_s": 0.3579283910803497,
      "circuit_construction_time_s": 0.0014614110114052892,
      "transpilation_time_s": 0.28770993696525693,
      "execution_time_s": 0.20158065599389374,
      "circuit_depth": 1114,
      "gate_counts": {
        "cx": 752,
        "crz": 240,
        "u2": 106,
        "h": 104,
        "sxdg": 80,
        "sx": 42,
        "measure": 6,
        "initialize": 1,
        "barrier": 1
      },
      "n_qubits": 6,
      "n_pauli_terms": 240,
      "sign_recovery": "hadamard_test"
    },
    {
      "pauli_decomp_time_s": 0.3558397999731824,
      "circuit_construction_time_s": 0.0024064650060608983,
      "transpilation_time_s": 0.1034986519953236,
      "execution_time_s": 0.2217075499938801,
      "circuit_depth": 2022,
      "gate_counts": {
        "cx": 1236,
        "crz": 496,
        "h": 242,
        "u2": 170,
        "sx": 86,
        "sxdg": 86,
        "measure": 6,
        "initialize": 1,
        "barrier": 1
      },
      "n_qubits": 6,
      "n_pauli_terms": 496,
      "sign_recovery": "hadamard_test"
    },
    {
      "pauli_decomp_time_s": 0.3626039669616148,
      "circuit_construction_time_s": 0.0023934399941936135,
      "transpilation_time_s": 0.1044179470045492,
      "execution_time_s": 0.2219840339384973,
      "circuit_depth": 2022,
      "gate_counts": {
        "cx": 1236,
        "crz": 496,
        "h": 242,
        "u2": 170,
        "sx": 86,
        "sxdg": 86,
        "measure": 6,
        "initialize": 1,
        "barrier": 1
      },
      "n_qubits": 6,
      "n_pauli_terms": 496,
      "sign_recovery": "hadamard_test"
    },
    {
      "pauli_decomp_time_s": 0.3750891190720722,
      "circuit_construction_time_s": 0.0024264040403068066,
      "transpilation_time_s": 0.10456729400902987,
      "execution_time_s": 0.22386917390394956,
      "circuit_depth": 2022,
      "gate_counts": {
        "cx": 1236,
        "crz": 496,
        "h": 242,
        "u2": 170,
        "sx": 86,
        "sxdg": 86,
        "measure": 6,
        "initialize": 1,
        "barrier": 1
      },
      "n_qubits": 6,
      "n_pauli_terms": 496,
      "sign_recovery": "hadamard_test"
    },
    {
      "pauli_decomp_time_s": 0.38200290699023753,
      "circuit_construction_time_s": 0.0024196510203182697,
      "transpilation_time_s": 0.1038068369962275,
      "execution_time_s": 0.22062265500426292,
      "circuit_depth": 2022,
      "gate_counts": {
        "cx": 1236,
        "crz": 496,
        "h": 242,
        "u2": 170,
        "sx": 86,
        "sxdg": 86,
        "measure": 6,
        "initialize": 1,
        "barrier": 1
      },
      "n_qubits": 6,
      "n_pauli_terms": 496,
      "sign_recovery": "hadamard_test"
    },
    {
      "pauli_decomp_time_s": 0.3768749670125544,
      "circuit_construction_time_s": 0.0024255119496956468,
      "transpilation_time_s": 0.1039971640566364,
      "execution_time_s": 0.2202524309977889,
      "circuit_depth": 2022,
      "gate_counts": {
        "cx": 1236,
        "crz": 496,
        "h": 242,
        "u2": 170,
        "sx": 86,
        "sxdg": 86,
        "measure": 6,
        "initialize": 1,
        "barrier": 1
      },
      "n_qubits": 6,
      "n_pauli_terms": 496,
      "sign_recovery": "hadamard_test"
    },
    {
      "pauli_decomp_time_s": 0.3728410500334576,
      "circuit_construction_time_s": 0.002379803918302059,
      "transpilation_time_s": 0.1038720520446077,
      "execution_time_s": 0.220015654922463,
      "circuit_depth": 2022,
      "gate_counts": {
        "cx": 1236,
        "crz": 496,
        "h": 242,
        "u2": 170,
        "sx": 86,
        "sxdg": 86,
        "measure": 6,
        "initialize": 1,
        "barrier": 1
      },
      "n_qubits": 6,
      "n_pauli_terms": 496,
      "sign_recovery": "hadamard_test"
    },
    {
      "pauli_decomp_time_s": 0.3905588040361181,
      "circuit_construction_time_s": 0.0023883699905127287,
      "transpilation_time_s": 0.10438277805224061,
      "execution_time_s": 0.2187872229842469,
      "circuit_depth": 2022,
      "gate_counts": {
        "cx": 1236,
        "crz": 496,
        "h": 242,
        "u2": 170,
        "sx": 86,
        "sxdg": 86,
        "measure": 6,
        "initialize": 1,
        "barrier": 1
      },
      "n_qubits": 6,
      "n_pauli_terms": 496,
      "sign_recovery": "hadamard_test"
    },
    {
      "pauli_decomp_time_s": 0.3579790589865297,
      "circuit_construction_time_s": 0.0024212950374931097,
      "transpilation_time_s": 0.10352072399109602,
      "execution_time_s": 0.22116950200870633,
      "circuit_depth": 2022,
      "gate_counts": {
        "cx": 1236,
        "crz": 496,
        "h": 242,
        "u2": 170,
        "sx": 86,
        "sxdg": 86,
        "measure": 6,
        "initialize": 1,
        "barrier": 1
      },
      "n_qubits": 6,
      "n_pauli_terms": 496,
      "sign_recovery": "hadamard_test"
    },
    {
      "pauli_decomp_time_s": 0.3522927910089493,
      "circuit_construction_time_s": 0.0024050730280578136,
      "transpilation_time_s": 0.1039651109604165,
      "execution_time_s": 0.2202143690083176,
      "circuit_depth": 2022,
      "gate_counts": {
        "cx": 1236,
        "crz": 496,
        "h": 242,
        "u2": 170,
        "sx": 86,
        "sxdg": 86,
        "measure": 6,
        "initialize": 1,
        "barrier": 1
      },
      "n_qubits": 6,
      "n_pauli_terms": 496,
      "sign_recovery": "hadamard_test"
    },
    {
      "pauli_decomp_time_s": 0.349336675950326,
      "circuit_construction_time_s": 0.0024196109734475613,
      "transpilation_time_s": 0.10395534290000796,
      "execution_time_s": 0.23569884011521935,
      "circuit_depth": 2022,
      "gate_counts": {
        "cx": 1236,
        "crz": 496,
        "h": 242,
        "u2": 170,
        "sx": 86,
        "sxdg": 86,
        "measure": 6,
        "initialize": 1,
        "barrier": 1
      },
      "n_qubits": 6,
      "n_pauli_terms": 496,
      "sign_recovery": "hadamard_test"
    },
    {
      "pauli_decomp_time_s": 0.37896127603016794,
      "circuit_construction_time_s": 0.002569940988905728,
      "transpilation_time_s": 0.10877536900807172,
      "execution_time_s": 0.2395990389632061,
      "circuit_depth": 2022,
      "gate_counts": {
        "cx": 1236,
        "crz": 496,
        "h": 242,
        "u2": 170,
        "sx": 86,
        "sxdg": 86,
        "measure": 6,
        "initialize": 1,
        "barrier": 1
      },
      "n_qubits": 6,
      "n_pauli_terms": 496,
      "sign_recovery": "hadamard_test"
    },
    {
      "pauli_decomp_time_s": 0.37795041396748275,
      "circuit_construction_time_s": 0.0025915519800037146,
      "transpilation_time_s": 0.10810309101361781,
      "execution_time_s": 0.233569789910689,
      "circuit_depth": 2022,
      "gate_counts": {
        "cx": 1236,
        "crz": 496,