{
  "u_initial": [
    0.0,
    0.7071067811865475,
    1.0,
    0.7071067811865476,
    1.2246467991473532e-16,
    -0.7071067811865475,
    -1.0,
    -0.7071067811865477
  ],
  "u_final_classical": [
    -2.4088602290342153e-17,
    0.3343952163971847,
    0.5799504269703397,
    0.5530963878956068,
    1.107238328216355e-16,
    -0.5530963878956067,
    -0.5799504269703397,
    -0.3343952163971847
  ],
  "u_final_method": [
    1.425526363618701e-14,
    0.31926304701575087,
    0.503637424142906,
    0.4023827647494635,
    -2.211564265053312e-14,
    -0.4023827647494882,
    -0.5036374241428981,
    -0.31926304701572616
  ],
  "errors_by_step": {
    "0": 0.0,
    "1": 0.14928611436218403,
    "2": 0.15418432230209667,
    "3": 0.15995573241536876,
    "4": 0.1658806081666491,
    "5": 0.17152603549087012,
    "6": 0.1766449231879499,
    "7": 0.18111421904942035,
    "8": 0.18489332952335258,
    "9": 0.1879946908710718,
    "10": 0.19046280968545,
    "11": 0.19235961032192261,
    "12": 0.19375450635802483,
    "13": 0.1947179428268117,
    "14": 0.1953174221629022
  },
  "final_error": 0.1953174221629022,
  "max_error": 0.1953174221629022,
  "_source": "solver"
}