dq_lu, dq_hhl,
-0.002162010689770581,-0.00018647788920277944
-0.0014043953290925676,-0.00011793897262823127
-0.0062254588561061275,-0.000553182815913145
-0.0008909238448632077,-0.0
-0.003338045579224634,-0.00028889030372735764
0.0023697100834218234,0.000186477889202787
0.003981993943398008,0.0003538169178848569
-0.009025584588744738,-0.0007733775626294279
0.011192500837681859,0.0009653720965148831
0.0018513388307525927,0.00018647788920276494
-0.003115000539343701,-0.00020427629278465154
0.016828495325293766,0.0014683283679123792
0.00859406406800081,0.000745911556811376
-0.007208099371890632,-0.0005777806074548082
0.017774543015436003,0.0015263873072795143
