xp, rho, u, p, Mach
0.1,0.9947180462017274,1.5067134222339194,0.7088217361051597,1.508509759960901
0.3,0.8870140153971158,1.6230191060708277,0.5945605107760659,1.675432073148778
0.5,0.6059846391024102,1.824972946991629,0.3331821194541692,2.0800912044367967
0.7,0.5129322027390983,1.8682186213525935,0.25726010824638657,2.2294997990246643
0.9,0.459514745134803,2.018157233096908,0.20568567716048552,2.549404108840471
