xp, rho, u, p, Mach
0.1,0.9908570590785654,1.5106647502705683,0.7042786878674786,1.5143885186004187
0.3,0.8870140153971158,1.6172597995571218,0.5989090512479839,1.6634148574871856
0.5,0.6132230067481739,1.7813737844531947,0.35497049701399147,1.9788101516290801
0.7,0.5138370396785671,1.8493104081836567,0.27301569001172404,2.1441970610430925
0.9,0.4704919394622002,1.945068008212303,0.23216812282830948,2.3401601074816525
