xp, rho, u, p, Mach
0.1,0.9896124744306716,1.512564635533618,0.702435722272998,1.5173270846715192
0.3,0.8868685451356587,1.6154235364594869,0.6004367442089252,1.659275052767048
0.5,0.6156466800190689,1.767668968339881,0.3615694449531005,1.9494263394106646
0.7,0.514864826569047,1.8425190022968971,0.2780776583451223,2.118905170295098
0.9,0.4745268110780377,1.921092654853879,0.24107080437657488,2.27794043071073
