{
  "u_initial": [
    0.0,
    0.05881028419773636,
    0.11705419320967694,
    0.1741708063526774,
    0.22961005941905385,
    0.2828380420955986,
    0.3333421398117613,
    0.38063597049818726,
    0.42426406871192845,
    0.4638062720176422,
    0.4988817673815271,
    0.5291527586090129,
    0.5543277195067721,
    0.5741642014393252,
    0.5884711682419382,
    0.597110836003318,
    0.6,
    0.5971108360033182,
    0.5884711682419382,
    0.5741642014393253,
    0.5543277195067721,
    0.529152758609013,
    0.4988817673815272,
    0.46380627201764224,
    0.4242640687119285,
    0.38063597049818726,
    0.3333421398117613,
    0.2828380420955987,
    0.22961005941905394,
    0.17417080635267743,
    0.11705419320967717,
    0.05881028419773649,
    7.347880794884119e-17,
    -0.05881028419773635,
    -0.11705419320967701,
    -0.17417080635267726,
    -0.2296100594190538,
    -0.2828380420955986,
    -0.33334213981176114,
    -0.38063597049818715,
    -0.42426406871192845,
    -0.46380627201764196,
    -0.4988817673815271,
    -0.5291527586090129,
    -0.5543277195067718,
    -0.5741642014393252,
    -0.5884711682419381,
    -0.5971108360033182,
    -0.6,
    -0.5971108360033182,
    -0.5884711682419382,
    -0.5741642014393253,
    -0.554327719506772,
    -0.529152758609013,
    -0.49888176738152723,
    -0.46380627201764213,
    -0.4242640687119286,
    -0.38063597049818754,
    -0.3333421398117613,
    -0.28283804209559876,
    -0.2296100594190542,
    -0.17417080635267748,
    -0.11705419320967722,
    -0.058810284197736304
  ],
  "u_final_classical": null,
  "u_final_method": [
    0.02017438306585966,
    0.05851010413388068,
    0.09576574170142714,
    0.1311303279432545,
    0.16440907311099523,
    0.1962985083324672,
    0.22820291815518687,
    0.26154526479335516,
    0.29681113095705086,
    0.3327671956685795,
    0.36630408962069166,
    0.39317278817314133,
    0.4095724269552753,
    0.4141251362437322,
    0.4093171955094556,
    0.40134064944467157,
    0.3978916940436358,
    0.4047417541054506,
    0.42280175017706656,
    0.4471203627601108,
    0.4681967800616485,
    0.47515236205932526,
    0.4599110184750361,
    0.4209990842320446,
    0.3648882210965354,
    0.3032827236219026,
    0.24727866330344,
    0.2019710279520575,
    0.16483853522423658,
    0.12831231563919915,
    0.0844069415181633,
    0.028810411268620443,
    -0.03733855367058595,
    -0.1084880062530658,
    -0.1776291311903202,
    -0.2393662689145697,
    -0.29157784784187357,
    -0.3353110266847858,
    -0.3734993615442835,
    -0.40925640175893196,
    -0.44426060732970146,
    -0.4776417123605921,
    -0.5058201641949808,
    -0.5235680738562581,
    -0.5259885198669986,
    -0.5105349650745745,
    -0.47816123133575106,
    -0.43323734717053103,
    -0.38247366528312027,
    -0.3333341678783344,
    -0.2923369538392825,
    -0.2635398586254189,
    -0.24755611223945267,
    -0.2415047395714001,
    -0.24009670762087168,
    -0.2375282775912436,
    -0.22935501905829425,
    -0.21352194176444259,
    -0.190261789674595,
    -0.16119685149124294,
    -0.12826253473266433,
    -0.09296117453493082,
    -0.05615236355292879,
    -0.0182892028414706
  ],
  "errors_by_step": {},
  "final_error": NaN,
  "max_error": NaN,
  "_source": "solver"
}