{
  "iterations_completed": 1,
  "converged": true,
  "_source": "harvester",
  "fidelity": 0.8717253961404182,
  "shots": 1000,
  "l2_error_abs": 0.45163348190477864,
  "l2_error_rel": 0.36424618980963863
}