{
  "u_initial": [
    0.0,
    0.40673664307580015,
    0.7431448254773941,
    0.9510565162951535,
    0.9945218953682734,
    0.8660254037844387,
    0.5877852522924732,
    0.20791169081775931,
    -0.20791169081775907,
    -0.587785252292473,
    -0.8660254037844384,
    -0.9945218953682733,
    -0.9510565162951536,
    -0.743144825477394,
    -0.40673664307580015,
    -2.4492935982947064e-16
  ],
  "u_final_classical": [
    0.0,
    0.2327032026500107,
    0.4596574448446474,
    0.6748971873077655,
    0.8715251018302631,
    1.0207213452962849,
    1.2765963788637327,
    1.2584414536519224,
    -1.2584414536519215,
    -1.2765963788637336,
    -1.0207213452962849,
    -0.8715251018302631,
    -0.6748971873077653,
    -0.4596574448446475,
    -0.23270320265001082,
    -2.4492935982947064e-16
  ],
  "u_final_method": [
    0.0,
    0.23272438508725118,
    0.45969873543163425,
    0.6749561260684535,
    0.871595248053494,
    1.0208152706715379,
    1.276658855037234,
    1.2580280249463285,
    -1.2580280249463294,
    -1.2766588550372333,
    -1.020815270671538,
    -0.8715952480534929,
    -0.6749561260684533,
    -0.45969873543163475,
    -0.23272438508725085,
    0.0
  ],
  "errors_by_step": {
    "0": 0.0,
    "4": 5.526255922631607e-06,
    "8": 1.155679811767014e-05,
    "12": 1.9177660651324977e-05,
    "16": 3.1002713044595725e-05,
    "20": 5.664405455760956e-05,
    "24": 0.0001393923823780654,
    "25": 0.00018400368372890758
  },
  "final_error": 0.00018400368372890758,
  "max_error": 0.00018400368372890758,
  "_source": "solver"
}