dq_lu, dq_hhl,
-0.0028861176269345786,-0.00427898969430482
-0.0013717980957171456,-0.0
0.003208521922790638,0.00541254140735653
0.00421070761627825,0.006628982329855015
0.002901012509708981,0.004687398357805778
0.010505984843032275,0.012102810517884203
0.00852368945425901,0.01225316175493481
-0.005726579612828997,-0.0074114275556008405
0.011195378834206108,0.014698812301914738
0.004278610801236485,0.005740867098892621
0.003941238631947683,0.006346767379440856
0.009953056726675532,0.013257964659711848
0.0019617096111168865,0.003314491164926605
-0.002542019379185377,-0.0019136223662972348
0.0007928233710210941,0.0
