xp, rho, u, p, Mach
0.1,0.9874624462300241,1.5144291171053181,0.6998211816047298,1.5203783812670593
0.3,0.8860149110467448,1.6131785258646008,0.6031702747231885,1.6524143751480924
0.5,0.6196802032238695,1.7415891808729438,0.3749859660945139,1.8921606393196602
0.7,0.5170486165220737,1.8290530619751424,0.28875846014888373,2.0685242592432314
0.9,0.4837770445784658,1.8694763665862306,0.26092692252891575,2.151389991708523
