xp, rho, u, p, Mach
0.1,0.9874684620682359,1.5144282962231435,0.699823846660717,1.5203792934420166
0.3,0.8860212196676682,1.6132284725850965,0.6031346740833229,1.6525201883115446
0.5,0.6196809628812469,1.7415236204439715,0.37499154559863596,1.8920764942449269
0.7,0.5169879786049261,1.8292655308915549,0.2887016636514739,2.0688467059842117
0.9,0.4837694433734639,1.8695813562126034,0.2608711077270744,2.1517240606624743
