xp, rho, u, p, Mach
0.1,0.9874708910184844,1.5144358889066536,0.6998203789888019,1.520392552690787
0.3,0.8860307151659119,1.6131669527053865,0.6031823845757003,1.6524006700998317
0.5,0.6197096820528271,1.7414180052752708,0.3750498440315495,1.8918585357024515
0.7,0.5170317386175404,1.8291138063488197,0.2887649375121623,2.0685359937346437
0.9,0.4837715105862677,1.8695825571824234,0.2609004826396496,2.1516089045994913
