xp, rho, u, p, Mach
0.1,0.9874708910184844,1.5144361408888731,0.6998202892063753,1.5203929031924064
0.3,0.8860309933608389,1.613165609582842,0.6031833750700661,1.6523981970077912
0.5,0.6197102243545757,1.7414160324678063,0.3750509670050305,1.8918543879457637
0.7,0.5170325449030402,1.8291109539404864,0.28876616478859757,2.068529985133887
0.9,0.4837715105862677,1.8695828721526793,0.26090096275140445,2.1516072873789467
