xp, rho, u, p, Mach
0.1,0.9874684620682359,1.514408616971391,0.6998311769015472,1.5203515744891207
0.3,0.8860019877595973,1.6133371212251502,0.6030505499411326,1.6527288109937264
0.5,0.6196185638897298,1.7417223634737329,0.37489089208079174,1.892451142068166
0.7,0.5169126828576418,1.8295039574528058,0.2886010801444551,2.0693261852674167
0.9,0.4837648632733771,1.8695758961429947,0.2608217011214641,2.1519113766860993
