xp, rho, u, p, Mach
0.1,0.9874697976269926,1.5144343285813582,0.6998207704968885,1.520389719206619
0.3,0.8860283896574151,1.6131833268168403,0.6031689496329912,1.6524336767341867
0.5,0.6197009926770508,1.7414503798970542,0.3750321863763177,1.8919249805556664
0.7,0.5170187475777108,1.8291581585063392,0.28874629520966416,2.068626938423283
0.9,0.4837703725957338,1.8695839739470128,0.2608912878998044,2.151645919269173
