xp, rho, u, p, Mach
0.1,0.9875028718636731,1.5142636551123516,0.699874576789824,1.5201853941767767
0.3,0.8859423882456207,1.6135684764898153,0.6027881910946237,1.653269887361191
0.5,0.6193955629280093,1.742496417329127,0.37446342907938995,1.8940315803745973
0.7,0.5165084592870149,1.8309357415966288,0.2880299810253187,2.072187054462748
0.9,0.48363611360809877,1.8699503672624345,0.26046879113896043,2.153513386709869
