{
  "u_initial": [
    0.0,
    0.7071067811865475,
    1.0,
    0.7071067811865476,
    1.2246467991473532e-16,
    -0.7071067811865475,
    -1.0,
    -0.7071067811865477
  ],
  "u_final_classical": [
    -1.4778213349946724e-17,
    0.361989589826444,
    0.7161619111719113,
    1.174496075191928,
    3.3455384452398253e-16,
    -1.1744960751919282,
    -0.7161619111719114,
    -0.3619895898264442
  ],
  "u_final_method": [
    -5.329070518200751e-17,
    0.3190452486456178,
    0.4339394887901334,
    0.44671583035467904,
    1.9895196601282807e-14,
    -0.44671583035467827,
    -0.4339394887901532,
    -0.31904524864561856
  ],
  "errors_by_step": {
    "0": 0.0,
    "2": 0.25716042616131085,
    "4": 0.3237475492755741,
    "6": 0.3779702751697142,
    "8": 0.4259974322767366,
    "10": 0.47019998744387786,
    "12": 0.5113880800411629,
    "14": 0.5495908849129717
  },
  "final_error": 0.5495908849129717,
  "max_error": 0.5495908849129717,
  "_source": "solver"
}