{
  "iterations_completed": 1,
  "converged": true,
  "_source": "harvester",
  "fidelity": 0.42720862427146555,
  "shots": 10000,
  "l2_error_abs": 1.1946095971019959,
  "l2_error_rel": 1.194609597101996
}