{
  "quantum_solution": [
    0.40735303,
    0.01108996,
    0.01514726,
    0.89098331,
    0.00216389,
    0.04354836,
    0.42980342,
    0.01054898,
    0.01812261,
    0.00595071,
    0.00676217,
    0.00676217,
    0.00540973,
    0.00568022,
    0.00540973,
    0.00513925,
    0.20854527,
    0.05517929,
    0.00162292,
    0.20448797,
    0.05977757,
    0.01352434,
    0.19691434,
    0.05436783,
    0.00378681,
    0.00378681,
    0.00568022,
    0.00486876,
    0.00486876,
    0.00649168,
    0.00540973,
    0.00568022
  ],
  "classical_solution": [
    0.08877293122011366,
    -0.012329573780571344,
    0.08877293122011366,
    8.092777922236356e-18,
    0.009863659024457072,
    1.1266717801943072e-17,
    0.08877293122011366,
    -0.01232957378057134,
    0.08877293122011366,
    0.039454636097828295,
    0.039454636097828295,
    0.039454636097828295,
    0.039454636097828295,
    0.039454636097828295,
    0.039454636097828295,
    0.039454636097828295,
    0.49503753153502605,
    0.26231425430419864,
    0.039454636097828295,
    0.49503753153502594,
    0.26231425430419864,
    0.039454636097828295,
    0.49503753153502605,
    0.26231425430419864,
    0.039454636097828295,
    0.039454636097828295,
    0.039454636097828295,
    0.039454636097828295,
    0.039454636097828295,
    0.039454636097828295,
    0.039454636097828295,
    0.039454636097828295
  ],
  "_source": "harvester"
}