{
  "u_initial": [
    0.0,
    0.039206856131824244,
    0.0780361288064513,
    0.11611387090178493,
    0.15307337294603593,
    0.18855869473039907,
    0.22222809320784087,
    0.25375731366545823,
    0.282842712474619,
    0.3092041813450948,
    0.3325878449210181,
    0.352768505739342,
    0.36955181300451473,
    0.38277613429288354,
    0.3923141121612922,
    0.39807389066887877,
    0.4,
    0.39807389066887877,
    0.3923141121612922,
    0.3827761342928836,
    0.36955181300451473,
    0.35276850573934204,
    0.33258784492101817,
    0.30920418134509486,
    0.28284271247461906,
    0.25375731366545823,
    0.22222809320784087,
    0.18855869473039916,
    0.15307337294603596,
    0.11611387090178496,
    0.07803612880645144,
    0.039206856131824334,
    4.898587196589413e-17,
    -0.03920685613182424,
    -0.07803612880645135,
    -0.11611387090178485,
    -0.15307337294603587,
    -0.18855869473039907,
    -0.2222280932078408,
    -0.2537573136654581,
    -0.282842712474619,
    -0.3092041813450947,
    -0.3325878449210181,
    -0.352768505739342,
    -0.3695518130045146,
    -0.38277613429288354,
    -0.39231411216129214,
    -0.39807389066887877,
    -0.4,
    -0.39807389066887877,
    -0.3923141121612922,
    -0.3827761342928836,
    -0.3695518130045147,
    -0.35276850573934204,
    -0.3325878449210182,
    -0.30920418134509475,
    -0.28284271247461906,
    -0.2537573136654584,
    -0.22222809320784087,
    -0.1885586947303992,
    -0.15307337294603618,
    -0.116113870901785,
    -0.0780361288064515,
    -0.0392068561318242
  ],
  "u_final_classical": null,
  "u_final_method": [
    4.759199801711391e-17,
    0.017701650690815522,
    0.03535155369990441,
    0.05289714903609819,
    0.07028422643011896,
    0.08745603533907477,
    0.10435231520645388,
    0.12090821642367597,
    0.13705308040831188,
    0.15270904549570913,
    0.16778944477970492,
    0.18219696399305077,
    0.1958215341048854,
    0.20853794771896378,
    0.2202032152144111,
    0.23065372232461243,
    0.2397023239690394,
    0.24713561988209945,
    0.2527118166705081,
    0.2561597964396914,
    0.2571802831044922,
    0.25545030319038536,
    0.2506324221099944,
    0.24239038953249156,
    0.23041267187618367,
    0.21444465279086022,
    0.19432881276117397,
    0.17004986050455892,
    0.1417788196214604,
    0.10990723205111531,
    0.07506120277997431,
    0.038086390416852814,
    1.9471803287956443e-17,
    -0.03808639041685277,
    -0.07506120277997429,
    -0.10990723205111529,
    -0.14177881962146038,
    -0.17004986050455892,
    -0.194328812761174,
    -0.21444465279086025,
    -0.23041267187618372,
    -0.24239038953249162,
    -0.25063242210999453,
    -0.2554503031903854,
    -0.25718028310449226,
    -0.25615979643969145,
    -0.2527118166705082,
    -0.24713561988209945,
    -0.2397023239690394,
    -0.23065372232461243,
    -0.22020321521441108,
    -0.20853794771896375,
    -0.19582153410488537,
    -0.18219696399305074,
    -0.1677894447797049,
    -0.15270904549570907,
    -0.13705308040831182,
    -0.1209082164236759,
    -0.1043523152064538,
    -0.08745603533907469,
    -0.07028422643011886,
    -0.0528971490360981,
    -0.035351553699904316,
    -0.01770165069081543
  ],
  "errors_by_step": {},
  "final_error": NaN,
  "max_error": NaN,
  "_source": "solver"
}