dq_lu, dq_hhl,
-0.012566357186466828,-0.007031247601626081
-0.004566643518352813,-0.0013789411048303402
-0.008257604033220407,-0.002388396054211545
0.007506958454371987,0.0039002344243299486
0.00627507572708134,0.0030834060473694884
0.0016084223997275254,0.0
-0.007300779337130309,-0.0013789411048304534
-0.008958721032162139,-0.004136823314491465
-0.023565136031902623,-0.009042321523559634
0.0029722065908493046,0.0
-0.010249720395096565,-0.003377702092184432
0.0029931486719783013,0.0
0.00921296880103105,0.0027578822096609853
-0.009908799977511228,-0.003900234424330075
-0.007872054689608918,-0.0019501172121649867
