xp, rho, u, p, Mach
0.1,0.987469613784953,1.5144379436993085,0.6998176882383006,1.5203965551974266
0.3,0.8860265455421366,1.6131674572582275,0.6031810365023187,1.6523991453569036
0.5,0.6197086000434501,1.7414151428264275,0.3750515409789595,1.8918494944643587
0.7,0.5170351406851749,1.8291090262461682,0.28876597757477795,2.0685336682118476
0.9,0.48377275193347424,1.8695613990825213,0.2609074110482637,2.1515587473191493
