xp, rho, u, p, Mach
0.1,0.9999999999999999,1.5000000000000002,0.7060571352269199,1.508715381687745
0.3,0.8785219464247331,1.6197986820320573,0.6026942006487715,1.6528172039312776
0.5,0.6269375647626817,1.7354963853286536,0.38260030511254695,1.8775831794111626
0.7,0.5137046875695289,1.860802457734081,0.27741208563134695,2.1400815789422483
0.9,0.4739882565470195,1.9290645166475842,0.24918160134828699,2.248581014675359
