{
  "quantum_solution": [
    0.71536061145487,
    0.0031250860706924424,
    0.6987408355334601,
    0.0032671354375420985
  ],
  "classical_solution": [
    0.7055698197297996,
    0.046596453582414196,
    0.7055698197297996,
    0.046596453582414196
  ],
  "_source": "harvester"
}