{
  "iterations_completed": 1,
  "converged": true,
  "_source": "harvester",
  "fidelity": 0.9960941371757024,
  "shots": 10000,
  "l2_error_abs": 0.06252746782012111,
  "l2_error_rel": 0.06252746782012111
}