{
  "u_initial": [
    0.0,
    0.11480502970952693,
    0.21213203435596423,
    0.27716385975338603,
    0.3,
    0.27716385975338603,
    0.21213203435596426,
    0.11480502970952697,
    3.6739403974420595e-17,
    -0.1148050297095269,
    -0.21213203435596423,
    -0.2771638597533859,
    -0.3,
    -0.277163859753386,
    -0.2121320343559643,
    -0.1148050297095271
  ],
  "u_final_classical": null,
  "u_final_method": [
    -4.4759710459778866e-17,
    0.05858101757804824,
    0.11676997866610012,
    0.16871039784516823,
    0.20020283173855707,
    0.1957545205339747,
    0.15279058633679837,
    0.0826902690242411,
    5.968887394402353e-17,
    -0.08269026902424104,
    -0.1527905863367983,
    -0.19575452053397474,
    -0.20020283173855707,
    -0.16871039784516823,
    -0.11676997866610021,
    -0.05858101757804827
  ],
  "errors_by_step": {},
  "final_error": NaN,
  "max_error": NaN,
  "_source": "solver"
}