dq_lu, dq_hhl,
-0.001240653772914196,-0.0
-0.001778104344893665,-0.00040738016044685377
0.0028227220431918673,0.000751171900051932
0.003417530381861349,0.0008925252134275036
0.002205448806620195,0.00048201870625115437
0.010630889487645269,0.0028978448739310574
0.001219280397777249,0.00018218594628874026
-0.001349072830270877,-0.00031555531539713763
0.01227542308080118,0.003359342862608512
0.0016207147745284725,0.000446262606713607
-0.00710755885388923,-0.001987414039397703
0.006961408424720342,0.0019194480487352925
-0.001746490623843796,-0.0004462626067136268
-0.0007345226949687648,-0.0
-0.00010836396736566788,-0.0
