dq_lu, dq_hhl,
-0.00016341515184523122,-4.775686527434528e-05
-0.00015994404932597923,-4.4459222028586816e-05
0.00028949875386543943,6.165384795836783e-05
0.00035433591364479155,8.363134831666982e-05
0.00019876352436566506,4.93230783666165e-05
0.0009607164426139605,0.00023232950081060474
0.00019851250401282605,4.613751512721986e-05
-8.83481439515248e-05,-1.2330769591576592e-05
0.0011189595759628686,0.00027928580663053477
0.00010290353814883809,2.4661539183192665e-05
-0.000575108602676126,-0.00014848212826768802
0.0006031353247430517,0.00015051622480583175
-0.0001790027938392913,-2.757243902181063e-05
-0.00013961117492735595,-2.4661539183255684e-05
-6.840468762860857e-05,-0.0
