dq_lu, dq_hhl,
-0.0010345166686730259,-0.00026047819596764475
-0.0011654050789751472,-0.0003190193346207408
0.0017834074336196342,0.0005824469528404017
0.00216842868718916,0.0006891605284854838
0.001426708174803877,0.0005369895575726105
0.006533808549959045,0.0020218545093858295
0.001060376201249799,0.0003445802642425758
-0.0008349837520448262,-0.00039071729395137686
0.007605811791332787,0.002383766889951445
0.0010023310090710809,0.000390717293951455
-0.004340193245557533,-0.0015132415725503739
0.0043305945431633885,0.0014147587327712197
-0.0010759553543969924,-0.0002912234764200935
-0.0007324761284876589,-0.00018418589871988666
-9.670437822443928e-05,-0.0
