xp, rho, u, p, Mach
0.1,0.9876895984619308,1.5143287842867643,0.6996348217271373,1.5206549897631576
0.3,0.8855761854519896,1.6137033847274078,0.6026195900730298,1.6532975943660366
0.5,0.6194530168752291,1.742330534905808,0.3742257982633696,1.8945403288033362
0.7,0.5169089355782462,1.8310029200600344,0.28781670263742243,2.0738342476682154
0.9,0.48401363914697043,1.8689809928313748,0.26098844678029487,2.1510921997444217
