{
  "u_initial": [
    0.0,
    0.02940514209886818,
    0.05852709660483847,
    0.0870854031763387,
    0.11480502970952693,
    0.1414190210477993,
    0.16667106990588065,
    0.19031798524909363,
    0.21213203435596423,
    0.2319031360088211,
    0.24944088369076356,
    0.26457637930450645,
    0.27716385975338603,
    0.2870821007196626,
    0.2942355841209691,
    0.298555418001659,
    0.3,
    0.2985554180016591,
    0.2942355841209691,
    0.28708210071966267,
    0.27716385975338603,
    0.2645763793045065,
    0.2494408836907636,
    0.23190313600882112,
    0.21213203435596426,
    0.19031798524909363,
    0.16667106990588065,
    0.14141902104779935,
    0.11480502970952697,
    0.08708540317633871,
    0.05852709660483858,
    0.029405142098868246,
    3.6739403974420595e-17,
    -0.029405142098868176,
    -0.058527096604838506,
    -0.08708540317633863,
    -0.1148050297095269,
    -0.1414190210477993,
    -0.16667106990588057,
    -0.19031798524909357,
    -0.21213203435596423,
    -0.23190313600882098,
    -0.24944088369076356,
    -0.26457637930450645,
    -0.2771638597533859,
    -0.2870821007196626,
    -0.29423558412096906,
    -0.2985554180016591,
    -0.3,
    -0.2985554180016591,
    -0.2942355841209691,
    -0.28708210071966267,
    -0.277163859753386,
    -0.2645763793045065,
    -0.24944088369076362,
    -0.23190313600882106,
    -0.2121320343559643,
    -0.19031798524909377,
    -0.16667106990588065,
    -0.14141902104779938,
    -0.1148050297095271,
    -0.08708540317633874,
    -0.05852709660483861,
    -0.029405142098868152
  ],
  "u_final_classical": null,
  "u_final_method": [
    0.014985316797781891,
    0.05060478691177011,
    0.08924236750870748,
    0.12506718409595194,
    0.15001793599434607,
    0.15736734140382255,
    0.14594623271149387,
    0.12260924397229417,
    0.10077511912228346,
    0.09493612066419331,
    0.11380444860266607,
    0.15584861754496843,
    0.2094285153758726,
    0.25725230678166894,
    0.2833330829414806,
    0.27996447104828465,
    0.25170362716918787,
    0.21365498960742912,
    0.18396079912540558,
    0.17437039220357378,
    0.18438948524883103,
    0.2020129357331038,
    0.2100418764305124,
    0.19461495508580584,
    0.15204486498159525,
    0.09054590285955896,
    0.02554759989546369,
    -0.028859856999711157,
    -0.06695576761137517,
    -0.09267128690273381,
    -0.11507830773750982,
    -0.14151006982723402,
    -0.17251458974813233,
    -0.20134951312720545,
    -0.21797260119312512,
    -0.21481381563184357,
    -0.19080084379121218,
    -0.15171218386768887,
    -0.10740172856650616,
    -0.06787258977529803,
    -0.04014435598374348,
    -0.027020014671743697,
    -0.02781006230388556,
    -0.040128938700353556,
    -0.061428480043963986,
    -0.08931940274357401,
    -0.12078452667626635,
    -0.15135408047184684,
    -0.17541697145798849,
    -0.18794956030183826,
    -0.1867502928814568,
    -0.17374298653654308,
    -0.1544272786226145,
    -0.13563373153737132,
    -0.12264655775701912,
    -0.11708207338044872,
    -0.11657293853690462,
    -0.11639442374076822,
    -0.11207168880318903,
    -0.10142957031658156,
    -0.0849627104481695,
    -0.06453656168981127,
    -0.04148156974256558,
    -0.015468587689830145
  ],
  "errors_by_step": {},
  "final_error": NaN,
  "max_error": NaN,
  "_source": "solver"
}