{
  "u_initial": [
    0.0,
    0.02940514209886818,
    0.05852709660483847,
    0.0870854031763387,
    0.11480502970952693,
    0.1414190210477993,
    0.16667106990588065,
    0.19031798524909363,
    0.21213203435596423,
    0.2319031360088211,
    0.24944088369076356,
    0.26457637930450645,
    0.27716385975338603,
    0.2870821007196626,
    0.2942355841209691,
    0.298555418001659,
    0.3,
    0.2985554180016591,
    0.2942355841209691,
    0.28708210071966267,
    0.27716385975338603,
    0.2645763793045065,
    0.2494408836907636,
    0.23190313600882112,
    0.21213203435596426,
    0.19031798524909363,
    0.16667106990588065,
    0.14141902104779935,
    0.11480502970952697,
    0.08708540317633871,
    0.05852709660483858,
    0.029405142098868246,
    3.6739403974420595e-17,
    -0.029405142098868176,
    -0.058527096604838506,
    -0.08708540317633863,
    -0.1148050297095269,
    -0.1414190210477993,
    -0.16667106990588057,
    -0.19031798524909357,
    -0.21213203435596423,
    -0.23190313600882098,
    -0.24944088369076356,
    -0.26457637930450645,
    -0.2771638597533859,
    -0.2870821007196626,
    -0.29423558412096906,
    -0.2985554180016591,
    -0.3,
    -0.2985554180016591,
    -0.2942355841209691,
    -0.28708210071966267,
    -0.277163859753386,
    -0.2645763793045065,
    -0.24944088369076362,
    -0.23190313600882106,
    -0.2121320343559643,
    -0.19031798524909377,
    -0.16667106990588065,
    -0.14141902104779938,
    -0.1148050297095271,
    -0.08708540317633874,
    -0.05852709660483861,
    -0.029405142098868152
  ],
  "u_final_classical": null,
  "u_final_method": [
    -3.325838945119855e-17,
    0.02073136471395043,
    0.04139622045717256,
    0.061926040633594505,
    0.08224821255153593,
    0.10228387080905704,
    0.1219455935763635,
    0.1411349385302153,
    0.15973982227223524,
    0.17763179084316758,
    0.19466329560335094,
    0.2106651838637983,
    0.22544473924777117,
    0.2387847563227735,
    0.2504442856484869,
    0.2601617948411779,
    0.2676614898663961,
    0.27266334535183234,
    0.27489693526305226,
    0.2741184321146166,
    0.27012926552876143,
    0.26279414175016913,
    0.252055739428093,
    0.23794366533118713,
    0.22057621357123483,
    0.20015487871539436,
    0.17695298527711148,
    0.15130077491441582,
    0.12356959569530475,
    0.09415749121801698,
    0.06347771754793037,
    0.031950809351268754,
    3.548081822152063e-17,
    -0.03195080935126868,
    -0.06347771754793027,
    -0.09415749121801688,
    -0.12356959569530465,
    -0.15130077491441574,
    -0.1769529852771114,
    -0.20015487871539434,
    -0.22057621357123477,
    -0.23794366533118708,
    -0.25205573942809295,
    -0.262794141750169,
    -0.2701292655287613,
    -0.27411843211461645,
    -0.27489693526305237,
    -0.27266334535183223,
    -0.26766148986639615,
    -0.2601617948411779,
    -0.25044428564848703,
    -0.2387847563227735,
    -0.22544473924777123,
    -0.21066518386379834,
    -0.1946632956033509,
    -0.17763179084316763,
    -0.15973982227223532,
    -0.14113493853021536,
    -0.1219455935763636,
    -0.1022838708090571,
    -0.082248212551536,
    -0.06192604063359451,
    -0.04139622045717264,
    -0.020731364713950456
  ],
  "errors_by_step": {},
  "final_error": NaN,
  "max_error": NaN,
  "_source": "solver"
}