{
  "u_initial": [
    0.0,
    0.3826834323650898,
    0.7071067811865475,
    0.9238795325112867,
    1.0,
    0.9238795325112867,
    0.7071067811865476,
    0.3826834323650899,
    1.2246467991473532e-16,
    -0.38268343236508967,
    -0.7071067811865475,
    -0.9238795325112865,
    -1.0,
    -0.9238795325112866,
    -0.7071067811865477,
    -0.3826834323650904
  ],
  "u_final_classical": [
    -5.857590438709849e-17,
    0.1889547358027246,
    0.37461807356714477,
    0.5530941296344742,
    0.7189359818183182,
    0.8627457524740141,
    0.9804309490943023,
    0.978818493029693,
    5.190854798563756e-16,
    -0.9788184930296926,
    -0.9804309490943022,
    -0.862745752474014,
    -0.7189359818183185,
    -0.5530941296344745,
    -0.3746180735671451,
    -0.18895473580272476
  ],
  "u_final_method": [
    7.478462293875054e-15,
    0.20558520194470128,
    0.370503886985062,
    0.49391232624244086,
    0.5885097662022362,
    0.6629843439025388,
    0.7200396805861152,
    0.6496967314168464,
    -1.6262902136077173e-12,
    -0.649696731416991,
    -0.7200396805845567,
    -0.6629843439024429,
    -0.5885097662021997,
    -0.4939123262424097,
    -0.37050388698503806,
    -0.20558520194468366
  ],
  "errors_by_step": {
    "0": 0.0,
    "4": 0.08230392712699865,
    "8": 0.12123802305601168,
    "12": 0.14518067596657883,
    "16": 0.16411609684025738,
    "20": 0.19056635113362996,
    "24": 0.23008729233153913,
    "26": 0.2542940681119661
  },
  "final_error": 0.2542940681119661,
  "max_error": 0.2542940681119661,
  "_source": "solver"
}