{
  "u_initial": [
    0.0,
    0.02940514209886818,
    0.05852709660483847,
    0.0870854031763387,
    0.11480502970952693,
    0.1414190210477993,
    0.16667106990588065,
    0.19031798524909363,
    0.21213203435596423,
    0.2319031360088211,
    0.24944088369076356,
    0.26457637930450645,
    0.27716385975338603,
    0.28708210071966267,
    0.2942355841209691,
    0.298555418001659,
    0.3,
    0.2985554180016591,
    0.2942355841209691,
    0.28708210071966267,
    0.27716385975338603,
    0.2645763793045065,
    0.24944088369076362,
    0.23190313600882112,
    0.21213203435596426,
    0.19031798524909363,
    0.16667106990588065,
    0.14141902104779935,
    0.11480502970952697,
    0.08708540317633871,
    0.05852709660483858,
    0.029405142098868246,
    3.6739403974420595e-17,
    -0.029405142098868176,
    -0.058527096604838506,
    -0.08708540317633863,
    -0.1148050297095269,
    -0.1414190210477993,
    -0.16667106990588057,
    -0.19031798524909357,
    -0.21213203435596423,
    -0.23190313600882098,
    -0.24944088369076356,
    -0.26457637930450645,
    -0.2771638597533859,
    -0.2870821007196626,
    -0.29423558412096906,
    -0.2985554180016591,
    -0.3,
    -0.2985554180016591,
    -0.2942355841209691,
    -0.28708210071966267,
    -0.277163859753386,
    -0.2645763793045065,
    -0.24944088369076362,
    -0.23190313600882106,
    -0.2121320343559643,
    -0.19031798524909377,
    -0.16667106990588065,
    -0.14141902104779938,
    -0.1148050297095271,
    -0.08708540317633874,
    -0.05852709660483861,
    -0.029405142098868152
  ],
  "u_final_classical": null,
  "u_final_method": [
    3.261129756867722e-19,
    0.0185021206969856,
    0.03689361347310555,
    0.05506335721955865,
    0.07289925506206268,
    0.09028777402294959,
    0.10711352061812789,
    0.1232588692480815,
    0.13860366456510534,
    0.15302502453153752,
    0.16639727763319948,
    0.17859207559564785,
    0.18947873172955418,
    0.1989248442257607,
    0.20679727250500213,
    0.21296354181557434,
    0.21729375480854937,
    0.21966308631110368,
    0.21995492585818022,
    0.21806470820213114,
    0.21390443148564015,
    0.20740780329816902,
    0.19853587559117222,
    0.18728293282399097,
    0.17368229085500422,
    0.1578115597602103,
    0.13979684035514559,
    0.11981528398801017,
    0.09809547045207258,
    0.07491516619955549,
    0.05059621875598869,
    0.02549661015328799,
    -6.0716747929388225e-18,
    -0.025496610153287996,
    -0.05059621875598869,
    -0.07491516619955549,
    -0.09809547045207258,
    -0.11981528398801011,
    -0.13979684035514556,
    -0.15781155976021025,
    -0.17368229085500417,
    -0.18728293282399092,
    -0.1985358755911721,
    -0.2074078032981689,
    -0.21390443148564003,
    -0.21806470820213103,
    -0.2199549258581801,
    -0.21966308631110357,
    -0.21729375480854926,
    -0.21296354181557428,
    -0.20679727250500207,
    -0.19892484422576065,
    -0.18947873172955412,
    -0.1785920755956478,
    -0.16639727763319942,
    -0.15302502453153746,
    -0.1386036645651053,
    -0.1232588692480815,
    -0.10711352061812789,
    -0.09028777402294959,
    -0.07289925506206266,
    -0.055063357219558635,
    -0.03689361347310555,
    -0.0185021206969856
  ],
  "errors_by_step": {},
  "final_error": NaN,
  "max_error": NaN,
  "_source": "solver"
}