{
  "grid": [
    0.0,
    0.03225806451612903,
    0.06451612903225806,
    0.0967741935483871,
    0.12903225806451613,
    0.16129032258064516,
    0.1935483870967742,
    0.22580645161290322,
    0.25806451612903225,
    0.29032258064516125,
    0.3225806451612903,
    0.3548387096774194,
    0.3870967741935484,
    0.4193548387096774,
    0.45161290322580644,
    0.4838709677419355,
    0.5161290322580645,
    0.5483870967741935,
    0.5806451612903225,
    0.6129032258064516,
    0.6451612903225806,
    0.6774193548387096,
    0.7096774193548387,
    0.7419354838709677,
    0.7741935483870968,
    0.8064516129032258,
    0.8387096774193548,
    0.8709677419354839,
    0.9032258064516129,
    0.9354838709677419,
    0.967741935483871,
    1.0
  ],
  "solution_steps": {
    "0": [
      0.0,
      0.20129852008866006,
      0.39435585511331855,
      0.5712682150947923,
      0.7247927872291199,
      0.8486442574947509,
      0.9377521321470804,
      0.9884683243281114,
      0.9987165071710528,
      0.9680771188662044,
      0.8978045395707416,
      0.7907757369376985,
      0.6513724827222223,
      0.48530196253108143,
      0.29936312297335804,
      0.10116832198743228,
      -0.10116832198743204,
      -0.2993631229733574,
      -0.48530196253108043,
      -0.651372482722222,
      -0.7907757369376986,
      -0.8978045395707414,
      -0.9680771188662043,
      -0.9987165071710528,
      -0.9884683243281114,
      -0.9377521321470808,
      -0.8486442574947515,
      -0.72479278722912,
      -0.5712682150947924,
      -0.3943558551133187,
      -0.20129852008866028,
      -2.4492935982947064e-16
    ],
    "1": [
      0.0,
      0.19981216257390008,
      0.3817284539686024,
      0.5448124376399132,
      0.72532703168407,
      0.8338057697011464,
      0.9166087030068152,
      0.9821554611519825,
      1.0004599135324408,
      0.9680809437795763,
      0.9123782071817121,
      0.8116894866581542,
      0.6780265109466116,
      0.4982447240462921,
      0.3141273517034799,
      0.1285782047368859,
      -0.09288529178890738,
      -0.31079867253690563,
      -0.5001199510654941,
      -0.6640770628538379,
      -0.8169262840215692,
      -0.8937198137514775,
      -0.9736517039189942,
      -1.007401227305612,
      -0.9863823106791917,
      -0.9350328537134314,
      -0.8534089849326632,
      -0.7099643748623625,
      -0.579413432057916,
      -0.3927408093681776,
      -0.21291633035082416,
      0.0
    ],
    "2": [
      0.0,
      0.20105704967855362,
      0.36362069084750925,
      0.5487274581292813,
      0.7088560873424664,
      0.8291862532486484,
      0.8951478114905199,
      0.979654366247377,
      1.0275888462205673,
      0.9877375035661615,
      0.9245113769766683,
      0.8300629580410767,
      0.6969568021010876,
      0.49316360679448346,
      0.30511589975662484,
      0.1457965335452119,
      -0.08981103459205639,
      -0.3256945575615244,
      -0.523038886924083,
      -0.6903160844028636,
      -0.8061336377864358,
      -0.9121999871584715,
      -0.9813576783451655,
      -1.0077348442052585,
      -0.9829614914013678,
      -0.9217674133788042,
      -0.8433321918176252,
      -0.7091513956830895,
      -0.5587474236006013,
      -0.38623743863451965,
      -0.20872124472958994,
      0.0
    ],
    "3": [
      0.0,
      0.19847761909371744,
      0.3639357092916978,
      0.5353345513549449,
      0.7104512209288671,
      0.8198058706771237,
      0.8941637292473463,
      0.9696160462943699,
      1.0463909812508405,
      0.9987421890725509,
      0.9367286580788208,
      0.847741629382386,
      0.7041789363609401,
      0.5071335567389561,
      0.3198197100235121,
      0.13022791991485852,
      -0.08646435119180915,
      -0.32923556906635687,
      -0.522080785040013,
      -0.702230998657071,
      -0.8235314816295889,
      -0.92995498604415,
      -0.9720089326969722,
      -1.0023662299873124,
      -0.9840702313079864,
      -0.9127081554996762,
      -0.8276090301431063,
      -0.7103028923912356,
      -0.5561859643234386,
      -0.3936981167769043,
      -0.20058992696783717,
      0.0
    ],
    "4": [
      0.0,
      0.19104187349986235,
      0.35180048276441783,
      0.5247232836861083,
      0.7162828789861607,
      0.8307556328027949,
      0.8784380825005739,
      0.9608562133069593,
      1.0452845051133413,
      0.9984164726209784,
      0.9421873374649105,
      0.8680803238362099,
      0.7023940636883335,
      0.5113142233199799,
      0.342060445878207,
      0.11141520776440073,
      -0.09608205954520216,
      -0.3408180241807459,
      -0.5322491220645704,
      -0.7155576338206913,
      -0.843669730703927,
      -0.9354093400540051,
      -0.9946917870911226,
      -1.0197084696821008,
      -0.9710666805374163,
      -0.9091693218789011,
      -0.8224159818666669,
      -0.7052413322487567,
      -0.5426085537205919,
      -0.37795912186597397,
      -0.20496767333382418,
      0.0
    ],
    "5": [
      0.0,
      0.18127473631093205,
      0.326218230392627,
      0.5119845380040116,
      0.7101092169575048,
      0.8450547163681786,
      0.8640113989450751,
      0.9677680081718298,
      1.054889285391169,
      0.9988189349038974,
      0.9460727466918532,
      0.8758258361122175,
      0.7096424686458239,
      0.508322418125135,
      0.35410228852739367,
      0.13743181950310016,
      -0.10380455282978307,
      -0.36625261920767227,
      -0.5535557507592471,
      -0.7430018004088021,
      -0.8706921775392582,
      -0.9493389649222281,
      -1.007331828008977,
      -1.0253341285857158,
      -0.9581244349150335,
      -0.884522360486981,
      -0.8220046489601279,
      -0.6893636559266125,
      -0.5302146788704872,
      -0.36541742185997506,
      -0.18535066195421585,
      0.0
    ]
  },
  "_source": "solver"
}