{
  "grid": [
    0.0,
    0.0625,
    0.125,
    0.1875,
    0.25,
    0.3125,
    0.375,
    0.4375,
    0.5,
    0.5625,
    0.625,
    0.6875,
    0.75,
    0.8125,
    0.875,
    0.9375
  ],
  "solution_steps": {
    "0": [
      0.0,
      0.11480502970952693,
      0.21213203435596423,
      0.27716385975338603,
      0.3,
      0.27716385975338603,
      0.21213203435596426,
      0.11480502970952697,
      3.6739403974420595e-17,
      -0.1148050297095269,
      -0.21213203435596423,
      -0.2771638597533859,
      -0.3,
      -0.277163859753386,
      -0.2121320343559643,
      -0.1148050297095271
    ],
    "10": [
      -7.723826496081355e-17,
      0.092516652894742,
      0.17866887427427405,
      0.24670393629408707,
      0.2808657247310746,
      0.2692462786521026,
      0.2106997661255238,
      0.11526595963830145,
      3.690949359715798e-17,
      -0.1152659596383014,
      -0.21069976612552366,
      -0.2692462786521026,
      -0.2808657247310746,
      -0.24670393629408713,
      -0.1786688742742742,
      -0.09251665289474204
    ],
    "20": [
      -1.6876186034138122e-17,
      0.08187141594629206,
      0.15842714005337488,
      0.22237134528095873,
      0.2604009389490271,
      0.2561343553056831,
      0.20330890597764706,
      0.11173900745419361,
      5.4565590291082633e-17,
      -0.1117390074541936,
      -0.20330890597764698,
      -0.25613435530568307,
      -0.26040093894902716,
      -0.22237134528095878,
      -0.15842714005337488,
      -0.08187141594629221
    ],
    "30": [
      -5.4777951229629755e-17,
      0.07389133351195508,
      0.14449450808005496,
      0.20512820287125152,
      0.24305130863793656,
      0.2407344488925979,
      0.19049185563870805,
      0.10389628047787215,
      1.9464491750212033e-17,
      -0.10389628047787211,
      -0.190491855638708,
      -0.2407344488925979,
      -0.2430513086379365,
      -0.20512820287125166,
      -0.1444945080800551,
      -0.0738913335119551
    ]
  },
  "_source": "solver"
}