{
  "u_initial": [
    0.0,
    0.02940514209886818,
    0.05852709660483847,
    0.0870854031763387,
    0.11480502970952693,
    0.1414190210477993,
    0.16667106990588065,
    0.19031798524909363,
    0.21213203435596423,
    0.2319031360088211,
    0.24944088369076356,
    0.26457637930450645,
    0.27716385975338603,
    0.28708210071966267,
    0.2942355841209691,
    0.298555418001659,
    0.3,
    0.2985554180016591,
    0.2942355841209691,
    0.28708210071966267,
    0.27716385975338603,
    0.2645763793045065,
    0.24944088369076362,
    0.23190313600882112,
    0.21213203435596426,
    0.19031798524909363,
    0.16667106990588065,
    0.14141902104779935,
    0.11480502970952697,
    0.08708540317633871,
    0.05852709660483858,
    0.029405142098868246,
    3.6739403974420595e-17,
    -0.029405142098868176,
    -0.058527096604838506,
    -0.08708540317633863,
    -0.1148050297095269,
    -0.1414190210477993,
    -0.16667106990588057,
    -0.19031798524909357,
    -0.21213203435596423,
    -0.23190313600882098,
    -0.24944088369076356,
    -0.26457637930450645,
    -0.2771638597533859,
    -0.2870821007196626,
    -0.29423558412096906,
    -0.2985554180016591,
    -0.3,
    -0.2985554180016591,
    -0.2942355841209691,
    -0.28708210071966267,
    -0.277163859753386,
    -0.2645763793045065,
    -0.24944088369076362,
    -0.23190313600882106,
    -0.2121320343559643,
    -0.19031798524909377,
    -0.16667106990588065,
    -0.14141902104779938,
    -0.1148050297095271,
    -0.08708540317633874,
    -0.05852709660483861,
    -0.029405142098868152
  ],
  "u_final_classical": null,
  "u_final_method": [
    0.00836887701470479,
    0.029261016370132804,
    0.0494732921528291,
    0.07026382670018101,
    0.09231205893405119,
    0.11533356949010319,
    0.1381722415170494,
    0.15929841289353264,
    0.17747041835024222,
    0.19224639776611077,
    0.20408029547426665,
    0.21392221989703913,
    0.2225279762636376,
    0.229904439389079,
    0.23529380624966764,
    0.23779634470875807,
    0.2372974356722122,
    0.23505000233822615,
    0.23333398562129445,
    0.23417274697532264,
    0.2378170586075487,
    0.2420234449227783,
    0.24279164842374457,
    0.23643619149246717,
    0.22196715642393686,
    0.20208766363423025,
    0.18148096998740698,
    0.16296742328669667,
    0.14423282358018924,
    0.1180361002971091,
    0.07684321500568501,
    0.019729565888286515,
    -0.0437723027157881,
    -0.09780592532156561,
    -0.13026717507795638,
    -0.1403111209068527,
    -0.13791899131632193,
    -0.13771267801931458,
    -0.15150003828182634,
    -0.1824840758752029,
    -0.22365889218757048,
    -0.26209981272851596,
    -0.2867462529285643,
    -0.29387248260885485,
    -0.2869529995343075,
    -0.2727777808306993,
    -0.25739983904907915,
    -0.24391809400732997,
    -0.23235510580955435,
    -0.22102018553517624,
    -0.208345778958288,
    -0.1941620384828917,
    -0.179840056362915,
    -0.16741897076055565,
    -0.15831145504752342,
    -0.1523070827831048,
    -0.1474170401562479,
    -0.14066999106720005,
    -0.1294257604087218,
    -0.11247743692932893,
    -0.09040795762661297,
    -0.06515855971295992,
    -0.03914361381718889,
    -0.014333130480500228
  ],
  "errors_by_step": {},
  "final_error": NaN,
  "max_error": NaN,
  "_source": "solver"
}