{
  "grid": [
    0.0,
    0.0625,
    0.125,
    0.1875,
    0.25,
    0.3125,
    0.375,
    0.4375,
    0.5,
    0.5625,
    0.625,
    0.6875,
    0.75,
    0.8125,
    0.875,
    0.9375
  ],
  "solution_steps": {
    "0": [
      0.0,
      0.11480502970952693,
      0.21213203435596423,
      0.27716385975338603,
      0.3,
      0.27716385975338603,
      0.21213203435596426,
      0.11480502970952697,
      3.6739403974420595e-17,
      -0.1148050297095269,
      -0.21213203435596423,
      -0.2771638597533859,
      -0.3,
      -0.277163859753386,
      -0.2121320343559643,
      -0.1148050297095271
    ],
    "10": [
      -0.007027509412615945,
      0.0612919174742132,
      0.11494379238042061,
      0.16289804364724253,
      0.18573324360584276,
      0.18446651721523105,
      0.14764242677300884,
      0.08544008970167928,
      0.00015316086423953067,
      -0.08081022660481493,
      -0.15427070395904052,
      -0.18533436223536937,
      -0.19066155155573533,
      -0.16264954549562552,
      -0.12039415819940108,
      -0.061678790740142174
    ],
    "20": [
      0.001077469588742854,
      0.027875545234644132,
      0.054335709151731144,
      0.07422059499683659,
      0.08481375768345185,
      0.08378978850775289,
      0.0709259559569132,
      0.039808993848776134,
      0.0008071559907191427,
      -0.04235196667936967,
      -0.07177547486037167,
      -0.08745681511796992,
      -0.08111071575829976,
      -0.06952701233924441,
      -0.0485407528004412,
      -0.0268268914985014
    ],
    "30": [
      -0.0005970438318080546,
      0.012638476675626006,
      0.022984902440569322,
      0.03742738321584839,
      0.04046743151029068,
      0.03773872769566117,
      0.03300820659587723,
      0.0242113188931581,
      0.0039141350758181825,
      -0.014753112369456152,
      -0.033599843832731416,
      -0.036093184572114134,
      -0.03454164052799972,
      -0.029765869225071143,
      -0.01929997973211726,
      -0.00797413731221022
    ]
  },
  "_source": "solver"
}