{
  "grid": [
    0.0,
    0.0625,
    0.125,
    0.1875,
    0.25,
    0.3125,
    0.375,
    0.4375,
    0.5,
    0.5625,
    0.625,
    0.6875,
    0.75,
    0.8125,
    0.875,
    0.9375
  ],
  "solution_steps": {
    "0": [
      0.0,
      0.1913417161825449,
      0.35355339059327373,
      0.46193976625564337,
      0.5,
      0.46193976625564337,
      0.3535533905932738,
      0.19134171618254495,
      6.123233995736766e-17,
      -0.19134171618254484,
      -0.35355339059327373,
      -0.46193976625564326,
      -0.5,
      -0.4619397662556433,
      -0.35355339059327384,
      -0.1913417161825452
    ],
    "10": [
      -0.0030407660319568108,
      0.10318138844654336,
      0.19603734119000416,
      0.27934393263583834,
      0.3283834444242417,
      0.32850500365655094,
      0.26534298598641126,
      0.1496590819611381,
      -0.0009049177952901761,
      -0.14836820971434994,
      -0.2695524343930272,
      -0.3299765556832939,
      -0.3349735622328328,
      -0.2812685066230079,
      -0.2028640837756623,
      -0.1033863847311194
    ],
    "20": [
      0.0018735218506212897,
      0.054822515384832626,
      0.10677397189409252,
      0.15538247786735793,
      0.1979545067437071,
      0.20391242904610782,
      0.17128107664472633,
      0.09813200794873096,
      -0.0029525867217431064,
      -0.09565943169598895,
      -0.17198731105995688,
      -0.20989823446838884,
      -0.19786623311874466,
      -0.15828257793859624,
      -0.10300050322002788,
      -0.05460959468230598
    ],
    "30": [
      0.0032438769425503083,
      0.03445728710740868,
      0.059592761917933036,
      0.08982957712304904,
      0.1095830167518121,
      0.11743479943368447,
      0.09907815208100798,
      0.05771349047746156,
      -0.0033444374917940274,
      -0.055465911831240604,
      -0.09498281232621883,
      -0.112580348647292,
      -0.10979135075738486,
      -0.08534076194641338,
      -0.05681705074969151,
      -0.026575682589339067
    ]
  },
  "_source": "solver"
}