{
  "u_initial": [
    0.0,
    0.1913417161825449,
    0.35355339059327373,
    0.46193976625564337,
    0.5,
    0.46193976625564337,
    0.3535533905932738,
    0.19134171618254495,
    6.123233995736766e-17,
    -0.19134171618254484,
    -0.35355339059327373,
    -0.46193976625564326,
    -0.5,
    -0.4619397662556433,
    -0.35355339059327384,
    -0.1913417161825452
  ],
  "u_final_classical": null,
  "u_final_method": [
    0.0032438769425503083,
    0.03445728710740868,
    0.059592761917933036,
    0.08982957712304904,
    0.1095830167518121,
    0.11743479943368447,
    0.09907815208100798,
    0.05771349047746156,
    -0.0033444374917940274,
    -0.055465911831240604,
    -0.09498281232621883,
    -0.112580348647292,
    -0.10979135075738486,
    -0.08534076194641338,
    -0.05681705074969151,
    -0.026575682589339067
  ],
  "errors_by_step": {},
  "final_error": NaN,
  "max_error": NaN,
  "_source": "solver"
}