{
  "quantum_solution": [
    0.6966915304348197,
    0.14201146303827258,
    0.6883379149619798,
    0.1436821861328405
  ],
  "classical_solution": [
    0.7055698197297996,
    0.046596453582414196,
    0.7055698197297996,
    0.046596453582414196
  ],
  "_source": "harvester"
}