{
  "iterations_completed": 1,
  "converged": true,
  "_source": "harvester",
  "fidelity": 0.9905472869714764,
  "shots": 1000,
  "l2_error_abs": 0.13749700381116317,
  "l2_error_rel": 0.13749700381116317
}