dq_lu, dq_hhl,
-0.00019218254043451607,-0.0
-0.0001760890474727883,-0.0
-0.000528184925647982,-0.0
-0.0007130811365940816,-0.0
-0.0006718195303435438,-0.0
-0.001984806891261625,-0.0
-0.001795606119307574,-0.008088281571053527
-0.0017605814638057195,-0.0
-0.005109607508770891,-0.0
0.005091835951179797,0.0
-0.004137211213501,-0.0
0.006469662839177538,0.0
0.0075418261399847,0.0
-0.010039891667782614,-0.008088281571057227
-0.004189447980876298,-0.0
0.0027509214360611164,0.0
-0.01147997426829233,-0.008088281571057327
0.00449513961077326,0.0
-0.008331242868605785,-0.0
-0.02053759694325297,-0.011438557494082076
-0.0077177836882259855,-0.0
0.0009425318531330031,0.0
-0.017117683210623867,-0.00808828157105756
-0.011988182622378041,-0.0
-0.025670652713419118,-0.014009314626994984
-0.017291601435332638,-0.008088281571057565
-0.027597330451319336,-0.014009314626995024
-0.013863101051348796,-0.0
-0.03002389923546928,-0.011438557494082251
-0.04396189014890968,-0.011438557494082372
-0.0359956541242345,-0.014009314626995142
-0.04080485018785834,-0.011438557494082352
-0.0581425140194256,-0.02557739212130797
-0.02376990996013198,-0.008088281571057692
-0.035367439991213424,-0.018085947414044044
-0.07605721910589226,-0.03334883924720858
-0.02931737159580024,-0.014009314626995053
-0.03788240244835988,-0.021399581570885787
-0.0924182700065862,-0.02801862925399076
-0.032926392395131995,-0.008088281571057787
-0.04022072914945111,-0.01617656314211566
-0.09733366512895325,-0.033348839247208675
-0.04889819652617845,-0.018085947414044186
-0.04493571291012812,-0.01143855749408238
-0.08678930863856572,-0.03617189482808869
-0.041485863161190364,-0.011438557494082357
-0.043883371375094425,-0.016176563142115696
-0.09550268905120941,-0.03879003572790903
-0.044411142168944547,-0.01981216274504841
-0.04029706613834059,-0.016176563142115664
-0.09826112159189705,-0.029162713934839865
-0.03339947668749944,-0.00808828157105779
-0.043757817730606725,-0.019812162745048403
-0.10615066993555482,-0.0333488392472087
-0.04583836891451874,-0.016176563142115713
-0.05589050961064933,-0.01808594741404423
-0.11444656445299425,-0.038790035727909095
-0.04636376255040204,-0.018085947414044165
-0.041579866457830995,-0.014009314626995194
-0.11103786686720205,-0.037065162541489435
