xp, rho, u, p, Mach
0.1,0.9926890044903622,1.5110472597307418,0.7009186072671892,1.5198014020569093
0.3,0.8821521847530077,1.6022421962529447,0.6155326031125478,1.6211021193379858
0.5,0.624664144733803,1.7290248533151729,0.3828409384798762,1.866600256879614
0.7,0.5262885505705343,1.8014930763386476,0.29368790940267875,2.0381563983585784
0.9,0.47924992046887577,1.9081054522475376,0.2479541309913218,2.2419901762746033
