dq_lu, dq_hhl,
0.0006216170775347628,0.00016548109700653828
0.0012662420073164325,0.00016548109700667378
-0.0003172307283050744,-0.0
0.0023371066187894674,0.00033096219401346737
-9.714426938549003e-05,-0.0
0.0014770688611215994,0.00023402561170324224
0.0017337726068333325,0.0002340256117032657
-0.0010429051566956153,-0.0
0.00262169489376349,0.00040534424974252107
2.6475400702853954e-05,0.0
0.0006495561570765952,0.00016548109700654972
0.0023283764977580948,0.00023402561170330014
-0.0005585506066976107,-0.00016548109700650822
0.00012173943517914647,0.0
-0.0018731422819452733,-0.00016548109700671612
-0.0015343894204633772,-0.0002866216677078326
-0.00021542762215642273,-0.0
-0.0009214470540020847,-0.00016548109700662488
-0.0006031228184180727,-0.0
-0.0012219407271428207,-0.00023402561170320912
-0.001243457665996388,-0.0001654810970066714
-0.0013028305356896448,-0.00023402561170322102
-0.0017733199438578454,-0.0003700269818982431
-0.0021400720421100067,-0.00037002698189827885
-0.0018423761232819556,-0.0
-0.0010867915467343628,-0.0
-0.0028662187759260324,-0.00037002698189832266
-0.0022082647896044605,-0.00016548109700672954
-0.003958865049100204,-0.000573243335415894
-0.004518461443115964,-0.0004378218293620627
