{
  "quantum_solution": [
    1.2265222198320829,
    0.15259652572739582,
    0.0527821799134374,
    0.04246164194153623
  ],
  "classical_solution": [
    1.1454545454545455,
    0.43636363636363634,
    0.16363636363636364,
    0.05454545454545454
  ],
  "_source": "harvester"
}