{
  "iterations_completed": 1,
  "converged": true,
  "_source": "harvester",
  "fidelity": 1.4824662002168048,
  "shots": 10000,
  "l2_error_abs": 0.3154844045016262,
  "l2_error_rel": 0.2548682375017221
}