{
  "grid": [
    0.0,
    0.0625,
    0.125,
    0.1875,
    0.25,
    0.3125,
    0.375,
    0.4375,
    0.5,
    0.5625,
    0.625,
    0.6875,
    0.75,
    0.8125,
    0.875,
    0.9375
  ],
  "solution_steps": {
    "0": [
      0.0,
      0.11480502970952693,
      0.21213203435596423,
      0.27716385975338603,
      0.3,
      0.27716385975338603,
      0.21213203435596426,
      0.11480502970952697,
      3.6739403974420595e-17,
      -0.1148050297095269,
      -0.21213203435596423,
      -0.2771638597533859,
      -0.3,
      -0.277163859753386,
      -0.2121320343559643,
      -0.1148050297095271
    ],
    "10": [
      -7.723826496081355e-17,
      0.092516652894742,
      0.17866887427427405,
      0.24670393629408707,
      0.2808657247310746,
      0.2692462786521026,
      0.2106997661255238,
      0.11526595963830145,
      3.690949359715798e-17,
      -0.1152659596383014,
      -0.21069976612552366,
      -0.2692462786521026,
      -0.2808657247310746,
      -0.24670393629408713,
      -0.1786688742742742,
      -0.09251665289474204
    ],
    "20": [
      -1.6779541745950067e-17,
      0.07156294269705735,
      0.1427133334885794,
      0.20560208523911858,
      0.24317709084083683,
      0.23856561570312532,
      0.18816607791738232,
      0.10292563803516751,
      4.3877782617770045e-17,
      -0.10292563803516741,
      -0.18816607791738224,
      -0.23856561570312526,
      -0.24317709084083688,
      -0.20560208523911863,
      -0.1427133334885794,
      -0.07156294269705747
    ],
    "30": [
      -4.4759710459778866e-17,
      0.05858101757804824,
      0.11676997866610012,
      0.16871039784516823,
      0.20020283173855707,
      0.1957545205339747,
      0.15279058633679837,
      0.0826902690242411,
      5.968887394402353e-17,
      -0.08269026902424104,
      -0.1527905863367983,
      -0.19575452053397474,
      -0.20020283173855707,
      -0.16871039784516823,
      -0.11676997866610021,
      -0.05858101757804827
    ]
  },
  "_source": "solver"
}