xp, rho, u, p, Mach
0.1,0.975437378380355,1.5351295759968784,0.690159297060981,1.5424320703867243
0.3,0.8871916709177694,1.6311279735442454,0.5904552687341356,1.6898153267115938
0.5,0.6227850359765383,1.7506060426079595,0.36952835129903344,1.920744541555601
0.7,0.5128174922360461,1.8675886756004607,0.27021839873964804,2.1744086710035884
0.9,0.47680124201035445,1.9038616738850718,0.2553801442345568,2.1986013915245666
