xp, rho, u, p, Mach
0.1,0.9838652012890138,1.5205387141860052,0.6969559817822263,1.5268577907486407
0.3,0.8866314901773398,1.6182561530233368,0.5993530229459411,1.6634642626474083
0.5,0.620490387051291,1.7445344735737986,0.3734149182129367,1.90058472575615
0.7,0.51573630534432,1.8411440612689607,0.2829538854027425,2.100776134364347
0.9,0.4819495055945847,1.8783673743385458,0.25955403148221673,2.163233493714143
