xp, rho, u, p, Mach
0.1,0.9616204621147665,1.558746485565603,0.6790928486811795,1.5676486721674634
0.3,0.8891669061874758,1.6541994900982557,0.5735835149964457,1.7406729459388448
0.5,0.6278089998787766,1.7574006629235683,0.3643094383173981,1.9497787157745121
0.7,0.5094431623144681,1.908256505532328,0.2487029122824182,2.3082357715389707
0.9,0.4689063077844407,1.9435212429792208,0.24835497839063492,2.2570016496844443
