xp, rho, u, p, Mach
0.1,0.9537026024018983,1.5728173502119556,0.6723380390886797,1.5831676818517557
0.3,0.8910331636192932,1.6668682335394054,0.5634517056782812,1.7715598845666038
0.5,0.6318405767094719,1.7576268088273632,0.3623282338725739,1.96162197578832
0.7,0.5075769048826506,1.9330333967073108,0.23508669024189488,2.400558231092933
0.9,0.4627166321208895,1.973552632833066,0.2431083806107459,2.3011359917370133
