xp, rho, u, p, Mach
0.1,0.967414540899981,1.5483520190589006,0.6840033371173113,1.5562626051158457
0.3,0.8881426480875375,1.6442617230353471,0.5808827361628217,1.7183200471881719
0.5,0.6258927884359776,1.7536695502946196,0.3665535217450226,1.9367118906309069
0.7,0.5110626565683091,1.8910507127010003,0.2575335406384459,2.251434581480113
0.9,0.47230338759041923,1.9257861090456985,0.2518610795817377,2.2288150512871243
