{
  "iterations_completed": 1,
  "converged": true,
  "_source": "harvester",
  "fidelity": 0.9685441055414679,
  "shots": 100000,
  "l2_error_abs": 0.2508222257238465,
  "l2_error_rel": 0.2508222257238465
}