{
  "quantum_solution": [
    0.6695858914131513,
    0.21985150279998367,
    0.6739768526609226,
    0.22152934978083927
  ],
  "classical_solution": [
    0.7055698197297996,
    0.046596453582414196,
    0.7055698197297996,
    0.046596453582414196
  ],
  "_source": "harvester"
}