{
  "u_initial": [
    0.0,
    0.02940514209886818,
    0.05852709660483847,
    0.0870854031763387,
    0.11480502970952693,
    0.1414190210477993,
    0.16667106990588065,
    0.19031798524909363,
    0.21213203435596423,
    0.2319031360088211,
    0.24944088369076356,
    0.26457637930450645,
    0.27716385975338603,
    0.28708210071966267,
    0.2942355841209691,
    0.298555418001659,
    0.3,
    0.2985554180016591,
    0.2942355841209691,
    0.28708210071966267,
    0.27716385975338603,
    0.2645763793045065,
    0.24944088369076362,
    0.23190313600882112,
    0.21213203435596426,
    0.19031798524909363,
    0.16667106990588065,
    0.14141902104779935,
    0.11480502970952697,
    0.08708540317633871,
    0.05852709660483858,
    0.029405142098868246,
    3.6739403974420595e-17,
    -0.029405142098868176,
    -0.058527096604838506,
    -0.08708540317633863,
    -0.1148050297095269,
    -0.1414190210477993,
    -0.16667106990588057,
    -0.19031798524909357,
    -0.21213203435596423,
    -0.23190313600882098,
    -0.24944088369076356,
    -0.26457637930450645,
    -0.2771638597533859,
    -0.2870821007196626,
    -0.29423558412096906,
    -0.2985554180016591,
    -0.3,
    -0.2985554180016591,
    -0.2942355841209691,
    -0.28708210071966267,
    -0.277163859753386,
    -0.2645763793045065,
    -0.24944088369076362,
    -0.23190313600882106,
    -0.2121320343559643,
    -0.19031798524909377,
    -0.16667106990588065,
    -0.14141902104779938,
    -0.1148050297095271,
    -0.08708540317633874,
    -0.05852709660483861,
    -0.029405142098868152
  ],
  "u_final_classical": null,
  "u_final_method": [
    5e-324,
    0.021469472462360716,
    0.04283371824738921,
    0.06398678883558054,
    0.08482128726859527,
    0.10522763252109507,
    0.12509331159103612,
    0.1443021177865184,
    0.16273337636342125,
    0.18026116265811948,
    0.1967535236810781,
    0.21207172249895823,
    0.22606953657842166,
    0.23859265780784442,
    0.24947826464469344,
    0.25855486746104384,
    0.2656425683886558,
    0.27055392804692285,
    0.2730956933552284,
    0.27307171014866266,
    0.27028741316489935,
    0.2645563371671601,
    0.2557090972565187,
    0.24360519980876652,
    0.2281478111724889,
    0.2093011711861719,
    0.18710965967370377,
    0.1617166411170478,
    0.13338027704123884,
    0.10248280104307492,
    0.06952969252710679,
    0.03513611543515789,
    -1.3879295977723078e-17,
    -0.03513611543515792,
    -0.06952969252710682,
    -0.10248280104307497,
    -0.1333802770412389,
    -0.16171664111704787,
    -0.18710965967370383,
    -0.20930117118617192,
    -0.2281478111724889,
    -0.24360519980876652,
    -0.2557090972565187,
    -0.2645563371671601,
    -0.27028741316489935,
    -0.27307171014866266,
    -0.2730956933552284,
    -0.27055392804692285,
    -0.2656425683886558,
    -0.25855486746104384,
    -0.24947826464469344,
    -0.23859265780784442,
    -0.22606953657842166,
    -0.21207172249895823,
    -0.1967535236810781,
    -0.18026116265811948,
    -0.16273337636342125,
    -0.1443021177865184,
    -0.12509331159103612,
    -0.10522763252109507,
    -0.08482128726859527,
    -0.06398678883558054,
    -0.04283371824738921,
    -0.021469472462360716
  ],
  "errors_by_step": {},
  "final_error": NaN,
  "max_error": NaN,
  "_source": "solver"
}