{
  "u_initial": [
    0.0,
    0.11480502970952693,
    0.21213203435596423,
    0.27716385975338603,
    0.3,
    0.27716385975338603,
    0.21213203435596426,
    0.11480502970952697,
    3.6739403974420595e-17,
    -0.1148050297095269,
    -0.21213203435596423,
    -0.2771638597533859,
    -0.3,
    -0.277163859753386,
    -0.2121320343559643,
    -0.1148050297095271
  ],
  "u_final_classical": null,
  "u_final_method": [
    -2.4842265911894178e-17,
    0.07519832186061684,
    0.14414288647477524,
    0.1998533509257817,
    0.23395092348652413,
    0.2364766609626665,
    0.1976827991830829,
    0.11439336272566285,
    3.540496063165028e-17,
    -0.11439336272566278,
    -0.19768279918308282,
    -0.23647666096266642,
    -0.23395092348652405,
    -0.19985335092578166,
    -0.14414288647477527,
    -0.07519832186061691
  ],
  "errors_by_step": {},
  "final_error": NaN,
  "max_error": NaN,
  "_source": "solver"
}