{
  "grid": [
    0.0,
    0.0625,
    0.125,
    0.1875,
    0.25,
    0.3125,
    0.375,
    0.4375,
    0.5,
    0.5625,
    0.625,
    0.6875,
    0.75,
    0.8125,
    0.875,
    0.9375
  ],
  "solution_steps": {
    "0": [
      0.0,
      0.11480502970952693,
      0.21213203435596423,
      0.27716385975338603,
      0.3,
      0.27716385975338603,
      0.21213203435596426,
      0.11480502970952697,
      3.6739403974420595e-17,
      -0.1148050297095269,
      -0.21213203435596423,
      -0.2771638597533859,
      -0.3,
      -0.277163859753386,
      -0.2121320343559643,
      -0.1148050297095271
    ],
    "10": [
      -1.629056762378442e-17,
      0.09734374418511188,
      0.1833099154506656,
      0.2467146188722445,
      0.277161399108243,
      0.2665020440470118,
      0.21153109402640677,
      0.11747098825876044,
      2.6099306481830566e-17,
      -0.11747098825876037,
      -0.21153109402640669,
      -0.2665020440470117,
      -0.27716139910824295,
      -0.24671461887224447,
      -0.18330991545066566,
      -0.0973437441851119
    ],
    "20": [
      -1.4523248828685313e-17,
      0.08478077281215023,
      0.1614065079675775,
      0.22121047655993908,
      0.2547381393215273,
      0.2522677641978425,
      0.20631008958159278,
      0.11726642682779381,
      2.76850316123482e-17,
      -0.11726642682779377,
      -0.2063100895815927,
      -0.2522677641978424,
      -0.2547381393215273,
      -0.22121047655993903,
      -0.1614065079675775,
      -0.0847807728121503
    ],
    "30": [
      -2.4842265911894178e-17,
      0.07519832186061684,
      0.14414288647477524,
      0.1998533509257817,
      0.23395092348652413,
      0.2364766609626665,
      0.1976827991830829,
      0.11439336272566285,
      3.540496063165028e-17,
      -0.11439336272566278,
      -0.19768279918308282,
      -0.23647666096266642,
      -0.23395092348652405,
      -0.19985335092578166,
      -0.14414288647477527,
      -0.07519832186061691
    ]
  },
  "_source": "solver"
}