xp, rho, u, p, Mach
0.1,0.9865781221635948,1.5154619985472588,0.6991660002271941,1.5214462796587223
0.3,0.8859921762688295,1.6129943295177878,0.6032505770398722,1.6520945298075955
0.5,0.6196523424943604,1.739906882126729,0.37544799418046615,1.8891269419054244
0.7,0.518083411104336,1.8275553705011205,0.2897095919527948,2.065498729142427
0.9,0.4879438146726678,1.8622409602531849,0.26335371204119834,2.142333324451385
