xp, rho, u, p, Mach
0.1,0.9864978915106576,1.5155623786602328,0.6991007617823153,1.5215561762184353
0.3,0.8859580023388658,1.6130565473149105,0.6032498796340627,1.652127347497895
0.5,0.6196337910963795,1.7398052603524377,0.3754874381591574,1.8888891081807262
0.7,0.5181835120829271,1.8274539343539293,0.28978881955272495,2.065301224977404
0.9,0.48837132053339793,1.8615219016087714,0.2635770839375459,2.1415360227725087
