xp, rho, u, p, Mach
0.1,0.9874709823937274,1.5144362454917712,0.6998202919598978,1.520393075560154
0.3,0.8860313987176698,1.6131635467848284,0.6031849892863755,1.652394250989679
0.5,0.6197112225154844,1.7414124100194257,0.3750528888337913,1.8918471290742362
0.7,0.5170336625056327,1.829106816114557,0.28876810552659354,2.068520590284769
0.9,0.4837714437994068,1.8695833205043486,0.2609018044849592,2.151604184033093
