xp, rho, u, p, Mach
0.1,0.9874080439721473,1.5144978321781233,0.6997630029757215,1.520468685011221
0.3,0.8858229873254476,1.613391395740756,0.6030070124861554,1.6526771037761872
0.5,0.6194312904749897,1.7418216948276355,0.374845537307901,1.8923875197537885
0.7,0.516803267188253,1.829525130634403,0.28860558540940345,2.069114961064416
0.9,0.48375382599049377,1.8695876337352368,0.26091648849692317,2.151509424779629
