xp, rho, u, p, Mach
0.1,0.9874709911778521,1.5144362472267323,0.6998202991634955,1.5203930762392464
0.3,0.8860314562965664,1.6131634897041802,0.6031850366710434,1.6523941813075078
0.5,0.6197113089715659,1.7414122845669062,0.3750529441928317,1.891846985128924
0.7,0.5170336738321014,1.829106790233474,0.28876810457251056,2.068520587090419
0.9,0.48377128364833716,1.8695836124961864,0.2609016767694559,2.1516046905519857
