xp, rho, u, p, Mach
0.1,0.9874706588728371,1.5144365887308349,0.6998198705998154,1.5203936288019957
0.3,0.8860301515963966,1.613165000029832,0.6031837764324878,1.6523962379507375
0.5,0.6197087534138291,1.7414160213575252,0.37505101462155166,1.8918520105319412
0.7,0.5170271385517589,1.829117158758014,0.2887633438701842,2.068536290918087
0.9,0.48375881978267365,1.869605360332618,0.26089272580560857,2.1516389108717036
