xp, rho, u, p, Mach
0.1,0.9874709829956854,1.5144362450506736,0.6998202920300182,1.520393075504564
0.3,0.8860313997258054,1.6131635454507225,0.6031849902515137,1.6523942492412111
0.5,0.6197112239602987,1.7414124079996873,0.37505289006598774,1.891847125977644
0.7,0.5170336643739271,1.8291068121176162,0.2887681074111446,2.0685205827521873
0.9,0.48377144390398585,1.869583321741993,0.2609018044186197,2.1516041859635373
