{
  "iterations_completed": 1,
  "converged": true,
  "_source": "harvester",
  "fidelity": 0.9961077345895911,
  "shots": 10000,
  "l2_error_abs": 0.06241842862281477,
  "l2_error_rel": 0.06241842862281477
}