{
  "quantum_solution": [
    0.7119817759447751,
    0.0036912315402919545,
    0.7021858153186157,
    0.0018456157701459773
  ],
  "classical_solution": [
    0.7055698197297996,
    0.046596453582414196,
    0.7055698197297996,
    0.046596453582414196
  ],
  "_source": "harvester"
}