{
  "grid": [
    0.0,
    0.015625,
    0.03125,
    0.046875,
    0.0625,
    0.078125,
    0.09375,
    0.109375,
    0.125,
    0.140625,
    0.15625,
    0.171875,
    0.1875,
    0.203125,
    0.21875,
    0.234375,
    0.25,
    0.265625,
    0.28125,
    0.296875,
    0.3125,
    0.328125,
    0.34375,
    0.359375,
    0.375,
    0.390625,
    0.40625,
    0.421875,
    0.4375,
    0.453125,
    0.46875,
    0.484375,
    0.5,
    0.515625,
    0.53125,
    0.546875,
    0.5625,
    0.578125,
    0.59375,
    0.609375,
    0.625,
    0.640625,
    0.65625,
    0.671875,
    0.6875,
    0.703125,
    0.71875,
    0.734375,
    0.75,
    0.765625,
    0.78125,
    0.796875,
    0.8125,
    0.828125,
    0.84375,
    0.859375,
    0.875,
    0.890625,
    0.90625,
    0.921875,
    0.9375,
    0.953125,
    0.96875,
    0.984375
  ],
  "solution_steps": {
    "0": [
      0.0,
      0.0980171403295606,
      0.19509032201612825,
      0.29028467725446233,
      0.3826834323650898,
      0.47139673682599764,
      0.5555702330196022,
      0.6343932841636455,
      0.7071067811865475,
      0.773010453362737,
      0.8314696123025452,
      0.8819212643483549,
      0.9238795325112867,
      0.9569403357322089,
      0.9807852804032304,
      0.9951847266721968,
      1.0,
      0.9951847266721969,
      0.9807852804032304,
      0.9569403357322089,
      0.9238795325112867,
      0.881921264348355,
      0.8314696123025455,
      0.7730104533627371,
      0.7071067811865476,
      0.6343932841636455,
      0.5555702330196022,
      0.47139673682599786,
      0.3826834323650899,
      0.2902846772544624,
      0.1950903220161286,
      0.09801714032956083,
      1.2246467991473532e-16,
      -0.09801714032956059,
      -0.19509032201612836,
      -0.2902846772544621,
      -0.38268343236508967,
      -0.47139673682599764,
      -0.555570233019602,
      -0.6343932841636453,
      -0.7071067811865475,
      -0.7730104533627367,
      -0.8314696123025452,
      -0.8819212643483549,
      -0.9238795325112865,
      -0.9569403357322088,
      -0.9807852804032303,
      -0.9951847266721969,
      -1.0,
      -0.9951847266721969,
      -0.9807852804032304,
      -0.9569403357322089,
      -0.9238795325112866,
      -0.881921264348355,
      -0.8314696123025455,
      -0.7730104533627369,
      -0.7071067811865477,
      -0.6343932841636459,
      -0.5555702330196022,
      -0.4713967368259979,
      -0.3826834323650904,
      -0.2902846772544625,
      -0.19509032201612872,
      -0.0980171403295605
    ],
    "16": [
      1.697692256931329e-07,
      0.08680354659675223,
      0.17306629368062199,
      0.25826014473733566,
      0.3418379502456839,
      0.4232566107749911,
      0.501963126351326,
      0.5773988941255426,
      0.6489980785152853,
      0.7161815468309332,
      0.7783730042231011,
      0.8349708846053362,
      0.8853875850718455,
      0.9290141731104639,
      0.9652607496899168,
      0.9935169437026896,
      1.013218084310834,
      1.0237981838620593,
      1.0247407188652256,
      1.0155888928488024,
      0.9959379389964703,
      0.9654990104262259,
      0.9240731295761346,
      0.8716565561812928,
      0.8083629847685011,
      0.7345523035332048,
      0.6507721232916868,
      0.5578318075359882,
      0.4567777113421313,
      0.34888700346074575,
      0.23566591792159727,
      0.11876120821971903,
      3.086059532991347e-06,
      -0.11876979167930718,
      -0.2356572331686208,
      -0.34888892778385244,
      -0.45677717346560404,
      -0.5578343189687308,
      -0.6507734829534083,
      -0.7345481499304207,
      -0.8083662269591692,
      -0.8716502436961551,
      -0.9240821529714488,
      -0.9654940586223594,
      -0.9959392903093222,
      -1.0155854325208158,
      -1.0247448173195348,
      -1.0237978073216119,
      -1.0132157355445846,
      -0.9935192971517173,
      -0.9652564109247826,
      -0.9290170700212779,
      -0.8853864700419724,
      -0.8349734721556658,
      -0.7783696956321314,
      -0.7161843068403758,
      -0.6489967665784482,
      -0.5773998724976138,
      -0.5019624426851682,
      -0.4232557352997087,
      -0.34183819924966713,
      -0.25825929791565055,
      -0.17306954614085776,
      -0.0868013692095574
    ],
    "32": [
      -3.520190659327951e-07,
      0.07827946815517668,
      0.15621851568102285,
      0.23349882459862825,
      0.3097759719792758,
      0.3847014690936729,
      0.4579112003599035,
      0.5290472927553497,
      0.5977131800040899,
      0.6634946034561847,
      0.7259741607162583,
      0.784673290637077,
      0.8391067164281053,
      0.888736026602205,
      0.9330023291092558,
      0.9712597416800609,
      1.0028459885847296,
      1.0270202181773511,
      1.0429851401839896,
      1.0498877782793181,
      1.0467965533307328,
      1.0327712562664222,
      1.0067789334753552,
      0.9678626826493731,
      0.9150884683029882,
      0.8476999271406336,
      0.7652154821377367,
      0.667576180288944,
      0.5553373679657189,
      0.42983042920312386,
      0.2932911976188927,
      0.14873319232179458,
      4.964189305752571e-06,
      -0.14874852646279105,
      -0.293271423611679,
      -0.42983832348767853,
      -0.5553413779767653,
      -0.6675763228780391,
      -0.7652101241410058,
      -0.8477012975375836,
      -0.9150897288316322,
      -0.967860631650773,
      -1.006786416289808,
      -1.0327598217914264,
      -1.0468039795665989,
      -1.0498856450158824,
      -1.0429864125153174,
      -1.0270186708924458,
      -1.0028453885313464,
      -0.9712602497742879,
      -0.9329990622208267,
      -0.8887412273111525,
      -0.8391051821240734,
      -0.7846739833364954,
      -0.7259707791389869,
      -0.6634990268732582,
      -0.5977107115995693,
      -0.5290473021131252,
      -0.45791321203390994,
      -0.38469905897951373,
      -0.30977464264667826,
      -0.23349947105943752,
      -0.15622341682612603,
      -0.07827522083784468
    ],
    "48": [
      -5.100236486776525e-07,
      0.07155651614483301,
      0.14287121036172465,
      0.2137573429299328,
      0.2839834509714941,
      0.3532938813529269,
      0.4214393059132414,
      0.48821838571141674,
      0.5533262203313727,
      0.6164760877049669,
      0.6773948414206887,
      0.7357326162522131,
      0.7911284684378241,
      0.8431874431899666,
      0.8915091239037038,
      0.9355444803482136,
      0.9747677534804041,
      1.0085360092638243,
      1.0361099583851554,
      1.056646199183721,
      1.0691234240980756,
      1.072404764911277,
      1.0650548985364614,
      1.0454508196844243,
      1.0116346348775342,
      0.9613346779355008,
      0.892012758624037,
      0.8009929259000763,
      0.6858862777780653,
      0.5453834924355131,
      0.3805694644020617,
      0.19590631350470375,
      6.287779086514734e-06,
      -0.19592475892536357,
      -0.38054180837155427,
      -0.5454041330219588,
      -0.685884705700272,
      -0.8009881388032801,
      -0.8920093788843916,
      -0.9613408703556265,
      -1.0116322281058174,
      -1.0454514238656745,
      -1.0650593026099409,
      -1.0723917898293764,
      -1.0691366180211384,
      -1.056640429223128,
      -1.0361104968649462,
      -1.0085350349515556,
      -0.9747683102529648,
      -0.9355450160431158,
      -0.8915016325989142,
      -0.8431995051482025,
      -0.7911265463727991,
      -0.735729056555953,
      -0.6773918910720067,
      -0.6164826076292538,
      -0.553321390443661,
      -0.4882183834213781,
      -0.4214474773464124,
      -0.35328562930143326,
      -0.28397937579335486,
      -0.2137631170143784,
      -0.14287597565198337,
      -0.07155093596474014
    ],