{
  "u_initial": [
    0.0,
    0.20129852008866006,
    0.39435585511331855,
    0.5712682150947923,
    0.7247927872291199,
    0.8486442574947509,
    0.9377521321470804,
    0.9884683243281114,
    0.9987165071710528,
    0.9680771188662044,
    0.8978045395707416,
    0.7907757369376985,
    0.6513724827222223,
    0.48530196253108143,
    0.29936312297335804,
    0.10116832198743228,
    -0.10116832198743204,
    -0.2993631229733574,
    -0.48530196253108043,
    -0.651372482722222,
    -0.7907757369376986,
    -0.8978045395707414,
    -0.9680771188662043,
    -0.9987165071710528,
    -0.9884683243281114,
    -0.9377521321470808,
    -0.8486442574947515,
    -0.72479278722912,
    -0.5712682150947924,
    -0.3943558551133187,
    -0.20129852008866028,
    -2.4492935982947064e-16
  ],
  "u_final_classical": [
    0.0,
    0.09839179010377658,
    0.1962782989898906,
    0.29313054584592063,
    0.3883690882028365,
    0.4813303401560362,
    0.5712201680571987,
    0.6570448996530251,
    0.7375013551493942,
    0.8107885104654762,
    0.8742569673413902,
    0.9236824215361206,
    0.9515769639887613,
    0.9421244819586885,
    0.8332528550024384,
    0.3881166374062371,
    -0.38811663740623537,
    -0.8332528550024381,
    -0.9421244819586885,
    -0.9515769639887613,
    -0.9236824215361207,
    -0.8742569673413905,
    -0.8107885104654763,
    -0.7375013551493943,
    -0.6570448996530251,
    -0.5712201680571987,
    -0.48133034015603626,
    -0.38836908820283655,
    -0.29313054584592074,
    -0.19627829898989074,
    -0.09839179010377674,
    -2.4492935982947064e-16
  ],
  "u_final_method": [
    0.0,
    0.08764288698511556,
    0.17718402195074417,
    0.26557439566554986,
    0.34950603741917685,
    0.43962603234003406,
    0.5539796017797891,
    0.6496577063107399,
    0.6073492478373226,
    0.2145449104050549,
    -0.3835295858124096,
    -2.1607013469405985,
    2.5782113909719526,
    1.074025963387044,
    0.5452088868308018,
    0.17075377900543945,
    -0.17075377900543892,
    -0.5452088868308013,
    -1.0740259633870435,
    -2.5782113909719193,
    2.160701346939992,
    0.38352958581233526,
    -0.21454491040509127,
    -0.6073492478373094,
    -0.6496577063107397,
    -0.5539796017797938,
    -0.43962603234003056,
    -0.3495060374191759,
    -0.26557439566555185,
    -0.17718402195074417,
    -0.08764288698511573,
    0.0
  ],
  "errors_by_step": {
    "0": 0.0,
    "10": 0.044160036711043786,
    "20": 0.08568947382729188,
    "30": 0.15548960527892197,
    "40": 0.339929673120621,
    "50": 1.4557946269393258
  },
  "final_error": 1.4557946269393258,
  "max_error": 1.4557946269393258,
  "_source": "solver"
}