{
  "u_initial": [
    0.0,
    0.22961005941905385,
    0.42426406871192845,
    0.5543277195067721,
    0.6,
    0.5543277195067721,
    0.4242640687119285,
    0.22961005941905394,
    7.347880794884119e-17,
    -0.2296100594190538,
    -0.42426406871192845,
    -0.5543277195067718,
    -0.6,
    -0.554327719506772,
    -0.4242640687119286,
    -0.2296100594190542
  ],
  "u_final_classical": null,
  "u_final_method": [
    -1.1231762163506062e-17,
    0.12141149186657779,
    0.23646582539485558,
    0.3373149863260236,
    0.41241275257782967,
    0.44286730289373294,
    0.39866645165401676,
    0.24722572888921546,
    6.785602583179694e-17,
    -0.2472257288892154,
    -0.39866645165401676,
    -0.44286730289373294,
    -0.4124127525778297,
    -0.33731498632602364,
    -0.23646582539485558,
    -0.12141149186657782
  ],
  "errors_by_step": {},
  "final_error": NaN,
  "max_error": NaN,
  "_source": "solver"
}