{
  "u_initial": [
    0.0,
    0.02940514209886818,
    0.05852709660483847,
    0.0870854031763387,
    0.11480502970952693,
    0.1414190210477993,
    0.16667106990588065,
    0.19031798524909363,
    0.21213203435596423,
    0.2319031360088211,
    0.24944088369076356,
    0.26457637930450645,
    0.27716385975338603,
    0.2870821007196626,
    0.2942355841209691,
    0.298555418001659,
    0.3,
    0.2985554180016591,
    0.2942355841209691,
    0.28708210071966267,
    0.27716385975338603,
    0.2645763793045065,
    0.2494408836907636,
    0.23190313600882112,
    0.21213203435596426,
    0.19031798524909363,
    0.16667106990588065,
    0.14141902104779935,
    0.11480502970952697,
    0.08708540317633871,
    0.05852709660483858,
    0.029405142098868246,
    3.6739403974420595e-17,
    -0.029405142098868176,
    -0.058527096604838506,
    -0.08708540317633863,
    -0.1148050297095269,
    -0.1414190210477993,
    -0.16667106990588057,
    -0.19031798524909357,
    -0.21213203435596423,
    -0.23190313600882098,
    -0.24944088369076356,
    -0.26457637930450645,
    -0.2771638597533859,
    -0.2870821007196626,
    -0.29423558412096906,
    -0.2985554180016591,
    -0.3,
    -0.2985554180016591,
    -0.2942355841209691,
    -0.28708210071966267,
    -0.277163859753386,
    -0.2645763793045065,
    -0.24944088369076362,
    -0.23190313600882106,
    -0.2121320343559643,
    -0.19031798524909377,
    -0.16667106990588065,
    -0.14141902104779938,
    -0.1148050297095271,
    -0.08708540317633874,
    -0.05852709660483861,
    -0.029405142098868152
  ],
  "u_final_classical": null,
  "u_final_method": [
    6.528003308300808e-18,
    0.018502120696985584,
    0.03689361347310553,
    0.05506335721955863,
    0.07289925506206266,
    0.09028777402294959,
    0.10711352061812789,
    0.12325886924808147,
    0.13860366456510537,
    0.15302502453153757,
    0.1663972776331995,
    0.1785920755956479,
    0.18947873172955415,
    0.19892484422576073,
    0.20679727250500207,
    0.2129635418155743,
    0.2172937548085493,
    0.21966308631110368,
    0.21995492585818024,
    0.21806470820213106,
    0.21390443148564006,
    0.20740780329816907,
    0.19853587559117225,
    0.18728293282399106,
    0.1736822908550043,
    0.15781155976021038,
    0.13979684035514575,
    0.11981528398801028,
    0.09809547045207272,
    0.07491516619955552,
    0.0505962187559887,
    0.02549661015328798,
    -1.398735681313792e-17,
    -0.025496610153288,
    -0.05059621875598871,
    -0.07491516619955552,
    -0.0980954704520727,
    -0.11981528398801025,
    -0.13979684035514572,
    -0.15781155976021036,
    -0.1736822908550043,
    -0.18728293282399106,
    -0.19853587559117225,
    -0.20740780329816907,
    -0.21390443148564006,
    -0.21806470820213106,
    -0.21995492585818022,
    -0.21966308631110365,
    -0.21729375480854926,
    -0.21296354181557428,
    -0.20679727250500204,
    -0.1989248442257607,
    -0.18947873172955412,
    -0.17859207559564788,
    -0.16639727763319948,
    -0.15302502453153752,
    -0.1386036645651053,
    -0.12325886924808141,
    -0.10711352061812783,
    -0.09028777402294953,
    -0.07289925506206262,
    -0.0550633572195586,
    -0.03689361347310551,
    -0.018502120696985567
  ],
  "errors_by_step": {},
  "final_error": NaN,
  "max_error": NaN,
  "_source": "solver"
}