{
  "grid": [
    0.0,
    0.0625,
    0.125,
    0.1875,
    0.25,
    0.3125,
    0.375,
    0.4375,
    0.5,
    0.5625,
    0.625,
    0.6875,
    0.75,
    0.8125,
    0.875,
    0.9375
  ],
  "solution_steps": {
    "0": [
      0.0,
      0.3826834323650898,
      0.7071067811865475,
      0.9238795325112867,
      1.0,
      0.9238795325112867,
      0.7071067811865476,
      0.3826834323650899,
      1.2246467991473532e-16,
      -0.38268343236508967,
      -0.7071067811865475,
      -0.9238795325112865,
      -1.0,
      -0.9238795325112866,
      -0.7071067811865477,
      -0.3826834323650904
    ],
    "10": [
      -9.08513805389829e-17,
      0.1380711874576984,
      0.41092307454751437,
      0.8047378541243649,
      1.082392200292394,
      1.0581652758743958,
      0.7924102142086069,
      0.4142135623730952,
      1.0890731928908398e-16,
      -0.4142135623730949,
      -0.7924102142086062,
      -1.0581652758743958,
      -1.082392200292394,
      -0.8047378541243644,
      -0.4109230745475153,
      -0.1380711874576984
    ],
    "20": [
      0.0,
      0.2845790287376383,
      0.27015405569038403,
      0.18517065686248801,
      1.0454972451372937,
      1.720852361519104,
      1.0550989825940724,
      0.4835768670612808,
      2.693482644742116e-16,
      -0.4835768670612805,
      -1.0550989825940709,
      -1.7208523615191067,
      -1.0454972451372933,
      -0.18517065686248868,
      -0.27015405569038475,
      -0.2845790287376387
    ],
    "26": [
      0.0,
      0.12771726130923133,
      0.39573738617728144,
      0.21156699193729797,
      -0.9106012212497024,
      -0.14726937736531726,
      2.2381491418163715,
      0.5602965700658005,
      2.098452924622478e-16,
      -0.5602965700657999,
      -2.238149141816355,
      0.14726937736531764,
      0.9106012212497014,
      -0.21156699193729808,
      -0.3957373861772833,
      -0.12771726130923122
    ]
  },
  "_source": "solver"
}