xp, rho, u, p, Mach
0.1,0.9834164006520819,1.5183849276493806,0.6989210477567546,1.5222028473890505
0.3,0.8829598077026908,1.616359335808574,0.6012925942831402,1.6553942339378414
0.5,0.6196210997717342,1.7417783981017756,0.373584810448162,1.8958212038351498
0.7,0.5208936666010467,1.8263150607284298,0.2903331840970724,2.0674636505792936
0.9,0.4953756355722463,1.851770736766565,0.2688509572222451,2.1243923391340527
