xp, rho, u, p, Mach
0.1,0.9864423997767945,1.515420478828744,0.6994296321611672,1.5210132090890935
0.3,0.8846757288588496,1.6147779729106992,0.6022353658153394,1.654084634249311
0.5,0.6193216637401855,1.7421190656675356,0.3743335275092547,1.8938369616028141
0.7,0.517701287448195,1.8287951586333009,0.2889945707767573,2.068691957573819
0.9,0.48655816199518576,1.8650288419933723,0.26286318678440734,2.144490029191884
