{
  "grid": [
    0.0,
    0.03225806451612903,
    0.06451612903225806,
    0.0967741935483871,
    0.12903225806451613,
    0.16129032258064516,
    0.1935483870967742,
    0.22580645161290322,
    0.25806451612903225,
    0.29032258064516125,
    0.3225806451612903,
    0.3548387096774194,
    0.3870967741935484,
    0.4193548387096774,
    0.45161290322580644,
    0.4838709677419355,
    0.5161290322580645,
    0.5483870967741935,
    0.5806451612903225,
    0.6129032258064516,
    0.6451612903225806,
    0.6774193548387096,
    0.7096774193548387,
    0.7419354838709677,
    0.7741935483870968,
    0.8064516129032258,
    0.8387096774193548,
    0.8709677419354839,
    0.9032258064516129,
    0.9354838709677419,
    0.967741935483871,
    1.0
  ],
  "solution_steps": {
    "0": [
      0.0,
      0.20129852008866006,
      0.39435585511331855,
      0.5712682150947923,
      0.7247927872291199,
      0.8486442574947509,
      0.9377521321470804,
      0.9884683243281114,
      0.9987165071710528,
      0.9680771188662044,
      0.8978045395707416,
      0.7907757369376985,
      0.6513724827222223,
      0.48530196253108143,
      0.29936312297335804,
      0.10116832198743228,
      -0.10116832198743204,
      -0.2993631229733574,
      -0.48530196253108043,
      -0.651372482722222,
      -0.7907757369376986,
      -0.8978045395707414,
      -0.9680771188662043,
      -0.9987165071710528,
      -0.9884683243281114,
      -0.9377521321470808,
      -0.8486442574947515,
      -0.72479278722912,
      -0.5712682150947924,
      -0.3943558551133187,
      -0.20129852008866028,
      -2.4492935982947064e-16
    ],
    "8": [
      0.0,
      0.17317021237290448,
      0.37311494877598794,
      0.5229068204992837,
      0.6556912483995104,
      0.8082564943544694,
      0.8875853270435243,
      0.9634146821702554,
      1.0075793391690353,
      1.0193943362559137,
      0.9751775047925344,
      0.9026494436074068,
      0.7332803758073525,
      0.5847611612889047,
      0.37478562108089825,
      0.09012063580425116,
      0.06691310351376191,
      0.2736159377712701,
      0.4058636766594684,
      0.5868940358273558,
      0.7182882713920633,
      0.8319983232934669,
      0.8959920055500487,
      0.9551108658254867,
      0.9999548936334327,
      0.9559826157989273,
      0.9279609491914536,
      0.7777278192734418,
      0.6164017703351014,
      0.4554299766541117,
      0.22286205725344937,
      0.0
    ],
    "16": [
      0.0,
      0.14523287909455146,
      0.3480312623754235,
      0.48942479653803733,
      0.6079822400925536,
      0.7545137971408905,
      0.8282069928834705,
      0.9074969677404007,
      1.0058915287519021,
      1.0185797868349409,
      1.0624343635607605,
      1.0037612258529711,
      0.8550673338346121,
      0.7067809699992527,
      0.4455334549358327,
      0.11470293606416941,
      0.0,
      0.23899175879615284,
      0.3504232579651576,
      0.5226466030010394,
      0.6273390629566139,
      0.7355226621834265,
      0.8329215028627637,
      0.8694778949799499,
      0.9523008534889141,
      0.9617387174986984,
      0.9712998923861977,
      0.8702581534902423,
      0.7072240466094822,
      0.5143900596342893,
      0.26450060120804275,
      0.0
    ],
    "24": [
      0.0,
      0.11988739719796375,
      0.32503339438708906,
      0.4337139517520152,
      0.5669667999210928,
      0.7139075965965989,
      0.8242646372430914,
      0.877468817349567,
      0.9836165036612802,
      1.0081619750628132,
      1.0507603287624738,
      1.1144760970532481,
      0.9542190712060429,
      0.8152420222962685,
      0.6118228192105701,
      0.15192337103954195,
      0.0,
      0.18830922593376462,
      0.3173575717854145,
      0.47647692820988274,
      0.5747772607857038,
      0.6448817266051218,
      0.773508220969736,
      0.7949131466378015,
      0.8853247719462383,
      0.9115977711523202,
      0.9560314547406512,
      0.9495348801122424,
      0.7982715321741984,
      0.603101167022354,
      0.27311656922674343,
      0.0
    ],
    "32": [
      0.0,
      0.10684876302038095,
      0.30844581046197733,
      0.4113895796288277,
      0.5252642879308316,
      0.6631385667539473,
      0.7769188794574858,
      0.8655433766048591,
      0.9429343079079697,
      1.0176634457112346,
      1.0189610560178795,
      1.1552429168040177,
      1.0890656228902251,
      0.9249946503290191,
      0.8256008575640793,
      0.21220832653157556,
      0.0,
      0.14172106962619585,
      0.27741076542806326,
      0.4256601853298133,
      0.5120159162229173,
      0.5826097841903125,
      0.7025375760630795,
      0.7441865562535824,
      0.8042625519970109,
      0.845151526958908,
      0.8880882845471596,
      0.9882039828822468,
      0.8732037398587785,
      0.7056154388114612,
      0.36379756294678145,
      0.0
    ],
    "40": [
      0.0,
      0.09310120992108491,
      0.2892785234785019,
      0.38981360075552923,
      0.5149481077244922,
      0.6061958529377793,
      0.7391851284550616,
      0.8541014566872982,
      0.9161232879038625,
      1.0001126877503184,
      0.975741127403165,
      1.102801975983433,
      1.1610839389054695,
      0.998506424031891,
      1.099789779401558,
      0.31016490883742054,
      0.0,
      0.13247524750667164,
      0.2508427068458184,
      0.374410882575837,
      0.49155801790174,
      0.526253444636526,
      0.6151328831757245,
      0.696859237432876,
      0.7401255219135585,
      0.8016214348451839,
      0.8341990531535954,
      0.9638794170338356,
      0.9111454341114735,
      0.8529103718348318,
      0.5136997468390956,
      0.0
    ],
    "48": [
      0.0,
      0.10285422515285653,
      0.28138735683103966,
      0.3269258845853972,
      0.48061713201786715,
      0.5793894426144003,
      0.6807374370345435,
      0.8063660887974283,
      0.899455504963297,
      0.972682296304661,
      0.9750899987327867,
      1.0308723883357473,
      1.1935513528550246,
      1.000375327571547,
      1.3954561593385826,
      0.5025803994688499,
      0.0,
      0.09907350425817639,
      0.21955705881336393,
      0.32858964029004917,
      0.4366233765055427,
      0.5138468095816717,
      0.5602497410379026,
      0.6584227618823446,
      0.6729223332217208,
      0.7607830243936172,
      0.8025701278243947,
      0.8924562184935382,
      0.9026629931413919,
      0.9506239115696229,
      0.7278138594280303,
      0.0
    ],
    "50": [
      0.0,
      0.11183612626802959,
      0.27414162062264363,
      0.3171862540180405,
      0.4685470786173378,
      0.5773292680196827,
      0.6680672191202024,
      0.7878123405503997,
      0.8742841304130288,
      0.9774372823208399,
      0.9682460269833344,
      1.0086484372342304,
      1.185646171160485,
      0.9806310725446491,
      1.470937285426782,
      0.5711197050851975,
      0.0,
      0.11281287954038637,
      0.2128652239002904,
      0.31684016962254313,
      0.43780038845728375,
      0.49640319267339233,
      0.5583952648973183,
      0.655216180941438,
      0.6492446362021624,
      0.7468484104910267,
      0.7949520466534977,
      0.8804739405252388,
      0.9052341300638124,
      0.965465906081573,
      0.800864596854832,
      0.0
    ]
  },
  "_source": "solver"
}