{
  "u_initial": [
    0.0,
    0.20129852008866006,
    0.39435585511331855,
    0.5712682150947923,
    0.7247927872291199,
    0.8486442574947509,
    0.9377521321470804,
    0.9884683243281114,
    0.9987165071710528,
    0.9680771188662044,
    0.8978045395707416,
    0.7907757369376985,
    0.6513724827222223,
    0.48530196253108143,
    0.29936312297335804,
    0.10116832198743228,
    -0.10116832198743204,
    -0.2993631229733574,
    -0.48530196253108043,
    -0.651372482722222,
    -0.7907757369376986,
    -0.8978045395707414,
    -0.9680771188662043,
    -0.9987165071710528,
    -0.9884683243281114,
    -0.9377521321470808,
    -0.8486442574947515,
    -0.72479278722912,
    -0.5712682150947924,
    -0.3943558551133187,
    -0.20129852008866028,
    -2.4492935982947064e-16
  ],
  "u_final_classical": [
    0.0,
    0.11465753632850059,
    0.22858560009524026,
    0.34104229567526934,
    0.45125864150819267,
    0.558418962127498,
    0.6616325262531132,
    0.7598903858913767,
    0.8519976328093486,
    0.9364633816334008,
    1.011230685873693,
    1.073925629372657,
    1.120783807238316,
    1.11669620945892,
    1.2187235751677745,
    1.0804685486537364,
    -1.0804685486537329,
    -1.218723575167775,
    -1.1166962094589221,
    -1.1207838072383158,
    -1.0739256293726573,
    -1.011230685873694,
    -0.9364633816334001,
    -0.8519976328093489,
    -0.7598903858913767,
    -0.661632526253113,
    -0.5584189621274979,
    -0.4512586415081927,
    -0.3410422956752695,
    -0.22858560009524032,
    -0.11465753632850076,
    -2.4492935982947064e-16
  ],
  "u_final_method": [
    0.0,
    0.11183612626802959,
    0.27414162062264363,
    0.3171862540180405,
    0.4685470786173378,
    0.5773292680196827,
    0.6680672191202024,
    0.7878123405503997,
    0.8742841304130288,
    0.9774372823208399,
    0.9682460269833344,
    1.0086484372342304,
    1.185646171160485,
    0.9806310725446491,
    1.470937285426782,
    0.5711197050851975,
    0.0,
    0.11281287954038637,
    0.2128652239002904,
    0.31684016962254313,
    0.43780038845728375,
    0.49640319267339233,
    0.5583952648973183,
    0.655216180941438,
    0.6492446362021624,
    0.7468484104910267,
    0.7949520466534977,
    0.8804739405252388,
    0.9052341300638124,
    0.965465906081573,
    0.800864596854832,
    0.0
  ],
  "errors_by_step": {
    "0": 0.0,
    "8": 1.382307815612616,
    "16": 1.3387126453622769,
    "24": 1.2910977045595509,
    "32": 1.2394824331565781,
    "40": 1.1956695818100709,
    "48": 1.1491100558343292,
    "50": 1.138262827863247
  },
  "final_error": 1.138262827863247,
  "max_error": 1.382307815612616,
  "_source": "solver"
}