{
  "u_initial": [
    0.0,
    0.02940514209886818,
    0.05852709660483847,
    0.0870854031763387,
    0.11480502970952693,
    0.1414190210477993,
    0.16667106990588065,
    0.19031798524909363,
    0.21213203435596423,
    0.2319031360088211,
    0.24944088369076356,
    0.26457637930450645,
    0.27716385975338603,
    0.2870821007196626,
    0.2942355841209691,
    0.298555418001659,
    0.3,
    0.2985554180016591,
    0.2942355841209691,
    0.28708210071966267,
    0.27716385975338603,
    0.2645763793045065,
    0.2494408836907636,
    0.23190313600882112,
    0.21213203435596426,
    0.19031798524909363,
    0.16667106990588065,
    0.14141902104779935,
    0.11480502970952697,
    0.08708540317633871,
    0.05852709660483858,
    0.029405142098868246,
    3.6739403974420595e-17,
    -0.029405142098868176,
    -0.058527096604838506,
    -0.08708540317633863,
    -0.1148050297095269,
    -0.1414190210477993,
    -0.16667106990588057,
    -0.19031798524909357,
    -0.21213203435596423,
    -0.23190313600882098,
    -0.24944088369076356,
    -0.26457637930450645,
    -0.2771638597533859,
    -0.2870821007196626,
    -0.29423558412096906,
    -0.2985554180016591,
    -0.3,
    -0.2985554180016591,
    -0.2942355841209691,
    -0.28708210071966267,
    -0.277163859753386,
    -0.2645763793045065,
    -0.24944088369076362,
    -0.23190313600882106,
    -0.2121320343559643,
    -0.19031798524909377,
    -0.16667106990588065,
    -0.14141902104779938,
    -0.1148050297095271,
    -0.08708540317633874,
    -0.05852709660483861,
    -0.029405142098868152
  ],
  "u_final_classical": null,
  "u_final_method": [
    0.013583380620168662,
    0.036856364332554375,
    0.058266132727716635,
    0.0787783919047487,
    0.09977995557680572,
    0.12247013761256241,
    0.14716121822281727,
    0.17277146873337884,
    0.19677982922829443,
    0.2158154318398398,
    0.2268950425050936,
    0.22901675604642663,
    0.22435319092485828,
    0.2180355611149318,
    0.21609579597463238,
    0.2224395709998332,
    0.2365605218795483,
    0.25322943727517555,
    0.26433112933839936,
    0.26239121017197337,
    0.24477895603735592,
    0.2163541903646413,
    0.18778521136094156,
    0.16939123616283752,
    0.164602997270691,
    0.16772309520468098,
    0.1670577595281071,
    0.1514692650577544,
    0.11738579814730543,
    0.07209770424279782,
    0.029558848863651406,
    0.0005898606157978747,
    -0.014648300040192339,
    -0.026207928206372345,
    -0.04722450116523476,
    -0.08496906728087879,
    -0.13536577279006082,
    -0.1852868077641074,
    -0.22171595981241637,
    -0.2402560659038582,
    -0.24639197421168235,
    -0.25024420629048505,
    -0.25971275217335915,
    -0.2759638179716012,
    -0.2932108533609079,
    -0.3026151080556005,
    -0.29756795330274244,
    -0.2768538144086037,
    -0.24443354329789357,
    -0.20718705941823573,
    -0.1724213438931564,
    -0.14596202940815473,
    -0.13088635331046775,
    -0.12692069755076374,
    -0.13072978555900086,
    -0.13718883197616735,
    -0.14119549941505122,
    -0.13918190868067667,
    -0.12971294963572497,
    -0.11319588337820839,
    -0.09117059824052134,
    -0.06563429202901333,
    -0.03858762799797482,
    -0.011762163357207403
  ],
  "errors_by_step": {},
  "final_error": NaN,
  "max_error": NaN,
  "_source": "solver"
}