{
  "iterations_completed": 1,
  "converged": true,
  "_source": "harvester",
  "fidelity": 0.6145338518459217,
  "shots": 10000,
  "l2_error_abs": 0.8137338031082362,
  "l2_error_rel": 0.657385586211126
}