{
  "quantum_solution": [
    0.7081067476458254,
    0.5983896506046023,
    0.6023345349926015,
    0.5567218092563627
  ],
  "classical_solution": [
    1.1454545454545455,
    0.43636363636363634,
    0.16363636363636364,
    0.05454545454545454
  ],
  "_source": "harvester"
}