step, iter, fidelity, l2_error_abs, l2_error_rel, l2_error_normalized, linsys_residual
0, 0, 0.9859375803630775, 0.6021071245439285, 0.22262467704196248, 0.11879481572143938, 8.589451028711885
