{
  "iterations_completed": 1,
  "converged": false,
  "_source": "solver",
  "fidelity": 0.9859375803630775,
  "l2_error_normalized": 0.11879481572143938,
  "residual": 8.589451028711885,
  "hhl_metrics": [
    {
      "step": 0,
      "fidelity": 0.9859375803630775,
      "l2_error_abs": 0.6021071245439285,
      "l2_error_rel": 0.22262467704196248,
      "l2_error_normalized": 0.11879481572143938,
      "linsys_residual": 8.589451028711885
    }
  ]
}