{
  "grid": [
    0.0,
    0.015625,
    0.03125,
    0.046875,
    0.0625,
    0.078125,
    0.09375,
    0.109375,
    0.125,
    0.140625,
    0.15625,
    0.171875,
    0.1875,
    0.203125,
    0.21875,
    0.234375,
    0.25,
    0.265625,
    0.28125,
    0.296875,
    0.3125,
    0.328125,
    0.34375,
    0.359375,
    0.375,
    0.390625,
    0.40625,
    0.421875,
    0.4375,
    0.453125,
    0.46875,
    0.484375,
    0.5,
    0.515625,
    0.53125,
    0.546875,
    0.5625,
    0.578125,
    0.59375,
    0.609375,
    0.625,
    0.640625,
    0.65625,
    0.671875,
    0.6875,
    0.703125,
    0.71875,
    0.734375,
    0.75,
    0.765625,
    0.78125,
    0.796875,
    0.8125,
    0.828125,
    0.84375,
    0.859375,
    0.875,
    0.890625,
    0.90625,
    0.921875,
    0.9375,
    0.953125,
    0.96875,
    0.984375
  ],
  "solution_steps": {
    "0": [
      0.0,
      0.0980171403295606,
      0.19509032201612825,
      0.29028467725446233,
      0.3826834323650898,
      0.47139673682599764,
      0.5555702330196022,
      0.6343932841636455,
      0.7071067811865475,
      0.773010453362737,
      0.8314696123025452,
      0.8819212643483549,
      0.9238795325112867,
      0.9569403357322089,
      0.9807852804032304,
      0.9951847266721968,
      1.0,
      0.9951847266721969,
      0.9807852804032304,
      0.9569403357322089,
      0.9238795325112867,
      0.881921264348355,
      0.8314696123025455,
      0.7730104533627371,
      0.7071067811865476,
      0.6343932841636455,
      0.5555702330196022,
      0.47139673682599786,
      0.3826834323650899,
      0.2902846772544624,
      0.1950903220161286,
      0.09801714032956083,
      1.2246467991473532e-16,
      -0.09801714032956059,
      -0.19509032201612836,
      -0.2902846772544621,
      -0.38268343236508967,
      -0.47139673682599764,
      -0.555570233019602,
      -0.6343932841636453,
      -0.7071067811865475,
      -0.7730104533627367,
      -0.8314696123025452,
      -0.8819212643483549,
      -0.9238795325112865,
      -0.9569403357322088,
      -0.9807852804032303,
      -0.9951847266721969,
      -1.0,
      -0.9951847266721969,
      -0.9807852804032304,
      -0.9569403357322089,
      -0.9238795325112866,
      -0.881921264348355,
      -0.8314696123025455,
      -0.7730104533627369,
      -0.7071067811865477,
      -0.6343932841636459,
      -0.5555702330196022,
      -0.4713967368259979,
      -0.3826834323650904,
      -0.2902846772544625,
      -0.19509032201612872,
      -0.0980171403295605
    ],
    "16": [
      8.815695728969786e-11,
      0.08437621993553844,
      0.16815445329971582,
      0.2507424879874206,
      0.3315590919295498,
      0.4100381275446682,
      0.48563118103649716,
      0.5578084818550779,
      0.6260580259988403,
      0.6898829448613668,
      0.7487973647830108,
      0.8023212087194455,
      0.8499743990926802,
      0.891270920839442,
      0.925713582947218,
      0.9527906816555168,
      0.9719755478483052,
      0.9827298962337346,
      0.9845128089716263,
      0.9767972721673005,
      0.9590950561019554,
      0.9309898390186573,
      0.8921776524074767,
      0.8425146393938121,
      0.7819858540242342,
      0.7114406792961541,
      0.629921075771648,
      0.5396251647181884,
      0.4435744833423416,
      0.3378109965124031,
      0.22734677382463475,
      0.11531231392616179,
      -0.00011890065850820974,
      -0.11479411019827013,
      -0.22806041779195993,
      -0.33810956224942856,
      -0.4422569625142842,
      -0.5402025247695383,
      -0.6303349583534805,
      -0.7110843453852204,
      -0.782057065849632,
      -0.8425133470616174,
      -0.8921774926128557,
      -0.9309896971967487,
      -0.959095129105707,
      -0.9767973615379504,
      -0.9845127578435984,
      -0.9827298145776854,
      -0.9719755814320706,
      -0.9527907473186354,
      -0.9257135613799227,
      -0.8912708758590379,
      -0.8499744103432713,
      -0.8023212365183551,
      -0.7487973598786067,
      -0.68988292939524,
      -0.6260580276380685,
      -0.5578084897043769,
      -0.4856311807414786,
      -0.4100381238632526,
      -0.3315590918380302,
      -0.2507424895136942,
      -0.16815445348641672,
      -0.08437621951583683
    ],
    "32": [
      1.5500706496140993e-10,
      0.07421984791926825,
      0.14803900283572455,
      0.22106025168526588,
      0.29289293784876136,
      0.3631552502974518,
      0.4314754183862941,
      0.4974916009988516,
      0.5608503101222931,
      0.6212032521837947,
      0.6782025757109815,
      0.7314945988194643,
      0.7807119988669848,
      0.8254643563502783,
      0.8653271472342459,
      0.8998294805453076,
      0.9284406960317614,
      0.9505559796614256,
      0.9654822806239792,
      0.9724266363134609,
      0.9704899961186106,
      0.9586712790002492,
      0.9358879713567205,
      0.9010283021828809,
      0.8528767115308279,
      0.7916970187494974,
      0.7136761895968562,
      0.6216629679854885,
      0.5211661809807822,
      0.4006135300914343,
      0.2711063150515929,
      0.13944454874723078,
      -0.00042061758608610947,
      -0.1376976558913134,
      -0.2730573913956607,
      -0.4018994200165446,
      -0.5176199412743346,
      -0.6228973173026282,
      -0.7147061384896393,
      -0.7909271560282435,
      -0.8530215066119456,
      -0.9010249456355064,
      -0.9358877046719625,
      -0.9586711173679384,
      -0.9704901010295396,
      -0.972426701483746,
      -0.9654822265409427,
      -0.9505559198001424,
      -0.9284407265188622,
      -0.8998295307107469,
      -0.8653271268928728,
      -0.8254643213750535,
      -0.780712010080702,
      -0.7314946215501715,
      -0.6782025705092027,
      -0.6212032385571961,
      -0.56085031195832,
      -0.49749160851921487,
      -0.43147541808517126,
      -0.3631552464741315,
      -0.29289293765290325,
      -0.22106025338289173,
      -0.1480390031532778,
      -0.07421984743588096
    ],
    "48": [
      1.7115374006948515e-10,
      0.06625752968857937,
      0.13223474596645332,
      0.1976534549740303,
      0.2622394595730685,
      0.3257239532451793,
      0.3878442328901717,
      0.4483435816130175,
      0.5069701766379393,
      0.5634748816526483,
      0.6176078411089205,
      0.6691138200507084,
      0.7177261051307605,
      0.7631586512841986,
      0.8050962146932363,
      0.8431821886967878,
      0.8770034581337979,
      0.9060712274582403,
      0.9297972024377299,
      0.947464074522963,
      0.9581897811052045,
      0.9608857475048638,
      0.9542088744339424,
      0.9365239940430717,
      0.905619191029142,
      0.8611725763635627,
      0.7950824890929551,
      0.7099660233904547,
      0.6138759139885758,
      0.48017114471208744,
      0.32926292980291577,
      0.17344434192945302,
      -0.0010709973481027647,
      -0.16924938688189173,
      -0.3333723798852157,
      -0.4835059151675114,
      -0.6065062431146772,
      -0.7121634715159667,
      -0.7970334559057016,
      -0.8598407376351531,
      -0.9058577817611411,
      -0.9365187691738663,
      -0.9542084352149436,
      -0.9608855280499722,
      -0.9581899281524033,
      -0.9474641112946176,
      -0.9297971487192246,
      -0.9060711873381598,
      -0.8770034793537582,
      -0.8431822277722643,
      -0.8050961996183083,
      -0.763158624122159,
      -0.7177261136693455,
      -0.6691138380851421,
      -0.6176078369599725,
      -0.5634748703600551,
      -0.5069701781877514,
      -0.44834358820710835,
      -0.387844232634582,
      -0.32572394968541973,
      -0.26223945936188636,
      -0.19765345664157494,
      -0.13223474630895327,
      -0.06625752919898384
    ],