{
  "grid": [
    0.0,
    0.125,
    0.25,
    0.375,
    0.5,
    0.625,
    0.75,
    0.875
  ],
  "solution_steps": {
    "0": [
      0.0,
      0.21213203435596426,
      0.3,
      0.21213203435596426,
      3.6739403974420595e-17,
      -0.21213203435596423,
      -0.3,
      -0.2121320343559643
    ],
    "1": [
      0.05342690047875202,
      0.07332626840355544,
      0.12072375236602298,
      0.25205009364623243,
      0.05274929648971465,
      -0.3377288420864415,
      -0.22689994933448965,
      0.0123524800366536
    ],
    "2": [
      0.0452075371221844,
      0.008795299296842031,
      0.0972211142177504,
      0.2576667740491777,
      0.029370541842124922,
      -0.37697738142838055,
      -0.17179919318205972,
      0.11051530808236082
    ],
    "3": [
      0.05006661152847024,
      0.008060465225421858,
      0.07792773238635611,
      0.21785019608028727,
      -0.0108592306488935,
      -0.3853074944320162,
      -0.11713511326593284,
      0.15939683312630698
    ],
    "4": [
      0.06849834595870981,
      0.005099853630497151,
      0.07606305032502213,
      0.1806715387089526,
      -0.04312371202430199,
      -0.3923108202606894,
      -0.10143768425942995,
      0.20653942792123964
    ],
    "5": [
      0.06856614453595057,
      -0.0453351242550611,
      0.05261920077228915,
      0.22386911304810617,
      -0.025547519885045916,
      -0.4055302073344821,
      -0.09563782542319381,
      0.22699621854143698
    ],
    "6": [
      0.0588914092711611,
      -0.05598935976636803,
      0.03988971391229889,
      0.2079323279833652,
      -0.02567693882350852,
      -0.38439149478554974,
      -0.07310418435995146,
      0.23244852656855258
    ]
  },
  "_source": "solver"
}