{
  "u_initial": [
    0.0,
    0.0980171403295606,
    0.19509032201612825,
    0.29028467725446233,
    0.3826834323650898,
    0.47139673682599764,
    0.5555702330196022,
    0.6343932841636455,
    0.7071067811865475,
    0.773010453362737,
    0.8314696123025452,
    0.8819212643483549,
    0.9238795325112867,
    0.9569403357322089,
    0.9807852804032304,
    0.9951847266721968,
    1.0,
    0.9951847266721969,
    0.9807852804032304,
    0.9569403357322089,
    0.9238795325112867,
    0.881921264348355,
    0.8314696123025455,
    0.7730104533627371,
    0.7071067811865476,
    0.6343932841636455,
    0.5555702330196022,
    0.47139673682599786,
    0.3826834323650899,
    0.2902846772544624,
    0.1950903220161286,
    0.09801714032956083,
    1.2246467991473532e-16,
    -0.09801714032956059,
    -0.19509032201612836,
    -0.2902846772544621,
    -0.38268343236508967,
    -0.47139673682599764,
    -0.555570233019602,
    -0.6343932841636453,
    -0.7071067811865475,
    -0.7730104533627367,
    -0.8314696123025452,
    -0.8819212643483549,
    -0.9238795325112865,
    -0.9569403357322088,
    -0.9807852804032303,
    -0.9951847266721969,
    -1.0,
    -0.9951847266721969,
    -0.9807852804032304,
    -0.9569403357322089,
    -0.9238795325112866,
    -0.881921264348355,
    -0.8314696123025455,
    -0.7730104533627369,
    -0.7071067811865477,
    -0.6343932841636459,
    -0.5555702330196022,
    -0.4713967368259979,
    -0.3826834323650904,
    -0.2902846772544625,
    -0.19509032201612872,
    -0.0980171403295605
  ],
  "u_final_classical": [
    5.4351960479738824e-18,
    0.055941887967915084,
    0.11179714454600025,
    0.1674787714075186,
    0.2228990216883672,
    0.2779689883655265,
    0.33259814581141,
    0.3866938254019957,
    0.44016060266152857,
    0.49289956864626605,
    0.5448074516449993,
    0.5957755461283881,
    0.6456883932116024,
    0.694422139210582,
    0.7418424739074939,
    0.7878020144093999,
    0.8321369485127439,
    0.8746626744959227,
    0.9151680578217004,
    0.9534077450368171,
    0.9890916887958491,
    1.0218705649013233,
    1.051315011228117,
    1.076885109945139,
    1.0978822701438493,
    1.1133922342452376,
    1.1221171427813674,
    1.1218531735421946,
    1.1130620933531106,
    1.0797078542250156,
    1.0003568753278604,
    1.204335303326226,
    3.024204672061877e-15,
    -1.2043353033262258,
    -1.0003568753278607,
    -1.0797078542250143,
    -1.1130620933531112,
    -1.1218531735421944,
    -1.1221171427813665,
    -1.1133922342452374,
    -1.0978822701438489,
    -1.0768851099451389,
    -1.0513150112281167,
    -1.0218705649013229,
    -0.9890916887958493,
    -0.9534077450368167,
    -0.9151680578217012,
    -0.8746626744959229,
    -0.8321369485127438,
    -0.7878020144093997,
    -0.7418424739074944,
    -0.6944221392105822,
    -0.6456883932116029,
    -0.5957755461283882,
    -0.5448074516449994,
    -0.49289956864626605,
    -0.44016060266152857,
    -0.38669382540199604,
    -0.3325981458114104,
    -0.2779689883655265,
    -0.2228990216883673,
    -0.16747877140751877,
    -0.11179714454600037,
    -0.05594188796791498
  ],
  "u_final_method": [
    5.383707104356495e-07,
    0.055948432382774894,
    0.11179179579460409,
    0.16746200867127875,
    0.2229052600831127,
    0.2779936586078047,
    0.3325958786511093,
    0.3866870255904419,
    0.44015781580035057,
    0.4929060622083946,
    0.5448064188810557,
    0.5957727916260945,
    0.645700903450241,
    0.6944234333490688,
    0.7418423247275079,
    0.7878055082141883,
    0.8321336789948744,
    0.8746669868810253,
    0.9151732316465503,
    0.9534040288664468,
    0.9890944871400261,
    1.0218756278421524,
    1.0513184436544363,
    1.0768841066283326,
    1.0978947813427238,
    1.113369985362263,
    1.1221469920375386,
    1.1218343806175732,
    1.1130668991143333,
    1.0796993709157596,
    1.0003780215468348,
    1.204255894733633,
    6.491868593204537e-05,
    -1.2043513427172419,
    -1.0003256457091732,
    -1.079739631422511,
    -1.1130241080016399,
    -1.1218874774755037,
    -1.1220957843387138,
    -1.1134005424185505,
    -1.0978830284611818,
    -1.0768881486506916,
    -1.0513177583554587,
    -1.0218771616162057,
    -0.9890843812275393,
    -0.95341344327026,
    -0.9151737847837036,
    -0.8746588598955664,
    -0.8321447792239409,
    -0.7878001481579484,
    -0.7418443794204201,
    -0.6944236296785224,
    -0.6456914809590777,
    -0.5957835006854454,
    -0.5448050779074264,
    -0.49290159235216535,
    -0.4401596618970155,
    -0.38669434368836564,
    -0.3325928293707413,
    -0.2779813217498046,
    -0.22290705358757928,
    -0.16747081986172468,
    -0.11179394630806222,
    -0.05594436910421807
  ],
  "errors_by_step": {
    "0": 0.0,
    "16": 2.955140907622044e-06,
    "32": 4.671558571535775e-06,
    "48": 7.324532559835594e-06,
    "64": 9.547005480414933e-06,
    "80": 1.2773867551885192e-05,
    "96": 1.7173398427679744e-05,
    "102": 2.2100054540661096e-05
  },
  "final_error": 2.2100054540661096e-05,
  "max_error": 2.2100054540661096e-05,
  "_source": "solver"
}