xp, rho, u, p, Mach
0.1,0.9874526357211756,1.5144559235042383,0.6998015013006518,1.5204191189769292
0.3,0.8859863612017052,1.6132130706167727,0.6031443000804418,1.6524587173785026
0.5,0.6196614091886592,1.7414855582866804,0.3750130797052053,1.8919509679439568
0.7,0.5170019313074607,1.8291673631408076,0.28874103063718715,2.068622564332436
0.9,0.4837829030835462,1.8695741549752771,0.2609090146625294,2.151589388557968
