xp, rho, u, p, Mach
0.1,0.9874564841875422,1.5144520840215892,0.6998055118481726,1.5204138704587775
0.3,0.8859960482532571,1.6132027292151514,0.6031529974184495,1.6524452439193817
0.5,0.619672045510399,1.741469591315649,0.37502162910505576,1.8919282930201016
0.7,0.5170066522112634,1.8291575869838026,0.2887454572301085,2.0686050964389384
0.9,0.48377594692444303,1.8695844888008977,0.26090367442369783,2.151607832011921
