{
  "u_initial": [
    0.0,
    0.05881028419773636,
    0.11705419320967694,
    0.1741708063526774,
    0.22961005941905385,
    0.2828380420955986,
    0.3333421398117613,
    0.38063597049818726,
    0.42426406871192845,
    0.4638062720176422,
    0.4988817673815271,
    0.5291527586090129,
    0.5543277195067721,
    0.5741642014393252,
    0.5884711682419382,
    0.597110836003318,
    0.6,
    0.5971108360033182,
    0.5884711682419382,
    0.5741642014393253,
    0.5543277195067721,
    0.529152758609013,
    0.4988817673815272,
    0.46380627201764224,
    0.4242640687119285,
    0.38063597049818726,
    0.3333421398117613,
    0.2828380420955987,
    0.22961005941905394,
    0.17417080635267743,
    0.11705419320967717,
    0.05881028419773649,
    7.347880794884119e-17,
    -0.05881028419773635,
    -0.11705419320967701,
    -0.17417080635267726,
    -0.2296100594190538,
    -0.2828380420955986,
    -0.33334213981176114,
    -0.38063597049818715,
    -0.42426406871192845,
    -0.46380627201764196,
    -0.4988817673815271,
    -0.5291527586090129,
    -0.5543277195067718,
    -0.5741642014393252,
    -0.5884711682419381,
    -0.5971108360033182,
    -0.6,
    -0.5971108360033182,
    -0.5884711682419382,
    -0.5741642014393253,
    -0.554327719506772,
    -0.529152758609013,
    -0.49888176738152723,
    -0.46380627201764213,
    -0.4242640687119286,
    -0.38063597049818754,
    -0.3333421398117613,
    -0.28283804209559876,
    -0.2296100594190542,
    -0.17417080635267748,
    -0.11705419320967722,
    -0.058810284197736304
  ],
  "u_final_classical": null,
  "u_final_method": [
    0.007059170576208198,
    0.03256509961059059,
    0.05605202982396107,
    0.08136497217829053,
    0.10479561453021337,
    0.13351346874616388,
    0.15892675676719956,
    0.18704458081669548,
    0.21428427855394142,
    0.23815313892384427,
    0.26158149990979,
    0.28664954203595117,
    0.31832772029605044,
    0.3497325069532161,
    0.37969456592016854,
    0.4049552831699224,
    0.4252787315503358,
    0.44925644121157016,
    0.47208731420647165,
    0.49353679680681073,
    0.5073625427076961,
    0.5164732362086173,
    0.5179125573063371,
    0.512057453816628,
    0.49861151360997374,
    0.4726824289416155,
    0.4360066583683264,
    0.381083045410847,
    0.3204023946578,
    0.2493545137224731,
    0.16542586686316496,
    0.07837512192076528,
    -0.014113543363050141,
    -0.1068554697066069,
    -0.19764755616609753,
    -0.2800374292336958,
    -0.35854994288926395,
    -0.4289923724302054,
    -0.4886925987056237,
    -0.5311498442041266,
    -0.5618633692558058,
    -0.5772153132384304,
    -0.5888201982520198,
    -0.5813298332706016,
    -0.5702683529859977,
    -0.5531791522378963,
    -0.5274453874199136,
    -0.5049094230697113,
    -0.4687975888751172,
    -0.4408273268570711,
    -0.41303608202887715,
    -0.38061232534079587,
    -0.3542225456111804,
    -0.32413463717203944,
    -0.2875893072282306,
    -0.2544761908404294,
    -0.21849297221477434,
    -0.18722836491834308,
    -0.15513896579411549,
    -0.12247574294914507,
    -0.09604475161119896,
    -0.07515703924948515,
    -0.043326306092438906,
    -0.021893213185639138
  ],
  "errors_by_step": {},
  "final_error": NaN,
  "max_error": NaN,
  "_source": "solver"
}