xp, rho, u, p, Mach
0.1,0.9875914991694892,1.5142856188748957,0.6998650338828151,1.5202860254937645
0.3,0.8861101048558193,1.6131223725008477,0.6031682524709452,1.652448388675098
0.5,0.6197326622388107,1.7414506686011801,0.37505125135649997,1.8919255486576054
0.7,0.5168959484965533,1.8293721130469591,0.28856095466067977,2.0692874203038616
0.9,0.4834074197033947,1.870885034138016,0.26029737791780677,2.1547894594108428
