dq_lu, dq_hhl,
4.591126423566933e-05,7.18238384405057e-05
-0.0008260324606014189,-0.0008283129126216935
-0.00017989169661582059,-0.00020314849285180998
-3.6425241007482783e-06,-0.0
-0.00025791632586080927,-0.0002589645323025213
-0.00016388181372069271,-0.0001436476768832637
3.422162219562949e-05,0.0
-0.0001619241679213442,-0.00020314849285168468
0.00024574916362703485,0.00021547151532533355
0.0001312573707968354,0.00012440253737533633
-8.337469177660805e-05,-7.182383844120864e-05
-0.0005848480244077102,-0.0005469940571660967
8.37917256771608e-05,0.0001015742464252574
0.00019481285353210154,0.0002271269197717353
-0.00073731404687699,-0.0007324623075135088
