dq_lu, dq_hhl,
0.0027695749708942312,0.00271998879247419
0.0017111205215185024,0.002532171760964155
0.002458930578574748,0.002627758822476971
0.002422037796945274,0.0024328319352038166
0.004172203418251356,0.00444172309843436
0.002146578647656344,0.0023292592433793217
0.006937811471868585,0.006952396349731817
0.006250664237541477,0.00643666828216693
0.0055185110335821,0.005302234276087192
0.006687363210112994,0.006588140024541945
0.0015188578750595268,0.0015703862615272712
0.0024347662189786266,0.0029795984355985555
0.00839162641954871,0.008309703020631682
0.009986726141169865,0.00978188043289114
0.008728367650428897,0.009396108011947655
