xp, rho, u, p, Mach
0.1,0.9874793630658028,1.5144221113180307,0.6998220336924256,1.5203834455246938
0.3,0.8860337827149182,1.6131581439987288,0.6031893188495752,1.6523850095440236
0.5,0.6197007594790631,1.74142028743337,0.37505202772945284,1.891841887927006
0.7,0.517031520973731,1.8291194472173027,0.2887694098238771,2.0685259192730805
0.9,0.48377672957915907,1.8695828308482056,0.2608988531452513,2.1516275446150965
