xp, rho, u, p, Mach
0.1,0.9874969232152193,1.514394335045057,0.6998241798593242,1.5203667466670965
0.3,0.886035179374598,1.6131555446838604,0.6031958291110243,1.65237473228127
0.5,0.6196771124665301,1.741441830892606,0.37504886691616385,1.8918371682237125
0.7,0.5170268795628228,1.8291532321796733,0.28877040060478476,2.0685512927680922
0.9,0.48378929757328226,1.8695812187096401,0.26089207319621327,2.151681595472767
