xp, rho, u, p, Mach
0.1,0.9847051105843047,1.5169575860704572,0.6986046243029149,1.5221126251495416
0.3,0.8836023474393941,1.6128633066184885,0.6037543679543866,1.6490424344901566
0.5,0.6127247161167984,1.7510279857914617,0.3729558534982012,1.8968502894546335
0.7,0.5103143370009054,1.8502768920861155,0.2843564905452201,2.0948841902690853
0.9,0.47537802030622534,1.881606508914483,0.2590178825540002,2.1543658854487657
