xp, rho, u, p, Mach
0.1,0.9874818063742707,1.5144177253537787,0.6998223263783125,1.5203806052887696
0.3,0.8860344135744518,1.6131569954246117,0.60319040421531,1.6523829346617496
0.5,0.6196970809674693,1.7414235714760413,0.37505150590638137,1.8918411567773645
0.7,0.5170302592546637,1.8291256364198376,0.28876948869111513,2.0685301121474544
0.9,0.4837781402239607,1.8695838994793077,0.26089748039346417,2.151637571986865
