{
  "grid": [
    0.0,
    0.0625,
    0.125,
    0.1875,
    0.25,
    0.3125,
    0.375,
    0.4375,
    0.5,
    0.5625,
    0.625,
    0.6875,
    0.75,
    0.8125,
    0.875,
    0.9375
  ],
  "solution_steps": {
    "0": [
      0.0,
      0.3826834323650898,
      0.7071067811865475,
      0.9238795325112867,
      1.0,
      0.9238795325112867,
      0.7071067811865476,
      0.3826834323650899,
      1.2246467991473532e-16,
      -0.38268343236508967,
      -0.7071067811865475,
      -0.9238795325112865,
      -1.0,
      -0.9238795325112866,
      -0.7071067811865477,
      -0.3826834323650904
    ],
    "4": [
      1.2565358478155985e-08,
      0.3279473157754461,
      0.5913911888070879,
      0.781297047837727,
      0.6882370911446501,
      0.5217707655716346,
      9.681775611924733,
      9.417449475660256,
      -8.720478312182088,
      -9.10980289705884,
      -0.7734395314492861,
      -0.8404326595012382,
      -0.876147331722453,
      -0.7702819373379686,
      -0.5913387290880031,
      -0.32794711094701656
    ],
    "8": [
      1.6787687062702617e-08,
      0.2961356101776859,
      0.52926125704529,
      0.6947107490679573,
      0.7031434941574427,
      0.5980191788100763,
      9.732709909648358,
      9.455796344998882,
      -8.819466970333945,
      -9.22297284686454,
      -0.8180407749517675,
      -0.8352346995241018,
      -0.7984051639676969,
      -0.6903193003777537,
      -0.5292017683853696,
      -0.29613503628820753
    ],
    "12": [
      2.7847214845166947e-08,
      0.2700206356947088,
      0.4814990608471786,
      0.6323696529180094,
      0.6866955230881857,
      0.6372471359950171,
      0.8396447189485805,
      9.501377820034124,
      0.028730056369991246,
      -9.342627138742813,
      -0.8192398357171624,
      -0.7980505924214387,
      -0.7358859663127427,
      -0.6303178462000668,
      -0.4814435850712458,
      -0.2700196672775404
    ],
    "16": [
      4.6277077316858594e-08,
      0.24805638639990701,
      0.44285190363252297,
      0.5835199228889207,
      0.6578818547866129,
      0.6508278325236403,
      0.7324391812012947,
      1.01424663281244,
      0.09088807049148385,
      -0.9106619918840048,
      -0.796521546354791,
      -0.7554591087323393,
      -0.6847363532123677,
      -0.5824746177328056,
      -0.44280315682183324,
      -0.2480550562757582
    ],
    "20": [
      7.162275551308995e-08,
      0.2292583732079783,
      0.4105490867178137,
      0.5433739897297943,
      0.6261996278859409,
      0.6475372457839964,
      0.6949861983978226,
      0.7715522408752585,
      0.08594688791894554,
      -0.7044671409067843,
      -0.7653483572621724,
      -0.7151813936445871,
      -0.6418262282385276,
      -0.5428165794339117,
      -0.4105072870425781,
      -0.2292567356117445
    ],
    "24": [
      1.0285870290616117e-07,
      0.21295680329225714,
      0.3829354071942463,
      0.5093552347973656,
      0.595392928501443,
      0.6344556413697459,
      0.672717447171606,
      0.6879924727782342,
      0.06981618949945385,
      -0.6439728665756295,
      -0.7329183302240384,
      -0.6787784732759545,
      -0.6050437538340975,
      -0.509053894384215,
      -0.3828999911673161,
      -0.21295491800180383
    ],
    "26": [
      1.2027933151692594e-07,
      0.20558718018516536,
      0.37053640579974295,
      0.4941325362181442,
      0.5807482939008698,
      0.6258448958670949,
      0.6632748859999404,
      0.6610355193584232,
      0.0615795826069288,
      -0.6250802535393984,
      -0.717149642650895,
      -0.6620224831088574,
      -0.588485749245721,
      -0.4939122018533898,
      -0.37050389669019757,
      -0.20558519312718218
    ]
  },
  "_source": "solver"
}