xp, rho, u, p, Mach
0.1,1.0,1.5,0.713006876048805,1.5013445859016274
0.3,0.8364623752122798,1.6635472620736915,0.6013174131477755,1.6582211159606632
0.5,0.6094938426920818,1.83441465854377,0.3282900055113351,2.112464040840642
0.7,0.5617204171391371,1.7760274633705304,0.3212365631406191,1.9848755348698464
0.9,0.5152928913391797,1.8460871889814334,0.28186934072307473,2.1095573981650984
