xp, rho, u, p, Mach
0.1,0.9999999999999999,1.5000000000000002,0.7108804708461313,1.503588340853742
0.3,0.8523789493985791,1.6364326717308713,0.6077617063397991,1.637886545360278
0.5,0.6223949359314686,1.7544971727789935,0.3553100367650534,1.962537402101247
0.7,0.5461614406409685,1.7636174583377549,0.31075106314171097,1.976034749677245
0.9,0.49595074221522856,1.84113807210798,0.2734954899722044,2.0953980170244546
