xp, rho, u, p, Mach
0.1,1.0,1.5,0.7142857142857144,1.5
0.3,0.8107738630226378,1.7067532504325744,0.5919229186626948,1.688200454434361
0.5,0.6094938426920818,2.034718850701089,0.2713289137154375,2.5773714535018324
0.7,0.6945647891022974,1.4390697635559135,0.4614398853078728,1.4921643043720567
0.9,0.6039018107947705,1.7152260398090908,0.355093503147145,1.8904671979275351
