xp, rho, u, p, Mach
0.1,0.9880536589705056,1.5140167924492098,0.700047774511077,1.520173298555844
0.3,0.8864863087120032,1.6127711553075075,0.603358276636187,1.6521790409927575
0.5,0.6190519604119891,1.743039213729879,0.37435900078004447,1.894360160933593
0.7,0.5155307659302404,1.8347127594893282,0.28596309091464933,2.081979103572097
0.9,0.4822105308060212,1.8759528577615738,0.2578673312046091,2.168093887895919
