xp, rho, u, p, Mach
0.1,0.987475430179618,1.5144363847658062,0.6998205220739213,1.5203963895030184
0.3,0.8860354894773075,1.6131595803881256,0.6031887254108672,1.6523888851920558
0.5,0.6197088257667295,1.7414165300070783,0.37505047582569234,1.8918540324751967
0.7,0.5170243495613139,1.829139334225708,0.28874866551853284,2.0686083659752796
0.9,0.48376034438113547,1.869635832339439,0.2608752755980866,2.151749332928977
