{
  "iterations_completed": 1,
  "converged": true,
  "_source": "harvester",
  "fidelity": 0.9115583989206466,
  "shots": 100,
  "l2_error_abs": 0.4205748472729994,
  "l2_error_rel": 0.4205748472729994
}