{
  "quantum_solution": [
    0.889673779892931,
    0.238305476757035,
    0.381288762811256,
    0.07943515891901168
  ],
  "classical_solution": [
    0.7055698197297996,
    0.046596453582414196,
    0.7055698197297996,
    0.046596453582414196
  ],
  "_source": "harvester"
}