{
  "u_initial": [
    0.0,
    0.19509032201612825,
    0.3826834323650898,
    0.5555702330196022,
    0.7071067811865475,
    0.8314696123025452,
    0.9238795325112867,
    0.9807852804032304,
    1.0,
    0.9807852804032304,
    0.9238795325112867,
    0.8314696123025455,
    0.7071067811865476,
    0.5555702330196022,
    0.3826834323650899,
    0.1950903220161286,
    1.2246467991473532e-16,
    -0.19509032201612836,
    -0.38268343236508967,
    -0.555570233019602,
    -0.7071067811865475,
    -0.8314696123025452,
    -0.9238795325112865,
    -0.9807852804032303,
    -1.0,
    -0.9807852804032304,
    -0.9238795325112866,
    -0.8314696123025455,
    -0.7071067811865477,
    -0.5555702330196022,
    -0.3826834323650904,
    -0.19509032201612872
  ],
  "u_final_classical": [
    -3.13639208727247e-18,
    0.11165064709497752,
    0.22262608802551326,
    0.33223998159129353,
    0.4397818544198031,
    0.5445000143634676,
    0.6455772890969604,
    0.7420948179477902,
    0.8329759036580083,
    0.9168977120010858,
    0.9921191880049278,
    1.0562164205724627,
    1.1070451378691504,
    1.1285705332659244,
    1.122640016079618,
    1.3160472809064512,
    1.4781869421940482e-15,
    -1.316047280906452,
    -1.1226400160796173,
    -1.1285705332659248,
    -1.1070451378691504,
    -1.0562164205724625,
    -0.9921191880049278,
    -0.9168977120010858,
    -0.8329759036580087,
    -0.7420948179477903,
    -0.6455772890969605,
    -0.5445000143634677,
    -0.43978185441980316,
    -0.3322399815912938,
    -0.22262608802551376,
    -0.11165064709497767
  ],
  "u_final_method": [
    -4.63384929976199e-09,
    0.11165212724196176,
    0.2226289214813243,
    0.33224430240658376,
    0.4397875665565991,
    0.5445069403005874,
    0.645585394068427,
    0.7421036019613344,
    0.8329853937330696,
    0.9169074984520429,
    0.9921294305200976,
    1.0562252654358275,
    1.107051911417914,
    1.1285746527498155,
    1.1226522619850585,
    1.3159616240027303,
    8.162903846198462e-07,
    -1.3159627864707188,
    -1.1226516390571941,
    -1.1285751615988404,
    -1.1070511713620226,
    -1.056225988765944,
    -0.9921289797588261,
    -0.9169076505575733,
    -0.8329853010440318,
    -0.7421037565095551,
    -0.6455852896282551,
    -0.5445070240715403,
    -0.4397875124404067,
    -0.33224427179998955,
    -0.22262900645991593,
    -0.11165203011867346
  ],
  "errors_by_step": {
    "0": 0.0,
    "8": 1.245231919579412e-06,
    "16": 2.546928125409515e-06,
    "24": 4.093429831901393e-06,
    "32": 6.2223252004416265e-06,
    "40": 1.00116126244369e-05,
    "48": 1.9934728084177613e-05,
    "51": 2.7385211849251394e-05
  },
  "final_error": 2.7385211849251394e-05,
  "max_error": 2.7385211849251394e-05,
  "_source": "solver"
}