{
  "grid": [
    0.0,
    0.03225806451612903,
    0.06451612903225806,
    0.0967741935483871,
    0.12903225806451613,
    0.16129032258064516,
    0.1935483870967742,
    0.22580645161290322,
    0.25806451612903225,
    0.29032258064516125,
    0.3225806451612903,
    0.3548387096774194,
    0.3870967741935484,
    0.4193548387096774,
    0.45161290322580644,
    0.4838709677419355,
    0.5161290322580645,
    0.5483870967741935,
    0.5806451612903225,
    0.6129032258064516,
    0.6451612903225806,
    0.6774193548387096,
    0.7096774193548387,
    0.7419354838709677,
    0.7741935483870968,
    0.8064516129032258,
    0.8387096774193548,
    0.8709677419354839,
    0.9032258064516129,
    0.9354838709677419,
    0.967741935483871,
    1.0
  ],
  "solution_steps": {
    "0": [
      0.0,
      0.20129852008866006,
      0.39435585511331855,
      0.5712682150947923,
      0.7247927872291199,
      0.8486442574947509,
      0.9377521321470804,
      0.9884683243281114,
      0.9987165071710528,
      0.9680771188662044,
      0.8978045395707416,
      0.7907757369376985,
      0.6513724827222223,
      0.48530196253108143,
      0.29936312297335804,
      0.10116832198743228,
      -0.10116832198743204,
      -0.2993631229733574,
      -0.48530196253108043,
      -0.651372482722222,
      -0.7907757369376986,
      -0.8978045395707414,
      -0.9680771188662043,
      -0.9987165071710528,
      -0.9884683243281114,
      -0.9377521321470808,
      -0.8486442574947515,
      -0.72479278722912,
      -0.5712682150947924,
      -0.3943558551133187,
      -0.20129852008866028,
      -2.4492935982947064e-16
    ],
    "1": [
      0.0,
      0.20747329386879634,
      0.3935344925345594,
      0.5632107411396123,
      0.7246096975426524,
      0.8285501270226535,
      0.943118093696395,
      0.9861713984766103,
      0.9864307630048397,
      0.9593389755373671,
      0.9010217690979914,
      0.7955109017368235,
      0.6445247497861072,
      0.4992873863405078,
      0.318402614306232,
      0.11122948466248295,
      -0.11122948466248317,
      -0.3101286494395427,
      -0.4921537241056925,
      -0.659046109956241,
      -0.8055153426292934,
      -0.9002133656096187,
      -0.9798278799473353,
      -1.0131664379099197,
      -0.9970796762765374,
      -0.9672909053283292,
      -0.8280478498820213,
      -0.7280464556214451,
      -0.5822784646792257,
      -0.3803636726219915,
      -0.1896643394556117,
      0.0
    ],
    "2": [
      0.0,
      0.2112135217009881,
      0.38433424174411535,
      0.5667448997538069,
      0.7088538640386085,
      0.8328369338433186,
      0.9523750036183346,
      0.972572882774844,
      0.9709074111067176,
      0.983485800470124,
      0.8810226431133733,
      0.8026171463197578,
      0.6712458602388953,
      0.5149689553288139,
      0.3339460853832304,
      0.11623114843795022,
      -0.10079536391643794,
      -0.3185436618460813,
      -0.5102719242102416,
      -0.6783820321310903,
      -0.8209295384366861,
      -0.9206504378898828,
      -0.9778279650638135,
      -1.0320584493490241,
      -0.993446123194862,
      -0.9601477278381293,
      -0.8149206760581991,
      -0.73024084458411,
      -0.5676677271274119,
      -0.3601481591597783,
      -0.19035812446265546,
      0.0
    ],
    "3": [
      0.0,
      0.20882328832913116,
      0.3853077013803434,
      0.5556111637224875,
      0.7047849760359136,
      0.812437652412713,
      0.9448043930296844,
      0.9741587356960436,
      0.9673705878360016,
      0.9869510610008225,
      0.8807137665635124,
      0.828624407328594,
      0.6720140614959477,
      0.5342443796871738,
      0.34024893192017175,
      0.10515888564611114,
      -0.10002361070801946,
      -0.3479046971932552,
      -0.5125015287314406,
      -0.675922511464585,
      -0.8182597254015441,
      -0.9637739066088363,
      -0.9969359885160053,
      -1.0407250909249135,
      -1.001570668919476,
      -0.9600711393178296,
      -0.80697219493318,
      -0.7217729827757344,
      -0.544694358330123,
      -0.3371809057632728,
      -0.1908984539906133,
      0.0
    ],
    "4": [
      0.0,
      0.1876789247822781,
      0.3782343277295743,
      0.5733899107610809,
      0.717456359458363,
      0.807307606035189,
      0.9450741293842423,
      0.9856863755900778,
      0.9831591284110585,
      0.9976587116248634,
      0.9056734687132458,
      0.840761817082654,
      0.6982957411312277,
      0.5465935429810886,
      0.353340874444821,
      0.12230371907033924,
      -0.09039361203988086,
      -0.35543560931954993,
      -0.5123430784937832,
      -0.6820075952412806,
      -0.8277960197258822,
      -0.9546975224538922,
      -0.9852508941650396,
      -1.0495224459101808,
      -0.996387281207195,
      -0.9362805793093677,
      -0.8036210397236693,
      -0.6967595360030691,
      -0.53273898443062,
      -0.3195714931542676,
      -0.1904832747613559,
      0.0
    ],
    "5": [
      0.0,
      0.18361182760598782,
      0.3642410214292617,
      0.5768689673512227,
      0.7067827139011394,
      0.8041374507644943,
      0.9194166824121297,
      0.9871884371843973,
      1.0003411423859527,
      1.0071029429983245,
      0.9044119564462377,
      0.8425171947429919,
      0.7236308730140392,
      0.5527746219003467,
      0.3791340174225318,
      0.13507946060232714,
      -0.07517812820477277,
      -0.37460257429391625,
      -0.5262649985371127,
      -0.7046495540626618,
      -0.8441625015175087,
      -0.9714394548653708,
      -0.9920469324939364,
      -1.0547703546283247,
      -0.9719337727651627,
      -0.9167427304347465,
      -0.7986768957579223,
      -0.6908986614720566,
      -0.5324155472081312,
      -0.33365334716001543,
      -0.20864541073878395,
      0.0
    ],
    "6": [
      0.0,
      0.16716698128381502,
      0.35798699331888967,
      0.5945089854612091,
      0.7030892725571305,
      0.8002587916977254,
      0.9209883078163607,
      0.9778655629070379,
      1.02815334862473,
      1.0029158149865403,
      0.9210112193490377,
      0.8280912462332486,
      0.736533841558228,
      0.5681779832313277,
      0.3741666358344095,
      0.1440060230179724,
      -0.08359233631121456,
      -0.38464259057268574,
      -0.5076694784698785,
      -0.7107032679516602,
      -0.8437690183287155,
      -0.9833975511358468,
      -1.0060172096261617,
      -1.0708358962761377,
      -0.9675952196192995,
      -0.9070021790519718,
      -0.7906707060095878,
      -0.6946352070194705,
      -0.5194866454665781,
      -0.3175994648281775,
      -0.22087265158771632,
      0.0
    ],
    "7": [
      0.0,
      0.14918297834840955,
      0.34874612157758517,
      0.5833597061157297,
      0.697508425841855,
      0.7872257157989505,
      0.92800383474863,
      0.9604410615791344,
      1.0296982573341427,
      1.0054308004477177,
      0.9387529494094066,
      0.8416565920414252,
      0.7545248341625351,
      0.5886171637743903,
      0.3697695709115766,
      0.16471290970803562,
      -0.08507706311379332,
      -0.4049361061132784,
      -0.5243103661362314,
      -0.7036648921493279,
      -0.869829218367317,
      -0.9910760916797925,
      -1.0183583402568814,
      -1.0714773928144596,
      -0.9717434066296032,
      -0.9035671454884908,
      -0.7785258315458408,
      -0.688460054519938,
      -0.5010086874212782,
      -0.3036740741203881,
      -0.22965751638401652,
      0.0
    ],