{
  "u_initial": [
    0.0,
    0.11480502970952693,
    0.21213203435596423,
    0.27716385975338603,
    0.3,
    0.27716385975338603,
    0.21213203435596426,
    0.11480502970952697,
    3.6739403974420595e-17,
    -0.1148050297095269,
    -0.21213203435596423,
    -0.2771638597533859,
    -0.3,
    -0.277163859753386,
    -0.2121320343559643,
    -0.1148050297095271
  ],
  "u_final_classical": null,
  "u_final_method": [
    -0.00022555171804648042,
    0.00908925111995772,
    0.011397510116222639,
    0.02094125467586884,
    0.027945179918519317,
    0.02100350134889363,
    0.019149076477159622,
    0.012755090038283049,
    -0.0010725025555796692,
    -0.013485350134869817,
    -0.02245467264064452,
    -0.02588726854742886,
    -0.025932157096628466,
    -0.023700690836078273,
    -0.015266433917586596,
    -0.007128365897403552
  ],
  "errors_by_step": {},
  "final_error": NaN,
  "max_error": NaN,
  "_source": "solver"
}