{
  "grid": [
    0.0,
    0.0625,
    0.125,
    0.1875,
    0.25,
    0.3125,
    0.375,
    0.4375,
    0.5,
    0.5625,
    0.625,
    0.6875,
    0.75,
    0.8125,
    0.875,
    0.9375
  ],
  "solution_steps": {
    "0": [
      0.0,
      0.11480502970952693,
      0.21213203435596423,
      0.27716385975338603,
      0.3,
      0.27716385975338603,
      0.21213203435596426,
      0.11480502970952697,
      3.6739403974420595e-17,
      -0.1148050297095269,
      -0.21213203435596423,
      -0.2771638597533859,
      -0.3,
      -0.277163859753386,
      -0.2121320343559643,
      -0.1148050297095271
    ],
    "10": [
      -0.007689193636312263,
      0.0426396355967763,
      0.08835511280607973,
      0.14210382203723504,
      0.1674621732584607,
      0.17203880361209356,
      0.13956207482938707,
      0.08118475694552811,
      -0.008240051643864993,
      -0.08405101698250718,
      -0.1473629907133391,
      -0.1721049518032985,
      -0.17419769699650528,
      -0.1472930919719118,
      -0.10287334012393215,
      -0.04973461727441324
    ],
    "20": [
      0.001415798061710574,
      0.013661708491502514,
      0.035507629534001946,
      0.049364636334831465,
      0.061661630001738396,
      0.06892562856697089,
      0.06056244906743216,
      0.02928774519752129,
      -0.007634608790064853,
      -0.0414444783300595,
      -0.05965704942150975,
      -0.06978027761300952,
      -0.07030754944129092,
      -0.059133119843194665,
      -0.04163124898954021,
      -0.013410473557371516
    ],
    "30": [
      -0.00022555171804648042,
      0.00908925111995772,
      0.011397510116222639,
      0.02094125467586884,
      0.027945179918519317,
      0.02100350134889363,
      0.019149076477159622,
      0.012755090038283049,
      -0.0010725025555796692,
      -0.013485350134869817,
      -0.02245467264064452,
      -0.02588726854742886,
      -0.025932157096628466,
      -0.023700690836078273,
      -0.015266433917586596,
      -0.007128365897403552
    ]
  },
  "_source": "solver"
}