dq_lu, dq_hhl,
5.204182519828945e-11,0.0
-3.481934987350073e-10,-0.0
2.0515691520551688e-10,0.0
2.198967206218764e-10,0.0
-2.553828556566841e-10,-0.0
-5.286452981683906e-10,-0.0
-7.647378300945821e-10,-0.0
-3.318105930233594e-10,-0.0
-1.704348876583103e-10,-0.0
6.582248091149718e-10,0.0
5.597446725204627e-10,0.0
7.146431357474155e-10,2.6942961294761436e-10
9.877335748157114e-10,0.0
5.00734740605314e-10,0.0
1.0761401986874391e-09,0.0
