dq_lu, dq_hhl,
5.163668140908459e-11,0.0
-3.485390324980034e-10,-0.0
2.0421667484396917e-10,0.0
2.196903602235294e-10,0.0
-2.5476682213609704e-10,-0.0
-5.289265483498253e-10,-0.0
-7.634594974267743e-10,-0.0
-3.3113478058779e-10,-0.0
-1.7078814641733892e-10,-0.0
6.604535838374326e-10,0.0
5.588085474582152e-10,0.0
4.697604156925274e-10,0.0
9.89702477985817e-10,0.0
4.994238092394285e-10,0.0
1.1032591299772362e-09,6.768383934607487e-12
