xp, rho, u, p, Mach
0.1,0.9874709819256259,1.5144362463658956,0.6998202926667183,1.5203930753095518
0.3,0.886031397413091,1.6131635488656901,0.603184989200348,1.6523942520224997
0.5,0.6197112218056476,1.741412405887955,0.3750528902737673,1.8918471198705973
0.7,0.5170336516789313,1.829106835569386,0.28876809843512385,2.0685206160276337
0.9,0.4837714219675971,1.8695833558774788,0.26090178939542225,2.1516042384131455
