xp, rho, u, p, Mach
0.1,0.9874709819256259,1.5144362463658956,0.6998202911561874,1.5203930769504022
0.3,0.886031397413091,1.6131635488656901,0.603184988845396,1.6523942525086863
0.5,0.6197112218056476,1.7414124103257922,0.37505288860906827,1.8918471288903533
0.7,0.5170336586601264,1.8291068218270454,0.2887681040376718,2.0685205943852893
0.9,0.4837714369067216,1.8695833333503749,0.2609018004489692,2.1516042001310702
