xp, rho, u, p, Mach
0.1,0.9874709819950102,1.514436245927238,0.6998202915857845,1.520393076096774
0.3,0.886031397413091,1.6131635484687983,0.6031849888646256,1.652394252075803
0.5,0.6197112218056476,1.7414124103257922,0.37505288860906827,1.8918471288903533
0.7,0.517033659410816,1.8291068205628525,0.28876810415917586,2.0685205940221016
0.9,0.4837714393015929,1.8695833273640252,0.2609018022829319,2.15160419100521
