xp, rho, u, p, Mach
0.1,0.9874699231478935,1.5144374492852366,0.6998192427233959,1.5203946083957185
0.3,0.8860288931358611,1.6131664830427341,0.6031827412242512,1.6523980015057487
0.5,0.6197082927950426,1.7414169246973241,0.37505058806320823,1.891853364652852
0.7,0.5170307467529508,1.829112275260296,0.28876594558551766,2.068528667517609
0.9,0.48376985218233376,1.869586011708855,0.2609008256337085,2.1516077779847667
