xp, rho, u, p, Mach
0.1,0.9874540858909228,1.514455815120497,0.6998046156192648,1.5204167434643825
0.3,0.8859950968915087,1.6132082764134716,0.6031527319082722,1.6524504025836613
0.5,0.6196744927393742,1.7414732818553342,0.37502393378402,1.8919302248717802
0.7,0.517017608957502,1.8291444888082722,0.2887565846970013,2.0685723447839868
0.9,0.4838049163194215,1.8695216575712803,0.26093032011824285,2.1514900794031813
