xp, rho, u, p, Mach
0.1,0.987466221649717,1.5144418583082184,0.6998157145974181,1.5204000177159949
0.3,0.8860209552409631,1.6131761367334425,0.6031756500292859,1.6524102011681825
0.5,0.6196999963163535,1.7414299850950015,0.3750441075138008,1.8918712343877788
0.7,0.5170254771761987,1.8291232409076652,0.2887619833667268,2.068544718690064
0.9,0.48377296213238985,1.8695806465497466,0.26090378014967086,2.1515963367467124
