xp, rho, u, p, Mach
0.1,0.988525188146841,1.5174120174034267,0.7011121262099,1.5227886528977543
0.3,0.8890795239878886,1.6061737064449917,0.6077157657734974,1.6419069711701841
0.5,0.6256131822277323,1.7352408614295354,0.3776317910749021,1.8876193445833431
0.7,0.5414437251644266,1.802632322027654,0.30648035086251646,2.0249694729895755
0.9,0.5394842230789905,1.8009889774570071,0.29798524734355364,2.048042805547971
