xp, rho, u, p, Mach
0.1,0.9874687893799252,1.5144387821609437,0.6998181772621627,1.5203962310768122
0.3,0.8860264625760176,1.6131694800423477,0.6031805547469768,1.6524017998497953
0.5,0.6197056765164412,1.741421096809104,0.3750485326665583,1.8918590876665475
0.7,0.517028972125377,1.8291158196794612,0.2887646234998384,2.068533861204007
0.9,0.48377031504116835,1.8695854795574438,0.260901300911974,2.1516062350914154
