xp, rho, u, p, Mach
0.1,0.987120591769634,1.5153024091887748,0.6993809116762443,1.5214704231306762
0.3,0.8862703312334725,1.6112647620512413,0.6035672608104571,1.6501489972042052
0.5,0.6201732038506615,1.739838821747125,0.3757477134290922,1.8890929398243557
0.7,0.5218799614499412,1.8203620387251973,0.2923343830972911,2.0556023909950576
0.9,0.49683442253779736,1.8490209549760583,0.27074845540305187,2.1169015467522097
