xp, rho, u, p, Mach
0.1,0.9877570598821768,1.5130956274507295,0.6999698908364925,1.5191048489326415
0.3,0.8851513938864197,1.6156558051431318,0.6018455867610881,1.6559646675060906
0.5,0.6185736808270352,1.745682837512,0.3740711619535824,1.897229762015152
0.7,0.5160631289445207,1.834916669943117,0.2866850382969608,2.0806605352880947
0.9,0.48452966121259,1.866394506828664,0.26198241037237024,2.1451790504773527
