{
  "grid": [
    0.0,
    0.125,
    0.25,
    0.375,
    0.5,
    0.625,
    0.75,
    0.875
  ],
  "solution_steps": {
    "0": [
      0.0,
      0.21213203435596423,
      0.3,
      0.21213203435596426,
      3.6739403974420595e-17,
      -0.21213203435596423,
      -0.3,
      -0.2121320343559643
    ],
    "1": [
      0.0024052568061904457,
      0.16109380469991327,
      0.22278459050067667,
      0.15854679113828218,
      0.00655899334636608,
      -0.16226467528351898,
      -0.2317488406532332,
      -0.15737592055467647
    ],
    "2": [
      0.0037015876869488018,
      0.14336436959746293,
      0.19570430062128452,
      0.13776227796195423,
      0.009835523265080645,
      -0.144520617749151,
      -0.20924141157331394,
      -0.13660602981026615
    ],
    "3": [
      0.0048260697537394395,
      0.12748231417475167,
      0.1747450260046234,
      0.11871478537813503,
      0.00836323743482197,
      -0.12659971946393841,
      -0.1879343331931848,
      -0.11959738008894828
    ],
    "4": [
      0.005054399254876678,
      0.11654615768909256,
      0.155263879000523,
      0.10028130954084627,
      0.007485854536610717,
      -0.11136390192048584,
      -0.1678041327920104,
      -0.105463565309453
    ],
    "5": [
      0.00509770080080072,
      0.10600613668918758,
      0.13913883922982792,
      0.0840555508651131,
      0.0058313458248735375,
      -0.09753363783077426,
      -0.15006788585550218,
      -0.09252804972352642
    ],
    "6": [
      0.005578260333316951,
      0.09520190404263001,
      0.12421300613830553,
      0.07175116262340701,
      0.0034772516415179666,
      -0.08548672506299923,
      -0.13326851811314044,
      -0.0814663416030378
    ]
  },
  "_source": "solver"
}