{
  "u_initial": [
    0.0,
    0.21213203435596423,
    0.3,
    0.21213203435596426,
    3.6739403974420595e-17,
    -0.21213203435596423,
    -0.3,
    -0.2121320343559643
  ],
  "u_final_classical": [
    -8.662282939844826e-18,
    0.09374864778879735,
    0.1453279799522981,
    0.11417853339793523,
    3.1291087615640094e-17,
    -0.11417853339793517,
    -0.1453279799522981,
    -0.09374864778879737
  ],
  "u_final_method": [
    0.005578260333316951,
    0.09520190404263001,
    0.12421300613830553,
    0.07175116262340701,
    0.0034772516415179666,
    -0.08548672506299923,
    -0.13326851811314044,
    -0.0814663416030378
  ],
  "errors_by_step": {
    "0": 0.0,
    "1": 0.15364645235936059,
    "2": 0.16358833395766167,
    "3": 0.17210509817449765,
    "4": 0.18270837263137565,
    "5": 0.19266915662189604,
    "6": 0.19927358622892202
  },
  "final_error": 0.19927358622892202,
  "max_error": 0.19927358622892202,
  "_source": "solver"
}