{
  "quantum_solution": [
    0.7023528261008589,
    0.09431436207973529,
    0.6994293350929965,
    0.09275728534728683
  ],
  "classical_solution": [
    0.7055698197297996,
    0.046596453582414196,
    0.7055698197297996,
    0.046596453582414196
  ],
  "_source": "harvester"
}