{
  "iterations_completed": 1,
  "converged": true,
  "_source": "harvester",
  "fidelity": 0.9977720621099165,
  "shots": 100000,
  "l2_error_abs": 0.06675234662666955,
  "l2_error_rel": 0.06675234662666955
}