{
  "grid": [
    0.0,
    0.0625,
    0.125,
    0.1875,
    0.25,
    0.3125,
    0.375,
    0.4375,
    0.5,
    0.5625,
    0.625,
    0.6875,
    0.75,
    0.8125,
    0.875,
    0.9375
  ],
  "solution_steps": {
    "0": [
      0.0,
      0.3826834323650898,
      0.7071067811865475,
      0.9238795325112867,
      1.0,
      0.9238795325112867,
      0.7071067811865476,
      0.3826834323650899,
      1.2246467991473532e-16,
      -0.38268343236508967,
      -0.7071067811865475,
      -0.9238795325112865,
      -1.0,
      -0.9238795325112866,
      -0.7071067811865477,
      -0.3826834323650904
    ],
    "2": [
      0.001490673468037347,
      0.023174594466244244,
      0.04142760149049464,
      0.056203724287867914,
      0.060446071404978916,
      0.060194441383036194,
      0.04350475022189628,
      0.021371006321991553,
      0.0018810320247803116,
      -0.021095502013205415,
      -0.043691141693765555,
      -0.05667145530117168,
      -0.06385926952072457,
      -0.05569830651244925,
      -0.0445448498338848,
      -0.022381614460234178
    ],
    "4": [
      0.00014350880356534134,
      0.0015298135076738213,
      0.002709871280120043,
      0.0036279631127670567,
      0.003753792798393379,
      0.003714757350659952,
      0.0028793891761871022,
      0.001503349030493122,
      0.00013736611655477463,
      -0.0013038671829037438,
      -0.0026056505621398587,
      -0.003472158196982545,
      -0.004009652815660056,
      -0.0035057810809352263,
      -0.0027210901956220765,
      -0.0013670061543340076
    ],
    "6": [
      4.118536783389519e-06,
      9.206522226170801e-05,
      0.00017477050313723872,
      0.00023047052562754267,
      0.0002365767257233559,
      0.00023281215353032807,
      0.000175997414761348,
      9.174328234493472e-05,
      9.948240108985973e-06,
      -8.190319937570954e-05,
      -0.00016279726262672325,
      -0.0002187791682667308,
      -0.0002517476192081943,
      -0.00022153078768195872,
      -0.00017196284545518915,
      -8.743070946684464e-05
    ],
    "8": [
      4.17979151934748e-07,
      6.06358349775355e-06,
      1.1127033249467428e-05,
      1.4687444694984865e-05,
      1.5367193311145666e-05,
      1.486370280659768e-05,
      1.1522328109569576e-05,
      6.31844697070769e-06,
      6.291696004561287e-07,
      -5.09128984760026e-06,
      -1.0688650214265693e-05,
      -1.4063443825137926e-05,
      -1.5519577906491435e-05,
      -1.380364792893136e-05,
      -1.0457594768804133e-05,
      -5.252453099961668e-06
    ],
    "10": [
      7.640724166791386e-08,
      4.3144271455105634e-07,
      7.1109279724894e-07,
      9.402489343568869e-07,
      1.034357770547052e-06,
      9.712299053180224e-07,
      7.885070674634595e-07,
      4.3201276460711593e-07,
      -3.302375581139619e-08,
      -3.583881566505577e-07,
      -6.406844402373879e-07,
      -8.353371012619152e-07,
      -9.082612208634475e-07,
      -8.230992250270223e-07,
      -6.471592278431785e-07,
      -3.5861956989089866e-07
    ]
  },
  "_source": "solver"
}