dq_lu, dq_hhl,
0.003768923846791978,0.0
0.0016830530974202432,0.0
0.007824250514067791,0.0
0.004000473435585315,0.0
0.001009824424750109,0.0
0.00627943868313411,0.0
-0.006230163973158798,-0.0
-7.599355469305926e-05,-0.0
-0.003372468059894524,-0.0
-0.01948250573789483,-0.007868725492345801
-0.01949603888682172,-0.0
-0.02247768494086786,-0.00556402915493321
-0.03499367060122958,-0.009637181191138995
-0.03850818202152818,-0.011128058309866625
-0.012809561003426732,-0.0
-0.021967277317580802,-0.005564029154933204
-0.020866830250843883,-0.007868725492345829
-0.03081842494874021,-0.009637181191138959
-0.03731922158433936,-0.009637181191139012
-0.02916030751604156,-0.007868725492345935
-0.05801448111201828,-0.009637181191139104
-0.024196183802800572,-0.0055640291549332276
-0.034350185266734105,-0.005564029154933295
-0.07979644507256689,-0.0192743623822783
-0.035031225310559674,-0.007868725492345982
-0.023983980755268235,-0.005564029154933226
-0.10088116905256486,-0.023606176477038384
-0.031093655847833898,-0.0
-0.030523936110690104,-0.0
-0.08615764891813653,-0.01927436238227832
