{
  "iterations_completed": 1,
  "converged": true,
  "_source": "harvester",
  "fidelity": 0.8642944892879642,
  "shots": 1000,
  "l2_error_abs": 0.5209712289791749,
  "l2_error_rel": 0.5209712289791749
}