{
  "quantum_solution": [
    0.9350129009332416,
    0.21692299301651205,
    0.2707797361102668,
    0.07330501143316615
  ],
  "classical_solution": [
    0.7055698197297996,
    0.046596453582414196,
    0.7055698197297996,
    0.046596453582414196
  ],
  "_source": "harvester"
}