xp, rho, u, p, Mach
0.1,0.9875073007992851,1.5144722295212893,0.69978391298498,1.5204966817040981
0.3,0.885969748105567,1.6132671969068175,0.6031471065510868,1.6524948226656284
0.5,0.6196529354161535,1.741543284525557,0.3750039037181358,1.8920238928089044
0.7,0.517057770831026,1.8289699497984147,0.2888089656353261,2.068267708172264
0.9,0.48371038206259637,1.86978760001287,0.2609102794896229,2.151668524795405
