xp, rho, u, p, Mach
0.1,0.9877716780488924,1.5141138485050494,0.6996281394161413,1.5205095923130196
0.3,0.8860905607823428,1.6126219723564093,0.6032747104244,1.6517718109625452
0.5,0.6198707266999194,1.7415031210294063,0.37463210899354654,1.893251477234452
0.7,0.5170736836307511,1.8298203485784135,0.2885206565318055,2.070294825503798
0.9,0.4836698122244387,1.8695780740032266,0.26057389270363723,2.152725369274385
