xp, rho, u, p, Mach
0.1,0.9874710778594668,1.5144372433955828,0.6998196615232171,1.520394835710535
0.3,0.8860310050242186,1.6131640119105586,0.6031847853716935,1.6523946396266096
0.5,0.6197108992978496,1.7414122496620552,0.375052923030044,1.8918463752600438
0.7,0.5170342442921018,1.8291039266533786,0.28876905352507437,2.068515091039514
0.9,0.4837715228340621,1.869583052162352,0.26090205040051845,2.151603036961273
