{
  "iterations_completed": 1,
  "converged": true,
  "_source": "harvester",
  "fidelity": 0.9983392632182719,
  "shots": 100,
  "l2_error_abs": 0.057632314296689205,
  "l2_error_rel": 0.057632314296689205
}