{
  "quantum_solution": [
    0.69985719,
    0.0142828,
    0.71413999,
    0.0
  ],
  "classical_solution": [
    0.7055698197297996,
    0.046596453582414196,
    0.7055698197297996,
    0.046596453582414196
  ],
  "_source": "harvester"
}