{
  "u_initial": [
    0.0,
    0.20129852008866006,
    0.39435585511331855,
    0.5712682150947923,
    0.7247927872291199,
    0.8486442574947509,
    0.9377521321470804,
    0.9884683243281114,
    0.9987165071710528,
    0.9680771188662044,
    0.8978045395707416,
    0.7907757369376985,
    0.6513724827222223,
    0.48530196253108143,
    0.29936312297335804,
    0.10116832198743228,
    -0.10116832198743204,
    -0.2993631229733574,
    -0.48530196253108043,
    -0.651372482722222,
    -0.7907757369376986,
    -0.8978045395707414,
    -0.9680771188662043,
    -0.9987165071710528,
    -0.9884683243281114,
    -0.9377521321470808,
    -0.8486442574947515,
    -0.72479278722912,
    -0.5712682150947924,
    -0.3943558551133187,
    -0.20129852008866028,
    -2.4492935982947064e-16
  ],
  "u_final_classical": [
    0.0,
    0.11465753632850059,
    0.22858560009524026,
    0.34104229567526934,
    0.45125864150819267,
    0.558418962127498,
    0.6616325262531132,
    0.7598903858913767,
    0.8519976328093486,
    0.9364633816334008,
    1.011230685873693,
    1.073925629372657,
    1.120783807238316,
    1.11669620945892,
    1.2187235751677745,
    1.0804685486537364,
    -1.0804685486537329,
    -1.218723575167775,
    -1.1166962094589221,
    -1.1207838072383158,
    -1.0739256293726573,
    -1.011230685873694,
    -0.9364633816334001,
    -0.8519976328093489,
    -0.7598903858913767,
    -0.661632526253113,
    -0.5584189621274979,
    -0.4512586415081927,
    -0.3410422956752695,
    -0.22858560009524032,
    -0.11465753632850076,
    -2.4492935982947064e-16
  ],
  "u_final_method": [
    0.0,
    0.11731322001662402,
    0.28712533178784966,
    0.32486237959518904,
    0.46379389380735386,
    0.5528677813473769,
    0.6715155951590318,
    0.7658761839776227,
    0.8459510053276842,
    0.9578335681183536,
    0.929723740958546,
    1.1447520574504035,
    1.18509100208472,
    0.9677005621014004,
    1.6606433513835732,
    0.3264084572160499,
    0.08101684359249071,
    0.13062775756909845,
    0.23678957795844666,
    0.3099676801674908,
    0.3729934465202062,
    0.45159465398452336,
    0.5471815501496035,
    0.6240518765635078,
    0.752007371302152,
    0.7107383020558014,
    0.8120111244264849,
    0.8932954601238577,
    0.9281265508420761,
    0.8086134414525815,
    0.9072116638260337,
    0.0
  ],
  "errors_by_step": {
    "0": 0.0,
    "8": 1.3788981136885996,
    "16": 1.3283637356005762,
    "24": 1.2796350230827191,
    "32": 1.2338297032017573,
    "40": 1.1908643348104804,
    "48": 1.1568260020056418,
    "50": 1.1478162897275392
  },
  "final_error": 1.1478162897275392,
  "max_error": 1.3788981136885996,
  "_source": "solver"
}