dq_lu, dq_hhl,
0.0038397720537655423,0.0020540284270440857
0.0017190774758987879,0.0
0.007967247348303253,0.0
0.0042732308584847905,0.0
0.0011752291678765127,0.0
0.00685923465785824,0.0
-0.013915359542053743,-0.00290483485902617
-0.010795524486206935,-0.0
-0.03888932715845288,-0.007115363191663952
0.017761720625228773,0.002054028427044505
0.008608025891310751,0.002904834859026041
0.023723741808179936,0.004592947190588547
0.019411306086196636,0.002904834859026229
-0.006550359614318957,-0.0020540284270443073
0.009753113833784938,0.0020540284270444105
0.047902075044837046,0.01067304478749598
0.008456518803827803,0.0
0.033640061644345416,0.005434448403817084
0.01748557958730049,0.0020540284270445033
-0.02137608625632115,-0.00410805685408905
0.017680864461440536,0.002904834859026214
0.01720080996238302,0.0
-0.02913095617192747,-0.006495408208193779
0.03639698752549235,0.006495408208193824
0.04326651385810146,0.00711536319166397
0.012439487346752641,0.0020540284270444556
0.058114506400554315,0.01125037703249174
0.01261817876525731,0.0020540284270444582
-0.031113754226555244,-0.006162085281133665
-0.0020003624553832453,-0.0
