dq_lu, dq_hhl,
0.0017394081938839508,0.0
0.0016875722830579888,0.0
0.004052902346083759,0.00022254985961279737
0.004083267258711172,0.0
0.0010529905634436955,0.0
0.004266427160798388,0.0
-0.007375040620219234,-0.00012848922135557625
-0.007796658149779091,-0.00018171119945981597
-0.024214659042900648,-0.00036342239891966354
0.011215550593300254,0.0001817111994598231
0.005962376688936855,0.00012848922135557213
0.015141395609929999,0.0002873106333271062
0.012920669890431656,0.0003399505258592041
-0.0022292586660752427,-0.0
0.00661150377362186,0.0
0.030066035033544915,0.0005600715312232425
0.008126950387167407,0.0
0.02268430724081926,0.0004063185942652058
0.013841849546776374,0.0002225498596128362
-0.01463721760924041,-0.0003399505258592072
0.012948635682741967,0.0003147330297686997
0.01565811872815251,0.00028731063332710683
-0.019742524168425864,-0.000445099719225682
0.027738464149645523,0.0004976366144773548
0.028198140768248905,0.0005600715312232412
0.005105112709757899,0.00012848922135556853
0.038666506137856695,0.0006919356329402403
0.009588281657826233,0.0
-0.019525179474666293,-0.000339950525859213
0.0007586367774010614,0.0
