{
  "u_initial": [
    0.0,
    0.22961005941905385,
    0.42426406871192845,
    0.5543277195067721,
    0.6,
    0.5543277195067721,
    0.4242640687119285,
    0.22961005941905394,
    7.347880794884119e-17,
    -0.2296100594190538,
    -0.42426406871192845,
    -0.5543277195067718,
    -0.6,
    -0.554327719506772,
    -0.4242640687119286,
    -0.2296100594190542
  ],
  "u_final_classical": null,
  "u_final_method": [
    -9.602655871983344e-17,
    0.09826818411805495,
    0.20584064812447275,
    0.33048445393591297,
    0.494603163101102,
    0.565145162394149,
    0.42255094025614687,
    0.21270435744672245,
    1.7255132639594816e-16,
    -0.21270435744672223,
    -0.4225509402561466,
    -0.565145162394149,
    -0.4946031631011029,
    -0.3304844539359125,
    -0.2058406481244732,
    -0.09826818411805499
  ],
  "errors_by_step": {},
  "final_error": NaN,
  "max_error": NaN,
  "_source": "solver"
}