dq_lu, dq_hhl,
8.912900466402358e-11,0.0
-6.678570573588949e-11,-0.0
-2.1289372798881363e-10,-0.0
-1.9974253123498464e-10,-0.0
-8.033558776485234e-11,-0.0
-2.7490197064893497e-10,-0.0
-2.523356856133811e-10,-0.0
-3.988175325909938e-10,-4.290965657425701e-11
-4.990028990749312e-10,-0.0
-4.0780524341181e-10,-0.0
-5.233595548274055e-10,-0.0
-5.513572479909423e-10,-0.0
1.0685137608208358e-10,0.0
3.1852254463813954e-11,0.0
7.97683086496094e-11,0.0
