dq_lu, dq_hhl,
8.845317655882178e-11,0.0
-6.661994513606114e-11,-0.0
-2.132424381380489e-10,-0.0
-2.097861819942041e-10,-0.0
-9.51430801702504e-11,-0.0
-2.959885449223372e-10,-0.0
-2.458019151629893e-10,-0.0
-3.8569141806956844e-10,-0.0
-4.64239753465418e-10,-0.0
-6.65809444371635e-10,-3.9908377159040587e-10
-7.591951418612741e-10,-3.9908384534156546e-10
-4.537147838733208e-10,-0.0
3.035834761724957e-10,0.0
2.842813654207939e-10,0.0
1.249714601409257e-10,0.0
