xp, rho, u, p, Mach
0.1,0.9874224831678223,1.5147858544737218,0.699625280060906,1.5209186382006965
0.3,0.8852168707496606,1.6142110440039217,0.6024872286572567,1.6536637828409904
0.5,0.6199943092280666,1.7411279344216775,0.375229861401411,1.8915238457006036
0.7,0.5328087412655741,1.8053894121913054,0.3005141430419619,2.0317023643843557
0.9,0.5271373839882169,1.79498237386762,0.2942646421307196,2.030434752171961
