xp, rho, u, p, Mach
0.1,0.989668082802821,1.5118552828253484,0.7017635350636993,1.5173843036622288
0.3,0.8907091033546729,1.6058076961069727,0.6082672114909433,1.6422915539936431
0.5,0.6349847251961518,1.7220053601350604,0.3865979472362076,1.8651868650968608
0.7,0.580677630212955,1.728230895698705,0.3373709823630308,1.9162467529714386
0.9,0.610105844517477,1.6616726754828348,0.3620447242652563,1.8230683086973463
