xp, rho, u, p, Mach
0.1,0.9874615340058225,1.5144450132538696,0.699809920018862,1.5204058708903465
0.3,0.8859822889843082,1.6132109287731422,0.603141194694678,1.6524569798466684
0.5,0.6196203560123068,1.7415339074994698,0.37498619409992867,1.8920086425561773
0.7,0.5169437452633259,1.8292558861800814,0.28870525447565887,2.0687344264534984
0.9,0.48376277370874077,1.8695867629552803,0.26090392475136065,2.1515801226684803
