xp, rho, u, p, Mach
0.1,1.0,1.5,0.7142857142857144,1.5
0.3,0.9551245376705383,1.5383797245026836,0.6656255044194298,1.5574515799745032
0.5,0.7930532321181328,1.54475498021989,0.5226784607632438,1.6081607351701184
0.7,0.8197517780269884,1.4914783762870947,0.55158699053957,1.5366930242046533
0.9,0.876830684427499,1.4799269181943824,0.6049382288023545,1.5058392268040317
