xp, rho, u, p, Mach
0.1,0.9874224831678223,1.5143552992932487,0.6997525934085939,1.5203480145419415
0.3,0.8851470404816666,1.6140454113742122,0.6024488323077892,1.6534815716452211
0.5,0.618838707297828,1.7422638571340425,0.37462985966106493,1.892506805268317
0.7,0.5180983225134945,1.8279713151087111,0.2895216111161787,2.0666691575689855
0.9,0.4897633071174636,1.8592145940457752,0.26545237488611156,2.134348419148151
