{
  "u_initial": [
    0.0,
    0.02940514209886818,
    0.05852709660483847,
    0.0870854031763387,
    0.11480502970952693,
    0.1414190210477993,
    0.16667106990588065,
    0.19031798524909363,
    0.21213203435596423,
    0.2319031360088211,
    0.24944088369076356,
    0.26457637930450645,
    0.27716385975338603,
    0.28708210071966267,
    0.2942355841209691,
    0.298555418001659,
    0.3,
    0.2985554180016591,
    0.2942355841209691,
    0.28708210071966267,
    0.27716385975338603,
    0.2645763793045065,
    0.24944088369076362,
    0.23190313600882112,
    0.21213203435596426,
    0.19031798524909363,
    0.16667106990588065,
    0.14141902104779935,
    0.11480502970952697,
    0.08708540317633871,
    0.05852709660483858,
    0.029405142098868246,
    3.6739403974420595e-17,
    -0.029405142098868176,
    -0.058527096604838506,
    -0.08708540317633863,
    -0.1148050297095269,
    -0.1414190210477993,
    -0.16667106990588057,
    -0.19031798524909357,
    -0.21213203435596423,
    -0.23190313600882098,
    -0.24944088369076356,
    -0.26457637930450645,
    -0.2771638597533859,
    -0.2870821007196626,
    -0.29423558412096906,
    -0.2985554180016591,
    -0.3,
    -0.2985554180016591,
    -0.2942355841209691,
    -0.28708210071966267,
    -0.277163859753386,
    -0.2645763793045065,
    -0.24944088369076362,
    -0.23190313600882106,
    -0.2121320343559643,
    -0.19031798524909377,
    -0.16667106990588065,
    -0.14141902104779938,
    -0.1148050297095271,
    -0.08708540317633874,
    -0.05852709660483861,
    -0.029405142098868152
  ],
  "u_final_classical": null,
  "u_final_method": [
    0.006393181589451711,
    0.03175834613143933,
    0.054799064326973644,
    0.07474829805877659,
    0.09213037708720966,
    0.1084952852920857,
    0.125676216384139,
    0.14490642463959413,
    0.16619930913866787,
    0.188250653664457,
    0.20887117730274277,
    0.2257509745008907,
    0.2372619140061223,
    0.24300708117137132,
    0.243913370216615,
    0.24183376158419653,
    0.2388323758337718,
    0.236453485857114,
    0.2352364234795629,
    0.2345745021752053,
    0.23287152167215225,
    0.22792519342688422,
    0.21752552403657985,
    0.2002595730611614,
    0.17635198885514683,
    0.1481066872971698,
    0.11943239252825577,
    0.09431692153306429,
    0.07483786644265365,
    0.059783660294458085,
    0.044772220810514934,
    0.024060371189046633,
    -0.006559605343177708,
    -0.04709866800605041,
    -0.09261400596152398,
    -0.13528329399841113,
    -0.16831358358466048,
    -0.1891645912917889,
    -0.2001135330596027,
    -0.2062011069737558,
    -0.21210773936038477,
    -0.21971316140584007,
    -0.2274795722028741,
    -0.2318226937786406,
    -0.22957047711946685,
    -0.2200383521677199,
    -0.20562945994858403,
    -0.19083293913463564,
    -0.18026235805838312,
    -0.17664260029406237,
    -0.17960318274047665,
    -0.18585969144083267,
    -0.1907554052075219,
    -0.190367797163432,
    -0.1830441232246011,
    -0.1696587343056065,
    -0.15269760315759512,
    -0.13482901240576317,
    -0.11768528811377384,
    -0.10133635847092268,
    -0.08458220833497908,
    -0.06583154934436593,
    -0.044086778292954515,
    -0.019550669695087404
  ],
  "errors_by_step": {},
  "final_error": NaN,
  "max_error": NaN,
  "_source": "solver"
}