dq_lu, dq_hhl,
-0.0022294253213027146,-0.0016002185254825269
-0.0012098234669150375,-0.0009238865964492138
0.01246091003902615,0.0044114980338514406
0.0014635117077235566,0.0
-0.014957723013613531,-0.005740005636203908
0.012513605186472933,0.00471091578364488
-0.000983378338043072,-0.0
-0.004778666044127501,-0.0016002185254829098
-0.002550018924970205,-0.0012395239398973528
-0.005361155201101485,-0.002444374173832074
-0.012335030981847803,-0.004800655576449344
-0.0006146132202669648,-0.0
-0.0069490123469992705,-0.0027093673450931726
-0.010410684859378174,-0.003718571819693161
-0.0021432030126988656,-0.000715639480366669
