{
  "iterations_completed": 1,
  "converged": true,
  "_source": "harvester",
  "fidelity": 0.9986862524689509,
  "shots": 1000,
  "l2_error_abs": 0.05125909735937742,
  "l2_error_rel": 0.05125909735937742
}