{
  "quantum_solution": [
    0.7101709379309903,
    0.07681760697266785,
    0.6944938752835071,
    0.08622384456115778
  ],
  "classical_solution": [
    0.7055698197297996,
    0.046596453582414196,
    0.7055698197297996,
    0.046596453582414196
  ],
  "_source": "harvester"
}