{
  "u_initial": [
    0.0,
    0.02940514209886818,
    0.05852709660483847,
    0.0870854031763387,
    0.11480502970952693,
    0.1414190210477993,
    0.16667106990588065,
    0.19031798524909363,
    0.21213203435596423,
    0.2319031360088211,
    0.24944088369076356,
    0.26457637930450645,
    0.27716385975338603,
    0.28708210071966267,
    0.2942355841209691,
    0.298555418001659,
    0.3,
    0.2985554180016591,
    0.2942355841209691,
    0.28708210071966267,
    0.27716385975338603,
    0.2645763793045065,
    0.24944088369076362,
    0.23190313600882112,
    0.21213203435596426,
    0.19031798524909363,
    0.16667106990588065,
    0.14141902104779935,
    0.11480502970952697,
    0.08708540317633871,
    0.05852709660483858,
    0.029405142098868246,
    3.6739403974420595e-17,
    -0.029405142098868176,
    -0.058527096604838506,
    -0.08708540317633863,
    -0.1148050297095269,
    -0.1414190210477993,
    -0.16667106990588057,
    -0.19031798524909357,
    -0.21213203435596423,
    -0.23190313600882098,
    -0.24944088369076356,
    -0.26457637930450645,
    -0.2771638597533859,
    -0.2870821007196626,
    -0.29423558412096906,
    -0.2985554180016591,
    -0.3,
    -0.2985554180016591,
    -0.2942355841209691,
    -0.28708210071966267,
    -0.277163859753386,
    -0.2645763793045065,
    -0.24944088369076362,
    -0.23190313600882106,
    -0.2121320343559643,
    -0.19031798524909377,
    -0.16667106990588065,
    -0.14141902104779938,
    -0.1148050297095271,
    -0.08708540317633874,
    -0.05852709660483861,
    -0.029405142098868152
  ],
  "u_final_classical": null,
  "u_final_method": [
    2.5586933875073987e-17,
    0.016037483722762383,
    0.031965552543078195,
    0.047674613410732876,
    0.0630547349064696,
    0.07799552343268465,
    0.09238605538762115,
    0.10611488643961962,
    0.11907016090934534,
    0.13113984633647546,
    0.14221212031289573,
    0.15217593828025222,
    0.16092181178865048,
    0.16834282616015814,
    0.1743359239558411,
    0.17880347538662286,
    0.18165514808198205,
    0.18281007573407126,
    0.1821993075432153,
    0.1797684979223455,
    0.17548076893173056,
    0.16931964751517545,
    0.16129194781388512,
    0.1514304386590107,
    0.13979611172140813,
    0.12647985128323544,
    0.11160330682226997,
    0.09531878849325029,
    0.0778080454542024,
    0.05927984761266514,
    0.039966369417865286,
    0.020118463205393664,
    -6.938974755230813e-18,
    -0.020118463205393674,
    -0.039966369417865286,
    -0.05927984761266514,
    -0.0778080454542024,
    -0.09531878849325029,
    -0.11160330682226997,
    -0.12647985128323544,
    -0.13979611172140813,
    -0.1514304386590107,
    -0.16129194781388512,
    -0.16931964751517545,
    -0.17548076893173056,
    -0.1797684979223455,
    -0.1821993075432153,
    -0.1828100757340712,
    -0.181655148081982,
    -0.1788034753866228,
    -0.17433592395584105,
    -0.16834282616015808,
    -0.16092181178865042,
    -0.15217593828025217,
    -0.14221212031289568,
    -0.1311398463364754,
    -0.11907016090934529,
    -0.10611488643961957,
    -0.0923860553876211,
    -0.0779955234326846,
    -0.06305473490646954,
    -0.04767461341073282,
    -0.03196555254307814,
    -0.016037483722762327
  ],
  "errors_by_step": {},
  "final_error": NaN,
  "max_error": NaN,
  "_source": "solver"
}