{
  "quantum_solution": [
    1.2249579131912203,
    0.16697255029023866,
    0.05171716159432171,
    0.03398556333341141
  ],
  "classical_solution": [
    1.1454545454545455,
    0.43636363636363634,
    0.16363636363636364,
    0.05454545454545454
  ],
  "_source": "harvester"
}