{
  "iterations_completed": 1,
  "converged": true,
  "_source": "harvester",
  "fidelity": 0.9409588281358993,
  "shots": 1000,
  "l2_error_abs": 0.3030527341068814,
  "l2_error_rel": 0.24482514859621457
}