{
  "u_initial": [
    0.0,
    0.20129852008866006,
    0.39435585511331855,
    0.5712682150947923,
    0.7247927872291199,
    0.8486442574947509,
    0.9377521321470804,
    0.9884683243281114,
    0.9987165071710528,
    0.9680771188662044,
    0.8978045395707416,
    0.7907757369376985,
    0.6513724827222223,
    0.48530196253108143,
    0.29936312297335804,
    0.10116832198743228,
    -0.10116832198743204,
    -0.2993631229733574,
    -0.48530196253108043,
    -0.651372482722222,
    -0.7907757369376986,
    -0.8978045395707414,
    -0.9680771188662043,
    -0.9987165071710528,
    -0.9884683243281114,
    -0.9377521321470808,
    -0.8486442574947515,
    -0.72479278722912,
    -0.5712682150947924,
    -0.3943558551133187,
    -0.20129852008866028,
    -2.4492935982947064e-16
  ],
  "u_final_classical": [
    0.0,
    0.09839179010377658,
    0.1962782989898906,
    0.29313054584592063,
    0.3883690882028365,
    0.4813303401560362,
    0.5712201680571987,
    0.6570448996530251,
    0.7375013551493942,
    0.8107885104654762,
    0.8742569673413902,
    0.9236824215361206,
    0.9515769639887613,
    0.9421244819586885,
    0.8332528550024384,
    0.3881166374062371,
    -0.38811663740623537,
    -0.8332528550024381,
    -0.9421244819586885,
    -0.9515769639887613,
    -0.9236824215361207,
    -0.8742569673413905,
    -0.8107885104654763,
    -0.7375013551493943,
    -0.6570448996530251,
    -0.5712201680571987,
    -0.48133034015603626,
    -0.38836908820283655,
    -0.29313054584592074,
    -0.19627829898989074,
    -0.09839179010377674,
    -2.4492935982947064e-16
  ],
  "u_final_method": [
    0.10894698806186832,
    0.16395071629819458,
    0.23142705680674877,
    0.22750731714765088,
    0.2003205428842848,
    0.18199224007478107,
    0.17306524834999035,
    0.1785645765555899,
    0.18042871052267653,
    0.15568588640930334,
    0.15429134812709625,
    0.1057059513940821,
    0.01599355661646082,
    0.022180630764304366,
    0.10084107275187823,
    -0.007751615189072556,
    -0.07525371144616366,
    -0.04268885687829482,
    -0.04158091792217539,
    -0.03343482878813728,
    -0.1059107070381247,
    -0.11086968749775956,
    -0.1275586127727001,
    -0.16990731624988548,
    -0.18007763449489442,
    -0.1884572416547927,
    -0.18856470509423948,
    -0.19329515833394445,
    -0.22961462292842832,
    -0.23453191638911733,
    -0.16284735603324882,
    -0.11043587060561412
  ],
  "errors_by_step": {
    "0": 0.0,
    "8": 7.23366900734343,
    "16": 0.8130327992322062,
    "24": 0.8230488540427272,
    "32": 0.844238137426453,
    "40": 0.8553537115203911,
    "48": 0.858899909520063,
    "50": 0.8537389554295614
  },
  "final_error": 0.8537389554295614,
  "max_error": 7.23366900734343,
  "_source": "solver"
}