{
  "grid": [
    0.0,
    0.03225806451612903,
    0.06451612903225806,
    0.0967741935483871,
    0.12903225806451613,
    0.16129032258064516,
    0.1935483870967742,
    0.22580645161290322,
    0.25806451612903225,
    0.29032258064516125,
    0.3225806451612903,
    0.3548387096774194,
    0.3870967741935484,
    0.4193548387096774,
    0.45161290322580644,
    0.4838709677419355,
    0.5161290322580645,
    0.5483870967741935,
    0.5806451612903225,
    0.6129032258064516,
    0.6451612903225806,
    0.6774193548387096,
    0.7096774193548387,
    0.7419354838709677,
    0.7741935483870968,
    0.8064516129032258,
    0.8387096774193548,
    0.8709677419354839,
    0.9032258064516129,
    0.9354838709677419,
    0.967741935483871,
    1.0
  ],
  "solution_steps": {
    "0": [
      0.0,
      0.20129852008866006,
      0.39435585511331855,
      0.5712682150947923,
      0.7247927872291199,
      0.8486442574947509,
      0.9377521321470804,
      0.9884683243281114,
      0.9987165071710528,
      0.9680771188662044,
      0.8978045395707416,
      0.7907757369376985,
      0.6513724827222223,
      0.48530196253108143,
      0.29936312297335804,
      0.10116832198743228,
      -0.10116832198743204,
      -0.2993631229733574,
      -0.48530196253108043,
      -0.651372482722222,
      -0.7907757369376986,
      -0.8978045395707414,
      -0.9680771188662043,
      -0.9987165071710528,
      -0.9884683243281114,
      -0.9377521321470808,
      -0.8486442574947515,
      -0.72479278722912,
      -0.5712682150947924,
      -0.3943558551133187,
      -0.20129852008866028,
      -2.4492935982947064e-16
    ],
    "8": [
      0.1066816688192393,
      0.19281678985838582,
      0.34163978161497455,
      0.4217462341292586,
      0.3921877153227312,
      0.30844329665233156,
      0.26493890334759157,
      0.25286960696869565,
      0.15202853421681756,
      0.09110693305982867,
      0.07917797168372853,
      -0.0,
      0.018256370526739493,
      0.18661578467052006,
      20.10886457573436,
      -0.04459072123002616,
      -20.001426762747567,
      -0.10743781298679154,
      -0.06284709175676538,
      -0.018256370526739493,
      -0.16142535059836507,
      -0.0985782588415994,
      -0.008859554145192133,
      -0.16088808836200957,
      -0.2292567946584827,
      -0.24219075386018415,
      -0.3399144173901382,
      -0.385611112429793,
      -0.4150356316469308,
      -0.3419571077851347,
      -0.18965952371478814,
      -0.10415771823682103
    ],
    "16": [
      0.10759895470197903,
      0.1839339251872363,
      0.30501428365047834,
      0.35639844938635096,
      0.3251744907175511,
      0.25486516573445034,
      0.18148529266443666,
      0.2052543995340146,
      0.254345169821488,
      0.1539540248165939,
      0.14202506344049418,
      0.12376869291375454,
      0.055284616310503396,
      -0.05699734091942417,
      -0.07005769418017387,
      -0.022180630764304366,
      0.09395104955339902,
      0.022180630764304366,
      -0.10743781298679154,
      -0.05882089136425998,
      -0.08674044712999064,
      -0.09469090776006094,
      -0.16272242929729508,
      -0.14465968777762261,
      -0.19637687854053526,
      -0.2515388003144334,
      -0.2544748604269407,
      -0.3069722480539684,
      -0.35108616184697033,
      -0.3107911269786217,
      -0.1825350218827128,
      -0.10811103437215897
    ],
    "24": [
      0.110214413700989,
      0.18034729407993613,
      0.2862191967931978,
      0.3022360739302422,
      0.28066398245649443,
      0.2221898034091983,
      0.23466666250264273,
      0.22243810141984507,
      0.1691324830779917,
      0.14665227272869458,
      0.06284709175676552,
      0.06284709175676552,
      0.11813170806726905,
      0.059363799099696364,
      -0.030094182238348383,
      0.07917797168372853,
      0.030094182238348383,
      -0.07917797168372853,
      -0.030094182238348383,
      -0.10743781298679154,
      -0.07170664590195751,
      -0.059363799099696364,
      -0.21050914004374519,
      -0.20010254810391273,
      -0.16629754660159943,
      -0.2094537695446989,
      -0.2396679515039104,
      -0.28358794983536884,
      -0.3114975257552844,
      -0.28063999747372564,
      -0.17666363085641848,
      -0.11031370155318448
    ],
    "32": [
      0.1107858643558886,
      0.1719374790447072,
      0.26852042268320986,
      0.2818714370120717,
      0.23813211628779385,
      0.1980321735970692,
      0.18858577074928715,
      0.2240344080109341,
      0.1874188952755298,
      0.09083760197555471,
      0.13133116836001654,
      0.18028837551988044,
      0.020027818379400944,
      -0.034587250453702506,
      0.05002987580077293,
      -0.038263312079386526,
      -0.0,
      0.03218410154062788,
      -0.07005769418017387,
      -0.01692589025457376,
      -0.07633385519015805,
      -0.16668009110809553,
      -0.11984443267618967,
      -0.13569765428985456,
      -0.21118896569494958,
      -0.23481131953600748,
      -0.21521442392267998,
      -0.23376170222960713,
      -0.275321111124466,
      -0.2640240930748151,
      -0.17230531153986758,
      -0.11052211657866391
    ],
    "40": [
      0.11184098975024606,
      0.16939807865305975,
      0.24593131971876006,
      0.2500231439634798,
      0.22630792794306653,
      0.2025686740617055,
      0.18778120369469428,
      0.19753773275927813,
      0.17323737496401456,
      0.11031715275059645,
      0.10743781298679154,
      0.08918144246005218,
      0.08017475968492367,
      0.026206831156809766,
      0.03966967299126601,
      -0.015512936076332395,
      -0.08674044712999052,
      0.05215319667628801,
      0.023893355373225136,
      -0.11744128376311493,
      -0.09857825884159954,
      -0.08110346228350501,
      -0.16007868704493106,
      -0.16040895351371032,
      -0.16308718302817946,
      -0.19891254762469626,
      -0.21063862368308228,
      -0.22218895394130325,
      -0.2523194353096989,
      -0.24519263390320983,
      -0.1662541900947386,
      -0.10793676855150622
    ],
    "48": [
      0.11460663518040938,
      0.1679480427898738,
      0.23475937346194378,
      0.2309415279822557,
      0.2008100236932068,
      0.18887859858079875,
      0.19022752150315977,
      0.1964745984134789,
      0.20179093799263276,
      0.12454176184796566,
      0.09743434221046803,
      0.12186682856202335,
      0.008534265463369222,
      0.053672816691264176,
      0.0360564557666568,
      -0.029148095882955603,
      0.015512936076332121,
      -0.038953736383540515,
      -0.03294702350746914,
      -0.08525718222248704,
      -0.08626860506090023,
      -0.07433382744059237,
      -0.14649652736283109,
      -0.18097879982403442,
      -0.19491112200215363,
      -0.18171695706114385,
      -0.1827236587753529,
      -0.20468243669132172,
      -0.23328900190073534,
      -0.23216929334069497,
      -0.16338580292084237,
      -0.10935282758640101
    ],
    "50": [
      0.10894698806186832,
      0.16395071629819458,
      0.23142705680674877,
      0.22750731714765088,
      0.2003205428842848,
      0.18199224007478107,
      0.17306524834999035,
      0.1785645765555899,
      0.18042871052267653,
      0.15568588640930334,
      0.15429134812709625,
      0.1057059513940821,
      0.01599355661646082,
      0.022180630764304366,
      0.10084107275187823,
      -0.007751615189072556,
      -0.07525371144616366,
      -0.04268885687829482,
      -0.04158091792217539,
      -0.03343482878813728,
      -0.1059107070381247,
      -0.11086968749775956,
      -0.1275586127727001,
      -0.16990731624988548,
      -0.18007763449489442,
      -0.1884572416547927,
      -0.18856470509423948,
      -0.19329515833394445,
      -0.22961462292842832,
      -0.23453191638911733,
      -0.16284735603324882,
      -0.11043587060561412
    ]
  },
  "_source": "solver"
}