dq_lu, dq_hhl,
0.0030996401222172887,0.0
0.00154887206012525,0.0004970617794631991
0.0017249150487012844,0.0004970617794632318
0.003329560491165468,0.0004970617794633707
0.0010156433959110501,0.0004970617794630306
0.0024217571966695345,0.0
-0.0013847687705853342,-0.0
-0.0028837540539283072,-0.0004970617794633476
0.004843865783814788,0.0008609362565312354
0.006537920432322641,0.000702951509854507
0.0005816242258650305,0.0
9.42727716467656e-05,0.0
-0.0011413477019226754,-0.0
-0.00016606063440375053,-0.0
-0.0017780017511040513,-0.0007029515098542191
0.0007725257992473674,0.0
-0.0003698190821623793,-0.0
-0.003840667581703935,-0.0007029515098544315
-0.001985852217705407,-0.0
-0.004243347304968462,-0.00121754773032516
-0.0026587955800166977,-0.0
-0.004310911332415375,-0.0008609362565312133
-0.004626711103501599,-0.0011114639278971999
-0.00409155974345561,-0.0007029515098544427
-0.002842250643204492,-0.0004970617794633451
-0.0007348645834566725,-0.0
-0.0052440525619522685,-0.0012175477303252146
-0.0015834451354573402,-0.0
-0.005993407096951514,-0.0011114639278972547
-0.007431454754124578,-0.0013151018546955296
