dq_lu, dq_hhl,
0.003099991932614357,0.001024190884432089
0.0010527278291916505,0.0
0.0012282814003487222,0.0
0.0028365941112238674,0.0014484246392227123
0.0005197460324189294,0.0
0.002429553713636257,0.001024190884431998
-0.0013788531568559616,-0.0
-0.002387399422885483,-0.0
0.003998494142610885,0.002048381768864327
0.005844476531075794,0.0022901604395261293
0.0005831157328971319,0.0
0.00010001089656871212,0.0
-0.001137281329198962,-0.0
-0.000164421329369074,-0.0
-0.0010687825088444981,-0.0
0.0007728524747778942,0.0010241908844310945
-0.0003710118727558789,-0.0
-0.0031390127964423527,-0.0010241908844320932
-0.0019860816975595854,-0.001024190884431904
-0.003023428663794231,-0.0017739506484852681
-0.002656578871107447,-0.0
-0.0034471048015691976,-0.0014484246392228028
-0.0035166139348784815,-0.0017739506484853503
-0.0033900088717767557,-0.0017739506484853317
-0.0023403499230332746,-0.001024190884431982
-0.0007311115123789317,-0.0
-0.004016322555348889,-0.0017739506484854132
-0.0015737629945783815,-0.0010241908844317686
-0.004880881242230515,-0.0020483817688644193
-0.006097325822250171,-0.0022901604395261454
