dq_lu, dq_hhl,
0.003786617929607945,0.0
0.001687005865093206,0.0
0.007862529129991839,0.0
0.004014820813644242,0.0
0.0010108619948532838,0.0
0.006311356592119438,0.0
-0.0015305908752400068,-0.0
-0.003372415003947309,-0.0
0.008505825548085292,0.0
0.015783871863181843,0.006092167818316007
0.0005457042503347461,0.0
-6.267693976516809e-05,-0.0
-0.009706352825929477,-0.006092167818315765
-0.00023094592945516147,-0.0
-0.002115953048321441,-0.0
0.00371935966499619,0.0030460839091573768
-0.0003381022008444135,-0.0
-0.004405920756373799,-0.0
-0.002367352187845738,-0.0
-0.01451877249225712,-0.006092167818315973
-0.012067668641147744,-0.006811250686045457
-0.014456158316900168,-0.004307813176457677
-0.007772894497166163,-0.0
-0.007386722898339605,-0.0030460839091577836
-0.008040082445046927,-0.0
-0.006975492218033362,-0.0030460839091577593
-0.010267609285673603,-0.004307813176457556
-0.008545349658874522,-0.00304608390915784
-0.019778718894152465,-0.00527597209477975
-0.01289392525860162,-0.004307813176457642
