xp, rho, u, p, Mach
0.1,1.0,1.5,0.7142857142857144,1.5
0.3,1.0,1.5,0.6278374815767411,1.5999397246609592
0.5,0.7353074258720453,1.4935773974759565,0.5245313230751985,1.494556979384835
0.7,0.541539013224191,1.8362486021919686,0.30266926534626,2.0758605409861604
0.9,0.5565167187562194,1.918646467336161,0.2548882957100061,2.3960457253320975
