dq_lu, dq_hhl,
-0.00031140008101718426,-7.541838166049375e-05
-0.0005310697278220465,-0.0001011843768876669
-0.0006740618206858253,-0.00015083676332124815
-0.000610518797929248,-0.00015083676332122484
0.00015245142368679047,3.372812562906457e-05
0.0003202185209486632,8.923623260315547e-05
0.0005825650414145972,0.00011683765446777752
0.0005778924145073897,0.00013491250251690978
0.000911630150379414,0.00022372707518837585
0.00034216819973169696,7.541838166051553e-05
0.00014199256657774267,0.0
0.0014300835227583917,0.0003456104427511501
0.00014264665757820157,0.0
0.0004568328167582547,0.00012160848638141491
0.0009462784728467997,0.00016175440811500962
