xp, rho, u, p, Mach
0.1,0.9875209826287171,1.5144272314021598,0.6998307930343067,1.5204111104385456
0.3,0.886091772961142,1.6130156091708963,0.6032347172384467,1.652230901228227
0.5,0.6196306461695559,1.7415512328146938,0.3750016724420759,1.892004127593836
0.7,0.516974748628536,1.8292531800255336,0.2886856918659176,2.0688634945738085
0.9,0.4837224708651804,1.8696642805480999,0.2608524026728489,2.1517921748582545
