xp, rho, u, p, Mach
0.1,0.9892949918117893,1.5149800828314324,0.7003048639500288,1.5218163275683707
0.3,0.889677275486165,1.6050506563131886,0.6053118195581393,1.6445663413345009
0.5,0.6150939022946298,1.7495686054120325,0.3720053745067312,1.901354351015724
0.7,0.5141930118462775,1.8385740915218527,0.2837820648168229,2.091643816138263
0.9,0.4815164127463313,1.8766852899573816,0.25719994506553506,2.1701889294276206
