xp, rho, u, p, Mach
0.1,0.9876320510070252,1.5144683784874189,0.6998616788008922,1.5205043698162815
0.3,0.8863506057489481,1.6124484345213954,0.6033774686025708,1.6516957287440668
0.5,0.619420524484137,1.7417776606029505,0.37490414419846946,1.89217531972137
0.7,0.5168197406023839,1.8297338264151475,0.2883837213507159,2.070179840773632
0.9,0.48366622809387005,1.8695156698498865,0.2607863993908019,2.1517682975863703
