{
  "u_initial": [
    0.0,
    0.0980171403295606,
    0.19509032201612825,
    0.29028467725446233,
    0.3826834323650898,
    0.47139673682599764,
    0.5555702330196022,
    0.6343932841636455,
    0.7071067811865475,
    0.773010453362737,
    0.8314696123025452,
    0.8819212643483549,
    0.9238795325112867,
    0.9569403357322089,
    0.9807852804032304,
    0.9951847266721968,
    1.0,
    0.9951847266721969,
    0.9807852804032304,
    0.9569403357322089,
    0.9238795325112867,
    0.881921264348355,
    0.8314696123025455,
    0.7730104533627371,
    0.7071067811865476,
    0.6343932841636455,
    0.5555702330196022,
    0.47139673682599786,
    0.3826834323650899,
    0.2902846772544624,
    0.1950903220161286,
    0.09801714032956083,
    1.2246467991473532e-16,
    -0.09801714032956059,
    -0.19509032201612836,
    -0.2902846772544621,
    -0.38268343236508967,
    -0.47139673682599764,
    -0.555570233019602,
    -0.6343932841636453,
    -0.7071067811865475,
    -0.7730104533627367,
    -0.8314696123025452,
    -0.8819212643483549,
    -0.9238795325112865,
    -0.9569403357322088,
    -0.9807852804032303,
    -0.9951847266721969,
    -1.0,
    -0.9951847266721969,
    -0.9807852804032304,
    -0.9569403357322089,
    -0.9238795325112866,
    -0.881921264348355,
    -0.8314696123025455,
    -0.7730104533627369,
    -0.7071067811865477,
    -0.6343932841636459,
    -0.5555702330196022,
    -0.4713967368259979,
    -0.3826834323650904,
    -0.2902846772544625,
    -0.19509032201612872,
    -0.0980171403295605
  ],
  "u_final_classical": [
    -5.648953349586971e-17,
    0.04810329165730747,
    0.09614513421025758,
    0.14406341891470506,
    0.19179469846405778,
    0.23927346839547325,
    0.28643138612019464,
    0.33319640111926135,
    0.3794917642730009,
    0.42523487630602386,
    0.4703359240218851,
    0.5146962369938972,
    0.5582062745557052,
    0.6007431200054726,
    0.642167310679736,
    0.6823187604974471,
    0.7210114216245327,
    0.7580261599100601,
    0.7931010419294134,
    0.8259177712526764,
    0.8560822173314077,
    0.8830955494027274,
    0.906309777609365,
    0.924856066508825,
    0.9375225457213086,
    0.9425316370133138,
    0.9371017551291415,
    0.9165155011970529,
    0.8720485752335956,
    0.7866815963973901,
    0.6295780485423849,
    0.3641879283915427,
    6.356525096645785e-16,
    -0.36418792839154157,
    -0.6295780485423842,
    -0.7866815963973897,
    -0.8720485752335954,
    -0.9165155011970528,
    -0.9371017551291414,
    -0.9425316370133137,
    -0.9375225457213084,
    -0.9248560665088249,
    -0.9063097776093649,
    -0.8830955494027273,
    -0.8560822173314077,
    -0.8259177712526764,
    -0.7931010419294136,
    -0.75802615991006,
    -0.7210114216245327,
    -0.6823187604974473,
    -0.6421673106797363,
    -0.600743120005473,
    -0.5582062745557055,
    -0.5146962369938975,
    -0.4703359240218854,
    -0.42523487630602413,
    -0.3794917642730012,
    -0.3331964011192616,
    -0.28643138612019486,
    -0.23927346839547348,
    -0.19179469846405794,
    -0.1440634189147052,
    -0.09614513421025771,
    -0.04810329165730759
  ],
  "u_final_method": [
    1.5930339714032015e-10,
    0.048680363093472255,
    0.09725543763865059,
    0.1456204285503003,
    0.19367148686624147,
    0.24130606885559105,
    0.28842316549611047,
    0.33492337689062157,
    0.38070878073993814,
    0.42568253570962145,
    0.46974819576626414,
    0.5128087174461515,
    0.5547650603654389,
    0.5955142367837875,
    0.6349467217346478,
    0.6729430893173648,
    0.7093695292395904,
    0.7440714351998997,
    0.7768654740809859,
    0.8075262847893572,
    0.8357689085428609,
    0.8612257952817782,
    0.883395930444907,
    0.9015862784289049,
    0.9144204332800427,
    0.9231898895731797,
    0.9164911368721619,
    0.8967487671497645,
    0.8775544637461894,
    0.777852574347113,
    0.6155420813728812,
    0.37012078084836275,
    -0.005478593440326449,
    -0.353945308704466,
    -0.6245000152759894,
    -0.7924825162758975,
    -0.8591522177717537,
    -0.9003781694227349,
    -0.9201141142457891,
    -0.9211123539859318,
    -0.9147634243352957,
    -0.9015805225960787,
    -0.8833952203053014,
    -0.8612252963208227,
    -0.8357695078267432,
    -0.8075261315976906,
    -0.7768653475694521,
    -0.7440714942656683,
    -0.7093695206412047,
    -0.6729431104484834,
    -0.6349467155877574,
    -0.5955142219472888,
    -0.5547650639154986,
    -0.5128087278791594,
    -0.4697481939040948,
    -0.42568252864942724,
    -0.3807087815270097,
    -0.33492338144838685,
    -0.28842316536448215,
    -0.241306066081877,
    -0.19367148669743864,
    -0.1456204300045793,
    -0.09725543793807763,
    -0.04868036263677812
  ],
  "errors_by_step": {
    "0": 0.0,
    "16": 0.005542767755994624,
    "32": 0.009350933954778092,
    "48": 0.012808849981247181,
    "64": 0.015572113665746035,
    "80": 0.01721058048541863,
    "96": 0.01833557541175068,
    "102": 0.0192552215687694
  },
  "final_error": 0.0192552215687694,
  "max_error": 0.0192552215687694,
  "_source": "solver"
}