xp, rho, u, p, Mach
0.1,0.987551767655543,1.5143740388034832,0.6998840598450957,1.5203235475976633
0.3,0.8861965224574885,1.6128459791889684,0.6032462404919507,1.6521390136013367
0.5,0.6194948313336276,1.7420252773418887,0.3747165610228803,1.893031472779019
0.7,0.5167230880585386,1.829789867526033,0.28843579266348823,2.0698627934847122
0.9,0.48327521767780157,1.8711158599712119,0.2601957110801006,2.1551815369255247
