{
  "u_initial": [
    0.0,
    0.11480502970952693,
    0.21213203435596423,
    0.27716385975338603,
    0.3,
    0.27716385975338603,
    0.21213203435596426,
    0.11480502970952697,
    3.6739403974420595e-17,
    -0.1148050297095269,
    -0.21213203435596423,
    -0.2771638597533859,
    -0.3,
    -0.277163859753386,
    -0.2121320343559643,
    -0.1148050297095271
  ],
  "u_final_classical": null,
  "u_final_method": [
    -1.9536063429092825e-17,
    0.08072224519113935,
    0.15548225730287535,
    0.21750889667349668,
    0.2582911269769672,
    0.2666447443024058,
    0.22907618496828308,
    0.13615050384546717,
    1.4424314682711927e-17,
    -0.13615050384546717,
    -0.22907618496828303,
    -0.26664474430240576,
    -0.2582911269769672,
    -0.2175088966734967,
    -0.15548225730287538,
    -0.08072224519113941
  ],
  "errors_by_step": {},
  "final_error": NaN,
  "max_error": NaN,
  "_source": "solver"
}