{
  "grid": [
    0.0,
    0.0625,
    0.125,
    0.1875,
    0.25,
    0.3125,
    0.375,
    0.4375,
    0.5,
    0.5625,
    0.625,
    0.6875,
    0.75,
    0.8125,
    0.875,
    0.9375
  ],
  "solution_steps": {
    "0": [
      0.0,
      0.11480502970952693,
      0.21213203435596423,
      0.27716385975338603,
      0.3,
      0.27716385975338603,
      0.21213203435596426,
      0.11480502970952697,
      3.6739403974420595e-17,
      -0.1148050297095269,
      -0.21213203435596423,
      -0.2771638597533859,
      -0.3,
      -0.277163859753386,
      -0.2121320343559643,
      -0.1148050297095271
    ],
    "10": [
      -7.19294430361174e-18,
      0.10037273434227423,
      0.18922568706085013,
      0.2551550143545156,
      0.2873876622867469,
      0.27719974147698845,
      0.22072709970452598,
      0.12288470051025417,
      1.1802630171495085e-17,
      -0.12288470051025414,
      -0.2207270997045259,
      -0.2771997414769884,
      -0.2873876622867469,
      -0.25515501435451565,
      -0.1892256870608502,
      -0.1003727343422743
    ],
    "20": [
      -1.3569347594264907e-17,
      0.08939567727447147,
      0.17070022798776754,
      0.23519150522871832,
      0.2730234171648457,
      0.27335090447885935,
      0.22645324382930207,
      0.13020242425611359,
      2.0158407365536693e-17,
      -0.13020242425611356,
      -0.22645324382930204,
      -0.2733509044788593,
      -0.2730234171648457,
      -0.23519150522871837,
      -0.1707002279877676,
      -0.08939567727447154
    ],
    "30": [
      -1.9536063429092825e-17,
      0.08072224519113935,
      0.15548225730287535,
      0.21750889667349668,
      0.2582911269769672,
      0.2666447443024058,
      0.22907618496828308,
      0.13615050384546717,
      1.4424314682711927e-17,
      -0.13615050384546717,
      -0.22907618496828303,
      -0.26664474430240576,
      -0.2582911269769672,
      -0.2175088966734967,
      -0.15548225730287538,
      -0.08072224519113941
    ]
  },
  "_source": "solver"
}