dq_lu, dq_hhl,
-0.007464248722620801,-0.0030407420998960336
0.00493584112426181,0.0
-0.01869043155219835,-0.005266719809734033
0.008844158558376423,0.006081484199792196
-0.0068951900947944395,-0.0
0.004464665871257695,0.00304074209989576
0.011095138635217562,0.0030407420998961677
-0.009939080514916675,-0.006081484199792271
0.009481559383420731,0.0
0.007342317439629733,0.0
-0.006057549386116925,-0.0
0.0028416672522991802,0.003040742099895371
0.005339181178569654,0.0
-0.007925531814793212,-0.004300258717351849
0.03125761742597679,0.014896533168290151
