xp, rho, u, p, Mach
0.1,0.9881485953982609,1.5113542180357409,0.7022643462046345,1.515175933153353
0.3,0.8854761733813016,1.6161740641042701,0.6018422675890083,1.6568042977223725
0.5,0.6181613861389729,1.744429044409415,0.37380019480575133,1.8959219995907062
0.7,0.5158741479187953,1.8363810373039373,0.28657504373111303,2.082339226438614
0.9,0.4825902753639152,1.8759348380093441,0.25858041320344183,2.1659339139558567
