xp, rho, u, p, Mach
0.1,0.9881485953982609,1.5093815851168024,0.7039933151601914,1.511339003791977
0.3,0.8854761733813016,1.6161740641042701,0.6018422675890083,1.6568042977223725
0.5,0.6171867589149305,1.747183750359492,0.3732060936122939,1.8989280121034358
0.7,0.5144958168802964,1.8413006904851323,0.28564292540345515,2.0885259997202583
0.9,0.48041094263823414,1.8844448152410609,0.2563643417148231,2.180203550645462
