xp, rho, u, p, Mach
0.1,0.9881485953982609,1.508703898198764,0.7047461448227889,1.5098533574377493
0.3,0.8854761733813016,1.6170478819700649,0.6013419297907162,1.6583895723831628
0.5,0.6167904647099264,1.7483063338541485,0.3727149484425249,1.9007891006652207
0.7,0.513819750803286,1.844843899289731,0.2847591733564356,2.094412117494623
0.9,0.4795961720235136,1.8876462383342494,0.25517996367034296,2.187112675163059
