dq_lu, dq_hhl,
-0.0013484682732905814,-0.001082312606935133
-0.0004586692375232574,-0.0004418522715281193
0.0014903737812235055,0.0014654581974272178
-0.002410167573775385,-0.0018746204248845865
-0.0014190958642546101,-0.00044185227152877127
0.002784189917564949,0.0024201245620128933
0.003244074609660801,0.002538248054313165
0.0016933589772063252,0.0016532598156286612
0.012003700995259691,0.009558726127069274
0.006596822668810283,0.005483242489414822
-0.0010018544744217707,-0.0007653105837273265
0.016072635954986977,0.012767925200644278
0.008014948696249363,0.006433466183119069
0.003301764624272585,0.0027945191347012953
0.0255164134200916,0.02043536900720635
