xp, rho, u, p, Mach
0.1,0.9875396063110619,1.5143538574406297,0.6998396606466246,1.5203421503727865
0.3,0.8861302704183027,1.6131857050005554,0.6030950120771772,1.6526324079269605
0.5,0.6195860622597196,1.7417550062686389,0.3747937306281137,1.8926822562326446
0.7,0.5168170810390164,1.830026053631602,0.2882979417230761,2.070813146425777
0.9,0.48346016151123533,1.8706310449551018,0.2603453789558572,2.154415819788728
