xp, rho, u, p, Mach
0.1,0.9874931798279453,1.5144150993306058,0.6998243207813855,1.520384558030802
0.3,0.8860642342185873,1.6131627768261345,0.603161484639707,1.6524562765137027
0.5,0.6196755282338152,1.7415035394909917,0.37498049493745944,1.8920742596302516
0.7,0.516971284070631,1.8293764212533754,0.28863034363659024,2.069194313627056
0.9,0.48368225832426326,1.8698875748245565,0.2607398782732833,2.1524240080943575
