xp, rho, u, p, Mach
0.1,0.9875091865609531,1.5143979341935563,0.6998272467618284,1.520376468991123
0.3,0.8860901378624733,1.6131663293326477,0.6031391577991898,1.6525146551134162
0.5,0.6196491672797143,1.74157762608272,0.37491918752001363,1.8922691998210954
0.7,0.51692025589478,1.8295953503705265,0.28851624421611044,2.069748947154295
0.9,0.48360781984476375,1.8701379032021284,0.26060583200022736,2.153100028632806
