{
  "quantum_solution": [
    0.7193382373818621,
    0.0031213888012625183,
    0.6946508895900585,
    0.001702575709779555
  ],
  "classical_solution": [
    0.7055698197297996,
    0.046596453582414196,
    0.7055698197297996,
    0.046596453582414196
  ],
  "_source": "harvester"
}