{
  "iterations_completed": 1,
  "converged": true,
  "_source": "harvester",
  "fidelity": 0.9957901062643235,
  "shots": 5000,
  "l2_error_abs": 0.06491790113833427,
  "l2_error_rel": 0.06491790113833427
}