xp, rho, u, p, Mach
0.1,0.987430000923444,1.5138701131907346,0.7001555230838762,1.519429300245483
0.3,0.8858338755490225,1.6113585374668677,0.6042977179732114,1.6488412034874589
0.5,0.6389027603910828,1.7171257468049574,0.3895885980627765,1.858456265897619
0.7,0.6111624343526552,1.6773966085232133,0.36468441501433446,1.8352340860840732
0.9,0.6727283736857865,1.5685236676068222,0.41847140582412656,1.680792250478809
