xp, rho, u, p, Mach
0.1,0.987430000923444,1.5141673668196767,0.699617936187037,1.5203114131965925
0.3,0.8832803210280133,1.6140645379493272,0.6013977827999708,1.6531994193998814
0.5,0.6206988681533143,1.7378933049938512,0.3761714266145809,1.8867165844896505
0.7,0.5514947441646011,1.7717651494479052,0.3155316955261896,1.9796632928097821
0.9,0.5716099025664302,1.7153218389406246,0.3319244432478642,1.9024438752104187
