xp, rho, u, p, Mach
0.1,0.996588435539025,1.5051348646130884,0.709091702287703,1.5080582536817269
0.3,0.9470670349129164,1.5435499069873513,0.6608795151520236,1.5616577934399065
0.5,0.7893676018171414,1.5531336806650584,0.5179283158344995,1.6205022603316206
0.7,0.8445884733688774,1.4852050642524137,0.5688220044315827,1.5295257202325168
0.9,0.9273428950521937,1.4614652331098519,0.6487418683486232,1.47675578682308
