xp, rho, u, p, Mach
0.1,0.987430000923444,1.5141673668196767,0.6998381373913655,1.5200722144988903
0.3,0.8834734666536481,1.6148909514837613,0.6013231963539065,1.6543292939598953
0.5,0.6185934571383895,1.7416311194930032,0.37450020275207274,1.8917719892431404
0.7,0.5366949071803597,1.796078545730028,0.3038744965126867,2.0173345118309114
0.9,0.5398715724812763,1.768705130337899,0.30550308372439167,1.9871417520230787
