{
  "quantum_solution": [
    0.709262820007633,
    0.003067880912382577,
    0.7049308585341298,
    0.003053677760010435
  ],
  "classical_solution": [
    0.7055698197297996,
    0.046596453582414196,
    0.7055698197297996,
    0.046596453582414196
  ],
  "_source": "harvester"
}