{
  "iterations_completed": 1,
  "converged": true,
  "_source": "harvester",
  "fidelity": 0.9961988625555104,
  "shots": 100000,
  "l2_error_abs": 0.061682708172323165,
  "l2_error_rel": 0.061682708172323165
}