{
  "grid": [
    0.0,
    0.0625,
    0.125,
    0.1875,
    0.25,
    0.3125,
    0.375,
    0.4375,
    0.5,
    0.5625,
    0.625,
    0.6875,
    0.75,
    0.8125,
    0.875,
    0.9375
  ],
  "solution_steps": {
    "0": [
      0.0,
      0.15307337294603593,
      0.282842712474619,
      0.36955181300451473,
      0.4,
      0.36955181300451473,
      0.28284271247461906,
      0.15307337294603596,
      4.898587196589413e-17,
      -0.15307337294603587,
      -0.282842712474619,
      -0.3695518130045146,
      -0.4,
      -0.3695518130045147,
      -0.28284271247461906,
      -0.15307337294603618
    ],
    "10": [
      -1.116144221305403e-16,
      0.11589062711955568,
      0.22959526262981061,
      0.325912784995072,
      0.3784187150452224,
      0.36604381835958344,
      0.2868344033716947,
      0.1566692044860923,
      4.718310524060743e-17,
      -0.1566692044860922,
      -0.2868344033716946,
      -0.3660438183595834,
      -0.37841871504522234,
      -0.3259127849950721,
      -0.22959526262981073,
      -0.11589062711955568
    ],
    "20": [
      0.0,
      0.10126517684778127,
      0.19876251373353726,
      0.28825007731479213,
      0.35115574931128685,
      0.3536611708150177,
      0.2815596635765911,
      0.1538793177123918,
      7.004793737227628e-17,
      -0.1538793177123917,
      -0.281559663576591,
      -0.3536611708150176,
      -0.3511557493112868,
      -0.28825007731479224,
      -0.19876251373353732,
      -0.10126517684778143
    ],
    "30": [
      -8.809149800188117e-17,
      0.08955307920902054,
      0.17901171042901887,
      0.2635057978493871,
      0.3284730894445144,
      0.3370734233635014,
      0.2666465322366796,
      0.14336999058821345,
      6.83418492857736e-17,
      -0.14336999058821334,
      -0.26664653223667945,
      -0.33707342336350116,
      -0.3284730894445145,
      -0.2635057978493872,
      -0.179011710429019,
      -0.08955307920902053
    ],
    "40": [
      0.0,
      0.08171741638461992,
      0.16344459406417003,
      0.24510027747008034,
      0.31438111057288165,
      0.32378236261360155,
      0.245876437963696,
      0.12673858375380076,
      5.181808627121791e-17,
      -0.12673858375380065,
      -0.24587643796369582,
      -0.3237823626136014,
      -0.31438111057288176,
      -0.2451002774700805,
      -0.16344459406417003,
      -0.08171741638462005
    ],
    "50": [
      -5.765603543828461e-17,
      0.0751878525204494,
      0.15179147212974237,
      0.2303901791211743,
      0.3052083359474282,
      0.31574519469460316,
      0.22397232875565204,
      0.1080705684549317,
      6.548405088752249e-17,
      -0.10807056845493158,
      -0.22397232875565193,
      -0.3157451946946028,
      -0.3052083359474284,
      -0.2303901791211744,
      -0.15179147212974248,
      -0.07518785252044939
    ],
    "60": [
      0.0,
      0.07012227781254855,
      0.1418355982788677,
      0.21854978595698749,
      0.3003304193278597,
      0.311128842441987,
      0.2025501797456468,
      0.09114983549680113,
      4.7335281698031044e-17,
      -0.09114983549680106,
      -0.20255017974564665,
      -0.31112884244198663,
      -0.30033041932785987,
      -0.21854978595698776,
      -0.14183559827886766,
      -0.07012227781254865
    ]
  },
  "_source": "solver"
}