{
  "u_initial": [
    0.0,
    0.15307337294603593,
    0.282842712474619,
    0.36955181300451473,
    0.4,
    0.36955181300451473,
    0.28284271247461906,
    0.15307337294603596,
    4.898587196589413e-17,
    -0.15307337294603587,
    -0.282842712474619,
    -0.3695518130045146,
    -0.4,
    -0.3695518130045147,
    -0.28284271247461906,
    -0.15307337294603618
  ],
  "u_final_classical": null,
  "u_final_method": [
    0.0,
    0.07012227781254855,
    0.1418355982788677,
    0.21854978595698749,
    0.3003304193278597,
    0.311128842441987,
    0.2025501797456468,
    0.09114983549680113,
    4.7335281698031044e-17,
    -0.09114983549680106,
    -0.20255017974564665,
    -0.31112884244198663,
    -0.30033041932785987,
    -0.21854978595698776,
    -0.14183559827886766,
    -0.07012227781254865
  ],
  "errors_by_step": {},
  "final_error": NaN,
  "max_error": NaN,
  "_source": "solver"
}