{
  "quantum_solution": [
    0.68770186,
    0.00141794,
    0.72598629,
    0.00283588
  ],
  "classical_solution": [
    0.7055698197297996,
    0.046596453582414196,
    0.7055698197297996,
    0.046596453582414196
  ],
  "_source": "harvester"
}