{
  "iterations_completed": 1,
  "converged": true,
  "_source": "harvester",
  "fidelity": 0.9976539060758318,
  "shots": 1000,
  "l2_error_abs": 0.06849950461848604,
  "l2_error_rel": 0.06849950461848604
}