xp, rho, u, p, Mach
0.1,1.0,1.5,0.7142857142857144,1.5
0.3,0.935864290302045,1.558559924256058,0.6459157297165597,1.585542890990147
0.5,0.7401382284244331,1.59919594923249,0.47177813123164475,1.6928761186532293
0.7,0.7421244621687103,1.5777422244947397,0.4623809606887364,1.6893142005869006
0.9,0.8130138810047293,1.4834842107110215,0.5440855723577767,1.5326192846068332
