dq_lu, dq_hhl,
0.0002594415824019039,0.0
0.00016317736220091133,0.0
0.00037157144345127446,0.0
0.0008787781529529349,2.719537128301111e-05
0.00026727894390764576,0.0
-3.198641850390059e-05,-0.0
0.0009544360416118846,3.846006290220957e-05
0.00042515337878833593,1.9230031451079704e-05
0.001452999481934271,3.330739150447293e-05
0.00024329322101615487,1.9230031451045893e-05
-0.00016292621852563967,-0.0
0.0004327022103457887,0.0
-0.00015153261056169637,-0.0
-0.00018809535470733918,-0.0
0.0001720078173504806,0.0
-0.00036863283008949695,-3.33073915044055e-05
0.0007807364962984863,0.0
0.0003223170005866744,0.0
-0.000679168021545039,-0.0
0.0006132742264132059,1.923003145109358e-05
-0.0009328596088557654,-2.7195371283012903e-05
-5.515199061085172e-05,-0.0
-0.00034519272230152856,-0.0
-0.0004661881093743772,-0.0
-0.00013140026563965504,-0.0
-0.001160849442479598,-1.9230031451108367e-05
-0.00034920377094702597,-0.0
0.0001934187336795728,0.0
0.0005305271655798279,3.330739150443308e-05
-0.00038299375576078147,-0.0
