dq_lu, dq_hhl,
0.003777384759882773,0.00245458813920023
0.0009416973309209415,0.0
0.0019543028368244697,0.0
0.001051232918104526,0.0
0.0010273396541081521,0.0
0.002161260409448571,0.0
0.00898708492892145,0.0054886259360172746
0.005852442021895192,0.00347131183649743
0.006294845518717004,0.0038810446187539905
-0.003272451766275594,-0.0017356559182484812
0.001260176948843614,0.0
0.0004195023124120752,0.0
-0.002634543980831055,-0.0024545881391999486
0.0005705896776146221,0.0
0.0010088721467108408,0.0
-0.002313316743941559,-0.0
0.0008891929566247148,0.0
0.002504364274360644,0.0017356559182483185
-0.003614353887636496,-0.0
0.005540969535729021,0.002454588139200437
-0.0019318392896556446,-0.0
-0.0018047634274366427,-0.0017356559182480499
-0.004609927335200695,-0.0030062442348642495
-0.004349159752085592,-0.0017356559182486126
-0.0009939736759702344,-0.0017356559182472653
-0.002891832715020282,-0.0
-0.0003638851961666722,-0.0
0.0024555191528614446,0.0017356559182483047
0.0006430829325373756,0.0
-0.0003638418311632809,-0.0
