dq_lu, dq_hhl,
0.003779444820669059,0.0
0.0016720623007019067,0.000731042836215009
0.002685681735376263,0.000731042836215174
0.0010522486423915338,0.0
0.0010318012572149713,0.0
0.002175496081926774,0.0
0.011280817367151797,0.0023117604295900323
0.007111629062630616,0.0012662033348342283
0.006291703066592514,0.0
-0.003282985077210969,-0.0
0.0012561730485297854,0.0
-0.0003194269713876818,-0.0007310428362131576
-0.0026426984720293563,-0.0
0.000563986041373383,0.0
0.000995861761004269,0.0
-0.0023240297088465397,-0.0
0.0008892478671271598,0.0
0.0024766943558934148,0.0
-0.0036256608014665383,-0.0
0.006804782164239005,0.0012662033348342203
-0.0019626513414633113,-0.0
-0.0018120954665235703,-0.0
-0.006396515463741084,-0.0017906819288445786
-0.005831193573171162,-0.0014620856724306417
-0.00099822190512404,-0.0
-0.0028954927028185355,-0.0
-0.00037603500360912064,-0.0
0.003177648419332154,0.0007310428362152162
0.000641653547230899,0.0
-0.00036452514889656515,-0.0
