dq_lu, dq_hhl,
-0.0026364679205469303,-0.0008330743520150827
-0.0012629614097815955,-0.0
-0.005812744188758742,-0.0022041075590586456
0.0066343515463375006,0.0014429271041729729
0.0027222484054602583,0.0010203035401183558
-0.008274168098554555,-0.0021239311885998344
-0.004983246058722944,-0.0015585394014748528
-0.005707636007478402,-0.002123931188599719
-0.010760760563956135,-0.002945362617713114
-0.0018383685869388436,-0.0005890725235423569
-0.00031814170502674003,-0.0
-0.009308279986450197,-0.0026344124126372608
0.003886710734485531,0.0013172062063184328
-0.00800189178944891,-0.0026344124126372144
-0.00315278077454925,-0.0008330743520151345
