dq_lu, dq_hhl,
-0.01249927044513648,-0.007507030171199488
-0.004665635615335135,-0.0
-0.02828120748360762,-0.006501278835235289
0.04110052955004128,0.012449001183873773
0.018817529405402152,0.008393114885972193
-0.04699983563603313,-0.016361192941185664
-0.031239953649299167,-0.00839311488597237
-0.038311264730601674,-0.015924815821882356
-0.07019367277994212,-0.02313822095402788
-0.008305346540607281,-0.0
-0.0157128442717273,-0.006501278835235105
-0.07177880694623497,-0.027836812899117408
0.0034748013137147725,0.0
-0.06276749226398598,-0.024898002367747755
-0.050082003312466886,-0.016361192941185685
