dq_lu, dq_hhl,
-0.0036790272717524167,-0.0
-0.0025532493435897427,-0.0
-0.016073425230942667,-0.0033528003208296887
0.02105509332544439,0.004887504345945024
0.008530572887302138,0.0016764001604147522
-0.02275150977563291,-0.00459101091632253
-0.016042909326910444,-0.0035561817642346576
-0.016214469509178132,-0.003352800320829691
-0.033976098263358054,-0.007682230630137389
-0.005389313470450375,-0.0
-0.004150390153215712,-0.0016764001604145447
-0.029927439389074648,-0.006599994031550764
0.0064940884324993136,0.0011853939214114438
-0.02676255313612848,-0.005807220503310399
-0.017042697861133115,-0.004106324997736251
