dq_lu, dq_hhl,
-0.003387181668438182,-0.0007539156020369094
-0.0012664907094317214,-0.0
-0.008256726384047695,-0.00159929650392819
0.009209636310105454,0.0015992965039282102
0.004128173893667548,0.001066197669285331
-0.011504471929804218,-0.002064682908453946
-0.006975700715379876,-0.0013058201273470037
-0.00844653035336595,-0.0017680888106856576
-0.015584020740755081,-0.003153855238024
-0.0024521697842521295,-0.0
-0.0004473093981126641,-0.0
-0.013443806856096547,-0.0023840904659742403
0.0053565092465296844,0.0013058201273469469
-0.012069216133841489,-0.00238409046597422
-0.005240973834563497,-0.0010661976692853859
