{
  "u_initial": [
    0.0,
    0.02940514209886818,
    0.05852709660483847,
    0.0870854031763387,
    0.11480502970952693,
    0.1414190210477993,
    0.16667106990588065,
    0.19031798524909363,
    0.21213203435596423,
    0.2319031360088211,
    0.24944088369076356,
    0.26457637930450645,
    0.27716385975338603,
    0.2870821007196626,
    0.2942355841209691,
    0.298555418001659,
    0.3,
    0.2985554180016591,
    0.2942355841209691,
    0.28708210071966267,
    0.27716385975338603,
    0.2645763793045065,
    0.2494408836907636,
    0.23190313600882112,
    0.21213203435596426,
    0.19031798524909363,
    0.16667106990588065,
    0.14141902104779935,
    0.11480502970952697,
    0.08708540317633871,
    0.05852709660483858,
    0.029405142098868246,
    3.6739403974420595e-17,
    -0.029405142098868176,
    -0.058527096604838506,
    -0.08708540317633863,
    -0.1148050297095269,
    -0.1414190210477993,
    -0.16667106990588057,
    -0.19031798524909357,
    -0.21213203435596423,
    -0.23190313600882098,
    -0.24944088369076356,
    -0.26457637930450645,
    -0.2771638597533859,
    -0.2870821007196626,
    -0.29423558412096906,
    -0.2985554180016591,
    -0.3,
    -0.2985554180016591,
    -0.2942355841209691,
    -0.28708210071966267,
    -0.277163859753386,
    -0.2645763793045065,
    -0.24944088369076362,
    -0.23190313600882106,
    -0.2121320343559643,
    -0.19031798524909377,
    -0.16667106990588065,
    -0.14141902104779938,
    -0.1148050297095271,
    -0.08708540317633874,
    -0.05852709660483861,
    -0.029405142098868152
  ],
  "u_final_classical": null,
  "u_final_method": [
    2.4806593645221424e-18,
    0.021469472462360698,
    0.04283371824738918,
    0.06398678883558047,
    0.08482128726859524,
    0.10522763252109509,
    0.12509331159103612,
    0.14430211778651847,
    0.16273337636342125,
    0.18026116265811953,
    0.1967535236810781,
    0.21207172249895823,
    0.22606953657842163,
    0.2385926578078443,
    0.24947826464469344,
    0.25855486746104384,
    0.26564256838865596,
    0.27055392804692296,
    0.27309569335522854,
    0.2730717101486629,
    0.27028741316489946,
    0.26455633716716026,
    0.25570909725651875,
    0.24360519980876671,
    0.2281478111724892,
    0.2093011711861721,
    0.18710965967370397,
    0.16171664111704798,
    0.13338027704123895,
    0.102482801043075,
    0.06952969252710678,
    0.035136115435157884,
    -2.607597459476192e-17,
    -0.03513611543515794,
    -0.06952969252710683,
    -0.10248280104307503,
    -0.13338027704123898,
    -0.16171664111704798,
    -0.18710965967370394,
    -0.20930117118617206,
    -0.22814781117248914,
    -0.24360519980876666,
    -0.25570909725651875,
    -0.26455633716716026,
    -0.27028741316489946,
    -0.2730717101486629,
    -0.27309569335522854,
    -0.27055392804692296,
    -0.26564256838865596,
    -0.25855486746104384,
    -0.24947826464469347,
    -0.2385926578078443,
    -0.22606953657842163,
    -0.21207172249895823,
    -0.1967535236810781,
    -0.18026116265811953,
    -0.16273337636342125,
    -0.14430211778651847,
    -0.12509331159103612,
    -0.10522763252109509,
    -0.08482128726859524,
    -0.06398678883558047,
    -0.04283371824738918,
    -0.021469472462360698
  ],
  "errors_by_step": {},
  "final_error": NaN,
  "max_error": NaN,
  "_source": "solver"
}