dq_lu, dq_hhl,
0.0019055374770025166,0.0
0.0016795319373064084,0.0012838444643570393
0.0027208887014646965,0.0012838444643573318
0.003983447230849656,0.0
0.0009991226969724271,0.0
0.0011283022879684025,0.0
-0.0030734026361689377,-0.0009078151267359185
0.0039722616501135675,0.0
-0.0011541560365650298,-0.0
-0.006069121032464759,-0.0018156302534721286
-0.003377379611818221,-0.0
-0.0031864632513311088,-0.0012838444643574008
0.005040565318833741,0.0012838444643575489
-0.0012570182412385705,-0.0009078151267354916
-0.00023685810849658013,-0.0
0.0025245414453353666,0.0
0.0005282270501526343,0.0
-9.66668144376935e-05,-0.0
0.004832699669001313,0.001283844464357538
0.0002761942176646229,0.0
-0.0025506920837572015,-0.000907815126735858
-0.0045503873278213485,-0.0012838444643575213
-0.00548164643177376,-0.0009078151267360484
0.0011260075070721027,0.0009078151267354076
-0.008313341536093732,-0.0018156302534722095
-0.008272107094098915,-0.002870763494840508
-0.00369053355120758,-0.0012838444643574556
-0.008060295798003733,-0.002567688928715289
-0.0043736857239771824,-0.00128384446435751
-0.00617819948523987,-0.002567688928715192
