dq_lu, dq_hhl,
0.000213293048843059,0.0
0.0003903255009891104,0.0005262616892300106
0.0004210893075216771,0.0
-0.00040634028727925354,-0.0
0.00034248959127287134,0.0
0.00019830333850813031,0.0
-0.0007046241453614071,-0.0003721232091336533
0.000490085580462408,0.0
-0.00018546741777656256,-0.000372123209132175
-0.0012124160676091366,-0.0005262616892309247
-0.0012785029421572658,-0.0006445363048954768
-6.860985442868741e-05,-0.0
0.0006630408243395154,0.0
-0.00030739163747422625,-0.0005262616892296468
-0.00018513571104877063,-0.0
0.0012655953068601976,0.0006445363048954717
0.0005115392500938405,0.0
-0.00012854214099355867,-0.0
0.0006224770134626416,0.0
0.0002735683286296936,0.0003721232091328211
-0.0004609790957544072,-0.0
-0.0015769980107772775,-0.0007442464182678908
-0.0011190404102985956,-0.000644536304895405
-0.0005111032620217479,-0.0
9.058859088623282e-06,0.0
-0.0010574540373892239,-0.0
-0.0013979021990511693,-0.0008320927916288047
-0.0013607889249591472,-0.0006445363048955073
-0.0013162076811987454,-0.0003721232091338986
-0.0010478244216096464,-0.0005262616892308565
