dq_lu, dq_hhl,
0.0037734623638813144,0.0018683072331040066
0.0016843018099361488,0.0
0.0027343819539739126,0.0
0.003986446866092822,0.0
0.0009976098601056373,0.0
0.0011245417902513162,0.0
-0.00306415639717372,-0.0
0.003995521708891569,0.0
-0.0024405533569891425,-0.0013210927138675276
-0.009048685777869277,-0.002954053112788355
-0.004715135596582341,-0.001321092713867789
-0.0032247221501589328,-0.0
0.006318393363373345,0.0013210927138678598
-0.0012616216154642732,-0.0
-0.00025927871298257705,-0.0
0.0038438469700354753,0.0013210927138677254
0.0005508220706864964,0.0
-5.845057927194885e-05,-0.0
0.00484127710584548,0.0
0.0002687862081469412,0.0
-0.002566956686258103,-0.0
-0.007809121983625979,-0.003236003051885013
-0.008135230641031745,-0.002642185427735814
0.0012041820444672654,0.0
-0.010615334072490858,-0.002288199701928333
-0.01013791717127241,-0.0018683072331043176
-0.006304103872336282,-0.002642185427735719
-0.009931900630648544,-0.0018683072331043137
-0.007014977366263726,-0.0026421854277357618
-0.009901544678019916,-0.003736614466208626
