{
  "grid": [
    0.0,
    0.06666666666666667,
    0.13333333333333333,
    0.2,
    0.26666666666666666,
    0.3333333333333333,
    0.4,
    0.4666666666666667,
    0.5333333333333333,
    0.6,
    0.6666666666666666,
    0.7333333333333333,
    0.8,
    0.8666666666666667,
    0.9333333333333333,
    1.0
  ],
  "solution_steps": {
    "0": [
      0.0,
      0.40673664307580015,
      0.7431448254773941,
      0.9510565162951535,
      0.9945218953682734,
      0.8660254037844387,
      0.5877852522924732,
      0.20791169081775931,
      -0.20791169081775907,
      -0.587785252292473,
      -0.8660254037844384,
      -0.9945218953682733,
      -0.9510565162951536,
      -0.743144825477394,
      -0.40673664307580015,
      -2.4492935982947064e-16
    ],
    "4": [
      0.012583177182445806,
      0.10309403485418835,
      0.09680244626296543,
      -0.0,
      -0.0,
      -0.0,
      -0.0,
      -0.0,
      -0.0,
      -0.09519739664034323,
      -0.0,
      0.09519739664034323,
      -0.09467753625492326,
      -0.09670857390574993,
      -0.00842049092423506,
      -0.012778906546816803
    ],
    "8": [
      0.011052388711124097,
      0.007893944671424633,
      0.0975651469562058,
      0.0005198603854199591,
      -0.0,
      0.09467753625492326,
      -0.0,
      -0.0,
      -0.0,
      -0.0,
      -0.0,
      -0.09519739664034323,
      -0.09519739664034323,
      -0.002227810849177275,
      -0.007902723257516524,
      -0.011349824816678494
    ],
    "12": [
      0.010596898137808671,
      0.00841761138142409,
      0.0022952030960186717,
      0.09467753625492326,
      0.09550149547142434,
      -0.0,
      -0.0,
      -0.0,
      -0.0,
      -0.0,
      -0.0,
      -0.09467753625492326,
      -0.09571725702576318,
      -0.0032578540663902623,
      -0.007378681586193982,
      -0.010321096581287272
    ],
    "16": [
      0.01008173689098809,
      0.006617304243642966,
      0.003374857252747699,
      0.09647595770952203,
      0.09467753625492326,
      -0.0,
      -0.09467753625492326,
      -0.09467753625492326,
      -0.0,
      -0.0005198603854199591,
      0.09467753625492326,
      0.09519739664034323,
      -0.09519739664034323,
      -0.09810079739852415,
      -0.007899731868739133,
      -0.009992662221116428
    ],
    "20": [
      0.009667338719653307,
      0.007378291208820381,
      0.0025446218489937286,
      0.09571725702576318,
      0.09571725702576318,
      -0.0,
      -0.0,
      -0.0,
      -0.0,
      -0.0,
      -0.09467753625492326,
      -0.09519739664034323,
      -0.0015595811562598772,
      -0.002948869224543244,
      -0.006857418900593871,
      -0.00989654089378109
    ]
  },
  "_source": "solver"
}