dq_lu, dq_hhl,
-0.0002036350982253316,-0.0
-0.0001811271225311157,-0.0
-0.0005516983010993817,-0.0
-0.000749871356386191,-0.0
-0.0006909516362750049,-0.0
-0.002068006090122874,-0.0
-0.001816068552799875,-0.0
-0.0017640964379132926,-0.0
-0.005141445015927542,-0.0
-0.004273982707671197,-0.0
-0.004197583394924656,-0.0
-0.012158618875875321,-0.0
-0.010767256311371305,-0.0
-0.010059016344242298,-0.0
-0.029887186300367144,-0.0
-0.027054960040584473,-0.0
-0.02388290646882991,-0.0
-0.07305315461810787,-0.0
-0.04404579078621936,-0.0
-0.046244236570179405,-0.0
-0.1379037396340688,-0.0
-0.12773698583355128,-0.0
-0.1122161710983863,-0.0
-0.2852466767980393,-0.0
-0.18947017830510385,-0.0
-0.19806521227200558,-0.0
-0.4688208637282663,-0.013244827781374766
-0.32179935208170374,-0.018731015079716126
-0.28294537217138027,-0.013244827781374747
-0.7263211786213463,-0.026489655562749553
-0.41688154691136536,-0.0
-0.3263747735126249,-0.013244827781374752
-0.9136097602962895,-0.02648965556274956
-0.4156795821931058,-0.01324482778137476
-0.42428985665582475,-0.01873101507971614
-0.9890490713995816,-0.035042520467397045
-0.43591512807726773,-0.01873101507971614
-0.4376946659931887,-0.013244827781374762
-1.087145561234157,-0.029616335269431728
-0.4296376736817066,-0.0
-0.45986999371256887,-0.013244827781374764
-1.114720975701474,-0.035042520467397045
-0.4412529613517062,-0.013244827781374764
-0.4931914052013019,-0.013244827781374768
-1.1208161448268648,-0.02294071465484089
-0.47873149998819214,-0.026489655562749532
-0.46879947218957735,-0.0
-1.1428251758108767,-0.032443069795407196
-0.43377105437191044,-0.0
-0.45378139508216553,-0.013244827781374764
-1.1926592040581905,-0.04188382300581899
-0.5068648562302231,-0.018731015079716147
-0.5181910903355376,-0.01324482778137477
-1.1682585983761224,-0.047754905700436716
-0.509754280053652,-0.013244827781374768
-0.4916391881138789,-0.018731015079716147
-1.2314059333216985,-0.037462030159432336
-0.4996459026219586,-0.018731015079716147
-0.4477346104003461,-0.013244827781374764
-1.255926315768842,-0.026489655562749563
