dq_lu, dq_hhl,
-0.00021464491961900684,-0.0
-0.0001866710385096607,-0.0
-0.0005751974128803982,-0.0
-0.0007998359338798864,-0.0
-0.0007161453709949478,-0.0
-0.002173700366483383,-0.0
-0.001891550742266053,-0.0
-0.001802546142698787,-0.0
-0.005302701694120574,-0.0
-0.004229271945844755,-0.0
-0.004167908078938894,-0.0
-0.012064893671529693,-0.0
-0.010380729996993493,-0.0
-0.009876649859084156,-0.0
-0.029081010008776175,-0.0
-0.0264295993826808,-0.0
-0.02358381124401827,-0.0
-0.07155974046485233,-0.0
-0.0443826364980523,-0.0
-0.05404192193884047,-0.0
-0.16144370554632959,-0.02249626703710411
-0.1303667979447013,-0.0
-0.11328105547199463,-0.0
-0.32708765896326947,-0.022496267037104178
-0.2085419872354208,-0.0
-0.20844738537203353,-0.0
-0.540597791078686,-0.022496267037104205
-0.3428514408057514,-0.0
-0.30449791664678244,-0.02249626703710417
-0.8445290552996458,-0.03181452594663959
-0.4261870800605769,-0.0
-0.3636021939585483,-0.022496267037104185
-1.031503613565656,-0.031814525946639596
-0.42274984833219464,-0.0
-0.44914957528365224,-0.0224962670371042
-1.144580960482961,-0.07113944268861698
-0.46649963681471396,-0.0224962670371042
-0.514144973895354,-0.03181452594663957
-1.234096001550237,-0.05510437535829812
-0.46259306021993174,-0.0
-0.4988113504442302,-0.022496267037104202
-1.3085609803513762,-0.0636290518932792
-0.4969665054671335,-0.022496267037104202
-0.5016692541935166,-0.0
-1.3089243462269924,-0.05951952800747763
-0.5061337559868515,-0.0
-0.510202005879402,-0.022496267037104202
-1.34121837438457,-0.071139442688617
-0.5119155969335518,-0.022496267037104202
-0.5406173230781356,-0.03896467748890145
-1.3411151008059667,-0.04499253407420846
-0.542284375620638,-0.0
-0.5555101110229832,-0.0
-1.3438806977104143,-0.071139442688617
-0.5376729997148518,-0.0
-0.5492840812326999,-0.031814525946639576
-1.3521626306758259,-0.02249626703710423
-0.5135813901789493,-0.0
-0.5254640989849801,-0.03896467748890145
-1.3839995036524069,-0.05951952800747764
