{
  "quantum_solution": [
    1.2269389909653037,
    0.15008158572908925,
    0.05418796979846764,
    0.037300120132278534
  ],
  "classical_solution": [
    1.1454545454545455,
    0.43636363636363634,
    0.16363636363636364,
    0.05454545454545454
  ],
  "_source": "harvester"
}