{
  "iterations_completed": 1,
  "converged": true,
  "_source": "harvester",
  "fidelity": 1.4817946650344604,
  "shots": 10000,
  "l2_error_abs": 0.3176058561305735,
  "l2_error_rel": 0.2565820801826911
}