xp, rho, u, p, Mach
0.1,0.989187114170587,1.512653061096445,0.6979304570269314,1.5219783070566129
0.3,0.8836269129199428,1.617148997435312,0.6034415808667969,1.6538757112391143
0.5,0.6193531471152577,1.7440879854317606,0.37533636772371104,1.8934909051615454
0.7,0.5173488518593689,1.8345977724371008,0.2877712173419022,2.078954152299288
0.9,0.48489794331828073,1.8733969896392755,0.260177593981828,2.161503905776968
