xp, rho, u, p, Mach
0.1,0.9999999999999999,1.5000000000000002,0.6974032336259425,1.51804715718384
0.3,0.8788031186339921,1.6260256091904965,0.6018296315840376,1.660628070449151
0.5,0.6193531471152577,1.7584928774011492,0.376958293053212,1.9050181554862682
0.7,0.5143568494515387,1.8626878518380292,0.28616695866983766,2.1105642820613424
0.9,0.4858051799646027,1.913336618336546,0.25522856799301047,2.230970328024388
