xp, rho, u, p, Mach
0.1,0.9877559537191128,1.5141617835752237,0.6996509685952114,1.5205208195085531
0.3,0.8859283220845282,1.6133814100397377,0.6032910492920862,1.6523760159306717
0.5,0.6196690910931008,1.7416875682224506,0.3750837244064493,1.8920039613862503
0.7,0.5171787243739723,1.8290915012792996,0.28880204250585034,2.0686718709755003
0.9,0.4839894117401206,1.869424959792755,0.26092375558695974,2.151816032433466
