xp, rho, u, p, Mach
0.1,0.9883332655210648,1.5135177407307725,0.6989586605948633,1.5210709056610674
0.3,0.885105749431985,1.6144470615543685,0.6036485627672699,1.6522101524494297
0.5,0.6193531471152577,1.7432258709223765,0.37514357249553143,1.893041191868675
0.7,0.5173488518593689,1.8312659902960995,0.2884114196829803,2.072874126321601
0.9,0.48422396840456094,1.8715131407831622,0.26059913600442725,2.156083214640421
