xp, rho, u, p, Mach
0.1,0.9897182262793671,1.5120813147283119,0.6975740839860419,1.522200093238564
0.3,0.8829551033372867,1.618379429411925,0.6033586579761337,1.6546184695541077
0.5,0.6193531471152577,1.7446303331906963,0.3754699575467163,1.893742731045625
0.7,0.5173488518593689,1.8358124660033552,0.28757862909828286,2.0810271057573986
0.9,0.48513546387406176,1.8743759798350281,0.2599974341924401,2.163912386149949
