{
  "iterations_completed": 1,
  "converged": true,
  "_source": "harvester",
  "fidelity": 1.4383434083695201,
  "shots": 100000,
  "l2_error_abs": 0.4450620875296047,
  "l2_error_rel": 0.3589463051493978
}