{
  "quantum_solution": [
    1.2393030729514782,
    0.03752592467115007,
    0.00920300262602747,
    0.0033489064562977258,
    0.0015316703947408205,
    0.0010124600914388471,
    0.0007917957125355089,
    0.0007917957125355087,
    0.00048026953055432483,
    0.0005062300457194237,
    0.0007917957125355089,
    0.0006360326215449169,
    0.00045430901538922626,
    0.00046728927297177557,
    0.0007658351973704105,
    0.0004153682426415784
  ],
  "classical_solution": [
    1.1458980337502742,
    0.4376941012508226,
    0.1671842700021936,
    0.06385870875575828,
    0.024391856265081172,
    0.009316860039485262,
    0.0035587238533746146,
    0.0013593115206385817,
    0.00051921070854113,
    0.00019832060498480857,
    7.575110641329557e-05,
    2.8932714255078168e-05,
    1.1047036351938937e-05,
    4.2083948007386415e-06,
    1.5781480502769908e-06,
    5.260493500923302e-07
  ],
  "_source": "harvester"
}