{
  "u_initial": [
    0.0,
    0.0780361288064513,
    0.15307337294603593,
    0.22222809320784087,
    0.282842712474619,
    0.3325878449210181,
    0.36955181300451473,
    0.3923141121612922,
    0.4,
    0.3923141121612922,
    0.36955181300451473,
    0.33258784492101817,
    0.28284271247461906,
    0.22222809320784087,
    0.15307337294603596,
    0.07803612880645144,
    4.898587196589413e-17,
    -0.07803612880645135,
    -0.15307337294603587,
    -0.2222280932078408,
    -0.282842712474619,
    -0.3325878449210181,
    -0.3695518130045146,
    -0.39231411216129214,
    -0.4,
    -0.3923141121612922,
    -0.3695518130045147,
    -0.3325878449210182,
    -0.28284271247461906,
    -0.22222809320784087,
    -0.15307337294603618,
    -0.0780361288064515
  ],
  "u_final_classical": null,
  "u_final_method": [
    -0.14407769782364027,
    -0.0031329666974539805,
    0.16745771247805918,
    -0.037033432034940576,
    -0.21118793258520668,
    0.08337462437072304,
    0.4338882979015926,
    0.13353081294323316,
    -0.40587700342084987,
    -0.304790586387503,
    0.16262730778094067,
    0.2883361716624972,
    -0.003934558778065025,
    -0.15137632691574596,
    0.018079526944625855,
    0.10231484505290779,
    -0.010847793989412935,
    -0.08523226126507324,
    -0.06566991673710049,
    -0.04640751211050656,
    0.05663457318484631,
    0.2546990269961327,
    0.20157601810995515,
    -0.19162227655722233,
    -0.3460676959968606,
    -0.06632871369754298,
    0.11760022881396366,
    -0.0769597009900042,
    -0.22023962016827225,
    0.015974406426375366,
    0.25003855428542465,
    0.0846538892041235
  ],
  "errors_by_step": {},
  "final_error": NaN,
  "max_error": NaN,
  "_source": "solver"
}