xp, rho, u, p, Mach
0.1,0.9874330711497157,1.5144674385807946,0.6997869328623311,1.520431443261835
0.3,0.8858766611739536,1.6133118493308984,0.6030609954518542,1.65257171687517
0.5,0.6194893983238143,1.7416942229003394,0.37490040125776786,1.8921993112734694
0.7,0.5169055024740709,1.8293074014350843,0.28869226000844567,2.068762718701392
0.9,0.4839859881346154,1.8691373547706427,0.2611079150617842,2.1507185203572194
