xp, rho, u, p, Mach
0.1,0.9874563500175022,1.5144503929575432,0.69980633785643,1.5204111721445586
0.3,0.8859745590099208,1.613220685664576,0.6031371662583264,1.6524652839003318
0.5,0.6196247703191162,1.741526000015449,0.3749907436735833,1.8919953139130283
0.7,0.5169542688058301,1.8292329649486034,0.2887147938959552,2.0686953842395917
0.9,0.48376695424411076,1.8695687873964035,0.2609133843703352,2.1515297286150887
