xp, rho, u, p, Mach
0.1,0.9874581828701076,1.51444857924575,0.6998080296612583,1.5204089245180354
0.3,0.8859816603290939,1.6132136043146585,0.6031430342789028,1.6524566142216532
0.5,0.6196350013040577,1.7415130516501454,0.374997835713201,1.8919789755247647
0.7,0.5169605806240329,1.8292237248332608,0.2887186595207483,2.068683714572109
0.9,0.48375914715341983,1.8695855238763106,0.2609055757472402,2.1515638244452813
