xp, rho, u, p, Mach
0.1,0.9874709827325531,1.5144362449182434,0.6998202931296412,1.5203930739745506
0.3,0.886031403032467,1.6131635416688956,0.6031849937205349,1.6523942436991716
0.5,0.6197112305447995,1.7414123986095063,0.3750528946198985,1.8918471143413693
0.7,0.5170336657094412,1.8291068092743739,0.28876810852931023,2.068520578203462
0.9,0.48377143151958973,1.869583341589857,0.2609017958624245,2.151604216545799
