xp, rho, u, p, Mach
0.1,0.9872201122754279,1.5147207274878436,0.6996084798300143,1.5207156498766972
0.3,0.8850597178129741,1.614117798090832,0.6025126285873278,1.653386620309586
0.5,0.6187070990978031,1.7425620585025643,0.3746915471937866,1.8924736339058177
0.7,0.5183889849922348,1.826637138754108,0.2899991671841627,2.064038399178222
0.9,0.4900669711400408,1.8582236333008413,0.2658834832427755,2.1321413770675552
