{
  "u_initial": [
    0.0,
    0.20129852008866006,
    0.39435585511331855,
    0.5712682150947923,
    0.7247927872291199,
    0.8486442574947509,
    0.9377521321470804,
    0.9884683243281114,
    0.9987165071710528,
    0.9680771188662044,
    0.8978045395707416,
    0.7907757369376985,
    0.6513724827222223,
    0.48530196253108143,
    0.29936312297335804,
    0.10116832198743228,
    -0.10116832198743204,
    -0.2993631229733574,
    -0.48530196253108043,
    -0.651372482722222,
    -0.7907757369376986,
    -0.8978045395707414,
    -0.9680771188662043,
    -0.9987165071710528,
    -0.9884683243281114,
    -0.9377521321470808,
    -0.8486442574947515,
    -0.72479278722912,
    -0.5712682150947924,
    -0.3943558551133187,
    -0.20129852008866028,
    -2.4492935982947064e-16
  ],
  "u_final_classical": [
    NaN,
    NaN,
    NaN,
    NaN,
    NaN,
    NaN,
    NaN,
    NaN,
    NaN,
    NaN,
    NaN,
    NaN,
    NaN,
    NaN,
    NaN,
    NaN,
    NaN,
    NaN,
    NaN,
    NaN,
    NaN,
    NaN,
    NaN,
    NaN,
    NaN,
    NaN,
    NaN,
    NaN,
    NaN,
    NaN,
    NaN,
    NaN
  ],
  "u_final_method": [
    0.0,
    0.0,
    0.0,
    0.0,
    0.0,
    0.0,
    0.0,
    0.0,
    0.0,
    0.0,
    0.0,
    0.0,
    0.0,
    0.0,
    0.0,
    1.0316483177531828e+34,
    -1.0353164071077289e+34,
    0.0,
    0.0,
    0.0,
    0.0,
    0.0,
    0.0,
    0.0,
    0.0,
    0.0,
    0.0,
    0.0,
    0.0,
    0.0,
    0.0,
    0.0
  ],
  "errors_by_step": {
    "0": 0.0,
    "1": 0.015358194324739447,
    "2": 0.022205471290388402,
    "3": 0.024705017609266626,
    "4": 0.029578118280371213,
    "5": 0.026025534009684638,
    "6": 0.029737085493553313,
    "7": 0.03377171900549964,
    "8": 0.03615256839841579,
    "9": 0.03984381729911449,
    "10": 0.04168285775734981,
    "11": 0.04502373544450008,
    "12": 0.05011587528125079,
    "13": 0.05358155619417276,
    "14": 0.05468332132000224,
    "15": 0.05993603254863457,
    "16": 0.06321828273259927,
    "17": 0.062358493512835504,
    "18": 0.062029374368936234,
    "19": 0.06137568805632031,
    "20": 0.06385868670083815,
    "21": 0.06576276771995368,
    "22": 0.06855839071764958,
    "23": 0.07126206078253064,
    "24": 0.07167900577041032,
    "25": 0.07348682791481673,
    "26": 0.0744383381361976,
    "27": 0.0785515813845605,
    "28": 0.07987553851684488,
    "29": 0.08546511242253632,
    "30": 0.08960669264666392,
    "31": 0.08851099624539459,
    "32": 0.08755442151973132,
    "33": 0.09055035344170978,
    "34": 0.09290953323187212,
    "35": 0.09513040354553673,
    "36": 0.09662813082797722,
    "37": 0.10040903622924197,
    "38": 0.10510239012018656,
    "39": 0.10945837973209474,
    "40": 0.11371261901098986,
    "41": 0.11753345313344706,
    "42": 0.12194239932284127,
    "43": 0.12223833801922605,
    "44": 0.12460721143791458,
    "45": 0.13064277523488302,
    "46": 0.1357075475704907,
    "47": 0.14876872812978686,
    "48": 0.16037905302755096,
    "49": 0.1680287645222388,
    "50": 0.18148054408541578,
    "51": 0.19800992971462272,
    "52": 0.21506918394594265,
    "53": 0.23605899820125542,
    "54": 0.2582536964202087,
    "55": 0.28214481590334134,
    "56": 0.30846947217267445,
    "57": 0.33442195626074145,
    "58": 0.3672440964730062,
    "59": 0.40525158164645186,
    "60": 0.4461534227229082,
    "61": 0.49243585546347884,
    "62": 0.5477531747538235,
    "63": 0.6142748519404009,
    "64": 0.6955867980196405,
    "65": 0.7920866086119461,
    "66": 0.8937349594249401,
    "67": 0.9710280074693209,
    "68": 0.9980506676273493,
    "69": 0.9999930865434558,
    "70": 0.9999999999345606,
    "71": 1.0,
    "72": 1.0,
    "73": 1.0,
    "74": NaN,
    "75": NaN
  },
  "final_error": NaN,
  "max_error": 1.0,
  "_source": "solver"
}