{
  "results": [
    {
      "u_initial": [
        0.0,
        0.40673664307580015,
        0.7431448254773941,
        0.9510565162951535,
        0.9945218953682734,
        0.8660254037844387,
        0.5877852522924732,
        0.20791169081775931,
        -0.20791169081775907,
        -0.587785252292473,
        -0.8660254037844384,
        -0.9945218953682733,
        -0.9510565162951536,
        -0.743144825477394,
        -0.40673664307580015,
        -2.4492935982947064e-16
      ],
      "u_final_classical": [
        0.0,
        0.2327032026500107,
        0.4596574448446474,
        0.6748971873077655,
        0.8715251018302631,
        1.0207213452962849,
        1.2765963788637327,
        1.2584414536519224,
        -1.2584414536519215,
        -1.2765963788637336,
        -1.0207213452962849,
        -0.8715251018302631,
        -0.6748971873077653,
        -0.4596574448446475,
        -0.23270320265001082,
        -2.4492935982947064e-16
      ],
      "u_final_method": [
        0.0,
        0.2327032026500107,
        0.4596574448446474,
        0.6748971873077655,
        0.8715251018302631,
        1.0207213452962849,
        1.2765963788637327,
        1.2584414536519224,
        -1.2584414536519215,
        -1.2765963788637336,
        -1.0207213452962849,
        -0.8715251018302631,
        -0.6748971873077653,
        -0.4596574448446475,
        -0.23270320265001082,
        -2.4492935982947064e-16
      ],
      "errors_by_step": {
        "0": 0.0,
        "4": 0.0,
        "8": 0.0,
        "12": 0.0,
        "16": 0.0,
        "20": 0.0,
        "24": 0.0,
        "25": 0.0
      },
      "final_error": 0.0,
      "max_error": 0.0,
      "_source": "solver"
    },
    {
      "_source": "stdout",
      "experiment_id": null,
      "algorithm": "burgers_shift",
      "q": 4,
      "N": 16,
      "nu": 0.0001,
      "n_steps": 25,
      "shock_pct": 100.0,
      "ic": "sine",
      "ic_modes": null,
      "ic_seed": null,
      "ic_alpha": null,
      "ic_center": null,
      "ic_sigma": null,
      "ic_cole_hopf_coeffs": null,
      "classical_reference": true,
      "analytic_reference": null,
      "method": "shift",
      "bc": "dirichlet",
      "trotter_order": 1,
      "trotter_reps": 1,
      "shots": 0,
      "t1": null,
      "t2": null,
      "backend_name": null,
      "final_error": 0.0,
      "max_error": 0.0,
      "classical_time_s": 0.0009264945983886719,
      "method_time_s": 0.0008614063262939453,
      "exit_code": 0
    }
  ],
  "case": [
    {
      "_source": "sweep",
      "name": "paper_classical_q4",
      "case_id": "paper_classical_q4",
      "params": {
        "_output_dir": "/lustre/orion/ard189/scratch/ishangore/burgers_quantum",
        "_inject_outdir": "--outdir",
        "_env": "./q8020-mps-burgers/.venv",
        "_script": "python ./q8020-mps-burgers/src/burgers_solver.py",
        "_slurm": true,
        "_slurm_project": "ard189",
        "_slurm_pack_venvs": [
          "./q8020-mps-burgers/.venv"
        ],
        "_slurm_partition": "extended",
        "_slurm_walltime": "24:00:00",
        "_slurm_cores_per_task": 1,
        "_slurm_cores_per_node": 64,
        "_slurm_exclusive_node": false,
        "_run_mode": "parallel",
        "_trials": 1,
        "_case_timeout": 82800,
        "--noshow": true,
        "--nu": 0.0001,
        "--cfl": 0.1,
        "--ic": "sine",
        "--source": "sine",
        "--q": 4,
        "--shock-pct": 100.0,
        "--method": "shift",
        "--bc": "dirichlet",
        "--save-every": 4
      },
      "command": [
        "bash",
        "-c",
        "source /mnt/bb/ishangore/venv_0/bin/activate && python ./q8020-mps-burgers/src/burgers_solver.py --noshow --nu 0.0001 --cfl 0.1 --ic sine --source sine --q 4 --shock-pct 100.0 --method shift --bc dirichlet --save-every 4 --outdir /lustre/orion/ard189/scratch/ishangore/burgers_quantum/2026-06-03/_b56add80/cda2e494"
      ],
      "script": "-c",
      "cwd": "/autofs/nccs-svm1_home1/ishangore/q8020"
    },
    {
      "q": 4,
      "N": 16,
      "nu": 0.0001,
      "dx": 0.06666666666666667,
      "dt": 0.006666666666666667,
      "cfl": 0.1,
      "n_steps": 25,
      "shock_pct": 100.0,
      "ic": "sine",
      "ic_modes": null,
      "ic_seed": null,
      "ic_alpha": null,
      "ic_center": null,
      "ic_sigma": null,
      "ic_cole_hopf_coeffs": null,
      "classical_reference": true,
      "analytic_reference": null,
      "source": "sine",
      "method": "shift",
      "trotter_order": 1,
      "trotter_reps": 1,
      "bond_dim": null,
      "mps_threshold": 0.0,
      "shots": 0,
      "backend_name": null,
      "t1": null,
      "t2": null,
      "bc": "dirichlet",
      "sign_recovery": "none",
      "backend_type": "sim",
      "coupling_map": "default",
      "optimization_level": 1,
      "seed": null,
      "name": "burgers_1d",
      "_source": "solver"
    }
  ],
  "code": [
    {
      "_source": "sweep",
      "entry_point": "-c",
      "interpreter": "bash",
      "library_versions_before": {
        "type": "venv",
        "path": "/autofs/nccs-svm1_home1/ishangore/q8020/q8020-mps-burgers/.venv",
        "packages": {
          "setuptools": "82.0.1",
          "packaging": "26.2",
          "pip": "26.1.2",
          "wheel": "0.47.0",
          "websockets": "16.0",
          "watchdog": "6.0.0",
          "urllib3": "2.7.0",
          "typing_extensions": "4.15.0",
          "toml": "0.10.2",
          "tenacity": "9.1.4",
          "subprocess-tee": "0.4.2",
          "smmap": "5.0.3",
          "six": "1.17.0",
          "rpds-py": "2026.5.1",
          "python-multipart": "0.0.30",
          "pyparsing": "3.3.2",
          "pyarrow": "24.0.0",
          "protobuf": "7.35.0",
          "pillow": "12.2.0",
          "numpy": "2.4.6",
          "narwhals": "2.22.0",
          "MarkupSafe": "3.0.3",
          "kiwisolver": "1.5.0",
          "itsdangerous": "2.2.0",
          "idna": "3.18",
          "httptools": "0.8.0",
          "h11": "0.16.0",
          "fonttools": "4.63.0",
          "duckdb": "1.5.3",
          "cycler": "0.12.1",
          "click": "8.4.1",
          "charset-normalizer": "3.4.7",
          "certifi": "2026.5.20",
          "cachetools": "7.1.4",
          "blinker": "1.9.0",
          "attrs": "26.1.0",
          "uvicorn": "0.48.0",
          "requests": "2.34.2",
          "referencing": "0.37.0",
          "python-dateutil": "2.9.0.post0",
          "plotly": "6.7.0",
          "Jinja2": "3.1.6",
          "gitdb": "4.0.12",
          "contourpy": "1.3.3",
          "anyio": "4.13.0",
          "starlette": "1.2.1",
          "pydeck": "0.9.2",
          "pandas": "3.0.3",
          "matplotlib": "3.10.9",
          "jsonschema-specifications": "2025.9.1",
          "GitPython": "3.1.50",
          "jsonschema": "4.26.0",
          "altair": "6.1.0",
          "streamlit": "1.58.0",
          "q8020-cfd-metautil": "0.1.0",
          "typing-inspection": "0.4.2",
          "stevedore": "5.8.0",
          "scipy": "1.17.1",
          "rustworkx": "0.17.1",
          "PyJWT": "2.13.0",
          "pydantic_core": "2.46.4",
          "pycparser": "3.0",
          "pybase64": "1.4.3",
          "psutil": "7.2.2",
          "orjson": "3.11.9",
          "dill": "0.4.1",
          "annotated-types": "0.7.0",
          "qiskit": "2.4.1",
          "pydantic": "2.13.4",
          "ibm-cloud-sdk-core": "3.24.4",
          "cffi": "2.0.0",
          "samplomatic": "0.19.0",
          "qiskit-aer": "0.17.2",
          "ibm-platform-services": "0.75.0",
          "cryptography": "48.0.0",
          "pyspnego": "0.12.1",
          "ibm-quantum-schemas": "0.7.20260419",
          "requests_ntlm": "1.3.0",
          "qiskit-ibm-runtime": "0.47.0",
          "q8020-cfd-qutil": "0.1.0",
          "tqdm": "4.67.3",
          "toolz": "1.1.0",
          "Pygments": "2.20.0",
          "pluggy": "1.6.0",
          "llvmlite": "0.47.0",