{
  "grid": [
    0.0,
    0.03125,
    0.0625,
    0.09375,
    0.125,
    0.15625,
    0.1875,
    0.21875,
    0.25,
    0.28125,
    0.3125,
    0.34375,
    0.375,
    0.40625,
    0.4375,
    0.46875,
    0.5,
    0.53125,
    0.5625,
    0.59375,
    0.625,
    0.65625,
    0.6875,
    0.71875,
    0.75,
    0.78125,
    0.8125,
    0.84375,
    0.875,
    0.90625,
    0.9375,
    0.96875
  ],
  "solution_steps": {
    "0": [
      0.0,
      0.19509032201612825,
      0.3826834323650898,
      0.5555702330196022,
      0.7071067811865475,
      0.8314696123025452,
      0.9238795325112867,
      0.9807852804032304,
      1.0,
      0.9807852804032304,
      0.9238795325112867,
      0.8314696123025455,
      0.7071067811865476,
      0.5555702330196022,
      0.3826834323650899,
      0.1950903220161286,
      1.2246467991473532e-16,
      -0.19509032201612836,
      -0.38268343236508967,
      -0.555570233019602,
      -0.7071067811865475,
      -0.8314696123025452,
      -0.9238795325112865,
      -0.9807852804032303,
      -1.0,
      -0.9807852804032304,
      -0.9238795325112866,
      -0.8314696123025455,
      -0.7071067811865477,
      -0.5555702330196022,
      -0.3826834323650904,
      -0.19509032201612872
    ],
    "8": [
      -4.973799150320702e-16,
      0.1690740105661363,
      0.3319934526312679,
      0.4833701154594256,
      0.619022404265483,
      0.7359448446406919,
      0.8318821841103725,
      0.9046936532292474,
      0.9516774541154771,
      0.9689965964059277,
      0.9514396216704091,
      0.8930012387543781,
      0.7888853162002215,
      0.6387162091478701,
      0.44884675570385923,
      0.2312684582612843,
      -1.7226989257324022e-09,
      -0.23126845887869252,
      -0.44884675368478955,
      -0.6387162085713527,
      -0.7888853165088011,
      -0.89300123871214,
      -0.9514396216573039,
      -0.9689965964072806,
      -0.9516774541163912,
      -0.9046936532292668,
      -0.8318821841103473,
      -0.7359448446406667,
      -0.6190224042654912,
      -0.483370115459425,
      -0.33199345263126695,
      -0.16907401056613708
    ],
    "16": [
      -1.2789769243681803e-15,
      0.1500331781189559,
      0.29510436487491115,
      0.4310280087905852,
      0.5547996675098216,
      0.6645193680723969,
      0.7589758620580164,
      0.8370825313420218,
      0.8972488756221154,
      0.9366406518666293,
      0.9502149456203615,
      0.9295495133667345,
      0.8622286447260222,
      0.7343051563711407,
      0.538743992468713,
      0.2853514472038643,
      -3.032414497283753e-09,
      -0.2853514482922111,
      -0.538743989240939,
      -0.7343051553257834,
      -0.8622286449310036,
      -0.9295495133218452,
      -0.950214945609813,
      -0.9366406518685372,
      -0.8972488756230632,
      -0.837082531342045,
      -0.7589758620579886,
      -0.6645193680723637,
      -0.554799667509828,
      -0.43102800879058556,
      -0.29510436487490976,
      -0.15003317811895736
    ],
    "24": [
      -1.6431300764452318e-15,
      0.13468227994370657,
      0.2653906222426288,
      0.38880546144026895,
      0.5025998307593058,
      0.60538343661346,
      0.696387108807119,
      0.7750481234454993,
      0.8405578792192284,
      0.891308825625076,
      0.9240411178708905,
      0.9323002072046496,
      0.9036714231772822,
      0.8162243459752352,
      0.6401603942769054,
      0.35839873870920597,
      -2.5110250589932547e-09,
      -0.35839873956860857,
      -0.6401603916439632,
      -0.8162243451438127,
      -0.9036714233065436,
      -0.9323002071753047,
      -0.9240411178627914,
      -0.8913088256264174,
      -0.8405578792199958,
      -0.775048123445545,
      -0.6963871088071002,
      -0.6053834366134355,
      -0.502599830759312,
      -0.3888054614402692,
      -0.26539062224262716,
      -0.1346822799437086
    ],
    "32": [
      -2.1938006966593095e-15,
      0.12207546210447806,
      0.2409609830852342,
      0.3539823629466352,
      0.4592559059893079,
      0.5556633059604895,
      0.6426291775643144,
      0.7198252478969782,
      0.7868551644989361,
      0.8428838574565495,
      0.8860645981364189,
      0.9123940669277317,
      0.9130527794256955,
      0.8680037005266849,
      0.7336673573274425,
      0.4442929106928824,
      -2.4824294087011367e-09,
      -0.4442929114234568,
      -0.7336673548069348,
      -0.8680036998098762,
      -0.9130527794664807,
      -0.9123940669129484,
      -0.886064598133222,
      -0.8428838574575653,
      -0.7868551644994389,
      -0.7198252478969984,
      -0.6426291775642956,
      -0.5556633059604679,
      -0.45925590598931293,
      -0.3539823629466356,
      -0.24096098308523295,
      -0.12207546210448086
    ],
    "40": [
      -2.451372438372346e-15,
      0.11155749598094328,
      0.2205380587235447,
      0.3247602703882534,
      0.422658913740296,
      0.5132844664417086,
      0.5961519353195631,
      0.6710304627891305,
      0.7377205891562698,
      0.7958057464421268,
      0.844290561867496,
      0.8808805220642509,
      0.9001495014553024,
      0.8878654584960788,
      0.8011761053210489,
      0.5267650647534714,
      -1.7825135500970647e-09,
      -0.5267650652130909,
      -0.8011761035154029,
      -0.8878654580425707,
      -0.9001495014799799,
      -0.8808805220573669,
      -0.8442905618655121,
      -0.7958057464428916,
      -0.7377205891567223,
      -0.6710304627891541,
      -0.5961519353195445,
      -0.5132844664416893,
      -0.4226589137402998,
      -0.32476027038825367,
      -0.22053805872354346,
      -0.11155749598094641
    ],
    "48": [
      -2.7977620220553944e-15,
      0.10266184011381486,
      0.20322493814555892,
      0.2998909053257325,
      0.3913380525575939,
      0.47673677976893236,
      0.5556496657966496,
      0.6278817360931612,
      0.6933199354134998,
      0.7517613282093367,
      0.8026821527541199,
      0.8448016442211941,
      0.8749496351384078,
      0.8840223152641152,
      0.8367621940307066,
      0.589115387716206,
      -1.0915925940935267e-09,
      -0.5891153879790142,
      -0.8367621929307779,
      -0.8840223150065987,
      -0.8749496351483055,
      -0.8448016442154509,
      -0.8026821527522037,
      -0.7517613282097662,
      -0.6933199354138606,
      -0.627881736093194,
      -0.5556496657966383,
      -0.47673677976891776,
      -0.39133805255759757,
      -0.2998909053257329,
      -0.2032249381455577,
      -0.10266184011381842
    ],
    "51": [
      -2.8599345114344034e-15,
      0.09967171698807366,
      0.19739579202400456,
      0.2914953264544373,
      0.380726187464832,
      0.46429638540795887,
      0.541781135852967,
      0.6129910663865415,
      0.677829633510748,
      0.7361421965165408,
      0.7875190723751567,
      0.8309334291692474,
      0.863802722335522,
      0.8784880367927161,
      0.8427446178256531,
      0.6055108180727701,
      -8.883284863259177e-10,
      -0.605510818294336,
      -0.8427446169313407,
      -0.878488036575726,
      -0.8638027223429628,
      -0.8309334291643086,
      -0.7875190723733766,
      -0.7361421965168787,
      -0.6778296335110762,
      -0.6129910663865772,
      -0.5417811358529571,
      -0.4642963854079439,
      -0.380726187464835,
      -0.2914953264544378,
      -0.19739579202400362,
      -0.0996717169880775
    ]
  },
  "_source": "solver"
}