dq_lu, dq_hhl,
-0.006243788546405182,-0.0
-0.0029926753281951024,-0.0010659288067832765
0.013576775626468024,0.0021318576135671086
0.013336604795858078,0.002218907754932827
-0.0066392083303883865,-0.0008703272262510758
-0.002805976639410112,-0.0
0.018223359597399985,0.0026109816787534767
-0.02728109505449239,-0.004437815509865824
0.04994800527489648,0.007976680787354066
0.011721393101551755,0.0017406544525022654
-0.03835749110731517,-0.005902846441733654
0.035012208646560586,0.00529399384093907
0.010258432470101882,0.0013761081723051168
-0.008681988245635099,-0.0008703272262511067
0.028308228680702943,0.004082196538211928
