dq_lu, dq_hhl,
-0.008262416171713485,-0.0017792773099280926
-0.004331117694356951,-0.0011253137776858957
0.015307137468353672,0.002250627555372164
0.015236079015411592,0.0028689984556680716
-0.00841930164836288,-0.0013782222779272501
-0.004647988962330443,-0.0
0.020606100161198442,0.003558554619856443
-0.03224831671478679,-0.005032556205846503
0.055694259648694074,0.009381365110067498
0.013612645840075745,0.0025162781029231447
-0.0456254515340005,-0.0074644871440046135
0.03903267481891672,0.006265481948402442
0.012266228589698261,0.0021052693043587746
-0.01109955832228787,-0.0023871510094933797
0.03454645989622499,0.006751882666116737
