xp, rho, u, p, Mach
0.1,0.99480555100966,1.5068118867065285,0.6941127640638123,1.5245760896202067
0.3,0.8670993773667304,1.6563821142168063,0.5875391971735202,1.700640545052137
0.5,0.5947375153680879,1.8693426789540823,0.30748038821367296,2.1972468996388614
0.7,0.5012980409733145,1.9788506385109041,0.22341173450057075,2.5052092760356
0.9,0.4713670866645077,1.9420454393039015,0.22925398302272235,2.3535127298654306
