{
  "grid": [
    0.0,
    0.125,
    0.25,
    0.375,
    0.5,
    0.625,
    0.75,
    0.875
  ],
  "solution_steps": {
    "0": [
      0.0,
      0.7071067811865475,
      1.0,
      0.7071067811865476,
      1.2246467991473532e-16,
      -0.7071067811865475,
      -1.0,
      -0.7071067811865477
    ],
    "2": [
      -1.0658141036401502e-16,
      0.48244288246160744,
      0.679502977329611,
      0.6572727696431104,
      2.62474486589781e-13,
      -0.6572727696431027,
      -0.6795029773298732,
      -0.4824428824616153
    ],
    "4": [
      -1.4210854715202004e-16,
      0.4319516963350767,
      0.5973163485899188,
      0.6082850396476974,
      1.6441958905488719e-13,
      -0.6082850396476885,
      -0.5973163485900831,
      -0.43195169633508557
    ],
    "6": [
      -1.4210854715202004e-16,
      0.3984445071718844,
      0.5454580776496296,
      0.5613892427409853,
      1.1979750524915289e-13,
      -0.5613892427409758,
      -0.5454580776497493,
      -0.39844450717189395
    ],
    "8": [
      -2.1316282072803005e-16,
      0.3729184981799763,
      0.5078586073439375,
      0.5239187582781917,
      9.308109838457312e-14,
      -0.5239187582781816,
      -0.5078586073440304,
      -0.3729184981799864
    ],
    "10": [
      -2.3092638912203257e-16,
      0.3521065250673312,
      0.4784589048241483,
      0.4935726756156403,
      7.617018127348274e-14,
      -0.49357267561563,
      -0.47845890482422426,
      -0.3521065250673415
    ],
    "12": [
      -2.486899575160351e-16,
      0.3344414492257269,
      0.45435468725236433,
      0.46829522090364206,
      6.714628852932948e-14,
      -0.46829522090363174,
      -0.4543546872524313,
      -0.33444144922573726
    ],
    "14": [
      -2.6645352591003756e-16,
      0.3190452486456105,
      0.4339394887902012,
      0.4467158303562709,
      5.712763595511206e-14,
      -0.4467158303562603,
      -0.43393948879025807,
      -0.3190452486456211
    ]
  },
  "_source": "solver"
}