{
  "results": [
    {
      "u_initial": [
        0.0,
        0.3826834323650898,
        0.7071067811865475,
        0.9238795325112867,
        1.0,
        0.9238795325112867,
        0.7071067811865476,
        0.3826834323650899,
        1.2246467991473532e-16,
        -0.38268343236508967,
        -0.7071067811865475,
        -0.9238795325112865,
        -1.0,
        -0.9238795325112866,
        -0.7071067811865477,
        -0.3826834323650904
      ],
      "u_final_classical": [
        -5.857590438709849e-17,
        0.1889547358027246,
        0.37461807356714477,
        0.5530941296344742,
        0.7189359818183182,
        0.8627457524740141,
        0.9804309490943023,
        0.978818493029693,
        5.190854798563756e-16,
        -0.9788184930296926,
        -0.9804309490943022,
        -0.862745752474014,
        -0.7189359818183185,
        -0.5530941296344745,
        -0.3746180735671451,
        -0.18895473580272476
      ],
      "u_final_method": [
        0.0,
        0.12771726130923133,
        0.39573738617728144,
        0.21156699193729797,
        -0.9106012212497024,
        -0.14726937736531726,
        2.2381491418163715,
        0.5602965700658005,
        2.098452924622478e-16,
        -0.5602965700657999,
        -2.238149141816355,
        0.14726937736531764,
        0.9106012212497014,
        -0.21156699193729808,
        -0.3957373861772833,
        -0.12771726130923122
      ],
      "errors_by_step": {
        "0": 0.0,
        "10": 0.15349866255132627,
        "20": 0.5204177620073963,
        "26": 1.2313755701117381
      },
      "final_error": 1.2313755701117381,
      "max_error": 1.2313755701117381,
      "_source": "solver"
    },
    {
      "_source": "stdout",
      "experiment_id": null,
      "algorithm": "burgers_lbm",
      "q": 4,
      "N": 16,
      "nu": 0.01,
      "n_steps": 26,
      "shock_pct": 100.0,
      "ic": "sine",
      "ic_modes": null,
      "ic_seed": null,
      "ic_alpha": null,
      "ic_center": null,
      "ic_sigma": null,
      "ic_cole_hopf_coeffs": null,
      "classical_reference": true,
      "analytic_reference": null,
      "method": "lbm",
      "bc": "periodic",
      "trotter_order": 1,
      "trotter_reps": 1,
      "shots": 0,
      "t1": null,
      "t2": null,
      "backend_name": null,
      "final_error": 1.2313755701117381,
      "max_error": 1.2313755701117381,
      "classical_time_s": 0.0010721683502197266,
      "method_time_s": 0.0018768310546875,
      "exit_code": 0
    }
  ],
  "analysis": [
    {
      "final_error_epsilon": 1.2313755701117381,
      "max_error_epsilon": 1.2313755701117381,
      "classical_wall_time_s": 0.0010721683502197266,
      "method_wall_time_s": 0.0018768310546875,
      "speedup_ratio": 0.571265243902439,
      "n_pauli_terms": 60,
      "shots": 0,
      "t1": null,
      "t2": null,
      "backend_name": null,
      "backend_type": "sim",
      "coupling_map": "default",
      "optimization_level": 1,
      "seed": null,
      "total_pauli_decomp_time": 0,
      "total_circuit_construction_time": 0,
      "total_transpilation_time": 0,
      "total_execution_time": 0,
      "total_sign_recovery_time": 0,
      "total_metric_transpile_time": 0,
      "n_circuits_executed": 0,
      "avg_circuit_depth": null,
      "avg_gate_count": null,
      "avg_cx_gates": null,
      "avg_sign_recovery_depth_per_circuit": null,
      "avg_sign_recovery_cx_per_circuit": null,
      "total_sign_recovery_cx": 0,
      "n_qubits": null,
      "circuit_metrics_n_available": 0,
      "circuit_metrics_n_total": 3,
      "sign_recovery": "none",
      "per_step_metrics": [
        {
          "step": 1,
          "rho_max": 1.5291300417718159,
          "rho_min": 0.7294019499269015,
          "u_max": 1.082392200292394,
          "mass": 16.0
        },
        {
          "step": 2,
          "rho_max": 2.4731320102449446,
          "rho_min": 0.3943567572585755,
          "u_max": 1.7208523615191067,
          "mass": 16.0
        },
        {
          "step": 3,
          "rho_max": 4.232539168634974,
          "rho_min": -1.1848849246205602,
          "u_max": 2.2381491418163715,
          "mass": 16.0
        }
      ],
      "_source": "solver"
    }
  ],
  "artifacts": [
    {
      "_source": "sweep",
      "directory": "/lustre/orion/ard189/scratch/ishangore/burgers_quantum/2026-06-05/_e15fb147/8859c8f1",
      "files": [
        {
          "name": "q8020_stderr_8859c8f1.txt",
          "path": "q8020_stderr_8859c8f1.txt",
          "size_bytes": 375,
          "modified": "2026-06-06T00:13:19Z",
          "type": "txt"
        },
        {
          "name": "pipeline_args.json",
          "path": "pipeline_args.json",
          "size_bytes": 1591,
          "modified": "2026-06-05T18:03:35Z",
          "type": "json"
        },
        {
          "name": "q8020_env_before_8859c8f1.json",
          "path": "q8020_env_before_8859c8f1.json",
          "size_bytes": 2662,
          "modified": "2026-06-06T00:13:15Z",
          "type": "json"
        },
        {
          "name": "q8020_artifacts_0.json",
          "path": "q8020_artifacts_0.json",
          "size_bytes": 1959,
          "modified": "2026-06-06T00:13:19Z",
          "type": "json"
        },
        {
          "name": "q8020_case_0.json",
          "path": "q8020_case_0.json",
          "size_bytes": 714,
          "modified": "2026-06-06T00:13:19Z",
          "type": "json"
        },
        {
          "name": "q8020_results_0.json",
          "path": "q8020_results_0.json",
          "size_bytes": 1438,
          "modified": "2026-06-06T00:13:19Z",
          "type": "json"
        },
        {
          "name": "q8020_stdout_8859c8f1.txt",
          "path": "q8020_stdout_8859c8f1.txt",
          "size_bytes": 662,
          "modified": "2026-06-06T00:13:19Z",
          "type": "txt"
        },
        {
          "name": "q8020_params_8859c8f1.json",
          "path": "q8020_params_8859c8f1.json",
          "size_bytes": 1143,
          "modified": "2026-06-06T00:13:15Z",
          "type": "json"
        },
        {
          "name": "q8020_analysis_0.json",
          "path": "q8020_analysis_0.json",
          "size_bytes": 1479,
          "modified": "2026-06-06T00:13:19Z",
          "type": "json"
        }
      ]
    },
    {
      "grid": [
        0.0,
        0.0625,
        0.125,
        0.1875,
        0.25,
        0.3125,
        0.375,
        0.4375,
        0.5,
        0.5625,
        0.625,
        0.6875,
        0.75,
        0.8125,
        0.875,
        0.9375
      ],
      "solution_steps": {
        "0": [
          0.0,
          0.3826834323650898,
          0.7071067811865475,
          0.9238795325112867,
          1.0,
          0.9238795325112867,
          0.7071067811865476,
          0.3826834323650899,
          1.2246467991473532e-16,
          -0.38268343236508967,
          -0.7071067811865475,
          -0.9238795325112865,
          -1.0,
          -0.9238795325112866,
          -0.7071067811865477,
          -0.3826834323650904
        ],
        "10": [
          -9.08513805389829e-17,
          0.1380711874576984,
          0.41092307454751437,
          0.8047378541243649,
          1.082392200292394,
          1.0581652758743958,
          0.7924102142086069,
          0.4142135623730952,
          1.0890731928908398e-16,
          -0.4142135623730949,
          -0.7924102142086062,
          -1.0581652758743958,
          -1.082392200292394,
          -0.8047378541243644,
          -0.4109230745475153,
          -0.1380711874576984
        ],