{
  "grid": [
    0.0,
    0.03125,
    0.0625,
    0.09375,
    0.125,
    0.15625,
    0.1875,
    0.21875,
    0.25,
    0.28125,
    0.3125,
    0.34375,
    0.375,
    0.40625,
    0.4375,
    0.46875,
    0.5,
    0.53125,
    0.5625,
    0.59375,
    0.625,
    0.65625,
    0.6875,
    0.71875,
    0.75,
    0.78125,
    0.8125,
    0.84375,
    0.875,
    0.90625,
    0.9375,
    0.96875
  ],
  "solution_steps": {
    "0": [
      0.0,
      0.19509032201612825,
      0.3826834323650898,
      0.5555702330196022,
      0.7071067811865475,
      0.8314696123025452,
      0.9238795325112867,
      0.9807852804032304,
      1.0,
      0.9807852804032304,
      0.9238795325112867,
      0.8314696123025455,
      0.7071067811865476,
      0.5555702330196022,
      0.3826834323650899,
      0.1950903220161286,
      1.2246467991473532e-16,
      -0.19509032201612836,
      -0.38268343236508967,
      -0.555570233019602,
      -0.7071067811865475,
      -0.8314696123025452,
      -0.9238795325112865,
      -0.9807852804032303,
      -1.0,
      -0.9807852804032304,
      -0.9238795325112866,
      -0.8314696123025455,
      -0.7071067811865477,
      -0.5555702330196022,
      -0.3826834323650904,
      -0.19509032201612872
    ],
    "10": [
      0.021580111957344106,
      0.1832063230347294,
      0.33092397460744954,
      0.46244327481256886,
      0.5781334853320923,
      0.6790882528243163,
      0.7644217026378218,
      0.8289489991975997,
      0.8629486517760299,
      0.8555135835510055,
      0.8013227910094664,
      0.7071066245351272,
      0.5911734698478206,
      0.472732293261538,
      0.35758955840864814,
      0.23275270693928576,
      0.07682963147624378,
      -0.11923185073891461,
      -0.337256893293516,
      -0.5385733894948203,
      -0.6889401190423983,
      -0.7783638579827908,
      -0.8197559530743743,
      -0.8333450101152565,
      -0.83222431636353,
      -0.8171421096807738,
      -0.7801279324909761,
      -0.7121359301874346,
      -0.6092708465880182,
      -0.47476494483130677,
      -0.3173473162001039,
      -0.14823496512487316
    ],
    "20": [
      0.030890755210104717,
      0.16780880418294153,
      0.2902726452646838,
      0.3975339313452271,
      0.4917876624667062,
      0.5759603930283465,
      0.6507920670857015,
      0.7124887947807252,
      0.7524125410112337,
      0.7597899128263137,
      0.7271043094817387,
      0.6555501933009854,
      0.5559869904883776,
      0.4425933143639384,
      0.3228368215532193,
      0.1924848479607988,
      0.04148461700156787,
      -0.1327569393133004,
      -0.3160696934948057,
      -0.4820727322477552,
      -0.6077766183840488,
      -0.6861022269338037,
      -0.7254631682587803,
      -0.7398023291366705,
      -0.7385021142565101,
      -0.7222200276986177,
      -0.6851603879582863,
      -0.6206629192401348,
      -0.5260964952611707,
      -0.40469624836201756,
      -0.26449993194973137,
      -0.11589676885697671
    ],
    "30": [
      0.03501001072658605,
      0.1512185745497071,
      0.2541414586605181,
      0.3450420849277569,
      0.42744562552123555,
      0.5043997371827954,
      0.5755628255926027,
      0.6355117139985067,
      0.674434164688832,
      0.6816291845491108,
      0.6509079980220115,
      0.5850416203029155,
      0.495300073524842,
      0.3946359769206502,
      0.28883154569084796,
      0.17319832748073338,
      0.0387076256868518,
      -0.11647993204454679,
      -0.2797292814948669,
      -0.4282977628682126,
      -0.5423828560110299,
      -0.6153968547236964,
      -0.6536906506740205,
      -0.6683986321305743,
      -0.6670532765580521,
      -0.650112211649037,
      -0.6129190635800102,
      -0.5504421931219293,
      -0.4613764955911613,
      -0.3496142923714147,
      -0.2231897042051866,
      -0.09193534100276511
    ],
    "40": [
      0.037278740472855974,
      0.13612570220045414,
      0.2234160403848538,
      0.3017945079066694,
      0.37521910592493546,
      0.4461550071864583,
      0.5131395963917059,
      0.569910957792372,
      0.6067987890635078,
      0.6142916590335283,
      0.5875896747371726,
      0.5296342303092111,
      0.449848826350727,
      0.35832519562391457,
      0.2593859802255402,
      0.1500266550755697,
      0.02521439474366929,
      -0.11386564437771796,
      -0.25574733161394436,
      -0.3830218340256899,
      -0.48173954881646,
      -0.5478531566115618,
      -0.5861394642254982,
      -0.6040073464717687,
      -0.6056424151040698,
      -0.5900694435214288,
      -0.5532631809915793,
      -0.49201881639165923,
      -0.4069100540771673,
      -0.30298131726306565,
      -0.18844915346624902,
      -0.07244635646528562
    ],
    "50": [
      0.03704474141116574,
      0.12405640077618481,
      0.20010649671282188,
      0.268748090350204,
      0.33441099538337904,
      0.3993114991107854,
      0.4611709393214401,
      0.5129366624056824,
      0.5449453685404645,
      0.5490024921848423,
      0.5226786280913952,
      0.47109188264765084,
      0.40400888174491634,
      0.3292903397634927,
      0.24738354307285776,
      0.1517410635523767,
      0.035828458542362544,
      -0.09809952579134702,
      -0.2358276529103062,
      -0.3573361728726397,
      -0.4477331726453681,
      -0.503955232230376,
      -0.5328543692773113,
      -0.5439304470478746,
      -0.5427068262468758,
      -0.5284600753271951,
      -0.49645816197009013,
      -0.44233724478271946,
      -0.3656557075662952,
      -0.2709364524328914,
      -0.16634216220455642,
      -0.061123280306175955
    ]
  },
  "_source": "solver"
}