dq_lu, dq_hhl,
-9.118634912748733e-05,-4.455722591977316e-05
7.559729931393464e-05,3.638082261903677e-05
0.00024829541521253557,9.795836281222113e-05
0.00020760723307681526,8.335893674894993e-05
-0.0001677375055074353,-7.045116006293969e-05
0.00021117674824937507,8.134999245421902e-05
0.00026348058497865066,9.963298604614287e-05
-1.0633737299209395e-05,-0.0
0.00031837968714575255,0.0001106479523253675
9.72114447049494e-05,2.572512637914149e-05
-0.0002101338630577857,-9.09520565483622e-05
0.00012911359812483613,5.145025275841376e-05
0.00018273896463699414,5.1450252758530696e-05
-6.0139302883505794e-05,-2.5725126378978363e-05
0.0001178796888751517,5.145025275837578e-05
