dq_lu, dq_hhl,
-0.013929856210720935,-0.005827035727805826
-0.005395085332640908,-0.0
0.033657486646923536,0.013789283305869064
0.045385556676772965,0.01748110718341835
-0.0040359584991378665,-0.0
0.028218375988214472,0.008642890709761503
0.020534504619144012,0.011654071455611922
-0.002339047727301207,-0.0
0.032080990695127966,0.013540807398929098
0.015240309759927935,0.008240672954695627
-0.03985006859636033,-0.01786535324328658
0.004754088000660223,0.0
0.024685429249450604,0.011056022944226359
-0.013505127277167302,-0.004513602466309507
-0.0035605408783510235,-0.002605929598938213
