dq_lu, dq_hhl,
-4.6572362212500344e-05,-1.737478792784183e-05
3.925278614123171e-05,1.7374787927772263e-05
0.00015048383302392052,5.0156692437004374e-05
0.0001243516394549075,3.4749575856150364e-05
-9.731079210063858e-05,-3.172187760017986e-05
0.00013002038290185763,5.11499906946579e-05
0.00016393054336734543,6.501050359483944e-05
-1.0633529304196137e-05,-0.0
0.00020789852468453563,7.371498219395897e-05
7.153201441741472e-05,1.7374787927972007e-05
-0.00011919473062991322,-4.914332146246339e-05
7.779329391188775e-05,3.0094015462015755e-05
0.00013132459924048275,5.7625652369446486e-05
-3.442169355535453e-05,-0.0
6.648752035226558e-05,3.172187760002874e-05
