xp, rho, u, p, Mach
0.1,0.9881914014112815,1.513003092268475,0.6996761750271226,1.5196647516340764
0.3,0.8845231291441632,1.616663255118168,0.6013053072227725,1.6571530782276849
0.5,0.6183946014744228,1.7455120870936298,0.37329560572344117,1.8987389028125297
0.7,0.516663593883932,1.8332165921045547,0.2870953900010993,2.0784547900017625
0.9,0.4825694613659191,1.8752776859122273,0.259536934480039,2.1611350164377003
