xp, rho, u, p, Mach
0.1,0.9875001490559635,1.5143693402647935,0.6998067721530037,1.5203630457260502
0.3,0.8859417356752276,1.6134008546066012,0.6030643892513626,1.6527189369868642
0.5,0.6196122465989672,1.7417077408639092,0.3749317238760824,1.8923225571290867
0.7,0.51697946411351,1.8294340810784189,0.2886614559476707,2.069164385485624
0.9,0.4836976994255393,1.869939521286934,0.26081056854425727,2.152226431554044
