xp, rho, u, p, Mach
0.1,0.9874667927990631,1.5144446015869004,0.6998186246403391,1.5204000503512713
0.3,0.886033425178445,1.613157855935272,0.6031883994335605,1.6523856404180823
0.5,0.6197120736274114,1.7414101140453047,0.3750546565095375,1.891841475639743
0.7,0.5170359779532189,1.8290988826890409,0.28877032303642,2.068508307943003
0.9,0.483775641134446,1.8695627412979203,0.26090611271625935,2.151572070135219
