{
  "grid": [
    0.0,
    0.125,
    0.25,
    0.375,
    0.5,
    0.625,
    0.75,
    0.875
  ],
  "solution_steps": {
    "0": [
      0.0,
      0.21213203435596423,
      0.3,
      0.21213203435596426,
      3.6739403974420595e-17,
      -0.21213203435596423,
      -0.3,
      -0.2121320343559643
    ],
    "1": [
      -0.1423956450665459,
      -0.0254925360753875,
      0.07107532872315842,
      0.1995496990122307,
      0.21720615585816253,
      0.04294077992471056,
      -0.14588583951477505,
      -0.21699794286155374
    ]
  },
  "_source": "solver"
}