{
  "grid": [
    0.0,
    0.125,
    0.25,
    0.375,
    0.5,
    0.625,
    0.75,
    0.875
  ],
  "solution_steps": {
    "0": [
      0.0,
      0.7071067811865475,
      1.0,
      0.7071067811865476,
      1.2246467991473532e-16,
      -0.7071067811865475,
      -1.0,
      -0.7071067811865477
    ],
    "2": [
      0.08889591118831024,
      0.1519288950917159,
      0.356602092919214,
      0.30289839669118085,
      -0.008582850421860402,
      -0.07877848105589569,
      -0.16851601740061134,
      -0.13332521346368195
    ],
    "4": [
      0.006720202209180932,
      0.02265760906035897,
      0.06711834870529274,
      0.054123461292568766,
      -0.0033041706507862044,
      -0.024799656379405746,
      -0.0314579922775714,
      -0.031191756522509436
    ],
    "6": [
      -0.0017139380379925086,
      0.002266755724011678,
      0.010367923580047608,
      0.008899001516350195,
      -0.0011268484604677954,
      -0.004634465881941639,
      -0.00649382882775921,
      -0.006527683683161913
    ],
    "8": [
      -0.0001649047209830661,
      0.0006358332018263693,
      0.0018444159403699573,
      0.0015679994046124807,
      0.0005528582771976271,
      -0.0002687651708750923,
      -0.0011195344003631987,
      -0.0007070447019943679
    ],
    "10": [
      -5.408720890579647e-05,
      9.91550967628584e-05,
      0.0004547942090439658,
      0.0003453609363654961,
      -2.4216210410916053e-05,
      -0.00012894385072074053,
      -0.0002518017636228379,
      -0.0002181551293370209
    ],
    "12": [
      -3.2964122126243126e-07,
      4.2648940225608086e-05,
      7.633031103318138e-05,
      6.0705134196510494e-05,
      -3.141932024139991e-05,
      -4.372377225814712e-05,
      -8.209408726760215e-05,
      -8.416058331336047e-05
    ],
    "14": [
      -7.602241629479269e-06,
      2.8540552646905545e-06,
      6.492382254342547e-06,
      4.1417379619127335e-06,
      -1.8739061200195234e-06,
      -3.48577592644943e-06,
      -1.642318002698081e-05,
      -1.655714083592145e-05
    ]
  },
  "_source": "solver"
}