dq_lu, dq_hhl,
-0.013082410149215849,-0.0
-0.005142406055425529,-0.0
0.03363807201372797,0.0
-0.05277897818528809,-0.03667517152848013
-0.07184962295972337,-0.06861296323036985
-0.0050227410893499864,-0.0
-0.07242943751408727,-0.05798853780367835
-3.635095023467474e-05,-0.0
-0.12805175329463309,-0.06861296323037028
0.0011703006682045466,0.0
-0.018219465769181157,-0.0
-0.08472448634768942,-0.05798853780367847
0.01734253237866974,0.0
-0.016458126296802367,-0.0
-0.020992718822373805,-0.0
