xp, rho, u, p, Mach
0.1,1.0,1.5,0.688476120040561,1.527857324740056
0.3,0.9354760143871146,1.6034617423972526,0.5842489099747188,1.7147940087627878
0.5,0.6865633861610454,1.5723346630104371,0.45704360408064443,1.6287051613647818
0.7,0.5115574955625674,1.8826206066921385,0.304142685236932,2.0635135666078823
0.9,0.46306868265391166,1.9875003760354353,0.23989393651716429,2.333760427674238
