xp, rho, u, p, Mach
0.1,1.0,1.5,0.7142857142857144,1.5
0.3,1.0,1.5,0.6152874326938946,1.6161743835023372
0.5,0.6865633861610454,1.666315767906919,0.46686866580901804,1.7077969838550155
0.7,0.5115574955625674,1.8826206066921385,0.3299522794820862,1.9811641012654524
0.9,0.46306868265391166,1.9875003760354353,0.2657035307623184,2.217518461885508
