dq_lu, dq_hhl,
-0.017490375144513653,-0.0
-0.00668343331102811,-0.0
-0.040246586514892366,-0.0
-0.12155768102366118,-0.0
-0.06518616670450268,-0.0
-0.2674500021344605,-0.0707909937577821
-0.24587239968513452,-0.0
-0.2596077177687853,-0.0
-0.7054100782617257,-0.10011358346612478
-0.23950770364485444,-0.0
-0.4316917084162955,-0.10011358346612469
-0.886744076876379,-0.10011358346612481
-0.2453447750756384,-0.07079099375778207
-0.45519313168591957,-0.0
-0.9267394681901006,-0.12261359790677015
