dq_lu, dq_hhl,
-0.012782661477977957,-0.0
-0.0044793285100524815,-0.0
-0.02898501261495226,-0.0
0.03177376418265635,0.0
0.04262588915190506,0.0
-0.006501054077766167,-0.0
-0.077637491040124,-0.0
-0.044899068906583094,-0.0
-0.17621682788494283,-0.08164858041934667
-0.020263787495851768,-0.0
-0.053726265593401205,-0.0
-0.07612534552699989,-0.05773426488877477
-0.03499722246927733,-0.0
-0.14982558474560925,-0.09999868012499846
-0.07785985410603154,-0.0
