xp, rho, u, p, Mach
0.1,0.9999999999999998,1.5000000000000004,0.7142857142857143,1.5000000000000004
0.3,0.8606631635865106,1.611720680501062,0.6180483952624825,1.6074265113389798
0.5,0.6940272263096723,1.6190646853793997,0.42215746306755275,1.7544912257425767
0.7,0.5317511368197814,1.860573358267708,0.2689095849620776,2.211229666932083
0.9,0.5101486372128589,1.8544709167699527,0.26370290171851396,2.179951944609785
