xp, rho, u, p, Mach
0.1,0.9999999999999999,1.5000000000000002,0.7142857142857143,1.5000000000000002
0.3,0.9999999999999999,1.5000000000000002,0.6504764718038988,1.5718512507743012
0.5,0.8602204935573619,1.45623954270299,0.5594883739823171,1.5260830230060676
0.7,0.7552809519076775,1.5746940358938577,0.5121477004579238,1.6161766101783397
0.9,0.658984189518155,2.064117038303978,0.2980616764360994,2.593908955329086
