dq_lu, dq_hhl,
0.0005057103103428074,0.0
-0.0015971928465593297,-0.0
-0.002002213618955154,-0.0
0.0007452847452522188,0.0
0.0010153896493485283,0.0
0.003060026839542384,0.0002952079522496311
0.0007835219375230141,0.0
0.002053261716445335,0.00029520795224958384
0.0016714470121775504,0.0
-0.0008056479167825135,-0.0
-0.0012044316869226082,-0.0
-0.0031681213441193423,-0.0002952079522496344
0.0009311127047628196,0.0
0.0004550961584971048,0.0
-1.780344486812466e-05,-0.0
-0.002986397029985291,-0.0002952079522496288
0.0008326276286257866,0.0
0.00022984405281771487,0.0
-0.0030125408454113496,-0.0
-0.00024202823681489935,-0.0
0.0021828364474490124,0.00029520795224959235
-0.0010233491634264822,-0.0
-0.0010063193598868053,-0.0002952079522494342
-0.00267279586630898,-0.0
0.0013536611804028118,0.0
-0.0005264661536958653,-0.0
-0.002841827648263502,-0.0002952079522496237
-0.0012343738664332155,-0.0
-0.0028628340857226927,-0.00041748708979180807
-0.0030800864269479016,-0.0
