dq_lu, dq_hhl,
0.0037836757805313364,0.0
0.0016797895713550866,0.0
-0.0019755000586913936,-0.0
0.0040767092698059185,0.0
0.0010701906713828,0.0
0.006467540074113764,0.0
0.01009832856040348,0.0
0.01190752261794497,0.0
0.007443104531911243,0.0
-0.0009127228540378922,-0.0
-0.008882628997515808,-0.0
-0.02893067557795773,-0.011857316430704798
0.012864212245753626,0.0
-0.0038792350075743543,-0.0
-0.00038770099388188103,-0.0
-0.0030988659110849823,-0.0
-0.013691614000901025,-0.0
-0.0039656863533948355,-0.0
-0.01440915638044214,-0.0
-0.038965737803048274,-0.023714632861409807
-0.003887097413384825,-0.0
-0.023593045678022093,-0.0
-0.0008824704955845106,-0.0
-0.014632493318827409,-0.00838438885482575
0.009190131895190934,0.008384388854825411
-0.009115847739975699,-0.008384388854825403
-0.04162102656734849,-0.016768777709652242
-0.017963320308555377,-0.008384388854825855
-0.0138787033786189,-0.0
-0.009020943556626883,-0.0
