dq_lu, dq_hhl,
0.00050574476180961,0.0
-0.0015971454237396784,-0.0020835923574528377
-0.002002005048521789,-0.0
0.0007451197219252282,0.0
0.0010152461454109095,0.0020835923574520896
0.0027643853705835797,0.0
0.000782754290340521,0.0
0.0017575658597962652,0.0
0.001670302978440342,0.0
-0.0008066822674292693,-0.0
-0.0012056308823654384,-0.0
-0.0028756737189319617,-0.0
0.0009341554328155033,0.0
0.00045750607681692277,0.0
-1.02604150619806e-05,-0.0
-0.002191027045697075,-0.0
0.0008313980390852647,0.0
0.000231163237702499,0.0
-0.003012106430017896,-0.0020835923574534505
-0.0002427100649172005,-0.0
0.0015992844078811085,0.0
-0.0007386418546517262,-0.0
-0.0007111020267534327,-0.0
-0.002673322168015595,-0.0020835923574533625
0.0010701837827006239,0.0
-0.0005264938061055215,-0.0
-0.0025481149718360884,-0.0020835923574533243
-0.0012344910490782023,-0.0020835923574524544
-0.002445494276242096,-0.0
-0.003080415915624682,-0.0
