dq_lu, dq_hhl,
0.003784146528344089,0.0
0.0016808487899292166,0.0
-0.0019736654319140305,-0.0
0.0040556394872521585,0.0
0.0010536543938061975,0.0
0.006422052491728056,0.0
0.010039502975492434,0.0
0.011881212598783658,0.0
0.007338233716315162,0.0
-0.000942724452664618,-0.0
-0.00886443226325723,-0.00765512241955677
-0.017258545088718494,-0.0
0.013021388376973128,0.007655122419557046
-0.0037331016519972595,-0.007655122419555582
-0.00012400858835766605,-0.0
-0.003102470261694844,-0.0
-0.013993924474386524,-0.0
-0.0034949099741355756,-0.0
-0.014756536395050191,-0.0
-0.015245605370459806,-0.0076551224195571315
-0.004170944685916639,-0.0
-0.023861027552305757,-0.013259060968832862
-0.0009615535767586016,-0.0
-0.006519199602673026,-0.0
0.0011063903677690598,0.0
-0.000602454777734544,-0.0
-0.024827348241414797,-0.015310244839114648
-0.009192817751244971,-0.0
-0.013841381333056376,-0.00765512241955708
-0.009527755249451094,-0.0
