dq_lu, dq_hhl,
-1.8483832357727345e-05,-0.0
0.0002064027735766984,7.444217302513024e-05
-0.0006419668237425588,-0.00032448590935517884
0.0003042030573231888,0.0001359121913187664
0.00018104647551484774,4.2979208635090476e-05
0.0012032731064021349,0.0005750226213897666
0.0013487578488124209,0.0006588587922349758
1.3374182903524165e-05,0.0
0.0018475236301823171,0.0008702626463981936
0.0008824265435550448,0.0003915592255558959
-0.00029577133877928025,-0.000166457759277236
0.00273279260607111,0.0013022061895776869
0.001150686393690187,0.0005734141633540437
-0.0004406572310698195,-0.00021915182350981498
0.003948117474841002,0.0018575771091254923
