{
  "u_initial": [
    0.0,
    0.7071067811865475,
    1.0,
    0.7071067811865476,
    1.2246467991473532e-16,
    -0.7071067811865475,
    -1.0,
    -0.7071067811865477
  ],
  "u_final_classical": [
    -1.1873530614610141e-19,
    0.42394485050734104,
    0.8148848087022884,
    1.5239910592508712,
    5.401146323870215e-16,
    -1.5239910592508719,
    -0.8148848087022885,
    -0.4239448505073411
  ],
  "u_final_method": [
    -7.602241629479269e-06,
    2.8540552646905545e-06,
    6.492382254342547e-06,
    4.1417379619127335e-06,
    -1.8739061200195234e-06,
    -3.48577592644943e-06,
    -1.642318002698081e-05,
    -1.655714083592145e-05
  ],
  "errors_by_step": {
    "0": 0.0,
    "2": 0.7644269354297134,
    "4": 0.9542372419608397,
    "6": 0.9924622127740917,
    "8": 0.9988718430513247,
    "10": 0.9997385444394113,
    "12": 0.9999413511538755,
    "14": 0.9999939161367202
  },
  "final_error": 0.9999939161367202,
  "max_error": 0.9999939161367202,
  "_source": "solver"
}