xp, rho, u, p, Mach
0.1,0.987466853839001,1.5144273393564,0.6998243791424802,1.5203765163296146
0.3,0.8860260970357908,1.61318264251799,0.6031737161729867,1.6524243088024693
0.5,0.6197002513291251,1.7414331473241245,0.3750539425899734,1.8918502534880786
0.7,0.5170348590899487,1.829154931478887,0.2887516267573476,2.0686364221872586
0.9,0.4837659521350556,1.8696532327097568,0.2608839236203463,2.151746165582298
