xp, rho, u, p, Mach
0.1,0.9870979235570712,1.512571389510179,0.6994058711507755,1.5186837496444527
0.3,0.8859342669979544,1.6199527521531598,0.5984376505478487,1.6658259592230225
0.5,0.616873842954825,1.74708528564134,0.3758378376648724,1.8916814950817007
0.7,0.5189792894497434,1.8353145639622335,0.28663079787274603,2.087180844737592
0.9,0.4826883496353003,1.8914386441470916,0.25470870446713506,2.20059314077799
