dq_lu, dq_hhl,
-0.012550122796699427,-0.0
-0.0044831164254322785,-0.0
-0.011285525238224911,-0.0
-0.01220553522235197,-0.0
-0.009558045852470857,-0.0
0.002873225328844305,0.0
-0.008854386708249116,-0.0
-0.020565809531639046,-0.003179790589767295
-0.020329504535993626,-0.0
-0.02126279033744275,-0.0018358529529687896
0.012004623724073491,0.0025962881446110644
-0.02890341556631116,-0.0018358529529688126
0.023825045959586434,0.0025962881446111715
0.022439783844495926,0.0031797905897673084
-0.03119009616669156,-0.001835852952968817
