dq_lu, dq_hhl,
-0.014210480846191968,-0.0
-0.006294902305355767,-0.0
-0.033693595873521,-0.0
-0.05959208815596378,-0.04064406860990013
-0.01089640000699261,-0.0
-0.00029783853467852794,-0.0
-0.13774895044490063,-0.05747939305814388
-0.060430652327751036,-0.040644068609900136
-0.08089095660783778,-0.05747939305814359
-0.04231269873522665,-0.0
0.008335757145895512,0.0
-0.09431082955658121,-0.057479393058143695
0.04470961992311455,0.0
0.022920424512073136,0.0
-0.09519821520312685,-0.057479393058143695
