dq_lu, dq_hhl,
-0.005420667168994787,-0.0010213491139623738
0.0019998050351789512,0.0
-0.004394087615031733,-0.0010213491139623298
-0.005053449079330923,-0.0020426982279247202
0.004798233751906243,0.0014444057688832986
0.00282901970555699,0.0010213491139622012
-0.0045306746173566954,-0.0
-0.005737984215116341,-0.0020426982279247684
-0.002764971296014239,-0.0
-0.005408612215613604,-0.0010213491139623733
-0.002156934520442998,-0.0
-0.0030425762458611595,-0.0010213491139622265
0.0029302552748284214,0.0020426982279244275
0.0043746458681752755,0.0010213491139623287
0.003753658595215643,0.0
