xp, rho, u, p, Mach
0.1,0.9999999999999999,1.5000000000000002,0.7142857142857143,1.5000000000000002
0.3,0.9386923725244484,1.5326558674971844,0.6219919297898433,1.591292089590057
0.5,0.746775691896842,1.5290893390725264,0.433608374615643,1.6959580210978273
0.7,0.5551846709051282,1.6819146537378982,0.35472375388772387,1.778334827252089
0.9,0.43377323352598773,2.028086536199891,0.28671281340822624,2.1082897040055064
