dq_lu, dq_hhl,
0.0051957174543143135,0.0
0.0023739854428448267,0.0
0.010822337040233186,0.0
0.005639142270221212,0.0
0.0015418730722570532,0.0
0.010315313095351721,0.0
-0.030705605362752186,-0.0
-0.021143605136732295,-0.0
-0.07596526765079685,-0.0
-0.13699375604058917,-0.0
-0.09743166314039087,-0.0
-0.3383240868360557,-0.04219078510463836
-0.3087225429497157,-0.05966678050214832
-0.20312732637063632,-0.0
-0.6479929026517887,-0.042190785104638424
-0.3694625050779635,-0.042190785104638376
-0.3907814908508656,-0.042190785104638376
-0.9237661902438721,-0.11162632500544153
-0.4146336884817178,-0.0
-0.44753501319947825,-0.09434146351805701
-1.1330883456960688,-0.07307658341245397
-0.43951812829619713,-0.05966678050214838
-0.42384535856260075,-0.04219078510463839
-1.179115220825642,-0.11933356100429691
-0.43232948474864674,-0.0
-0.4544852970287995,-0.0
-1.2721009001126462,-0.16340420807368067
-0.37679452392564344,-0.042190785104638376
-0.4858122856812457,-0.0421907851046384
-1.2196035314984452,-0.15212103904685625
