xp, rho, u, p, Mach
0.1,0.9875769662274367,1.5156839893635785,0.6994455950323735,1.5221349274639298
0.3,0.8852764576432512,1.6139345522451798,0.602498197977964,1.6534211280916233
0.5,0.6180318746697608,1.747729571964237,0.3731305058447371,1.9010138258901563
0.7,0.5177170636433213,1.825586673184478,0.2895479178636792,2.0631198396561
0.9,0.4834594615187052,1.8714096269393248,0.2598888567556759,2.1572031414929005
