xp, rho, u, p, Mach
0.1,0.9875769662274367,1.515609864718136,0.6994662982181942,1.522037961779038
0.3,0.8853144412260524,1.6138933952018777,0.6025300653629704,1.6533707090415457
0.5,0.6181050784622297,1.7474491350227412,0.37321844044933117,1.900597415228503
0.7,0.517684961656707,1.8257390980061627,0.2895174343375103,2.0633367435260572
0.9,0.4834843276106126,1.8712836847212238,0.25994573190335357,2.1568774408537763
