dq_lu, dq_hhl,
-0.00020538324048811915,-0.0
-0.00018275700983452054,-0.0
-0.0005553270905635514,-0.0
-0.0007311836349404262,-0.0
-0.0006819438693469637,-0.0
-0.0013322737234737082,-0.0
-0.0017263909115887398,-0.0
-0.0017049752575009553,-0.0
0.00018129101600880912,0.0
0.006381696562021594,0.0003872333218019473
-0.000996049068387917,-0.0003872333218016192
0.003871960031220591,0.000387233321801908
-0.0011337796874014076,-0.0
0.003260900330984791,0.0
0.0008029855165947625,0.0
0.0030917274539064617,0.00038723332180188273
0.0013797501916263566,0.0
0.003988264644763758,0.0
-0.0025519580194292967,-0.0
-0.0030989051422052054,-0.0
0.004877254104005166,0.0
-0.0005267776865911457,-0.0
-0.00497529045405392,-0.00038723332180193017
0.0009040198916345897,0.0
-0.005136389986078073,-0.0003872333218019326
-0.0051746653688137505,-0.0
-0.006462743338718645,-0.0005476306154951
-0.0018446408833458115,-0.0
-0.005089138906631446,-0.0003872333218019319
-0.006205826333132769,-0.00038723332180194556
-0.004580935825901665,-0.0
-0.005884508422420702,-0.000670707787744633
-0.008095914797352664,-0.0005476306154951171
-0.005183980040416779,-0.0005476306154950791
-0.006148930392048056,-0.0005476306154950957
-0.0062109947996472036,-0.0
-0.004027735296541995,-0.0005476306154950488
-0.006278738521140888,-0.0003872333218019463
-0.009262486976637806,-0.0009485240498177739
-0.0077292966878622065,-0.0003872333218019579
-0.007200227315054843,-0.0007744666436039085
-0.009888540998595324,-0.0007744666436039377
-0.00783575585008045,-0.0008658800307022308
-0.007139703980384273,-0.00038723332180195375
-0.01270039291582931,-0.0010952612309902833
-0.006017431569490991,-0.00038723332180194366
-0.005653061331728765,-0.0006707077877446283
-0.013867558583791849,-0.0011616999654059405
-0.00588479953635745,-0.0003872333218019422
-0.007762284558972871,-0.0005476306154951143
-0.011375732140086973,-0.000774466643603948
-0.007312511534796564,-0.0
-0.007633291660914968,-0.0006707077877446591
-0.013064402545831355,-0.001024523068845481
-0.008889875139397319,-0.0005476306154951232
-0.0036008577064713105,-0.00038723332180190046
-0.013474364252361223,-0.0010245230688454834
-0.009037755197449874,-0.0006707077877446728
-0.005049100498311326,-0.0006707077877446141
-0.013598546477997351,-0.001024523068845484
