dq_lu, dq_hhl,
-0.00020415346530898684,-0.0
-0.0001822807048380768,-0.0
-0.0005522275236938077,-0.0
-0.0007345798093322235,-0.0
-0.0006846435276918844,-0.0
-0.00133995088148914,-0.0
-0.0017394246795959499,-0.0
-0.0016977892588458325,-0.0
0.0015173559983904122,0.0
0.009068344177040428,0.0015764581437372272
-0.0009988474654917428,-0.0
0.003829488333535702,0.0
-0.0027396233478888354,-0.0015764581437368254
0.003257649048565916,0.0
0.0007695633808781791,0.0
0.0030661661635968097,0.0
0.0013694416564890212,0.0
0.003950371120702031,0.0
-0.003524348052764526,-0.0
-0.003100306436312676,-0.0
0.004780542154337476,0.0
-0.0005616868972501194,-0.0
-0.010282316958717817,-0.0019307590265056982
0.0008088908336232281,0.0
-0.00693279655101533,-0.0011147242436933124
-0.00583412951098631,-0.0
-0.010859593379808588,-0.0
-0.004195006451578831,-0.0
-0.009667959058870036,-0.002229448487386716
-0.013440567117884354,-0.0024925991850654615
-0.008829117287078522,-0.0022294484873866937
-0.011734477417682765,-0.001114724243693378
-0.010356212042543632,-0.0
-0.006296941800126024,-0.0011147242436932959
-0.01040361827133003,-0.002229448487386732
-0.011687673076222819,-0.0011147242436933779
-0.007463504899172503,-0.0011147242436933236
-0.010930999050895592,-0.0015764581437372569
-0.01621553971056094,-0.002949283129227309
-0.013711809688249815,-0.0015764581437372862
-0.013042193902348643,-0.0011147242436933876
-0.022115543220217877,-0.00369712206104378
-0.010093807796068704,-0.0011147242436933627
-0.010326657386716408,-0.0015764581437372482
-0.02044874798020128,-0.0029492831292273467
-0.007578940902894077,-0.0015764581437371927
-0.010628928405737996,-0.0011147242436933683
-0.023160803348229404,-0.003525067573079811
-0.010147537441442728,-0.0019307590265056956
-0.014481842337747653,-0.0022294484873867926
-0.019079341240942134,-0.0027305056009587552
-0.012475517908989422,-0.0015764581437372747
-0.009669077395311776,-0.001114724243693358
-0.025484697499451505,-0.004317308431438311
-0.012142651330589008,-0.0011147242436933813
-0.006209208552850852,-0.0019307590265055749
-0.02416458904896212,-0.004729374431212008
-0.016304397010725974,-0.002730505600958731
-0.009486728462930997,-0.0019307590265056824
-0.02219860366306147,-0.002949283129227358
