{
  "u_initial": [
    0.0,
    0.02940514209886818,
    0.05852709660483847,
    0.0870854031763387,
    0.11480502970952693,
    0.1414190210477993,
    0.16667106990588065,
    0.19031798524909363,
    0.21213203435596423,
    0.2319031360088211,
    0.24944088369076356,
    0.26457637930450645,
    0.27716385975338603,
    0.2870821007196626,
    0.2942355841209691,
    0.298555418001659,
    0.3,
    0.2985554180016591,
    0.2942355841209691,
    0.28708210071966267,
    0.27716385975338603,
    0.2645763793045065,
    0.2494408836907636,
    0.23190313600882112,
    0.21213203435596426,
    0.19031798524909363,
    0.16667106990588065,
    0.14141902104779935,
    0.11480502970952697,
    0.08708540317633871,
    0.05852709660483858,
    0.029405142098868246,
    3.6739403974420595e-17,
    -0.029405142098868176,
    -0.058527096604838506,
    -0.08708540317633863,
    -0.1148050297095269,
    -0.1414190210477993,
    -0.16667106990588057,
    -0.19031798524909357,
    -0.21213203435596423,
    -0.23190313600882098,
    -0.24944088369076356,
    -0.26457637930450645,
    -0.2771638597533859,
    -0.2870821007196626,
    -0.29423558412096906,
    -0.2985554180016591,
    -0.3,
    -0.2985554180016591,
    -0.2942355841209691,
    -0.28708210071966267,
    -0.277163859753386,
    -0.2645763793045065,
    -0.24944088369076362,
    -0.23190313600882106,
    -0.2121320343559643,
    -0.19031798524909377,
    -0.16667106990588065,
    -0.14141902104779938,
    -0.1148050297095271,
    -0.08708540317633874,
    -0.05852709660483861,
    -0.029405142098868152
  ],
  "u_final_classical": null,
  "u_final_method": [
    0.028380903830906058,
    0.07358702692823016,
    0.10707171878251653,
    0.12261254313521595,
    0.12066094361608802,
    0.10908481103436536,
    0.10025259643392292,
    0.10542760920009986,
    0.1294708807605087,
    0.1686818498368341,
    0.21251294527993558,
    0.24804268814289543,
    0.2654850687773948,
    0.2628003175969777,
    0.24714457553444938,
    0.23159590933139393,
    0.2282472288437868,
    0.24152945559286432,
    0.2655701750696043,
    0.2866728591577438,
    0.2895057223554986,
    0.26454973784468444,
    0.21363050325550398,
    0.14998995903743834,
    0.09163080400830736,
    0.05161545252104212,
    0.031757039414325304,
    0.02325278189067106,
    0.0127049499375687,
    -0.010494422145645999,
    -0.04904127460557817,
    -0.09706585993793482,
    -0.1440120048061477,
    -0.18047837510849477,
    -0.2022860465112043,
    -0.21072192978311116,
    -0.20983488942717798,
    -0.20323129902656484,
    -0.19236924009245301,
    -0.17692029335046727,
    -0.1564621814028179,
    -0.13218250768019574,
    -0.10753248453596705,
    -0.08752640683335855,
    -0.07710044978510738,
    -0.07930954747679664,
    -0.09414156309559801,
    -0.1184343778103436,
    -0.14687462535451543,
    -0.1735589997759636,
    -0.19343400797391688,
    -0.20320032486671735,
    -0.20169040558026197,
    -0.18992490412501883,
    -0.17093568694209546,
    -0.14922774303153732,
    -0.12969713629949062,
    -0.1160361236104885,
    -0.10907606856854778,
    -0.10590399713278105,
    -0.1005509548215648,
    -0.08634458286521962,
    -0.05898703609787255,
    -0.01888130668981689
  ],
  "errors_by_step": {},
  "final_error": NaN,
  "max_error": NaN,
  "_source": "solver"
}