xp, rho, u, p, Mach
0.1,0.9875113094070853,1.5144066282007433,0.6998240300620109,1.5203903256839282
0.3,0.8860348482220725,1.6131568946843347,0.6031870610789856,1.652387815885603
0.5,0.6196893410989289,1.7413991954974555,0.375057333896482,1.8917881627459319
0.7,0.5169945781559138,1.8292565905521112,0.2887338770555219,2.0687343876922797
0.9,0.4838261972668391,1.8693665459229427,0.26096365398195126,2.151221482226316
