xp, rho, u, p, Mach
0.1,0.9875740768303,1.5143427385182682,0.6998487394401783,1.5203476597158787
0.3,0.8860348482220725,1.6131568946843347,0.6031918929174772,1.652381197687369
0.5,0.6196597522518674,1.7413738100324807,0.37506881496842986,1.8916864671875082
0.7,0.5169126503482203,1.829546517645348,0.288679039332453,2.0690948182365494
0.9,0.4838713949773015,1.8691669666853141,0.26103977818358276,2.1507786060849696
