{
  "u_initial": [
    0.0,
    0.02940514209886818,
    0.05852709660483847,
    0.0870854031763387,
    0.11480502970952693,
    0.1414190210477993,
    0.16667106990588065,
    0.19031798524909363,
    0.21213203435596423,
    0.2319031360088211,
    0.24944088369076356,
    0.26457637930450645,
    0.27716385975338603,
    0.28708210071966267,
    0.2942355841209691,
    0.298555418001659,
    0.3,
    0.2985554180016591,
    0.2942355841209691,
    0.28708210071966267,
    0.27716385975338603,
    0.2645763793045065,
    0.24944088369076362,
    0.23190313600882112,
    0.21213203435596426,
    0.19031798524909363,
    0.16667106990588065,
    0.14141902104779935,
    0.11480502970952697,
    0.08708540317633871,
    0.05852709660483858,
    0.029405142098868246,
    3.6739403974420595e-17,
    -0.029405142098868176,
    -0.058527096604838506,
    -0.08708540317633863,
    -0.1148050297095269,
    -0.1414190210477993,
    -0.16667106990588057,
    -0.19031798524909357,
    -0.21213203435596423,
    -0.23190313600882098,
    -0.24944088369076356,
    -0.26457637930450645,
    -0.2771638597533859,
    -0.2870821007196626,
    -0.29423558412096906,
    -0.2985554180016591,
    -0.3,
    -0.2985554180016591,
    -0.2942355841209691,
    -0.28708210071966267,
    -0.277163859753386,
    -0.2645763793045065,
    -0.24944088369076362,
    -0.23190313600882106,
    -0.2121320343559643,
    -0.19031798524909377,
    -0.16667106990588065,
    -0.14141902104779938,
    -0.1148050297095271,
    -0.08708540317633874,
    -0.05852709660483861,
    -0.029405142098868152
  ],
  "u_final_classical": null,
  "u_final_method": [
    0.010906454953421456,
    0.013298616953648867,
    0.018872260155202773,
    0.020784970127076755,
    0.022004649672997013,
    0.02459239996253215,
    0.02781917587515097,
    0.02678663936296742,
    0.03762666247232032,
    0.038071383344083734,
    0.045594361823860174,
    0.04530276043845258,
    0.0525376883176354,
    0.05373451065732067,
    0.05170450520515503,
    0.05381733667395346,
    0.05439235390524954,
    0.05642157978613024,
    0.05761389609779037,
    0.05805723846643578,
    0.0560377293474477,
    0.053831077453093734,
    0.04945994660078985,
    0.04906892171063031,
    0.04547636561792214,
    0.042000315505632164,
    0.03768089138849196,
    0.032732369686097135,
    0.0249280013080725,
    0.023859821334830916,
    0.019296380238891277,
    0.012828278108432695,
    0.009674566003099442,
    0.001736483661985929,
    -0.0029879746572725454,
    -0.013111268742948781,
    -0.01843043384412799,
    -0.024880523255508304,
    -0.03441432855281042,
    -0.03734112316450463,
    -0.04067482878858976,
    -0.04180172492276244,
    -0.042421841761871776,
    -0.04747834565216442,
    -0.04734441433181274,
    -0.04760343295198798,
    -0.0454567188946509,
    -0.04691933206057013,
    -0.04455423963105985,
    -0.04576518072876237,
    -0.04368035689637783,
    -0.04082038682515022,
    -0.04060196031410422,
    -0.036995191710653685,
    -0.03477823751354521,
    -0.03259917105150608,
    -0.02777588131918735,
    -0.02481003628237692,
    -0.02145190752019545,
    -0.018016672852251146,
    -0.016653219412353353,
    -0.007487300926987283,
    -0.002679157177986718,
    0.005379650013401718
  ],
  "errors_by_step": {},
  "final_error": NaN,
  "max_error": NaN,
  "_source": "solver"
}