{
  "u_initial": [
    0.0,
    0.20129852008866006,
    0.39435585511331855,
    0.5712682150947923,
    0.7247927872291199,
    0.8486442574947509,
    0.9377521321470804,
    0.9884683243281114,
    0.9987165071710528,
    0.9680771188662044,
    0.8978045395707416,
    0.7907757369376985,
    0.6513724827222223,
    0.48530196253108143,
    0.29936312297335804,
    0.10116832198743228,
    -0.10116832198743204,
    -0.2993631229733574,
    -0.48530196253108043,
    -0.651372482722222,
    -0.7907757369376986,
    -0.8978045395707414,
    -0.9680771188662043,
    -0.9987165071710528,
    -0.9884683243281114,
    -0.9377521321470808,
    -0.8486442574947515,
    -0.72479278722912,
    -0.5712682150947924,
    -0.3943558551133187,
    -0.20129852008866028,
    -2.4492935982947064e-16
  ],
  "u_final_classical": [
    0.0,
    0.12850801575020385,
    0.2559341335411367,
    0.3811644300220706,
    0.5030159126835924,
    0.6201882359624689,
    0.7311950431004103,
    0.8342598354404899,
    0.927149097252236,
    1.006889509126058,
    1.0692536763396356,
    1.1077275583014536,
    1.111565169031328,
    1.060508365369753,
    0.8821006976273174,
    0.38052209825597316,
    -0.3805220982559718,
    -0.8821006976273155,
    -1.060508365369754,
    -1.1115651690313286,
    -1.1077275583014534,
    -1.0692536763396365,
    -1.0068895091260577,
    -0.9271490972522362,
    -0.8342598354404902,
    -0.7311950431004103,
    -0.6201882359624686,
    -0.5030159126835924,
    -0.3811644300220709,
    -0.25593413354113675,
    -0.128508015750204,
    -2.4492935982947064e-16
  ],
  "u_final_method": [
    0.0,
    0.0880290483297798,
    0.2835322756214786,
    0.32297566636981867,
    0.41993193014264557,
    0.6110550277828614,
    0.6684733907785589,
    0.8535955221013349,
    1.0505429780932958,
    1.012592702419539,
    1.0765950643479738,
    1.2213181071138155,
    1.2094713950385982,
    0.8490569810091073,
    0.9937617897583906,
    0.37545726388592104,
    -0.7212945483422015,
    -0.7749178269792333,
    -1.097277009262863,
    -0.9648977151971765,
    -1.070987249652268,
    -1.0116274280632722,
    -1.0462938680062996,
    -0.8397522356271055,
    -0.7950177865883301,
    -0.6982155517731385,
    -0.7941920849300471,
    -0.481671746623932,
    -0.38479661995131326,
    -0.21677556133854464,
    -0.0700081745808396,
    0.0
  ],
  "errors_by_step": {
    "0": 0.0,
    "1": 0.013685451216667994,
    "2": 0.01698167154307898,
    "3": 0.022319326030532865,
    "4": 0.027734470648095363,
    "5": 0.03336248330906945,
    "6": 0.03813081022613433,
    "7": 0.040698244703327856,
    "8": 0.04519811145547953,
    "9": 0.04814836431870641,
    "10": 0.04861398254659793,
    "11": 0.05412073275079868,
    "12": 0.05674153539003358,
    "13": 0.057572025691174755,
    "14": 0.057121835480975505,
    "15": 0.05894583381166165,
    "16": 0.06031686579117755,
    "17": 0.06635580259719738,
    "18": 0.06857215572497954,
    "19": 0.07053815301704376,
    "20": 0.07700836439663641,
    "21": 0.07721947279891997,
    "22": 0.08087634040653098,
    "23": 0.08498336676088106,
    "24": 0.08902756627374171,
    "25": 0.0889079511967925,
    "26": 0.09680469642481392,
    "27": 0.10003367942253177,
    "28": 0.09587212526812769,
    "29": 0.10075674904182731,
    "30": 0.10045398530121984,
    "31": 0.10009610477971534,
    "32": 0.10053053319530651,
    "33": 0.10677830146647228,
    "34": 0.11057763263660539,
    "35": 0.11794739012827683,
    "36": 0.12363984309240168,
    "37": 0.12788697374818003
  },
  "final_error": 0.12788697374818003,
  "max_error": 0.12788697374818003,
  "_source": "solver"
}