{
  "circuit_build_time_s": 0.14500713348388672,
  "modular_transpile_time_s": 0.8581302165985107,
  "execution_time_s": 1.313378095626831,
  "modular_pre_opt": {
    "cx_count": 31613,
    "total_gates": 84573,
    "depth": 60383
  },
  "modular_post_opt": {
    "cx_count": 31613,
    "total_gates": 84573,
    "depth": 60383
  },
  "blocks_transpiled": 25,
  "per_block_compile_times": {
    "state_prep": 0.004181290991255082,
    "controlled_u_1": 0.004481125011807308,
    "controlled_u_2": 0.002792290993966162,
    "controlled_u_4": 0.002754917004494928,
    "controlled_u_8": 0.0027470420027384534,
    "controlled_u_16": 0.002626333007356152,
    "controlled_u_32": 0.0027895000093849376,
    "controlled_u_64": 0.002748916987911798,
    "controlled_u_128": 0.002744333993177861,
    "controlled_u_256": 0.0027252089930698276,
    "controlled_u_512": 0.002725416998146102,
    "qft": 0.000495375003083609,
    "controlled_rotations": 0.03897224999673199,
    "inverse_qft": 0.0004459589981706813,
    "inverse_controlled_u_512": 0.0026079579984070733,
    "inverse_controlled_u_256": 0.002627125009894371,
    "inverse_controlled_u_128": 0.002610750001622364,
    "inverse_controlled_u_64": 0.0026127080054720864,
    "inverse_controlled_u_32": 0.0026261250022798777,
    "inverse_controlled_u_16": 0.0024812079936964437,
    "inverse_controlled_u_8": 0.002611707997857593,
    "inverse_controlled_u_4": 0.002631750001455657,
    "inverse_controlled_u_2": 0.004200625000521541,
    "inverse_controlled_u_1": 0.002619542006868869,
    "measurement": 0.00021012499928474426
  },
  "boundary_swaps": {
    "state_prep\u2192controlled_u_1": 0,
    "controlled_u_1\u2192controlled_u_2": 0,
    "controlled_u_2\u2192controlled_u_4": 0,
    "controlled_u_4\u2192controlled_u_8": 0,
    "controlled_u_8\u2192controlled_u_16": 0,
    "controlled_u_16\u2192controlled_u_32": 0,
    "controlled_u_32\u2192controlled_u_64": 0,
    "controlled_u_64\u2192controlled_u_128": 0,
    "controlled_u_128\u2192controlled_u_256": 0,
    "controlled_u_256\u2192controlled_u_512": 0,
    "controlled_u_512\u2192qft": 0,
    "qft\u2192controlled_rotations": 0,
    "controlled_rotations\u2192inverse_qft": 0,
    "inverse_qft\u2192inverse_controlled_u_512": 0,
    "inverse_controlled_u_512\u2192inverse_controlled_u_256": 0,
    "inverse_controlled_u_256\u2192inverse_controlled_u_128": 0,
    "inverse_controlled_u_128\u2192inverse_controlled_u_64": 0,
    "inverse_controlled_u_64\u2192inverse_controlled_u_32": 0,
    "inverse_controlled_u_32\u2192inverse_controlled_u_16": 0,
    "inverse_controlled_u_16\u2192inverse_controlled_u_8": 0,
    "inverse_controlled_u_8\u2192inverse_controlled_u_4": 0,
    "inverse_controlled_u_4\u2192inverse_controlled_u_2": 0,
    "inverse_controlled_u_2\u2192inverse_controlled_u_1": 0,
    "inverse_controlled_u_1\u2192measurement": 0
  },
  "exec_info": {
    "wall_time": 1.313378095626831,
    "backend_time": 0.970587959,
    "shots_requested": 65536,
    "shots_executed": 65536,
    "status": "DONE"
  },
  "_source": "solver"
}