{
  "l2_error_normalized": 1.9345388922867977,
  "l2_error_phase_corrected": 0.5075029795279725,
  "fidelity_shots": 0.7590249207056717,
  "residual": 66.38959830762566,
  "shots": 65536,
  "sv_fidelity": 0.9518145932253715,
  "sv_solution": [
    0.02366005551355284,
    0.04578805424606158,
    0.08233968130368627,
    0.07357080982599472,
    0.11768149211864191,
    0.13759056354210877,
    0.1504985960976731,
    0.16429783618952215,
    0.17706074090382293,
    0.21050768181160573,
    0.20123577387458352,
    0.22499468630737682,
    0.2351313779998277,
    0.23903289144462278,
    0.24520653616269378,
    0.24566836716652773,
    0.2603308683474611,
    0.23658088198546698,
    0.24510614024456026,
    0.24447410520395385,
    0.2200540270222794,
    0.2142824528603265,
    0.19581816222029358,
    0.1972312855487701,
    0.16021629647312727,
    0.1440695049364208,
    0.13093657421748067,
    0.09828540530628953,
    0.09197815627456252,
    0.06055588361841939,
    0.049533940799734257,
    0.007687069602929369
  ],
  "success_probability": 0.08783325406754702,
  "_source": "solver"
}