{
  "_source": "stdout",
  "experiment_id": null,
  "algorithm": "modular_hhl",
  "dimension": 32,
  "condition_number": 440.68856038365925,
  "num_qubits": 16,
  "num_clock_qubits": 10,
  "decomposition_depth": 2,
  "transpiled_depth": 60383,
  "transpiled_cx_count": 31613,
  "total_gates": 84573,
  "boundary_swaps": 0,
  "sv_fidelity": 0.9518145932253715,
  "sv_fidelity_transpiled": 0.9491419799710163,
  "fidelity_shots": 0.7590249207056717,
  "success_probability": 0.08783325406754702,
  "success_probability_transpiled": 0.0032089434243309646,
  "compile_time_s": 0.8581302165985107,
  "circuit_build_time_s": 0.14500713348388672,
  "transpile_calls": 25,
  "per_block_compile_times": {
    "state_prep": 0.004181290991255082,
    "controlled_u_1": 0.004481125011807308,
    "controlled_u_2": 0.002792290993966162,
    "controlled_u_4": 0.002754917004494928,
    "controlled_u_8": 0.0027470420027384534,
    "controlled_u_16": 0.002626333007356152,
    "controlled_u_32": 0.0027895000093849376,
    "controlled_u_64": 0.002748916987911798,
    "controlled_u_128": 0.002744333993177861,
    "controlled_u_256": 0.0027252089930698276,
    "controlled_u_512": 0.002725416998146102,
    "qft": 0.000495375003083609,
    "controlled_rotations": 0.03897224999673199,
    "inverse_qft": 0.0004459589981706813,
    "inverse_controlled_u_512": 0.0026079579984070733,
    "inverse_controlled_u_256": 0.002627125009894371,
    "inverse_controlled_u_128": 0.002610750001622364,
    "inverse_controlled_u_64": 0.0026127080054720864,
    "inverse_controlled_u_32": 0.0026261250022798777,
    "inverse_controlled_u_16": 0.0024812079936964437,
    "inverse_controlled_u_8": 0.002611707997857593,
    "inverse_controlled_u_4": 0.002631750001455657,
    "inverse_controlled_u_2": 0.004200625000521541,
    "inverse_controlled_u_1": 0.002619542006868869,
    "measurement": 0.00021012499928474426
  },
  "fidelity_noisy": null,
  "noise_cx_error": null,
  "error": null,
  "exit_code": 0
}