{
  "grid": [
    0.0,
    0.03225806451612903,
    0.06451612903225806,
    0.0967741935483871,
    0.12903225806451613,
    0.16129032258064516,
    0.1935483870967742,
    0.22580645161290322,
    0.25806451612903225,
    0.29032258064516125,
    0.3225806451612903,
    0.3548387096774194,
    0.3870967741935484,
    0.4193548387096774,
    0.45161290322580644,
    0.4838709677419355,
    0.5161290322580645,
    0.5483870967741935,
    0.5806451612903225,
    0.6129032258064516,
    0.6451612903225806,
    0.6774193548387096,
    0.7096774193548387,
    0.7419354838709677,
    0.7741935483870968,
    0.8064516129032258,
    0.8387096774193548,
    0.8709677419354839,
    0.9032258064516129,
    0.9354838709677419,
    0.967741935483871,
    1.0
  ],
  "solution_steps": {
    "0": [
      0.0,
      0.20129852008866006,
      0.39435585511331855,
      0.5712682150947923,
      0.7247927872291199,
      0.8486442574947509,
      0.9377521321470804,
      0.9884683243281114,
      0.9987165071710528,
      0.9680771188662044,
      0.8978045395707416,
      0.7907757369376985,
      0.6513724827222223,
      0.48530196253108143,
      0.29936312297335804,
      0.10116832198743228,
      -0.10116832198743204,
      -0.2993631229733574,
      -0.48530196253108043,
      -0.651372482722222,
      -0.7907757369376986,
      -0.8978045395707414,
      -0.9680771188662043,
      -0.9987165071710528,
      -0.9884683243281114,
      -0.9377521321470808,
      -0.8486442574947515,
      -0.72479278722912,
      -0.5712682150947924,
      -0.3943558551133187,
      -0.20129852008866028,
      -2.4492935982947064e-16
    ],
    "8": [
      0.0,
      0.17788488417418938,
      0.35117610687752726,
      0.5152032530123408,
      0.6651503920358203,
      0.7960064368470431,
      0.9025523793479577,
      0.9794135911446783,
      1.021218840512938,
      1.022920195598529,
      0.9803293357697076,
      0.8908976073228246,
      0.7546879085347173,
      0.5753508227102319,
      0.36076758515165863,
      0.12296285477058072,
      -0.12296285477058047,
      -0.3607675851516581,
      -0.5753508227102305,
      -0.7546879085347177,
      -0.890897607322824,
      -0.9803293357697068,
      -1.0229201955985305,
      -1.021218840512938,
      -0.979413591144678,
      -0.9025523793479583,
      -0.7960064368470436,
      -0.6651503920358208,
      -0.5152032530123409,
      -0.35117610687752776,
      -0.17788488417418952,
      0.0
    ],
    "16": [
      0.0,
      0.1601086118993534,
      0.3174290011286934,
      0.46906923115737675,
      0.6119213482115753,
      0.742531523198672,
      0.8569434626058793,
      0.9505075788651599,
      1.017656674091412,
      1.051675842713081,
      1.0445677419830357,
      0.9872844484380087,
      0.8708997983739996,
      0.6895598551138302,
      0.44553552772083477,
      0.15441630591550365,
      -0.1544163059155032,
      -0.4455355277208338,
      -0.6895598551138282,
      -0.8708997983740001,
      -0.9872844484380079,
      -1.0445677419830346,
      -1.0516758427130828,
      -1.0176566740914115,
      -0.9505075788651594,
      -0.8569434626058797,
      -0.7425315231986723,
      -0.6119213482115756,
      -0.46906923115737675,
      -0.31742900112869427,
      -0.16010861189935358,
      0.0
    ],
    "24": [
      0.0,
      0.14611546315414708,
      0.29039578388509163,
      0.4309328513693051,
      0.5656630361577446,
      0.6922634256673402,
      0.8080104368187307,
      0.9095752706424197,
      0.9927140059217722,
      1.0517803175357094,
      1.0789388377783105,
      1.0628999775886083,
      0.9871355494970474,
      0.8290152894082337,
      0.5666159375633087,
      0.20354449222322507,
      -0.20354449222322474,
      -0.5666159375633077,
      -0.8290152894082323,
      -0.9871355494970475,
      -1.0628999775886068,
      -1.078938837778311,
      -1.051780317535711,
      -0.9927140059217718,
      -0.9095752706424194,
      -0.8080104368187305,
      -0.6922634256673406,
      -0.5656630361577444,
      -0.430932851369305,
      -0.29039578388509235,
      -0.1461154631541473,
      0.0
    ],
    "32": [
      0.0,
      0.134702859996299,
      0.2681058786527931,
      0.39886442678896594,
      0.525537595686935,
      0.6465216688778697,
      0.7599562848188766,
      0.8635829606433615,
      0.9545192373266858,
      1.0288766425492335,
      1.081070509491433,
      1.1024757984598363,
      1.0784281183880629,
      0.9794480423954137,
      0.7412471097607617,
      0.2890518567227135,
      -0.28905185672271316,
      -0.7412471097607606,
      -0.9794480423954117,
      -1.078428118388063,
      -1.1024757984598341,
      -1.0810705094914344,
      -1.028876642549235,
      -0.9545192373266853,
      -0.8635829606433605,
      -0.7599562848188757,
      -0.6465216688778697,
      -0.525537595686935,
      -0.39886442678896583,
      -0.26810587865279384,
      -0.1347028599962993,
      0.0
    ],
    "40": [
      0.0,
      0.1250609042682965,
      0.2491430147110371,
      0.3712415569502338,
      0.4902956168775659,
      0.605148645165949,
      0.7144921053402887,
      0.8167799308857753,
      0.9100916550368282,
      0.9919015962133436,
      1.0586677170597754,
      1.1049628363560684,
      1.1216824046782783,
      1.0963438557204046,
      0.9752335878775267,
      0.4612717618889474,
      -0.4612717618889467,
      -0.9752335878775247,
      -1.0963438557204035,
      -1.1216824046782803,
      -1.1049628363560677,
      -1.0586677170597776,
      -0.9919015962133452,
      -0.9100916550368272,
      -0.8167799308857746,
      -0.7144921053402876,
      -0.6051486451659485,
      -0.4902956168775664,
      -0.37124155695023364,
      -0.2491430147110378,
      -0.12506090426829689,
      0.0
    ],
    "48": [
      0.0,
      0.11662806008601267,
      0.2324853899962232,
      0.3467867881978749,
      0.45871557315808276,
      0.5674009581839665,
      0.671885439159502,
      0.7710752347779289,
      0.863662140927542,
      0.9479920225862171,
      1.0218104665437222,
      1.0822901636080167,
      1.12320218949683,
      1.1238301335791123,
      1.1946190530110745,
      0.8828629437701118,
      -0.882862943770111,
      -1.1946190530110712,
      -1.1238301335791117,
      -1.1232021894968316,
      -1.0822901636080158,
      -1.021810466543724,
      -0.9479920225862183,
      -0.8636621409275409,
      -0.7710752347779285,
      -0.6718854391595014,
      -0.5674009581839661,
      -0.4587155731580833,
      -0.34678678819787445,
      -0.23248538999622403,
      -0.11662806008601313,
      0.0
    ],
    "50": [
      0.0,
      0.11465967791004322,
      0.22858985192303966,
      0.341048593242214,
      0.4512668832234747,
      0.5584290027908074,
      0.6616441669265136,
      0.7599033584517997,
      0.8520115760672309,
      0.9364777992266881,
      1.0112449188009558,
      1.073938701186519,
      1.1207923630704646,
      1.11670924766598,
      1.2187182798369112,
      1.080300398981964,
      -1.080300398981963,
      -1.2187182798369078,
      -1.1167092476659788,
      -1.1207923630704661,
      -1.073938701186518,
      -1.0112449188009573,
      -0.936477799226689,
      -0.8520115760672294,
      -0.7599033584517993,
      -0.661644166926513,
      -0.558429002790807,
      -0.4512668832234751,
      -0.34104859324221354,
      -0.22858985192304054,
      -0.1146596779100437,
      0.0
    ]
  },
  "_source": "solver"
}