{
  "u_initial": [
    0.0,
    0.0490085701647803,
    0.09754516100806412,
    0.14514233862723117,
    0.1913417161825449,
    0.23569836841299882,
    0.2777851165098011,
    0.31719664208182274,
    0.35355339059327373,
    0.3865052266813685,
    0.4157348061512726,
    0.44096063217417747,
    0.46193976625564337,
    0.47847016786610447,
    0.4903926402016152,
    0.4975923633360984,
    0.5,
    0.49759236333609846,
    0.4903926402016152,
    0.47847016786610447,
    0.46193976625564337,
    0.4409606321741775,
    0.41573480615127273,
    0.38650522668136855,
    0.3535533905932738,
    0.31719664208182274,
    0.2777851165098011,
    0.23569836841299893,
    0.19134171618254495,
    0.1451423386272312,
    0.0975451610080643,
    0.04900857016478041,
    6.123233995736766e-17,
    -0.049008570164780295,
    -0.09754516100806418,
    -0.14514233862723105,
    -0.19134171618254484,
    -0.23569836841299882,
    -0.277785116509801,
    -0.31719664208182263,
    -0.35355339059327373,
    -0.38650522668136833,
    -0.4157348061512726,
    -0.44096063217417747,
    -0.46193976625564326,
    -0.4784701678661044,
    -0.49039264020161516,
    -0.49759236333609846,
    -0.5,
    -0.49759236333609846,
    -0.4903926402016152,
    -0.47847016786610447,
    -0.4619397662556433,
    -0.4409606321741775,
    -0.41573480615127273,
    -0.38650522668136844,
    -0.35355339059327384,
    -0.31719664208182297,
    -0.2777851165098011,
    -0.23569836841299896,
    -0.1913417161825452,
    -0.14514233862723125,
    -0.09754516100806436,
    -0.04900857016478025
  ],
  "u_final_classical": null,
  "u_final_method": [
    0.010055489067723793,
    0.022502943417205056,
    0.03845638315008651,
    0.05837453202413959,
    0.07617854125093762,
    0.09424680567383291,
    0.11024127219328615,
    0.12424538222094467,
    0.1438503478852165,
    0.15806659101247322,
    0.1810504558651882,
    0.1985401421761544,
    0.214392870661498,
    0.22370447022900247,
    0.23590950268870745,
    0.25020846078645825,
    0.2615447995664564,
    0.2716485185593135,
    0.27807404726533774,
    0.2830882578009897,
    0.28544528874645714,
    0.28581773074906275,
    0.283753432961766,
    0.2760701021064674,
    0.2659788043374646,
    0.25043025384446693,
    0.22821080263111376,
    0.20396095963208405,
    0.17075359065485074,
    0.13566882347877987,
    0.09507127780275954,
    0.05050595958681947,
    0.004770287063603181,
    -0.035952757529472204,
    -0.08071287584347704,
    -0.12521522987771383,
    -0.16528587427285213,
    -0.20619234739582806,
    -0.23918975319759844,
    -0.2638991257545406,
    -0.2821432076790993,
    -0.2904811298537887,
    -0.3000454577463721,
    -0.3039904829666855,
    -0.30134425869841797,
    -0.29676683185405084,
    -0.2906622790626955,
    -0.2850392540152613,
    -0.2674047603820559,
    -0.25704606865207863,
    -0.24269170793203362,
    -0.22579998952700353,
    -0.2055780290913825,
    -0.18738607682234534,
    -0.16517649415576902,
    -0.14675368337566821,
    -0.1296057735649339,
    -0.11372508389177197,
    -0.09780396679261946,
    -0.07877587111798923,
    -0.059724066605007016,
    -0.04003224247592805,
    -0.023692551380389403,
    -0.004226931911744728
  ],
  "errors_by_step": {},
  "final_error": NaN,
  "max_error": NaN,
  "_source": "solver"
}