dq_lu, dq_hhl,
-0.014900223363821102,-0.0
-0.006558145501713463,-0.0
-0.035022910308292785,-0.0
-0.12090527733884822,-0.0
-0.06915448602534441,-0.0
-0.13744779821222916,-0.0
-0.21768848721915454,-0.0
-0.2234973657513392,-0.14746977388063187
-0.37746824949522334,-0.14746977388063215
-0.09883669419921365,-0.0
-0.0495591302186791,-0.0
-0.35692580628519494,-0.14746977388063212
-0.23837167461600586,-0.0
-0.3731296748777211,-0.14746977388063215
-0.5988669965522314,-0.3128306313931257
