dq_lu, dq_hhl,
-0.014833966018695213,-0.0
-0.006250888150423183,-0.0
-0.036786510648574945,-0.0
-0.12039335788335569,-0.0
-0.06623704336542881,-0.0
-0.25574620919610086,-0.0
-0.3402850067336322,-0.0
-0.36486110078044226,-0.0
-0.6744766999263542,-0.16437334099770007
-0.20731771902014562,-0.09490099267261996
-0.15633136718967988,-0.0
-0.7269343593038784,-0.1643733409977001
-0.48128095494296197,-0.13421027092028925
-0.4847519784244872,-0.0
-0.8532459283923827,-0.16437334099770012
