xp, rho, u, p, Mach
0.1,0.9999999999999999,1.5000000000000002,0.7142857142857143,1.5000000000000002
0.3,0.9520934638747378,1.575475577676424,0.6463450231765828,1.616051679083536
0.5,0.7071212023113794,1.6284998251394458,0.42141678144842887,1.7828496296509544
0.7,0.5647594651266368,1.7688812501641085,0.32218234088221415,1.9793179056597427
0.9,0.6060796369939109,1.7877090920699503,0.2711230412742714,2.258990808147545
