xp, rho, u, p, Mach
0.1,0.9999999999999999,1.5000000000000002,0.7142857142857143,1.5000000000000002
0.3,0.9999999999999999,1.5000000000000002,0.7142857142857143,1.5000000000000002
0.5,0.9377128156779923,1.5332122923354592,0.5639722193458874,1.670876475622598
0.7,0.7075669939245188,1.5719182533680753,0.5530564048556862,1.5026748202809308
0.9,0.9377128156779921,1.4845861214846863,0.5255744018837972,1.6759428377099013
