dq_lu, dq_hhl,
-1.9001733265866532e-11,-0.0
-2.474243149354838e-10,-0.0
-5.020649345376818e-10,-0.0
-8.887622119856798e-10,-0.0
-3.140778669194966e-10,-0.0
-9.209628206213993e-10,-0.0
-1.1008860372491088e-09,-0.0
-9.318804156266218e-10,-0.0
-1.3593965615923358e-09,-0.0
7.17536569426703e-10,0.0
5.209386450905137e-10,0.0
6.026817367739907e-10,0.0
1.1124510086492504e-09,0.0
1.1080857728388357e-09,8.456651915252143e-10
1.6609456724531308e-09,0.0
