xp, rho, u, p, Mach
0.1,0.9874709821653352,1.514436245613983,0.699820292092149,1.5203930753633594
0.3,0.8860313988357451,1.6131635461807576,0.6031849896232555,1.6523942500195867
0.5,0.6197112224339778,1.7414124098990773,0.3750528890530786,1.891847128266014
0.7,0.517033660002947,1.8291068199593112,0.28876810458328434,2.068520593005046
0.9,0.48377143978984716,1.8695833273948004,0.2609018025247332,2.1516041911293553
