xp, rho, u, p, Mach
0.1,0.9874567572543612,1.5144519035065536,0.6998080347571543,1.5204111587990696
0.3,0.8860021665442566,1.6131954007817095,0.6031600862763729,1.6524337322030902
0.5,0.6196775665652802,1.7414641070445604,0.3750274961909752,1.8919159639429615
0.7,0.5170094319759896,1.82915150765868,0.2887507119184615,2.068584960031156
0.9,0.48377131250192873,1.869587216258338,0.2609028174122768,2.151604198773078
