xp, rho, u, p, Mach
0.1,0.9874709827589617,1.514436244703567,0.6998202925108661,1.5203930744515197
0.3,0.8860313991575929,1.6131635460079123,0.603184989836661,1.6523942498503446
0.5,0.6197112228000246,1.7414124088704719,0.375052889550245,1.8918471264533756
0.7,0.517033660002947,1.8291068199593112,0.28876810458328434,2.068520593005046
0.9,0.4837714386975425,1.8695833298312825,0.26090180138828,2.151604196190376
