xp, rho, u, p, Mach
0.1,0.9924609943725591,1.5098807628220154,0.7005052759601255,1.5189016445062369
0.3,0.8848409719307426,1.6085345462791536,0.6070049638372675,1.6413562966508621
0.5,0.6174640140761063,1.7548347563540385,0.371238871018491,1.9127196254199774
0.7,0.5206153952182769,1.814814820106444,0.2937952701445419,2.041758643140359
0.9,0.48119837553138656,1.8897486401766912,0.25421573310355555,2.1973583451609016
