{
  "iterations_completed": 1,
  "converged": true,
  "_source": "harvester",
  "fidelity": 0.9942943844341114,
  "shots": 1000,
  "l2_error_abs": 0.10682336416616438,
  "l2_error_rel": 0.10682336416616438
}