{
  "quantum_solution": [
    0.6700879145400014,
    0.12360845025495172,
    0.723760004782283,
    0.10897060746160217
  ],
  "classical_solution": [
    0.7055698197297996,
    0.046596453582414196,
    0.7055698197297996,
    0.046596453582414196
  ],
  "_source": "harvester"
}