{
  "u_initial": [
    0.0,
    0.0980171403295606,
    0.19509032201612825,
    0.29028467725446233,
    0.3826834323650898,
    0.47139673682599764,
    0.5555702330196022,
    0.6343932841636455,
    0.7071067811865475,
    0.773010453362737,
    0.8314696123025452,
    0.8819212643483549,
    0.9238795325112867,
    0.9569403357322089,
    0.9807852804032304,
    0.9951847266721968,
    1.0,
    0.9951847266721969,
    0.9807852804032304,
    0.9569403357322089,
    0.9238795325112867,
    0.881921264348355,
    0.8314696123025455,
    0.7730104533627371,
    0.7071067811865476,
    0.6343932841636455,
    0.5555702330196022,
    0.47139673682599786,
    0.3826834323650899,
    0.2902846772544624,
    0.1950903220161286,
    0.09801714032956083,
    1.2246467991473532e-16,
    -0.09801714032956059,
    -0.19509032201612836,
    -0.2902846772544621,
    -0.38268343236508967,
    -0.47139673682599764,
    -0.555570233019602,
    -0.6343932841636453,
    -0.7071067811865475,
    -0.7730104533627367,
    -0.8314696123025452,
    -0.8819212643483549,
    -0.9238795325112865,
    -0.9569403357322088,
    -0.9807852804032303,
    -0.9951847266721969,
    -1.0,
    -0.9951847266721969,
    -0.9807852804032304,
    -0.9569403357322089,
    -0.9238795325112866,
    -0.881921264348355,
    -0.8314696123025455,
    -0.7730104533627369,
    -0.7071067811865477,
    -0.6343932841636459,
    -0.5555702330196022,
    -0.4713967368259979,
    -0.3826834323650904,
    -0.2902846772544625,
    -0.19509032201612872,
    -0.0980171403295605
  ],
  "u_final_classical": [
    -5.648953349586971e-17,
    0.04810329165730747,
    0.09614513421025758,
    0.14406341891470506,
    0.19179469846405778,
    0.23927346839547325,
    0.28643138612019464,
    0.33319640111926135,
    0.3794917642730009,
    0.42523487630602386,
    0.4703359240218851,
    0.5146962369938972,
    0.5582062745557052,
    0.6007431200054726,
    0.642167310679736,
    0.6823187604974471,
    0.7210114216245327,
    0.7580261599100601,
    0.7931010419294134,
    0.8259177712526764,
    0.8560822173314077,
    0.8830955494027274,
    0.906309777609365,
    0.924856066508825,
    0.9375225457213086,
    0.9425316370133138,
    0.9371017551291415,
    0.9165155011970529,
    0.8720485752335956,
    0.7866815963973901,
    0.6295780485423849,
    0.3641879283915427,
    6.356525096645785e-16,
    -0.36418792839154157,
    -0.6295780485423842,
    -0.7866815963973897,
    -0.8720485752335954,
    -0.9165155011970528,
    -0.9371017551291414,
    -0.9425316370133137,
    -0.9375225457213084,
    -0.9248560665088249,
    -0.9063097776093649,
    -0.8830955494027273,
    -0.8560822173314077,
    -0.8259177712526764,
    -0.7931010419294136,
    -0.75802615991006,
    -0.7210114216245327,
    -0.6823187604974473,
    -0.6421673106797363,
    -0.600743120005473,
    -0.5582062745557055,
    -0.5146962369938975,
    -0.4703359240218854,
    -0.42523487630602413,
    -0.3794917642730012,
    -0.3331964011192616,
    -0.28643138612019486,
    -0.23927346839547348,
    -0.19179469846405794,
    -0.1440634189147052,
    -0.09614513421025771,
    -0.04810329165730759
  ],
  "u_final_method": [
    -4.2952308376698056e-14,
    0.048680363305508366,
    0.09725543854890084,
    0.1456204313174654,
    0.19367149051268084,
    0.24130607104926582,
    0.28842316831334003,
    0.33492338492874396,
    0.3807087914770573,
    0.42568254210219436,
    0.4697482020478967,
    0.5128087353991149,
    0.554765085299565,
    0.5955142523319086,
    0.634946734407549,
    0.6729431249962817,
    0.7093695616989697,
    0.7440715493235439,
    0.7768654062377204,
    0.8075261164248491,
    0.8357695496432069,
    0.8612255052400241,
    0.8833951210272016,
    0.901580210453385,
    0.9147590026831176,
    0.9213521152652766,
    0.9187468133577806,
    0.9022585696750912,
    0.8627940733139997,
    0.7820841482454046,
    0.6272109473354215,
    0.3619064776295852,
    -4.562515869110939e-08,
    -0.3619065393476512,
    -0.6272109451890162,
    -0.7820840953078789,
    -0.8627940241137901,
    -0.9022585554770762,
    -0.9187468156714271,
    -0.9213521186387812,
    -0.9147590051027499,
    -0.9015802119787282,
    -0.8833951217461306,
    -0.861225505605633,
    -0.8357695498343429,
    -0.8075261165388935,
    -0.7768654063002766,
    -0.7440715493563823,
    -0.7093695617140429,
    -0.6729431250042438,
    -0.634946734409636,
    -0.5955142523303636,
    -0.5547650852974707,
    -0.5128087353981622,
    -0.4697482020477106,
    -0.4256825421022519,
    -0.3807087914772127,
    -0.33492338492897555,
    -0.2884231683135894,
    -0.24130607104945712,
    -0.19367149051281213,
    -0.14562043131755126,
    -0.09725543854899836,
    -0.048680363305612886
  ],
  "errors_by_step": {
    "0": 0.0,
    "1": 0.00248465880773344,
    "2": 0.0025934137038145393,
    "3": 0.002729281576807223,
    "4": 0.0028876866591373107,
    "5": 0.0030644565479683375,
    "6": 0.0032559862249359047,
    "7": 0.0034592667765479053,
    "8": 0.003671839338658497,
    "9": 0.003891718114193805,
    "10": 0.004117307891128216,
    "11": 0.0043473289164607885,
    "12": 0.004580752460772881,
    "13": 0.004816748621556969,
    "14": 0.005054644401729333,
    "15": 0.0052938911066447904,
    "16": 0.005534038063408557,
    "17": 0.005774712927601233,
    "18": 0.006015605335252048,
    "19": 0.006256455099963118,
    "20": 0.006497041494843931,
    "21": 0.006737176562968289,
    "22": 0.006976697776924139,
    "23": 0.007215463919364385,
    "24": 0.007453350214734836,
    "25": 0.007690246271712532,
    "26": 0.007926051600430842,
    "27": 0.00816067557696247,
    "28": 0.008394033450092844,
    "29": 0.008626046648786814,
    "30": 0.008856640019414566,
    "31": 0.009085741534856223,
    "32": 0.009313281123479086,
    "33": 0.009539189907971148,
    "34": 0.009763399984134474,
    "35": 0.009985843029662631,
    "36": 0.010206450214429593,
    "37": 0.010425151837683496,
    "38": 0.01064187673506225,
    "39": 0.010856551903799168,
    "40": 0.011069102638903686,
    "41": 0.011279451806203539,
    "42": 0.011487519307934603,
    "43": 0.011693223281555611,
    "44": 0.01189647867984258,
    "45": 0.012097197542421431,
    "46": 0.012295288621034186,
    "47": 0.012490658365158403,
    "48": 0.012683209963056658,
    "49": 0.012872844003468806,
    "50": 0.013059457757071263,
    "51": 0.013242946109226798,
    "52": 0.013423201866100598,
    "53": 0.013600115508246566,
    "54": 0.01377357546970458,
    "55": 0.013943468852835776,
    "56": 0.014109682185790168,
    "57": 0.014272101573909157,
    "58": 0.014430613045097483,
    "59": 0.014585103342650643,
    "60": 0.014735461803822089,
    "61": 0.014881580524414432,
    "62": 0.015023354667721518,
    "63": 0.015160684680346427,
    "64": 0.015293477469308817,
    "65": 0.015421647578171273,
    "66": 0.015545118574050745,
    "67": 0.015663825230240565,
    "68": 0.01577771518509187,
    "69": 0.01588675106322292,
    "70": 0.015990912697479157,
    "71": 0.016090199015778153,
    "72": 0.016184631082709046,
    "73": 0.016274254741916877,
    "74": 0.01635914308243775,
    "75": 0.016439400718190063,
    "76": 0.016515165187341127,
    "77": 0.016586611218975474,
    "78": 0.016653954156422013,
    "79": 0.016717452995922654,
    "80": 0.016777414068999397,
    "81": 0.016834195143236978,
    "82": 0.016888207565507164,
    "83": 0.016939920879098673,
    "84": 0.01698986536453651,
    "85": 0.01703863480463432,
    "86": 0.017086889140086853,
    "87": 0.017135356207464272,
    "88": 0.017184833084599213,
    "89": 0.017236186769024855,
    "90": 0.017290353459065426,
    "91": 0.017348337167815805,
    "92": 0.017411207043590966,
    "93": 0.01748009321173556,
    "94": 0.01755618130475088,
    "95": 0.017640705083968516,
    "96": 0.017734937862746773,
    "97": 0.01784018196971739,
    "98": 0.01795775679317791,
    "99": 0.018088985447062864,
    "100": 0.018235179967072822,