dq_lu, dq_hhl,
0.003773026327612252,0.0
0.0016784970523987931,0.0
0.007826094240271747,0.005817716898268627
0.004026787450603098,0.0
0.0010408151251943215,0.0
0.006333778019315329,0.005817716898268451
0.0025904971372374508,0.0
-0.003492653860187726,-0.0
0.009871167164018388,0.00581771689826878
0.0004162719808836606,0.0
0.004711480699123436,0.0
0.0066067388795695604,0.0
0.006814253887708986,0.005817716898268516
-0.008670267428796157,-0.005817716898268699
-0.0037368901032824612,-0.005817716898267812
-0.006329321430916683,-0.00581771689826845
-0.015328236880623264,-0.014250437868726259
-0.02302509107316402,-0.018397236180580503
-0.01580141138398853,-0.010076581251853926
-0.011044337600529128,-0.010076581251853652
-0.032287867267313815,-0.02398706127150462
-0.004300226037114115,-0.0
-0.02993173945201974,-0.03022974375556269
-0.02602725246357487,-0.017453150694807438
0.0013930270689735853,0.0
-0.009110993213080619,-0.01007658125185346
-0.019997224396564803,-0.013008810458378888
-0.0215447577084793,-0.015392232110998093
-0.013524138445126387,-0.01007658125185382
-0.03201506516627847,-0.0201531625037085
