dq_lu, dq_hhl,
0.0018239670184247003,0.00010611824861657694
0.0004085099930194603,0.0
0.0010517671581898467,4.332259358471929e-05
0.001633295136247759,6.126739940470841e-05
0.0009515348504969532,0.0
0.0005093715033528671,0.0
0.0014880700561242103,8.664518716946274e-05
-0.0010315034916959659,-6.126739940468652e-05
0.0015200890408630001,4.332259358473198e-05
0.0004993316317720501,0.0
0.001530060914884766,6.126739940470588e-05
0.0017902463026490043,9.687226421706663e-05
0.0008379970148776249,6.126739940467282e-05
-0.0003511708168604354,-0.0
0.0010457560767050363,6.126739940468734e-05
-0.0004222870204294127,-0.0
-0.000846503898742831,-6.126739940467355e-05
-0.0009263254787592225,-6.126739940467979e-05
-0.00250391264340992,-8.664518716948637e-05
-0.0007851977661309719,-0.0
-0.0020515775053417734,-9.687226421707352e-05
-0.0012327511078332972,-8.664518716945068e-05
-0.00010720809603826173,-0.0
-0.003247537965045476,-0.0001620983023005745
0.00031233529418561907,4.332259358462177e-05
0.001100116023172336,6.126739940469022e-05
-0.002453495150054565,-7.503693320443206e-05
-0.0020553927430931877,-6.126739940471611e-05
-0.001323125628200376,-4.332259358472774e-05
-0.003727952296458704,-0.00017862362932562562
