dq_lu, dq_hhl,
0.0011782719172670326,4.872797224708685e-05
0.0002043746975961228,0.0
0.0008044077573604642,2.4363986123533817e-05
0.0015725544041840464,4.558084432521672e-05
0.0005978978860810057,2.4363986123523358e-05
0.000510654704083015,0.0
0.0011134012354138475,2.9839667051464175e-05
-0.0006819792901202319,-1.722793980468186e-05
0.0010705834296619878,1.722793980469103e-05
0.0004994260227802253,0.0
0.0011148342324202945,3.445587960938334e-05
0.0013405142471367207,4.55808443252117e-05
0.0005724272097296483,1.722793980467703e-05
-0.00035204891966933747,-0.0
0.0009844233447132231,3.852284451556044e-05
-0.0004197932563683971,-0.0
-0.0005789266577098663,-1.7227939804677364e-05
-0.0006559618284973311,-1.722793980468086e-05
-0.0015457977434444215,-3.445587960939196e-05
-0.0007870158922772619,-1.7227939804685235e-05
-0.0014931349623032893,-4.558084432521518e-05
-0.0006442087312640537,-1.722793980468038e-05
-0.00010768780340314764,-0.0
-0.0023736686216625385,-7.704568903116668e-05
0.0002701638807881809,0.0
0.0006856354319593542,1.7227939804681996e-05
-0.0018740300679066025,-5.713861224301171e-05
-0.0014920437172228859,-5.71386122430039e-05
-0.0009261850239081478,-0.0
-0.002567093428671776,-7.309195837066383e-05
