xp, rho, u, p, Mach
0.1,0.9873873636256311,1.5145178326026474,0.6997402784486864,1.5204975305679158
0.3,0.885751647236403,1.6134740619369228,0.6029359717301931,1.652792589937872
0.5,0.6193270429997498,1.741990426428195,0.3747589639985248,1.8926301455235883
0.7,0.5167306798874778,1.8296705477724946,0.28854293357302835,2.0693587220084546
0.9,0.48377197017203405,1.8695628057615492,0.26093027494551835,2.151464361008174
