xp, rho, u, p, Mach
0.1,0.9871294096396896,1.5147211517853678,0.6994845123863221,1.5207809586840924
0.3,0.8846160622150216,1.6147770755900301,0.6019185519581486,1.6544631679309085
0.5,0.6179601168940008,1.7440717008374311,0.3737430487900418,1.8953698974140805
0.7,0.5168713097335873,1.8296277531498455,0.28864307605566397,2.0692328410986405
0.9,0.4867802057412645,1.863985218688493,0.2633462019392613,2.1418121190529136
