{
  "quantum_solution": [
    0.8034856249233363,
    0.28257921272167097,
    0.49627722603432406,
    0.16813314366546797
  ],
  "classical_solution": [
    0.7055698197297996,
    0.046596453582414196,
    0.7055698197297996,
    0.046596453582414196
  ],
  "_source": "harvester"
}