{
  "iterations_completed": 1,
  "converged": true,
  "_source": "harvester",
  "fidelity": 0.9380750378351007,
  "shots": 100000,
  "l2_error_abs": 0.35192317958582775,
  "l2_error_rel": 0.35192317958582775
}