{
  "final_solution": [],
  "per_iteration": [],
  "residual_history": [
    {
      "iters": 0.0,
      "residual": 0.05820214236461219
    },
    {
      "iters": 1.0,
      "residual": 5.778820010376305e-07
    },
    {
      "iters": 2.0,
      "residual": 2.8519048396688534e-12
    }
  ],
  "_source": "solver"
}