{
  "u_initial": [
    0.0,
    0.0490085701647803,
    0.09754516100806412,
    0.14514233862723117,
    0.1913417161825449,
    0.23569836841299882,
    0.2777851165098011,
    0.31719664208182274,
    0.35355339059327373,
    0.3865052266813685,
    0.4157348061512726,
    0.44096063217417747,
    0.46193976625564337,
    0.4784701678661044,
    0.4903926402016152,
    0.4975923633360984,
    0.5,
    0.49759236333609846,
    0.4903926402016152,
    0.47847016786610447,
    0.46193976625564337,
    0.4409606321741775,
    0.4157348061512727,
    0.38650522668136855,
    0.3535533905932738,
    0.31719664208182274,
    0.2777851165098011,
    0.23569836841299893,
    0.19134171618254495,
    0.1451423386272312,
    0.0975451610080643,
    0.04900857016478041,
    6.123233995736766e-17,
    -0.049008570164780295,
    -0.09754516100806418,
    -0.14514233862723105,
    -0.19134171618254484,
    -0.23569836841299882,
    -0.277785116509801,
    -0.31719664208182263,
    -0.35355339059327373,
    -0.38650522668136833,
    -0.4157348061512726,
    -0.44096063217417747,
    -0.46193976625564326,
    -0.4784701678661044,
    -0.49039264020161516,
    -0.49759236333609846,
    -0.5,
    -0.49759236333609846,
    -0.4903926402016152,
    -0.47847016786610447,
    -0.4619397662556433,
    -0.4409606321741775,
    -0.41573480615127273,
    -0.38650522668136844,
    -0.35355339059327384,
    -0.31719664208182297,
    -0.2777851165098011,
    -0.235698368412999,
    -0.1913417161825452,
    -0.14514233862723125,
    -0.09754516100806436,
    -0.04900857016478025
  ],
  "u_final_classical": null,
  "u_final_method": [
    0.018581143343693853,
    0.048250154405129655,
    0.07775813428875784,
    0.10931889263050905,
    0.14393248809090214,
    0.18071343392693784,
    0.21704275550477262,
    0.24946452294824395,
    0.27502598939111095,
    0.29260021048066936,
    0.30359616514795373,
    0.3115345742609941,
    0.3204688520411221,
    0.33297159713552277,
    0.3487779601296776,
    0.36483000318175485,
    0.37673283842237987,
    0.38100995769789814,
    0.37714660366965447,
    0.36826910181256417,
    0.3597855398074401,
    0.35653939751110075,
    0.36012082070344215,
    0.3678143824420843,
    0.3734334057527569,
    0.3692696506765465,
    0.3482746622082026,
    0.3060405134518206,
    0.24251387847655226,
    0.16318149128017226,
    0.07872704387243418,
    0.0019707009448381996,
    -0.05745373841393047,
    -0.09784454769778322,
    -0.1265133528217561,
    -0.15630106608021066,
    -0.19883915492042947,
    -0.2574249719343982,
    -0.32393966253306206,
    -0.3833097453159788,
    -0.4231270236522143,
    -0.44079612533952856,
    -0.44326931339929065,
    -0.44125686768278494,
    -0.44265668303063993,
    -0.44861082952605785,
    -0.45366052705000826,
    -0.4495512764826156,
    -0.4301872945321954,
    -0.3947313708082327,
    -0.34767032683220267,
    -0.29680080329790787,
    -0.250602336365235,
    -0.21578478581520122,
    -0.19530540406532282,
    -0.18732968126517335,
    -0.18584320122764614,
    -0.18306977033943106,
    -0.17263416279422722,
    -0.15176836731127247,
    -0.12158820422302662,
    -0.08577059437929857,
    -0.048627894989666354,
    -0.013427781510911618
  ],
  "errors_by_step": {},
  "final_error": NaN,
  "max_error": NaN,
  "_source": "solver"
}