{
  "u_initial": [
    0.0,
    0.40673664307580015,
    0.7431448254773941,
    0.9510565162951535,
    0.9945218953682734,
    0.8660254037844387,
    0.5877852522924732,
    0.20791169081775931,
    -0.20791169081775907,
    -0.587785252292473,
    -0.8660254037844384,
    -0.9945218953682733,
    -0.9510565162951536,
    -0.743144825477394,
    -0.40673664307580015,
    -2.4492935982947064e-16
  ],
  "u_final_classical": [
    0.0,
    0.2327032026500107,
    0.4596574448446474,
    0.6748971873077655,
    0.8715251018302631,
    1.0207213452962849,
    1.2765963788637327,
    1.2584414536519224,
    -1.2584414536519215,
    -1.2765963788637336,
    -1.0207213452962849,
    -0.8715251018302631,
    -0.6748971873077653,
    -0.4596574448446475,
    -0.23270320265001082,
    -2.4492935982947064e-16
  ],
  "u_final_method": [
    0.0,
    0.2327032026500107,
    0.4596574448446474,
    0.6748971873077655,
    0.8715251018302631,
    1.0207213452962849,
    1.2765963788637327,
    1.2584414536519224,
    -1.2584414536519215,
    -1.2765963788637336,
    -1.0207213452962849,
    -0.8715251018302631,
    -0.6748971873077653,
    -0.4596574448446475,
    -0.23270320265001082,
    -2.4492935982947064e-16
  ],
  "errors_by_step": {
    "0": 0.0,
    "4": 0.0,
    "8": 0.0,
    "12": 0.0,
    "16": 0.0,
    "20": 0.0,
    "24": 0.0,
    "25": 0.0
  },
  "final_error": 0.0,
  "max_error": 0.0,
  "_source": "solver"
}