{
  "u_initial": [
    0.0,
    0.0490085701647803,
    0.09754516100806412,
    0.14514233862723117,
    0.1913417161825449,
    0.23569836841299882,
    0.2777851165098011,
    0.31719664208182274,
    0.35355339059327373,
    0.3865052266813685,
    0.4157348061512726,
    0.44096063217417747,
    0.46193976625564337,
    0.4784701678661044,
    0.4903926402016152,
    0.4975923633360984,
    0.5,
    0.49759236333609846,
    0.4903926402016152,
    0.47847016786610447,
    0.46193976625564337,
    0.4409606321741775,
    0.4157348061512727,
    0.38650522668136855,
    0.3535533905932738,
    0.31719664208182274,
    0.2777851165098011,
    0.23569836841299893,
    0.19134171618254495,
    0.1451423386272312,
    0.0975451610080643,
    0.04900857016478041,
    6.123233995736766e-17,
    -0.049008570164780295,
    -0.09754516100806418,
    -0.14514233862723105,
    -0.19134171618254484,
    -0.23569836841299882,
    -0.277785116509801,
    -0.31719664208182263,
    -0.35355339059327373,
    -0.38650522668136833,
    -0.4157348061512726,
    -0.44096063217417747,
    -0.46193976625564326,
    -0.4784701678661044,
    -0.49039264020161516,
    -0.49759236333609846,
    -0.5,
    -0.49759236333609846,
    -0.4903926402016152,
    -0.47847016786610447,
    -0.4619397662556433,
    -0.4409606321741775,
    -0.41573480615127273,
    -0.38650522668136844,
    -0.35355339059327384,
    -0.31719664208182297,
    -0.2777851165098011,
    -0.235698368412999,
    -0.1913417161825452,
    -0.14514233862723125,
    -0.09754516100806436,
    -0.04900857016478025
  ],
  "u_final_classical": null,
  "u_final_method": [
    9.66188647548823e-19,
    0.03053432856574712,
    0.060959141265980295,
    0.09116376798644663,
    0.1210352037987961,
    0.15045687504809988,
    0.17930732366016447,
    0.20745877920956565,
    0.23477558577882995,
    0.2611124479175371,
    0.2863124575875506,
    0.31020486277166165,
    0.33260254001318945,
    0.35329914021436953,
    0.3720658939308688,
    0.38864809614079543,
    0.4027613518207109,
    0.41408776861631635,
    0.4222724538690971,
    0.4269209390954581,
    0.42759854750528836,
    0.42383326295558377,
    0.41512434233432105,
    0.40095964874731405,
    0.380845231770473,
    0.35435057975763684,
    0.32117150598644156,
    0.28120899735942634,
    0.23465612477353212,
    0.18207707296490352,
    0.12445529681856375,
    0.06318640689027623,
    -5.0057618250212364e-17,
    -0.06318640689027631,
    -0.12445529681856385,
    -0.18207707296490366,
    -0.23465612477353226,
    -0.2812089973594265,
    -0.32117150598644173,
    -0.354350579757637,
    -0.38084523177047314,
    -0.4009596487473141,
    -0.4151243423343211,
    -0.4238332629555838,
    -0.42759854750528836,
    -0.4269209390954581,
    -0.4222724538690971,
    -0.41408776861631635,
    -0.4027613518207109,
    -0.38864809614079543,
    -0.3720658939308688,
    -0.35329914021436953,
    -0.33260254001318945,
    -0.3102048627716616,
    -0.28631245758755053,
    -0.26111244791753707,
    -0.23477558577882993,
    -0.20745877920956562,
    -0.17930732366016444,
    -0.15045687504809985,
    -0.12103520379879608,
    -0.09116376798644661,
    -0.060959141265980316,
    -0.030534328565747126
  ],
  "errors_by_step": {},
  "final_error": NaN,
  "max_error": NaN,
  "_source": "solver"
}