{
  "grid": [
    0.0,
    0.03125,
    0.0625,
    0.09375,
    0.125,
    0.15625,
    0.1875,
    0.21875,
    0.25,
    0.28125,
    0.3125,
    0.34375,
    0.375,
    0.40625,
    0.4375,
    0.46875,
    0.5,
    0.53125,
    0.5625,
    0.59375,
    0.625,
    0.65625,
    0.6875,
    0.71875,
    0.75,
    0.78125,
    0.8125,
    0.84375,
    0.875,
    0.90625,
    0.9375,
    0.96875
  ],
  "solution_steps": {
    "0": [
      0.0,
      0.19509032201612825,
      0.3826834323650898,
      0.5555702330196022,
      0.7071067811865475,
      0.8314696123025452,
      0.9238795325112867,
      0.9807852804032304,
      1.0,
      0.9807852804032304,
      0.9238795325112867,
      0.8314696123025455,
      0.7071067811865476,
      0.5555702330196022,
      0.3826834323650899,
      0.1950903220161286,
      1.2246467991473532e-16,
      -0.19509032201612836,
      -0.38268343236508967,
      -0.555570233019602,
      -0.7071067811865475,
      -0.8314696123025452,
      -0.9238795325112865,
      -0.9807852804032303,
      -1.0,
      -0.9807852804032304,
      -0.9238795325112866,
      -0.8314696123025455,
      -0.7071067811865477,
      -0.5555702330196022,
      -0.3826834323650904,
      -0.19509032201612872
    ],
    "8": [
      -1.687538997430238e-16,
      0.1690740105661448,
      0.33199345263128244,
      0.48337011545943137,
      0.61902240426551,
      0.7359448446407827,
      0.8318821841107652,
      0.9046936532297383,
      0.9516774541196142,
      0.9689965964142454,
      0.9514396217094435,
      0.8930012389814783,
      0.7888853164388121,
      0.6387162083315656,
      0.44884674948998,
      0.231268456214832,
      -1.6067536989794463e-09,
      -0.23126845534302107,
      -0.44884674795417423,
      -0.6387162090375835,
      -0.7888853163659957,
      -0.8930012391528601,
      -0.9514396217096993,
      -0.968996596408324,
      -0.9516774541214446,
      -0.9046936532300973,
      -0.8318821841105571,
      -0.73594484464076,
      -0.6190224042655135,
      -0.4833701154594283,
      -0.33199345263126917,
      -0.16907401056614396
    ],
    "16": [
      -7.727152251391089e-16,
      0.15003317811897007,
      0.29510436487493324,
      0.43102800879059205,
      0.5547996675098422,
      0.6645193680724798,
      0.7589758620583443,
      0.8370825313424373,
      0.8972488756251852,
      0.9366406518732499,
      0.9502149456576876,
      0.929549513551072,
      0.8622286447541058,
      0.7343051539218169,
      0.5387439811600717,
      0.28535144112106653,
      -1.6849736539370496e-09,
      -0.28535144000667745,
      -0.5387439794476763,
      -0.7343051548763054,
      -0.8622286447773746,
      -0.9295495137150652,
      -0.9502149456606594,
      -0.9366406518689803,
      -0.8972488756265844,
      -0.8370825313426533,
      -0.7589758620581409,
      -0.6645193680724504,
      -0.5547996675098482,
      -0.4310280087905842,
      -0.29510436487491176,
      -0.15003317811896796
    ],
    "24": [
      -7.815970093361102e-16,
      0.13468227994372614,
      0.26539062224265875,
      0.38880546144028105,
      0.5025998307593279,
      0.605383436613535,
      0.6963871088073579,
      0.7750481234458131,
      0.840557879221493,
      0.8913088256319757,
      0.9240411179090581,
      0.9323002073864217,
      0.903671423406966,
      0.8162243444014985,
      0.6401603848676933,
      0.35839873248791376,
      -1.5626562799297972e-09,
      -0.3583987316764876,
      -0.6401603832842983,
      -0.8162243451221184,
      -0.9036714234242293,
      -0.932300207479604,
      -0.9240411179118363,
      -0.8913088256295003,
      -0.8405578792223721,
      -0.7750481234459566,
      -0.6963871088071966,
      -0.6053834366135059,
      -0.502599830759333,
      -0.3888054614402694,
      -0.2653906222426323,
      -0.13468227994372253
    ],
    "32": [
      -5.684341886080802e-16,
      0.12207546210450193,
      0.24096098308526945,
      0.3539823629466504,
      0.4592559059893245,
      0.5556633059605398,
      0.6426291775644538,
      0.7198252478971322,
      0.786855164500511,
      0.8428838574619263,
      0.886064598166204,
      0.9123940670647688,
      0.9130527797075711,
      0.8680037000562311,
      0.7336673516535308,
      0.44429290741325245,
      -1.329411816186621e-09,
      -0.44429290693299833,
      -0.7336673502969933,
      -0.8680037004799022,
      -0.9130527797310362,
      -0.9123940671225518,
      -0.8860645981694788,
      -0.8428838574606903,
      -0.7868551645010524,
      -0.7198252478972164,
      -0.6426291775643239,
      -0.5556633059605123,
      -0.4592559059893284,
      -0.35398236294663493,
      -0.24096098308523936,
      -0.1220754621044969
    ],
    "40": [
      -2.220446049250313e-16,
      0.11155749598097071,
      0.22053805872358356,
      0.32476027038826943,
      0.42265891374030545,
      0.5132844664417329,
      0.5961519353196083,
      0.6710304627890699,
      0.7377205891568377,
      0.795805746444143,
      0.8442905618828556,
      0.8808805221454106,
      0.9001495016675694,
      0.887865458397356,
      0.8011761018997697,
      0.5267650625580416,
      -8.757353953114944e-10,
      -0.5267650622584126,
      -0.8011761009993745,
      -0.8878654586594825,
      -0.9001495016889584,
      -0.8808805221835789,
      -0.8442905618859379,
      -0.7958057464434992,
      -0.737720589157168,
      -0.6710304627891004,
      -0.5961519353194967,
      -0.5132844664417049,
      -0.4226589137403076,
      -0.3247602703882514,
      -0.22053805872355092,
      -0.111557495980964
    ],
    "48": [
      1.4210854715202004e-16,
      0.10266184011384559,
      0.20322493814560208,
      0.29989090532575247,
      0.3913380525576065,
      0.476736779768964,
      0.5556496657967039,
      0.6278817360931425,
      0.6933199354139075,
      0.7517613282105433,
      0.8026821527626455,
      0.8448016442631943,
      0.8749496352246684,
      0.884022315002174,
      0.8367621910593147,
      0.5891153844939617,
      -5.479267883856664e-10,
      -0.5891153843150937,
      -0.8367621904930235,
      -0.8840223151579204,
      -0.8749496352405128,
      -0.8448016442866737,
      -0.8026821527650435,
      -0.7517613282102229,
      -0.6933199354141606,
      -0.627881736093162,
      -0.5556496657966069,
      -0.47673677976893536,
      -0.3913380525576078,
      -0.2998909053257323,
      -0.20322493814556686,
      -0.10266184011383725
    ],
    "51": [
      4.618527782440651e-16,
      0.0996717169881053,
      0.19739579202404844,
      0.2914953264544572,
      0.3807261874648428,
      0.46429638540798623,
      0.5417811358530148,
      0.6129910663865203,
      0.6778296335110645,
      0.7361421965173716,
      0.7875190723817287,
      0.8309334292022539,
      0.8638027224012143,
      0.8784880365659706,
      0.8427446153898052,
      0.6055108152523405,
      -5.152543280928513e-10,
      -0.6055108151183611,
      -0.8427446148582749,
      -0.8784880366800752,
      -0.8638027224152143,
      -0.8309334292224475,
      -0.7875190723839188,
      -0.7361421965171036,
      -0.6778296335112797,
      -0.6129910663865283,
      -0.5417811358529212,
      -0.46429638540795737,
      -0.3807261874648434,
      -0.291495326454436,
      -0.19739579202401256,
      -0.09967171698809647
    ]
  },
  "_source": "solver"
}