{
  "quantum_solution": [
    1.2266429960766798,
    0.15217142866746095,
    0.053863387710145746,
    0.03899944738576127
  ],
  "classical_solution": [
    1.1454545454545455,
    0.43636363636363634,
    0.16363636363636364,
    0.05454545454545454
  ],
  "_source": "harvester"
}