{
  "iterations_completed": 1,
  "converged": true,
  "_source": "harvester",
  "fidelity": 0.9360224568896852,
  "shots": 10000,
  "l2_error_abs": 0.31567160152911455,
  "l2_error_rel": 0.2550194670895583
}