xp, rho, u, p, Mach
0.1,0.9874549215729703,1.5144532871539853,0.699806512395363,1.520412788420715
0.3,0.8859976751133075,1.6132038128667627,0.603153835682241,1.6524467227493025
0.5,0.6196736408309741,1.7414739315469518,0.3750215598045846,1.8919356183935812
0.7,0.5170070615900296,1.8291582069384698,0.2887468671222317,2.0686015662375126
0.9,0.48376970111356027,1.8695911427678846,0.26090079773612335,2.151613462136748
