{
  "u_initial": [
    0.0,
    0.19509032201612825,
    0.3826834323650898,
    0.5555702330196022,
    0.7071067811865475,
    0.8314696123025452,
    0.9238795325112867,
    0.9807852804032304,
    1.0,
    0.9807852804032304,
    0.9238795325112867,
    0.8314696123025455,
    0.7071067811865476,
    0.5555702330196022,
    0.3826834323650899,
    0.1950903220161286,
    1.2246467991473532e-16,
    -0.19509032201612836,
    -0.38268343236508967,
    -0.555570233019602,
    -0.7071067811865475,
    -0.8314696123025452,
    -0.9238795325112865,
    -0.9807852804032303,
    -1.0,
    -0.9807852804032304,
    -0.9238795325112866,
    -0.8314696123025455,
    -0.7071067811865477,
    -0.5555702330196022,
    -0.3826834323650904,
    -0.19509032201612872
  ],
  "u_final_classical": [
    -3.737358543145155e-17,
    0.038440938392563934,
    0.07686848003777323,
    0.11526904537387743,
    0.15362868192834278,
    0.19193285906027244,
    0.23016623838759537,
    0.2683124086653084,
    0.3063535711596231,
    0.3442701610678522,
    0.38204041907655645,
    0.4196403264217442,
    0.45705029393315294,
    0.4943581798648165,
    0.5328682893475198,
    0.5751015130019228,
    1.093651331142921e-15,
    -0.5751015130019251,
    -0.5328682893475202,
    -0.4943581798648166,
    -0.457050293933153,
    -0.4196403264217443,
    -0.38204041907655656,
    -0.3442701610678523,
    -0.3063535711596232,
    -0.2683124086653085,
    -0.2301662383875954,
    -0.19193285906027246,
    -0.15362868192834284,
    -0.11526904537387749,
    -0.0768684800377733,
    -0.03844093839256401
  ],
  "u_final_method": [
    -4.476419235288631e-15,
    0.039547769178775775,
    0.07894868686156384,
    0.11806062566914466,
    0.15675045347957794,
    0.19489747987170541,
    0.23239583526879293,
    0.2691556352606412,
    0.3051025747041065,
    0.3401737683228771,
    0.3742968763837803,
    0.40727806071618333,
    0.43817476252037524,
    0.46181053742471306,
    0.45170480219815773,
    0.3185156043490747,
    -9.5042196335271e-13,
    -0.3185156043496787,
    -0.4517048021973045,
    -0.46181053742415745,
    -0.4381747625202803,
    -0.407278060716105,
    -0.37429687638374676,
    -0.3401737683229017,
    -0.30510257470413743,
    -0.26915563526064373,
    -0.23239583526878604,
    -0.19489747987169853,
    -0.15675045347957905,
    -0.1180606256691474,
    -0.07894868686156552,
    -0.03954776917878277
  ],
  "errors_by_step": {
    "0": 0.0,
    "1": 0.010317939282526375,
    "2": 0.011449645599409237,
    "3": 0.012866286823342697,
    "4": 0.014463413757561024,
    "5": 0.01617019047678256,
    "6": 0.017940599731533183,
    "7": 0.019744840512146332,
    "8": 0.021563301109757276,
    "9": 0.023382738033721494,
    "10": 0.025193916264067237,
    "11": 0.026990147385768524,
    "12": 0.028766367546176373,
    "13": 0.03051854524877749,
    "14": 0.03224329169801713,
    "15": 0.03393759579318987,
    "16": 0.035598646066804004,
    "17": 0.03722370552391222,
    "18": 0.03881002538404787,
    "19": 0.04035479100309254,
    "20": 0.041855087162301775,
    "21": 0.04330788624124996,
    "22": 0.04471005273260418,
    "23": 0.04605836836238787,
    "24": 0.047349572304557795,
    "25": 0.04858042483546261,
    "26": 0.04974779007379608,
    "27": 0.05084873927796874,
    "28": 0.051880680910687885,
    "29": 0.05284151030943921,
    "30": 0.05372978607640518,
    "31": 0.054544926738632524,
    "32": 0.05528743004907206,
    "33": 0.05595910895130505,
    "34": 0.056563341597953516,
    "35": 0.057105326223289336,
    "36": 0.05759233416814056,
    "37": 0.058033950338028564,
    "38": 0.058442281499277764,
    "39": 0.05883211726103208,
    "40": 0.05922101863812856,
    "41": 0.059629308633588965,
    "42": 0.06007993360196176,
    "43": 0.06059816820454716,
    "44": 0.06121114253762588,
    "45": 0.061947180149479614,
    "46": 0.06283495850974742,
    "47": 0.0639025273645932,
    "48": 0.06517624877320156,
    "49": 0.06667974512581669,
    "50": 0.06843295395967632,
    "51": 0.07045138062172153,
    "52": 0.07274561780168731,
    "53": 0.07532116302453183,
    "54": 0.07817852360551238,
    "55": 0.08131356518067805,
    "56": 0.08471803460651224,
    "57": 0.08838018468633169,
    "58": 0.09228543227908628,
    "59": 0.09641699580882575,
    "60": 0.10075647763527248,
    "61": 0.10528437239817648,
    "62": 0.1099804945691025,
    "63": 0.11482433038864223,
    "64": 0.11979532120240474,
    "65": 0.12487308900448556,
    "66": 0.1300376157594368,
    "67": 0.135269386038838,
    "68": 0.14054950057773324,
    "69": 0.14585976750827886,
    "70": 0.15118277670740823,
    "71": 0.15650195998064395,
    "72": 0.1618016394406946,
    "73": 0.16706706620820647,
    "74": 0.17228444943964477,
    "75": 0.1774409776054504,
    "76": 0.18252483072543677,
    "77": 0.18752518537081586,
    "78": 0.1924322115347296,
    "79": 0.1972370623878244,
    "80": 0.20193185694656132,
    "81": 0.20650965681804204,
    "82": 0.21096443606993842,
    "83": 0.21529104686632233,
    "84": 0.21948518023921737,
    "85": 0.2235433231158289,
    "86": 0.22746271248679364,
    "87": 0.23124128737495192,
    "88": 0.2348776394989054,
    "89": 0.23837096312297648,
    "90": 0.24172100481481948,
    "91": 0.24492801394636632,
    "92": 0.24799269391380407,
    "93": 0.2509161551519788,
    "94": 0.25369986965206415,
    "95": 0.2563456280153761,
    "96": 0.2588554984956033,
    "97": 0.2612317887828897,
    "98": 0.26347701027891723,
    "99": 0.2655938450799281,
    "100": 0.26758511569651444,
    "101": 0.26945375724029047,
    "102": 0.27120279231588656,
    "103": 0.2728353083815925,
    "104": 0.2743544373526255,
    "105": 0.27576333760576704,
    "106": 0.2770651779480365,
    "107": 0.2782631236675182,
    "108": 0.2793603242918123,
    "109": 0.28035990306346714,
    "110": 0.2812649479715878,
    "111": 0.28207850412359803,
    "112": 0.28280356737463375,
    "113": 0.28344307912916067,
    "114": 0.28399992208297936,
    "115": 0.2844769169109278,
    "116": 0.28487681973111917,
    "117": 0.28520232023956615,
    "118": 0.2854560404909546,
    "119": 0.28564053416041557,
    "120": 0.28575828629079325,
    "121": 0.2858117134001245,
    "122": 0.2858031639363305,
    "123": 0.28573491899060555,
    "124": 0.2856091932469063,
    "125": 0.28542813610270107,
    "126": 0.28519383294673645,
    "127": 0.28490830655451266,
    "128": 0.2845735185645562,
    "129": 0.28419137102793257,
    "130": 0.2837637079983261,
    "131": 0.28329231713083775,
    "132": 0.28277893132363563,
    "133": 0.2822252303189538,
    "134": 0.28163284233207575,
    "135": 0.28100334562086815,
    "136": 0.2803382700583668,
    "137": 0.2796390986450368,
    "138": 0.27890726899890317,
    "139": 0.27814417480751713,
    "140": 0.27735116721427977,
    "141": 0.27652955619007635,
    "142": 0.2756806118271728,
    "143": 0.2748055656060109,
    "144": 0.27390561161108123,
    "145": 0.2729819076980965,
    "146": 0.2720355766205713,
    "147": 0.27106770710036404,
    "148": 0.2700793548709294,
    "149": 0.2690715436678218,
    "150": 0.26804526618067626,
    "151": 0.2670014849684225,
    "152": 0.2659411333435367,
    "153": 0.2648651162019642,
    "154": 0.26377431084246233,
    "155": 0.26266956774084144,
    "156": 0.2615517112893505,
    "157": 0.2604215405241957,
    "158": 0.25927982980814124,
    "159": 0.25812732949746725,
    "160": 0.256964766583864,
    "161": 0.2557928453079281,
    "162": 0.2546122477552055,
    "163": 0.25342363443480526,
    "164": 0.25222764482844845,
    "165": 0.2510248979342463,
    "166": 0.24981599278418695,
    "167": 0.24860150894839567,
    "168": 0.24738200702641447,
    "169": 0.24615802912057624,
    "170": 0.24493009929827364,
    "171": 0.24369872404007284,
    "172": 0.2424643926776289,
    "173": 0.2412275778183029,
    "174": 0.2399887357602294,
    "175": 0.2387483068969572,
    "176": 0.23750671611204002,
    "177": 0.23626437316413945,