dq_lu, dq_hhl,
0.0007590124812419287,0.0
0.00098657236642683,0.0
-0.00032369817240391935,-0.0
0.0007544703908934253,0.0
0.001014326971569424,0.0
0.0014995569774346642,0.0001735720744915358
-0.0002695279948942941,-0.0
-0.0015930315225400587,-0.0003881189575587465
0.0002599370744579346,0.0
-0.00017129245534939057,-0.0
0.0022277540020032706,0.00017357207449157367
0.0010554535870288505,0.0001735720744914871
0.00038335334325976096,0.0
-0.00113765795663521,-0.0
0.0016398885161190767,0.0002454679817951771
-0.0013497474856135235,-0.0003006356517944477
-0.0015464960485263312,-0.0003881189575587392
-0.0009620891771378461,-0.0
-0.001077727459042753,-0.0
-0.001036617611998755,-0.00017357207449148412
-0.0008415122054716552,-0.0
-0.0023675075426895192,-0.0003006356517945434
-0.001941534286290452,-0.00030063565179451555
-0.0015622246846341819,-0.00017357207449154047
-0.0015279359353261865,-0.00017357207449153798
-0.0015809547709143782,-0.0002454679817951715
-0.0026119190513775804,-0.00024546798179523276
-0.0011889545519774866,-0.0002454679817951203
-0.000923851359418103,-0.0
-0.0011487252130087345,-0.0
