dq_lu, dq_hhl,
0.0006755123967204535,0.0
0.0009865994394725776,0.0
-0.00023988652301168493,-0.00014535495026761602
0.0006711891675419057,0.00014535495026800542
0.0009306433453962813,0.0
0.0012435230155510117,0.0002055629420272209
-0.00015054330909723872,-0.0
-0.0012046460642145833,-0.00014535495026810129
0.00026171419709405844,0.0
-0.0001706099004345698,-0.0
0.0019091266990926116,0.00038457305024167517
0.0008835377745683454,0.00014535495026805746
0.00038358624036375505,0.0
-0.000992889046930288,-0.00014535495026807556
0.0013957776132021407,0.00025176215899602744
-0.0009652776792991011,-0.0001453549502680714
-0.0010399805174189218,-0.0
-0.0008788129592317937,-0.0002517621589959214
-0.0009940029772121293,-0.00020556294202717942
-0.0007793362304555616,-0.00020556294202712247
-0.0008422450197039682,-0.00020556294202714217
-0.0018444677193401174,-0.00025176215899607135
-0.001641039768340884,-0.00029070990053626676
-0.0013900245320565359,-0.00020556294202723834
-0.0012354826497981612,-0.0
-0.001251655526348725,-0.0001453549502681058
-0.0021989572203279734,-0.0003250235496656978
-0.0009428678100923855,-0.0
-0.0009238197810407027,-0.0
-0.0011486372578860596,-0.0001453549502680954
