{
  "u_initial": [
    0.0,
    0.7071067811865475,
    1.0,
    0.7071067811865476,
    1.2246467991473532e-16,
    -0.7071067811865475,
    -1.0,
    -0.7071067811865477
  ],
  "u_final_classical": [
    -1.4778213349946724e-17,
    0.361989589826444,
    0.7161619111719113,
    1.174496075191928,
    3.3455384452398253e-16,
    -1.1744960751919282,
    -0.7161619111719114,
    -0.3619895898264442
  ],
  "u_final_method": [
    1.5205614545266145e-14,
    0.31904524751996055,
    0.4339394952831927,
    0.4467158118645048,
    -4.028777311759768e-14,
    -0.446715811864538,
    -0.43393949528316766,
    -0.3190452475199274
  ],
  "errors_by_step": {
    "0": 0.0,
    "2": 0.257160540711584,
    "4": 0.3237476532794149,
    "6": 0.37797034133720325,
    "8": 0.42599747320888126,
    "10": 0.4702000131393755,
    "12": 0.5113880964045148,
    "14": 0.5495908954097241
  },
  "final_error": 0.5495908954097241,
  "max_error": 0.5495908954097241,
  "_source": "solver"
}