{
  "u_initial": [
    0.0,
    0.02940514209886818,
    0.05852709660483847,
    0.0870854031763387,
    0.11480502970952693,
    0.1414190210477993,
    0.16667106990588065,
    0.19031798524909363,
    0.21213203435596423,
    0.2319031360088211,
    0.24944088369076356,
    0.26457637930450645,
    0.27716385975338603,
    0.2870821007196626,
    0.2942355841209691,
    0.298555418001659,
    0.3,
    0.2985554180016591,
    0.2942355841209691,
    0.28708210071966267,
    0.27716385975338603,
    0.2645763793045065,
    0.2494408836907636,
    0.23190313600882112,
    0.21213203435596426,
    0.19031798524909363,
    0.16667106990588065,
    0.14141902104779935,
    0.11480502970952697,
    0.08708540317633871,
    0.05852709660483858,
    0.029405142098868246,
    3.6739403974420595e-17,
    -0.029405142098868176,
    -0.058527096604838506,
    -0.08708540317633863,
    -0.1148050297095269,
    -0.1414190210477993,
    -0.16667106990588057,
    -0.19031798524909357,
    -0.21213203435596423,
    -0.23190313600882098,
    -0.24944088369076356,
    -0.26457637930450645,
    -0.2771638597533859,
    -0.2870821007196626,
    -0.29423558412096906,
    -0.2985554180016591,
    -0.3,
    -0.2985554180016591,
    -0.2942355841209691,
    -0.28708210071966267,
    -0.277163859753386,
    -0.2645763793045065,
    -0.24944088369076362,
    -0.23190313600882106,
    -0.2121320343559643,
    -0.19031798524909377,
    -0.16667106990588065,
    -0.14141902104779938,
    -0.1148050297095271,
    -0.08708540317633874,
    -0.05852709660483861,
    -0.029405142098868152
  ],
  "u_final_classical": null,
  "u_final_method": [
    5.59088710422535e-18,
    0.020195234954235475,
    0.04028212870500957,
    0.06015168666669075,
    0.07969360914705174,
    0.09879564380333257,
    0.11734294660679347,
    0.13521745854176753,
    0.15229730948860026,
    0.1684562666027316,
    0.1835632523956645,
    0.19748196809820218,
    0.21007067121006748,
    0.2211821728154218,
    0.23066414046195063,
    0.23835981590499677,
    0.24410928274707347,
    0.2477514446021197,
    0.2491268956235804,
    0.2480818752469846,
    0.2444734879775506,
    0.23817632421028875,
    0.22909052482677605,
    0.2171511772568042,
    0.20233870684299868,
    0.18468964163306362,
    0.16430681026688707,
    0.14136773849577758,
    0.11612982332338433,
    0.0889308798693285,
    0.060183953068928965,
    0.030365888281323975,
    -2.2232953395449946e-17,
    -0.03036588828132402,
    -0.06018395306892901,
    -0.08893087986932854,
    -0.11612982332338435,
    -0.1413677384957776,
    -0.1643068102668871,
    -0.18468964163306364,
    -0.2023387068429987,
    -0.2171511772568042,
    -0.22909052482677603,
    -0.23817632421028873,
    -0.24447348797755059,
    -0.24808187524698458,
    -0.24912689562358037,
    -0.24775144460211962,
    -0.24410928274707341,
    -0.2383598159049967,
    -0.23066414046195055,
    -0.2211821728154217,
    -0.2100706712100674,
    -0.1974819680982021,
    -0.18356325239566446,
    -0.16845626660273155,
    -0.1522973094886002,
    -0.13521745854176748,
    -0.11734294660679341,
    -0.09879564380333253,
    -0.07969360914705172,
    -0.06015168666669073,
    -0.04028212870500955,
    -0.02019523495423546
  ],
  "errors_by_step": {},
  "final_error": NaN,
  "max_error": NaN,
  "_source": "solver"
}