{
  "grid": [
    0.0,
    0.125,
    0.25,
    0.375,
    0.5,
    0.625,
    0.75,
    0.875
  ],
  "solution_steps": {
    "0": [
      0.0,
      0.21213203435596426,
      0.3,
      0.21213203435596426,
      3.6739403974420595e-17,
      -0.21213203435596423,
      -0.3,
      -0.2121320343559643
    ],
    "1": [
      -0.15378906914087373,
      -0.1351966390776077,
      0.28917137976502694,
      0.3666272429396296,
      0.04765465826836323,
      -0.2092810367652619,
      -0.18303696889251644,
      -0.022149567096760022
    ],
    "2": [
      -0.3222405275399065,
      -0.33962897334264475,
      0.3183169298817107,
      0.49446773995845905,
      0.057899716556390715,
      -0.2069743362789602,
      -0.05397611889819494,
      0.05213556966314592
    ],
    "3": [
      -0.4549216116233141,
      -0.44480329684406783,
      0.274260957807416,
      0.4783716199220596,
      0.1331519152312888,
      -0.04995239306245189,
      0.04750873858460935,
      0.016384069984460084
    ],
    "4": [
      -0.5013280605825673,
      -0.5018179935346305,
      0.21317337531274289,
      0.5005310270495348,
      0.2209732326440088,
      -0.007061170279977702,
      0.06718145262581558,
      0.008348136765073377
    ],
    "5": [
      -0.5481164111252949,
      -0.5535335160256948,
      0.22566512432274968,
      0.5273814715527742,
      0.22079064769029605,
      -0.014467479446951259,
      0.1016606391122491,
      0.04061952391987191
    ],
    "6": [
      -0.5495095358980417,
      -0.5685260461846321,
      0.2006305762559655,
      0.5231736892227971,
      0.22692944485444003,
      -0.030130531431585228,
      0.1219495147876362,
      0.07548288839342028
    ]
  },
  "_source": "solver"
}