{
  "grid": [
    0.0,
    0.0625,
    0.125,
    0.1875,
    0.25,
    0.3125,
    0.375,
    0.4375,
    0.5,
    0.5625,
    0.625,
    0.6875,
    0.75,
    0.8125,
    0.875,
    0.9375
  ],
  "solution_steps": {
    "0": [
      0.0,
      0.15307337294603593,
      0.282842712474619,
      0.36955181300451473,
      0.4,
      0.36955181300451473,
      0.28284271247461906,
      0.15307337294603596,
      4.898587196589413e-17,
      -0.15307337294603587,
      -0.282842712474619,
      -0.3695518130045146,
      -0.4,
      -0.3695518130045147,
      -0.28284271247461906,
      -0.15307337294603618
    ],
    "10": [
      -0.004530294333999415,
      0.09942212053866403,
      0.19164234864016738,
      0.26180633210981524,
      0.30100741777038775,
      0.2857545468977856,
      0.22869298556571205,
      0.12517461301575206,
      -0.00010134551431966105,
      -0.12454622092454913,
      -0.229463328577483,
      -0.28976416161804347,
      -0.30251005908988216,
      -0.26139334837396316,
      -0.19378004355415035,
      -0.10221936443857861
    ],
    "20": [
      0.00012924373451886568,
      0.062196521199549416,
      0.11628973605789628,
      0.16589614768139224,
      0.19807458963802999,
      0.199224465385325,
      0.1591905291156319,
      0.08873168737328758,
      0.004514270278749117,
      -0.09167161858095421,
      -0.16048009460368848,
      -0.20390563942018133,
      -0.20158338681838428,
      -0.17354097918750422,
      -0.11594077999299102,
      -0.05645351312536635
    ],
    "30": [
      0.003736227776440589,
      0.0377750970303273,
      0.07238632919036038,
      0.10205607938362689,
      0.1201815217381834,
      0.1289080329815709,
      0.10512182787438337,
      0.06296588036564188,
      -0.0012092103518982565,
      -0.05697297988758733,
      -0.10856908358397578,
      -0.12597428625129084,
      -0.1267893588765791,
      -0.10284403736306133,
      -0.07334307341926172,
      -0.033184933747315105
    ],
    "40": [
      0.0008007284781298013,
      0.027947029230277486,
      0.04763862578679813,
      0.062305748330049496,
      0.0784205287385132,
      0.07841067894004991,
      0.06644517788736892,
      0.035914043548657286,
      0.003290358924440258,
      -0.040738218953621515,
      -0.0630678182809149,
      -0.08251366299953762,
      -0.07565385525869744,
      -0.06440953282210543,
      -0.041780328398873405,
      -0.01988545357844344
    ],
    "50": [
      0.0037853674618525093,
      0.01819769037987751,
      0.03548696877525311,
      0.04393679934709591,
      0.04489822879641561,
      0.049543554707565926,
      0.038032932382258355,
      0.022768602031102616,
      -0.0010124596404754702,
      -0.023080631784045652,
      -0.042297231721994163,
      -0.0486464066221866,
      -0.04955416035323469,
      -0.038411770160469434,
      -0.024639376198357904,
      -0.019643653705325857
    ],
    "60": [
      0.0014606400741944243,
      0.016298888985591883,
      0.025901003638499526,
      0.027912305823104906,
      0.033248411116156805,
      0.027724643859552003,
      0.02367311073542153,
      0.013425800401778803,
      0.0037844292661991545,
      -0.016058882086702905,
      -0.02578557973508983,
      -0.030045333984955194,
      -0.027631519926848543,
      -0.02875335779424941,
      -0.022498418055729108,
      -0.006535840666324065
    ]
  },
  "_source": "solver"
}