{
  "grid": [
    0.0,
    0.0625,
    0.125,
    0.1875,
    0.25,
    0.3125,
    0.375,
    0.4375,
    0.5,
    0.5625,
    0.625,
    0.6875,
    0.75,
    0.8125,
    0.875,
    0.9375
  ],
  "solution_steps": {
    "0": [
      0.0,
      0.1913417161825449,
      0.35355339059327373,
      0.46193976625564337,
      0.5,
      0.46193976625564337,
      0.3535533905932738,
      0.19134171618254495,
      6.123233995736766e-17,
      -0.19134171618254484,
      -0.35355339059327373,
      -0.46193976625564326,
      -0.5,
      -0.4619397662556433,
      -0.35355339059327384,
      -0.1913417161825452
    ],
    "10": [
      -1.1492720904634517e-16,
      0.13458382649694955,
      0.27553154265941027,
      0.4043527660753365,
      0.4794948655786242,
      0.46716352968148095,
      0.3655680835752073,
      0.19895539219359218,
      6.780935577894125e-17,
      -0.1989553921935921,
      -0.3655680835752072,
      -0.46716352968148095,
      -0.47949486557862425,
      -0.4043527660753366,
      -0.27553154265941043,
      -0.1345838264969496
    ],
    "20": [
      -1.8663298652819524e-17,
      0.12158156736890907,
      0.23636112621502117,
      0.35092390837054627,
      0.44982329346522854,
      0.4673223770552732,
      0.3720001760362821,
      0.2012491824520825,
      5.4821612560872355e-17,
      -0.20124918245208237,
      -0.3720001760362821,
      -0.46732237705527313,
      -0.4498232934652287,
      -0.3509239083705465,
      -0.2363611262150212,
      -0.12158156736890934
    ],
    "30": [
      -1.0451172766706695e-16,
      0.10305363317703695,
      0.21012322484417434,
      0.31625272141471833,
      0.42269446823961426,
      0.46510758886865394,
      0.36719636907803466,
      0.19269455001012736,
      8.887361764285229e-17,
      -0.1926945500101273,
      -0.3671963690780346,
      -0.465107588868654,
      -0.42269446823961443,
      -0.31625272141471844,
      -0.21012322484417448,
      -0.10305363317703703
    ]
  },
  "_source": "solver"
}