{
  "grid": [
    0.0,
    0.015873015873015872,
    0.031746031746031744,
    0.047619047619047616,
    0.06349206349206349,
    0.07936507936507936,
    0.09523809523809523,
    0.1111111111111111,
    0.12698412698412698,
    0.14285714285714285,
    0.15873015873015872,
    0.1746031746031746,
    0.19047619047619047,
    0.20634920634920634,
    0.2222222222222222,
    0.23809523809523808,
    0.25396825396825395,
    0.2698412698412698,
    0.2857142857142857,
    0.30158730158730157,
    0.31746031746031744,
    0.3333333333333333,
    0.3492063492063492,
    0.36507936507936506,
    0.38095238095238093,
    0.3968253968253968,
    0.4126984126984127,
    0.42857142857142855,
    0.4444444444444444,
    0.4603174603174603,
    0.47619047619047616,
    0.49206349206349204,
    0.5079365079365079,
    0.5238095238095237,
    0.5396825396825397,
    0.5555555555555556,
    0.5714285714285714,
    0.5873015873015872,
    0.6031746031746031,
    0.6190476190476191,
    0.6349206349206349,
    0.6507936507936507,
    0.6666666666666666,
    0.6825396825396826,
    0.6984126984126984,
    0.7142857142857142,
    0.7301587301587301,
    0.746031746031746,
    0.7619047619047619,
    0.7777777777777777,
    0.7936507936507936,
    0.8095238095238095,
    0.8253968253968254,
    0.8412698412698412,
    0.8571428571428571,
    0.873015873015873,
    0.8888888888888888,
    0.9047619047619047,
    0.9206349206349206,
    0.9365079365079365,
    0.9523809523809523,
    0.9682539682539681,
    0.9841269841269841,
    1.0
  ],
  "solution_steps": {
    "0": [
      0.0,
      0.09956784659581665,
      0.19814614319939755,
      0.29475517441090415,
      0.3884347962746947,
      0.4782539786213182,
      0.563320058063622,
      0.6427876096865393,
      0.7158668492597183,
      0.7818314824680298,
      0.8400259231507714,
      0.8898718088114685,
      0.9308737486442041,
      0.962624246950012,
      0.984807753012208,
      0.9972037971811801,
      0.9996891820008162,
      0.9922392066001721,
      0.9749279121818236,
      0.9479273461671318,
      0.9115058523116732,
      0.8660254037844387,
      0.8119380057158566,
      0.7497812029677344,
      0.6801727377709197,
      0.6038044103254777,
      0.5214352033794981,
      0.43388373911755823,
      0.3420201433256689,
      0.24675739769029384,
      0.14904226617617472,
      0.04984588566069748,
      -0.049845885660696795,
      -0.14904226617617358,
      -0.24675739769029317,
      -0.34202014332566866,
      -0.433883739117558,
      -0.5214352033794976,
      -0.6038044103254772,
      -0.6801727377709195,
      -0.749781202967734,
      -0.811938005715856,
      -0.8660254037844384,
      -0.9115058523116731,
      -0.9479273461671316,
      -0.9749279121818234,
      -0.992239206600172,
      -0.9996891820008162,
      -0.9972037971811802,
      -0.9848077530122081,
      -0.9626242469500124,
      -0.9308737486442045,
      -0.8898718088114687,
      -0.8400259231507717,
      -0.7818314824680299,
      -0.7158668492597183,
      -0.6427876096865396,
      -0.5633200580636227,
      -0.4782539786213186,
      -0.38843479627469474,
      -0.2947551744109047,
      -0.19814614319939858,
      -0.09956784659581729,
      -2.4492935982947064e-16
    ],
    "16": [
      0.06393632729499793,
      0.1000669138293976,
      0.175659342616805,
      0.25566139318233794,
      0.3363237085078806,
      0.4153918851270261,
      0.4916861426618897,
      0.5644785301373815,
      0.6331940165118828,
      0.697308301436207,
      0.7563162261621643,
      0.809719431858206,
      0.8570183021074377,
      0.897705020293285,
      0.9312577690229178,
      0.957136991383008,
      0.9747850177638913,
      0.9836306366743296,
      0.9831003675751764,
      0.9726381588981035,
      0.9517347932032756,
      0.919967224209918,
      0.8770462690149329,
      0.8228686610593797,
      0.7575669560875544,
      0.6815491280241344,
      0.5955200084887311,
      0.5004794599581054,
      0.39769714105618775,
      0.2886689547332724,
      0.17506347566267777,
      0.0586670130121337,
      -0.05866699055975662,
      -0.17506345201067294,
      -0.2886689497770102,
      -0.3976971492739635,
      -0.5004794696480882,
      -0.5955200224098912,
      -0.6815491389584465,
      -0.7575669602787127,
      -0.8228686638883178,
      -0.8770462698785886,
      -0.919967224399425,
      -0.951734793358256,
      -0.9726381589266463,
      -0.98310036759871,
      -0.9836306366845246,
      -0.97478501777008,
      -0.9571369913853178,
      -0.9312577690212581,
      -0.897705020292669,
      -0.8570183021078756,
      -0.8097194318584741,
      -0.756316226162356,
      -0.6973083014360555,
      -0.6331940165117347,
      -0.5644785301373748,
      -0.4916861426619274,
      -0.41539188512704556,
      -0.3363237085078838,
      -0.25566139318234365,
      -0.17565934261680582,
      -0.10006691382939911,
      -0.06393632729500028
    ],
    "32": [
      0.06191782754488215,
      0.09411317743319375,
      0.1600594565700965,
      0.22860473012842344,
      0.29845963223387345,
      0.36818017381781093,
      0.4366290045394221,
      0.5030128865257814,
      0.5667691261336212,
      0.6274557596691391,
      0.6846823446991691,
      0.7380720148566483,
      0.7872396698840106,
      0.8317764497583378,
      0.8712356701881372,
      0.905118268492889,
      0.932857235139968,
      0.9538013476322799,
      0.967199342652921,
      0.9721868093993733,
      0.9677797942078684,
      0.952881465064494,
      0.9263109564006636,
      0.8868657817375788,
      0.8334289541359918,
      0.7651261361467327,
      0.6815240466484751,
      0.5828398441481599,
      0.4701109401812414,
      0.3452703741837741,
      0.2110950092171809,
      0.07103488638274717,
      -0.07103484628215441,
      -0.21109497591648382,
      -0.3452703690375729,
      -0.4701109551224679,
      -0.582839863135258,
      -0.681524066479601,
      -0.7651261500555995,
      -0.8334289601480949,
      -0.8868657849239767,
      -0.9263109574842839,
      -0.9528814653891944,
      -0.9677797943769976,
      -0.9721868094508298,
      -0.967199342681236,
      -0.9538013476451525,
      -0.9328572351471962,
      -0.9051182684960002,
      -0.8712356701879587,
      -0.8317764497582756,
      -0.7872396698843982,
      -0.7380720148568425,
      -0.684682344699269,
      -0.6274557596689619,
      -0.5667691261334623,
      -0.5030128865257714,
      -0.4366290045394668,
      -0.36818017381783996,
      -0.29845963223388317,
      -0.22860473012843277,
      -0.16005945657009935,
      -0.09411317743319556,
      -0.06191782754488343
    ],