dq_lu, dq_hhl,
0.0037804285102340067,0.0
0.0016846452188258043,0.0
0.00784625860317979,0.003999346570874862
0.004016229513301997,0.0
0.0010151790829110764,0.0
0.00633230123557681,0.0
-0.003394399522663938,-0.0
-0.001727530453626059,-0.0
0.008580443514289384,0.0028279650805808115
-0.0058491830325528805,-0.002827965080580657
-0.01229066738642604,-0.004898179201596751
-0.0023905510969922635,-0.003999346570873698
-0.0073865795915925665,-0.00399934657087483
0.0008772365061158699,0.0
-0.011136396442984541,-0.002827965080580887
-0.01231540726686964,-0.003999346570875047
-0.01328651714823888,-0.00399934657087507
-0.015073867244194338,-0.006927071457832047
-0.019140492886609156,-0.004898179201596894
-0.01935707218121752,-0.006323522158174775
-0.017206639973091457,-0.003999346570875139
-0.019664378504882615,-0.0048981792015969005
-0.011676644046489609,-0.0028279650805808987
-0.02171752258034788,-0.006323522158174811
-0.013014806192041435,-0.004898179201596773
-0.010268265668903183,-0.0028279650805808658
-0.01560734629154979,-0.0048981792015968355
-0.013015026740817672,-0.003999346570875064
-0.009616383797513076,-0.003999346570874956
-0.015552064744577668,-0.0039993465708751145
