{
  "iterations_completed": 1,
  "converged": true,
  "_source": "harvester",
  "fidelity": 0.9959861588282213,
  "shots": 1000,
  "l2_error_abs": 0.06338672578455946,
  "l2_error_rel": 0.06338672578455946
}