{
  "quantum_solution": [
    0.7120474256264717,
    0.004255263499759791,
    0.7021184774603656,
    0.0
  ],
  "classical_solution": [
    0.7055698197297996,
    0.046596453582414196,
    0.7055698197297996,
    0.046596453582414196
  ],
  "_source": "harvester"
}