dq_lu, dq_hhl,
-0.00024584224516231837,-0.0
-0.00015546956230459602,-0.0
-0.00028493249344051035,-0.0
-7.567030355810165e-05,-0.00038489933241755704
0.00034682856736651296,0.00048249684781856585
0.0002969469867781701,0.0005819130933609515
-0.0005442901713287448,-0.00041147469437739916
-2.3198743028493934e-05,-0.0
-0.0003842046712242995,-0.0004364348200210475
-0.00494889664752016,-0.0049076012552110755
-0.004552675010207257,-0.004600426938251517
-0.009814017017119855,-0.00973509474260863
-0.011973296214037999,-0.011708967745961281
-0.01017406134681984,-0.010173082521508186
-0.023512211930315767,-0.0231908977553003
