xp, rho, u, p, Mach
0.1,0.9874709690272454,1.5144362614488192,0.6998202750690458,1.5203930996379815
0.3,0.8860313102612445,1.6131636356602133,0.6031849054789928,1.6523943743365415
0.5,0.619711019271499,1.7414126531780842,0.3750527371548934,1.8918474655585913
0.7,0.5170334289426188,1.8291071581023144,0.28876794406577616,2.0685210881153426
0.9,0.48377147694731887,1.8695831785955428,0.26090185807313854,2.151603873466125
