xp, rho, u, p, Mach
0.1,0.9874146448644385,1.5145255011266863,0.6997149990593643,1.5205537014239543
0.3,0.8855661059883059,1.6135179226617655,0.602800895156363,1.6528495532834044
0.5,0.6191890299454418,1.741691998745228,0.37472140236459006,1.892189883579515
0.7,0.5197199493083122,1.8243190724346383,0.290787432503749,2.0612641877930513
0.9,0.4932647865476201,1.8519606898248175,0.268181009828249,2.122725278497851
