xp, rho, u, p, Mach
0.1,0.9874709440626224,1.5144362916213063,0.6998202462656921,1.520393141998669
0.3,0.8860311578526973,1.6131637782355677,0.6031847687833873,1.652394565498224
0.5,0.6197106991715777,1.7414130102543814,0.37505251004490575,1.8918479376787496
0.7,0.5170332848286725,1.829107325874423,0.28876786224123946,2.0685212826308463
0.9,0.4837722036636339,1.869581751788721,0.2609024389069027,2.151601452482121
