xp, rho, u, p, Mach
0.1,0.990386656795202,1.5108179619461255,0.7031195246525604,1.5154301833374382
0.3,0.8972675372163228,1.6003484440597397,0.6145678641637824,1.6342804601947463
0.5,0.6653929953894929,1.6821810028654167,0.41074353984689516,1.8095160844999185
0.7,0.6589393981228474,1.6095880650042689,0.40424845401790616,1.7367978741809864
0.9,0.7376751844940755,1.5036503830148917,0.47384896410119604,1.5856066940367473
