xp, rho, u, p, Mach
0.1,0.9874146448644385,1.5145255011266863,0.6997416634815373,1.5205247299661973
0.3,0.8854718330196306,1.6135832416857554,0.6026995244830475,1.6529674739525155
0.5,0.6190673240662148,1.7418699240008886,0.3746085595988135,1.892482163930736
0.7,0.5206689430486313,1.8226451913863415,0.29152653657175465,2.0586376277436047
0.9,0.4962159972772837,1.8465203956503695,0.2704961554606833,2.1137076698372397
