xp, rho, u, p, Mach
0.1,0.9874708789987517,1.5144363638398415,0.6998201984116789,1.5203932163949416
0.3,0.8860308347903036,1.6131640691841864,0.6031844861792657,1.6523949493665437
0.5,0.6197100765811876,1.7414137073562879,0.37505206950990627,1.8918488557597795
0.7,0.5170332572875717,1.8291072499220662,0.2887678775579553,2.068521086785604
0.9,0.48377428388176813,1.8695778307180841,0.26090402766758386,2.1515950148158014
