xp, rho, u, p, Mach
0.1,0.987470199100513,1.5144372983297938,0.6998194552486214,1.5203944384256285
0.3,0.8860277638183698,1.613167154599769,0.603181682949999,1.6523990858888886
0.5,0.619705103862417,1.7414193923888865,0.37504821708607994,1.891857157837751
0.7,0.5170372173837583,1.8290999050720695,0.2887709208154146,2.0685098024487245
0.9,0.48380365282255955,1.8695226789465915,0.26092644318315783,2.15150442914434
