xp, rho, u, p, Mach
0.1,0.9874762404112717,1.5144934067042537,0.6997326054865303,1.520549773929299
0.3,0.8851562562271941,1.6138267683385923,0.6023984699421784,1.6533353005626517
0.5,0.6189275035124638,1.7418514412354666,0.3745113947957294,1.8924938087669791
0.7,0.5236275420489591,1.817694794519133,0.29376103523970837,2.0510256493091408
0.9,0.5049585232455761,1.8303680808873826,0.27738290725799875,2.0871920963647757
