xp, rho, u, p, Mach
0.1,0.9874709657152264,1.514436266528302,0.699820269773986,1.5203931079395983
0.3,0.8860312856933212,1.613163659180517,0.6031848823771394,1.6523944071631758
0.5,0.6197109654131363,1.741412715189965,0.3750526978200286,1.8918475499251444
0.7,0.5170333939130279,1.8291072060750204,0.2887679217174909,2.0685211523382847
0.9,0.4837715669446126,1.869582997911038,0.2609019334506994,2.151603554848662
