xp, rho, u, p, Mach
0.1,0.9874549641699288,1.5144636607202187,0.6998012385462345,1.5204289647055538
0.3,0.885972205150404,1.613209665110593,0.6031328478496634,1.6524577158633411
0.5,0.6196125873067552,1.741501228276011,0.3749848802978068,1.891964593406531
0.7,0.5172628537616467,1.8286691031498725,0.28895015851331673,2.0678321655578866
0.9,0.48479834564497687,1.8676525837306541,0.2616877401680466,2.148428729701075
