xp, rho, u, p, Mach
0.1,1.0,1.5,0.7127116383336827,1.501655516456745
0.3,0.950892735993216,1.5388984106933792,0.6650077899890144,1.5552432740178852
0.5,0.7909385874956218,1.5513231524782518,0.5167148308688909,1.6221244663689778
0.7,0.8451067467650439,1.4852533831285557,0.5673934470396083,1.5319696411043768
0.9,0.92406045980863,1.4684697897804182,0.642541483339408,1.4883346971122693
