xp, rho, u, p, Mach
0.1,0.9875721027108866,1.5145405341781706,0.6996604344762253,1.520749324101967
0.3,0.8846874045983021,1.6142539179358915,0.6020366675345401,1.6538315849767549
0.5,0.6189275035124638,1.7417284977367806,0.37460561671683806,1.8921222316073154
0.7,0.5287435647836036,1.8087694788252657,0.29776962196695894,2.0370493753668035
0.9,0.5186708251828733,1.8055151430828147,0.28838157509221696,2.046441209285869
