xp, rho, u, p, Mach
0.1,0.9928197883886977,1.5090703624496753,0.704767771499046,1.5137622351113993
0.3,0.9057913939107661,1.5906609181345237,0.622415844771506,1.6217629256894992
0.5,0.6841540880978597,1.6581836690217044,0.42599356677751316,1.776004486945879
0.7,0.690133211418404,1.5725370321348484,0.4310333264250814,1.6816975926383553
0.9,0.7783429710494595,1.4756149824370504,0.5096371914879618,1.541217690508636
