{
  "quantum_solution": [
    0.8484751951881537,
    0.2585316206722882,
    0.4418265001723673,
    0.1343152560523997
  ],
  "classical_solution": [
    0.7055698197297996,
    0.046596453582414196,
    0.7055698197297996,
    0.046596453582414196
  ],
  "_source": "harvester"
}