{
  "iterations_completed": 1,
  "converged": true,
  "_source": "harvester",
  "fidelity": 0.928703205848876,
  "shots": 10000,
  "l2_error_abs": 0.3776156621516753,
  "l2_error_rel": 0.3776156621516753
}