{
  "grid": [
    0.0,
    0.0625,
    0.125,
    0.1875,
    0.25,
    0.3125,
    0.375,
    0.4375,
    0.5,
    0.5625,
    0.625,
    0.6875,
    0.75,
    0.8125,
    0.875,
    0.9375
  ],
  "solution_steps": {
    "0": [
      0.0,
      0.3826834323650898,
      0.7071067811865475,
      0.9238795325112867,
      1.0,
      0.9238795325112867,
      0.7071067811865476,
      0.3826834323650899,
      1.2246467991473532e-16,
      -0.38268343236508967,
      -0.7071067811865475,
      -0.9238795325112865,
      -1.0,
      -0.9238795325112866,
      -0.7071067811865477,
      -0.3826834323650904
    ],
    "4": [
      -2.959364826567391e-05,
      0.0013996678704037593,
      0.00256245477127135,
      0.0035246407942060294,
      0.0036402931103018373,
      0.00375777012942566,
      0.0027814228702846104,
      0.001372562781672789,
      0.00023306920798889323,
      -0.001288323653693294,
      -0.002586372576554234,
      -0.0034233247620934566,
      -0.004047281189851388,
      -0.003510355478361875,
      -0.0028053878731687664,
      -0.001434209056714021
    ],
    "8": [
      -3.7361352184177984e-07,
      5.179078223642895e-06,
      9.845514805834668e-06,
      1.3684776317350864e-05,
      1.4705938560822942e-05,
      1.5016205766250953e-05,
      1.1284317093496951e-05,
      5.51682410786298e-06,
      8.053619339874735e-07,
      -4.817573889387623e-06,
      -9.713546683617073e-06,
      -1.2820895439274213e-05,
      -1.5941321985641876e-05,
      -1.408400921139291e-05,
      -1.1330252437853637e-05,
      -5.96438967319809e-06
    ],
    "12": [
      -1.9303313879133336e-09,
      4.0692300871928676e-08,
      7.18929653848522e-08,
      1.0325759249919998e-07,
      1.1435304813993071e-07,
      1.168445042986013e-07,
      8.85432846409383e-08,
      4.4242396602917576e-08,
      4.976473314370997e-09,
      -3.836804658104619e-08,
      -7.616705668488403e-08,
      -9.985151210299e-08,
      -1.23419760942738e-07,
      -1.0944800741358905e-07,
      -8.504800280551241e-08,
      -4.3135182325965225e-08
    ],
    "16": [
      -5.846910723687246e-11,
      6.200117316233679e-10,
      1.1146421394075102e-09,
      1.6220496244045804e-09,
      1.7689828153231584e-09,
      1.8035497070551562e-09,
      1.368575618012555e-09,
      6.912447695943213e-10,
      9.098463989182226e-11,
      -5.797344998791692e-10,
      -1.1497176806612854e-09,
      -1.5297394260166324e-09,
      -1.950334535059645e-09,
      -1.746142927219882e-09,
      -1.3440276415741501e-09,
      -6.927447354056409e-10
    ],
    "20": [
      -8.593524624767029e-13,
      1.1547667973977324e-11,
      2.018986030590364e-11,
      2.9240623401498423e-11,
      3.2607431756693904e-11,
      3.296402408004808e-11,
      2.441456617369123e-11,
      1.2261288275681884e-11,
      1.5621303810414804e-12,
      -1.0552465213543026e-11,
      -2.1109543912228124e-11,
      -2.791153572742011e-11,
      -3.5311570509238545e-11,
      -3.134845444758131e-11,
      -2.3972935569209837e-11,
      -1.1912179750883173e-11
    ],
    "24": [
      -3.4223457418577744e-14,
      6.427180705847862e-13,
      1.1112047208484407e-12,
      1.6050797541610302e-12,
      1.8776254168079148e-12,
      1.8982699358399977e-12,
      1.4292539814096532e-12,
      7.274663765886437e-13,
      7.632998423771377e-14,
      -5.868663013788822e-13,
      -1.1686573431887701e-12,
      -1.5399891964857193e-12,
      -1.9439828447640336e-12,
      -1.7259308933386612e-12,
      -1.3371476223650257e-12,
      -6.687635702036098e-13
    ],
    "26": [
      -1.6553168194096e-14,
      3.2567008846336564e-13,
      5.608350715587859e-13,
      8.102548260678867e-13,
      9.333832241796007e-13,
      9.431953101609735e-13,
      7.089642345864776e-13,
      3.612265070177238e-13,
      3.854779807863931e-14,
      -2.8941262509712973e-13,
      -5.789018402090214e-13,
      -7.627284952808917e-13,
      -9.76563339388438e-13,
      -8.673511913606282e-13,
      -6.727012877476826e-13,
      -3.3620427221532395e-13
    ]
  },
  "_source": "solver"
}