xp, rho, u, p, Mach
0.1,1.0,1.5,0.7142857142857144,1.5
0.3,0.8368252226137811,1.7924889922830314,0.5612691056463173,1.849797940214016
0.5,0.8368252226137802,1.7924889922830334,0.3654593727828525,2.2923995159947044
0.7,0.7173729950533261,1.6360393453900737,0.39967234210388536,1.8524657635097264
0.9,0.635130105551017,1.7872402766457074,0.28786764412819,2.24364348095184
