xp, rho, u, p, Mach
0.1,0.9799172723650077,1.5307414638990746,0.6812243216654624,1.5516274790372742
0.3,0.8652264884046335,1.6817488545889843,0.5790253556739109,1.7374536791401083
0.5,0.6475919289038505,1.7177121718076398,0.3936810253128843,1.8619364219848824
0.7,0.5191201221832763,1.850623688663241,0.30716539864444103,2.033301985970886
0.9,0.49263595376634634,1.9087473533406594,0.2531274189382353,2.250494142463223
