{
  "iterations_completed": 1,
  "converged": true,
  "_source": "harvester",
  "fidelity": 0.1281089153561919,
  "shots": 1000,
  "l2_error_abs": 1.4050754583000702,
  "l2_error_rel": 1.1332051377648715
}