{
  "quantum_solution": [
    0.30566497102119655,
    0.26129424942134544,
    0.31552513137671906,
    0.3253852917322415,
    0.30566497102119655,
    0.3253852917322415,
    0.27608448995462914,
    0.2760844899546291,
    0.3056649710211965,
    0.3549657727988089,
    0.27115440977686794,
    0.25636416924358424,
    0.30073489084343535,
    0.33031537191000276,
    0.38454625386537633,
    0.3352454520877639
  ],
  "classical_solution": [
    1.1458980337502742,
    0.4376941012508226,
    0.1671842700021936,
    0.06385870875575828,
    0.024391856265081172,
    0.009316860039485262,
    0.0035587238533746146,
    0.0013593115206385817,
    0.00051921070854113,
    0.00019832060498480857,
    7.575110641329557e-05,
    2.8932714255078168e-05,
    1.1047036351938937e-05,
    4.2083948007386415e-06,
    1.5781480502769908e-06,
    5.260493500923302e-07
  ],
  "_source": "harvester"
}