{
  "quantum_solution": [
    0.6951997296071373,
    0.11963902323471665,
    0.7016667038360408,
    0.10023810054800585
  ],
  "classical_solution": [
    0.7055698197297996,
    0.046596453582414196,
    0.7055698197297996,
    0.046596453582414196
  ],
  "_source": "harvester"
}