{
  "iterations_completed": 1,
  "converged": true,
  "_source": "harvester",
  "fidelity": 0.9958322918232876,
  "shots": 1000,
  "l2_error_abs": 0.09129850137556955,
  "l2_error_rel": 0.09129850137556955
}