{
  "grid": [
    0.0,
    0.0625,
    0.125,
    0.1875,
    0.25,
    0.3125,
    0.375,
    0.4375,
    0.5,
    0.5625,
    0.625,
    0.6875,
    0.75,
    0.8125,
    0.875,
    0.9375
  ],
  "solution_steps": {
    "0": [
      0.0,
      0.22961005941905385,
      0.42426406871192845,
      0.5543277195067721,
      0.6,
      0.5543277195067721,
      0.4242640687119285,
      0.22961005941905394,
      7.347880794884119e-17,
      -0.2296100594190538,
      -0.42426406871192845,
      -0.5543277195067718,
      -0.6,
      -0.554327719506772,
      -0.4242640687119286,
      -0.2296100594190542
    ],
    "10": [
      0.0020353224974401134,
      -0.07078385793438159,
      -0.10153887548113977,
      -0.08523559069297332,
      -0.05225154565687896,
      0.006973321877183066,
      0.045854735040941175,
      0.05088421648163914,
      0.004300990350853815,
      -0.04573702157342492,
      -0.049320508665684076,
      -0.014676172086772145,
      0.04434242514747029,
      0.0892658587563342,
      0.10561618380609702,
      0.06890890951381905
    ],
    "20": [
      -0.0007611118878907741,
      -0.0046766260283605116,
      -0.007040280666396867,
      0.0020583007954808603,
      0.004010594882691201,
      0.009276266221038929,
      0.00864545706927519,
      0.0011685656489793662,
      0.0038913858983269374,
      -0.005500839278169046,
      -0.00579758683379251,
      -0.008005772323041152,
      -0.006648098042269958,
      0.0030848220275406547,
      0.0020607993522933563,
      0.0037161164482854654
    ],
    "30": [
      -0.00040790394408368193,
      0.0015304777207560758,
      0.0013736456784552314,
      -0.00040773752409345643,
      0.0032987674826813643,
      0.002560178068487789,
      0.0009540338083473836,
      -0.0016705077141390768,
      0.0010015487832102476,
      0.0013010909553269753,
      0.0019678454003275916,
      -0.0017564597298494742,
      0.000826132603231991,
      0.0053230158753367835,
      0.0033422725234063012,
      -0.002511258487533385
    ]
  },
  "_source": "solver"
}