{
  "grid": [
    0.0,
    0.0625,
    0.125,
    0.1875,
    0.25,
    0.3125,
    0.375,
    0.4375,
    0.5,
    0.5625,
    0.625,
    0.6875,
    0.75,
    0.8125,
    0.875,
    0.9375
  ],
  "solution_steps": {
    "0": [
      0.0,
      0.3826834323650898,
      0.7071067811865475,
      0.9238795325112867,
      1.0,
      0.9238795325112867,
      0.7071067811865476,
      0.3826834323650899,
      1.2246467991473532e-16,
      -0.38268343236508967,
      -0.7071067811865475,
      -0.9238795325112865,
      -1.0,
      -0.9238795325112866,
      -0.7071067811865477,
      -0.3826834323650904
    ],
    "4": [
      1.5844562110734703e-09,
      0.34191040222802355,
      0.6500226426532877,
      0.8880624048476853,
      1.0165706427319618,
      0.9971537103352066,
      0.8056091770019747,
      0.4528601905131951,
      9.302938705467084e-10,
      -0.452860160750355,
      -0.8056092205346918,
      -0.9971536765424589,
      -1.0165706400196461,
      -0.8880623744924936,
      -0.6500226903017238,
      -0.3419103671697488
    ],
    "8": [
      1.4051033246964868e-09,
      0.3096955114026044,
      0.59884192763832,
      0.8433212671206752,
      1.0107079922824083,
      1.0542847775132822,
      0.9131587848654699,
      0.5443035951041547,
      1.1437060599181325e-09,
      -0.5443035648998281,
      -0.9131588317601624,
      -1.0542847329135978,
      -1.0107079919355964,
      -0.8433212471434901,
      -0.5988419692207182,
      -0.3096954775872947
    ],
    "12": [
      1.2628858863628619e-09,
      0.28372689560271264,
      0.5540894399714613,
      0.7953066766719863,
      0.9852003532089699,
      1.0859106879630975,
      1.0211737527493052,
      0.6652657109174858,
      1.4562164362744453e-09,
      -0.6652656808901325,
      -1.0211738005850324,
      -1.0859106332348811,
      -0.9852003590691927,
      -0.795306664365819,
      -0.5540894754343605,
      -0.28372686320960117
    ],
    "16": [
      1.1474743337589805e-09,
      0.262263593548695,
      0.5151725362365409,
      0.7479807122226718,
      0.9462593022286785,
      1.0868806352349676,
      1.1135548328307434,
      0.8262532855903861,
      1.9434927863933595e-09,
      -0.8262532566218624,
      -1.1135548780721833,
      -1.0868805733134945,
      -0.9462593166737522,
      -0.7479807046376714,
      -0.5151725659699291,
      -0.2622635626795561
    ],
    "20": [
      1.0520405080051468e-09,
      0.24401395587826347,
      0.4810318245946343,
      0.7033024644232321,
      0.9009345717890598,
      1.05980077640943,
      1.1671085648882225,
      1.038499837395368,
      2.7622279683023344e-09,
      -1.0384998106141596,
      -1.1671086035821052,
      -1.0598007118142547,
      -0.9009345954502309,
      -0.7033024588935942,
      -0.481031849249664,
      -0.24401392657313237
    ],
    "24": [
      9.719459569792732e-10,
      0.22802516183952792,
      0.45054520373167256,
      0.6616757828671865,
      0.8545217993038811,
      1.0154941583333061,
      1.1573452167422724,
      1.3096276427816826,
      4.261252899645186e-09,
      -1.309627619520169,
      -1.1573452457104003,
      -1.015494095776148,
      -0.8545218313501574,
      -0.6616757772915223,
      -0.4505452240793355,
      -0.22802513408944022
    ],
    "26": [
      9.36599560020847e-10,
      0.2206512944259946,
      0.43635501013724204,
      0.6418890672930739,
      0.8317181011722049,
      0.991677296076694,
      1.1235164220087153,
      1.4668658715688208,
      5.4920172792046415e-09,
      -1.4668658506588637,
      -1.12351644548574,
      -0.991677235985963,
      -0.8317181367897655,
      -0.6418890611079613,
      -0.43635502862952197,
      -0.22065126743780702
    ]
  },
  "_source": "solver"
}