{
  "u_initial": [
    0.0,
    0.3826834323650898,
    0.7071067811865475,
    0.9238795325112867,
    1.0,
    0.9238795325112867,
    0.7071067811865476,
    0.3826834323650899,
    1.2246467991473532e-16,
    -0.38268343236508967,
    -0.7071067811865475,
    -0.9238795325112865,
    -1.0,
    -0.9238795325112866,
    -0.7071067811865477,
    -0.3826834323650904
  ],
  "u_final_classical": [
    -1.5807838581420818e-18,
    0.22063985731165023,
    0.4363327543358343,
    0.6418572412645615,
    0.8316796088398055,
    0.991634976867109,
    1.1234523459419157,
    1.4670306803764048,
    8.650935650955677e-16,
    -1.467030680376405,
    -1.1234523459419157,
    -0.991634976867109,
    -0.8316796088398055,
    -0.6418572412645617,
    -0.43633275433583474,
    -0.2206398573116506
  ],
  "u_final_method": [
    9.36599560020847e-10,
    0.2206512944259946,
    0.43635501013724204,
    0.6418890672930739,
    0.8317181011722049,
    0.991677296076694,
    1.1235164220087153,
    1.4668658715688208,
    5.4920172792046415e-09,
    -1.4668658506588637,
    -1.12351644548574,
    -0.991677235985963,
    -0.8317181367897655,
    -0.6418890611079613,
    -0.43635502862952197,
    -0.22065126743780702
  ],
  "errors_by_step": {
    "0": 0.0,
    "4": 4.603113397394934e-06,
    "8": 9.556522729375703e-06,
    "12": 1.5589057786270926e-05,
    "16": 2.417681229081234e-05,
    "20": 3.844039760820119e-05,
    "24": 6.29052119278906e-05,
    "26": 7.939275881252365e-05
  },
  "final_error": 7.939275881252365e-05,
  "max_error": 7.939275881252365e-05,
  "_source": "solver"
}