{
  "iterations_completed": 1,
  "converged": true,
  "_source": "harvester",
  "fidelity": 0.9826452502586327,
  "shots": 1000,
  "l2_error_abs": 0.18630485630475235,
  "l2_error_rel": 0.18630485630475235
}