{
  "quantum_solution": [
    0.6675541123707283,
    0.17893203011998907,
    0.701964118163034,
    0.17205002896152788
  ],
  "classical_solution": [
    0.7055698197297996,
    0.046596453582414196,
    0.7055698197297996,
    0.046596453582414196
  ],
  "_source": "harvester"
}