{
  "u_initial": [
    0.0,
    0.19509032201612825,
    0.3826834323650898,
    0.5555702330196022,
    0.7071067811865475,
    0.8314696123025452,
    0.9238795325112867,
    0.9807852804032304,
    1.0,
    0.9807852804032304,
    0.9238795325112867,
    0.8314696123025455,
    0.7071067811865476,
    0.5555702330196022,
    0.3826834323650899,
    0.1950903220161286,
    1.2246467991473532e-16,
    -0.19509032201612836,
    -0.38268343236508967,
    -0.555570233019602,
    -0.7071067811865475,
    -0.8314696123025452,
    -0.9238795325112865,
    -0.9807852804032303,
    -1.0,
    -0.9807852804032304,
    -0.9238795325112866,
    -0.8314696123025455,
    -0.7071067811865477,
    -0.5555702330196022,
    -0.3826834323650904,
    -0.19509032201612872
  ],
  "u_final_classical": [
    -8.486442845178899e-17,
    0.09590909595271489,
    0.19134664650845248,
    0.2858202979373214,
    0.37879355477628157,
    0.46965678236545927,
    0.5576879216366918,
    0.6419952536468057,
    0.7214283406360186,
    0.794429909285007,
    0.8587702555834253,
    0.9110240847824432,
    0.9454091621459159,
    0.9507769815158772,
    0.8960351765679959,
    0.6478384184080687,
    5.561119710024097e-16,
    -0.6478384184080678,
    -0.8960351765679955,
    -0.9507769815158771,
    -0.945409162145916,
    -0.9110240847824432,
    -0.8587702555834253,
    -0.794429909285007,
    -0.7214283406360188,
    -0.641995253646806,
    -0.557687921636692,
    -0.46965678236545944,
    -0.37879355477628174,
    -0.28582029793732155,
    -0.19134664650845262,
    -0.09590909595271506
  ],
  "u_final_method": [
    -3.9968028886505635e-15,
    0.09967171698808802,
    0.19739579202399526,
    0.2914953264544016,
    0.3807261874647409,
    0.46429638540771073,
    0.5417811358524129,
    0.6129910663855226,
    0.6778296335083255,
    0.7361421965116824,
    0.7875190723610348,
    0.8309334290411081,
    0.8638027224350145,
    0.8784880375140045,
    0.8427446102493281,
    0.6055107998936518,
    -3.6517491253107437e-09,
    -0.6055108037009314,
    -0.8427446073591085,
    -0.8784880336895503,
    -0.8638027216788016,
    -0.830933429055406,
    -0.7875190723507703,
    -0.7361421965129578,
    -0.677829633512752,
    -0.6129910663868247,
    -0.5417811358527294,
    -0.46429638540790186,
    -0.380726187464893,
    -0.2914953264544936,
    -0.19739579202404414,
    -0.09967171698810447
  ],
  "errors_by_step": {
    "0": 0.0,
    "1": 0.010317939303520365,
    "2": 0.011449645642473761,
    "3": 0.012866286803884372,
    "4": 0.01446341365366051,
    "5": 0.016170190229829354,
    "6": 0.017940599278054633,
    "7": 0.019744839784853887,
    "8": 0.02156330014522654,
    "9": 0.0233827368351557,
    "10": 0.025193914891391556,
    "11": 0.02699014535883798,
    "12": 0.028766364928224177,
    "13": 0.030518542422766932,
    "14": 0.03224328838788008,
    "15": 0.03393759228606742,
    "16": 0.03559864253221123,
    "17": 0.0372237014831678,
    "18": 0.038810021233052355,
    "19": 0.04035478656669426,
    "20": 0.04185508268684149,
    "21": 0.04330788166475682,
    "22": 0.044710048255213505,
    "23": 0.04605836348606942,
    "24": 0.047349567060661915,
    "25": 0.04858041939292356,
    "26": 0.04974778416467892,
    "27": 0.05084873331918387,
    "28": 0.05188067501708332,
    "29": 0.05284150478388671,
    "30": 0.05372978080032746,
    "31": 0.054544921652117086,
    "32": 0.05528742504760327,
    "33": 0.05595910425945462,
    "34": 0.05656333705894073,
    "35": 0.05710532167730325,
    "36": 0.057592330089404065,
    "37": 0.058033946845386125,
    "38": 0.05844227849125043,
    "39": 0.05883211454653807,
    "40": 0.0592210162923807,
    "41": 0.05962930673997787,
    "42": 0.06007993212034854,
    "43": 0.06059816721302099,
    "44": 0.061211142029936425,
    "45": 0.06194718011274293,
    "46": 0.06283495894636548,
    "47": 0.06390252830306133,
    "48": 0.06517625015784145,
    "49": 0.06667974698147744,
    "50": 0.06843295621837232,
    "51": 0.07045138319945056
  },
  "final_error": 0.07045138319945056,
  "max_error": 0.07045138319945056,
  "_source": "solver"
}