{
  "u_initial": [
    0.0,
    0.19509032201612825,
    0.3826834323650898,
    0.5555702330196022,
    0.7071067811865475,
    0.8314696123025452,
    0.9238795325112867,
    0.9807852804032304,
    1.0,
    0.9807852804032304,
    0.9238795325112867,
    0.8314696123025455,
    0.7071067811865476,
    0.5555702330196022,
    0.3826834323650899,
    0.1950903220161286,
    1.2246467991473532e-16,
    -0.19509032201612836,
    -0.38268343236508967,
    -0.555570233019602,
    -0.7071067811865475,
    -0.8314696123025452,
    -0.9238795325112865,
    -0.9807852804032303,
    -1.0,
    -0.9807852804032304,
    -0.9238795325112866,
    -0.8314696123025455,
    -0.7071067811865477,
    -0.5555702330196022,
    -0.3826834323650904,
    -0.19509032201612872
  ],
  "u_final_classical": [
    -7.079837854603818e-17,
    0.0911439809093601,
    0.1809203047339207,
    0.2678906637180898,
    0.350468658126313,
    0.4268294147622902,
    0.49480228647947333,
    0.5517484522751552,
    0.5944384690358877,
    0.6189710608994947,
    0.6208187891990566,
    0.5951450165367042,
    0.5375783443667989,
    0.44557314207940235,
    0.32020928257981396,
    0.16776989918749693,
    8.623044220356657e-17,
    -0.16776989918749677,
    -0.32020928257981385,
    -0.44557314207940224,
    -0.5375783443667989,
    -0.5951450165367042,
    -0.6208187891990566,
    -0.6189710608994948,
    -0.5944384690358877,
    -0.5517484522751555,
    -0.49480228647947344,
    -0.4268294147622903,
    -0.3504686581263131,
    -0.2678906637180899,
    -0.18092030473392082,
    -0.09114398090936025
  ],
  "u_final_method": [
    0.012304597940825347,
    0.07142167605629944,
    0.13063228864387444,
    0.22012846783632656,
    0.341690194951644,
    0.3728844774031709,
    0.4623822567593081,
    0.593485415604395,
    0.6536748394329163,
    0.6299151520884962,
    0.6277711234486802,
    0.6807047236302456,
    0.5964219648473751,
    0.4310070970856721,
    0.2888513824415519,
    0.09945663797216611,
    -0.04883008074347686,
    -0.16933673957642414,
    -0.34626522901908957,
    -0.4213599548676008,
    -0.44005211422033313,
    -0.5605328598615174,
    -0.6404246080217505,
    -0.5906359123109255,
    -0.5604100545270999,
    -0.5518247440812282,
    -0.5012972271957142,
    -0.47551180909699636,
    -0.3811380813389514,
    -0.26381289422760157,
    -0.19531125339975974,
    -0.06598873365447809
  ],
  "errors_by_step": {
    "0": 0.0,
    "10": 0.10403092175469582,
    "20": 0.07679192775324115,
    "30": 0.07165515979357102,
    "40": 0.09058520953212666,
    "50": 0.09248324867661371
  },
  "final_error": 0.09248324867661371,
  "max_error": 0.10403092175469582,
  "_source": "solver"
}