{
  "u_initial": [
    0.0,
    0.7071067811865475,
    1.0,
    0.7071067811865476,
    1.2246467991473532e-16,
    -0.7071067811865475,
    -1.0,
    -0.7071067811865477
  ],
  "u_final_classical": [
    -1.1873530614610141e-19,
    0.42394485050734104,
    0.8148848087022884,
    1.5239910592508712,
    5.401146323870215e-16,
    -1.5239910592508719,
    -0.8148848087022885,
    -0.4239448505073411
  ],
  "u_final_method": [
    2.821694363077439e-16,
    0.4240033785453642,
    0.8150293469703206,
    1.5238589177525514,
    3.806660958358892e-15,
    -1.5238589177525548,
    -0.8150293469703215,
    -0.4240033785453626
  ],
  "errors_by_step": {
    "0": 0.0,
    "2": 1.4147567635528764e-05,
    "4": 2.8959535140645147e-05,
    "6": 4.5654917161197575e-05,
    "8": 6.443356952048395e-05,
    "10": 8.403977983165947e-05,
    "12": 0.00010188132958817408,
    "14": 0.00011486768779569415
  },
  "final_error": 0.00011486768779569415,
  "max_error": 0.00011486768779569415,
  "_source": "solver"
}