{
  "grid": [
    0.0,
    0.03225806451612903,
    0.06451612903225806,
    0.0967741935483871,
    0.12903225806451613,
    0.16129032258064516,
    0.1935483870967742,
    0.22580645161290322,
    0.25806451612903225,
    0.29032258064516125,
    0.3225806451612903,
    0.3548387096774194,
    0.3870967741935484,
    0.4193548387096774,
    0.45161290322580644,
    0.4838709677419355,
    0.5161290322580645,
    0.5483870967741935,
    0.5806451612903225,
    0.6129032258064516,
    0.6451612903225806,
    0.6774193548387096,
    0.7096774193548387,
    0.7419354838709677,
    0.7741935483870968,
    0.8064516129032258,
    0.8387096774193548,
    0.8709677419354839,
    0.9032258064516129,
    0.9354838709677419,
    0.967741935483871,
    1.0
  ],
  "solution_steps": {
    "0": [
      0.0,
      0.20129852008866006,
      0.39435585511331855,
      0.5712682150947923,
      0.7247927872291199,
      0.8486442574947509,
      0.9377521321470804,
      0.9884683243281114,
      0.9987165071710528,
      0.9680771188662044,
      0.8978045395707416,
      0.7907757369376985,
      0.6513724827222223,
      0.48530196253108143,
      0.29936312297335804,
      0.10116832198743228,
      -0.10116832198743204,
      -0.2993631229733574,
      -0.48530196253108043,
      -0.651372482722222,
      -0.7907757369376986,
      -0.8978045395707414,
      -0.9680771188662043,
      -0.9987165071710528,
      -0.9884683243281114,
      -0.9377521321470808,
      -0.8486442574947515,
      -0.72479278722912,
      -0.5712682150947924,
      -0.3943558551133187,
      -0.20129852008866028,
      -2.4492935982947064e-16
    ],
    "8": [
      0.0,
      0.6805504277085771,
      0.722014976157499,
      0.6962325588127006,
      0.7360181233692225,
      0.709299146499161,
      0.7293877043201156,
      0.7256358660078448,
      0.7509747161151253,
      0.7147255547464668,
      0.7543270191748538,
      0.7258624548432323,
      0.7519151742241895,
      0.7302493995452208,
      0.7557702140541803,
      0.7397202612038787,
      0.7108503836570134,
      0.6820435809317246,
      0.7090512583227478,
      0.6838280246496032,
      0.7199309737131732,
      0.6931660910581053,
      0.724913600894985,
      0.6997621233056447,
      0.7184768630402986,
      0.7122526424509235,
      0.7369058025294882,
      0.7108091769289089,
      0.7398882267416959,
      0.7089553995932905,
      0.7702169807345544,
      0.0
    ],
    "16": [
      0.0,
      0.5707806725803237,
      0.7041767147178215,
      0.5990531222934553,
      0.7599363945110864,
      0.6428935545150091,
      0.7662126165303939,
      0.6343364024030952,
      0.836966560300861,
      0.6965259721607939,
      0.8285623408030702,
      0.7030952031861597,
      0.8906120490712194,
      0.7516465599257547,
      0.8969625264761963,
      0.7552715924722823,
      0.6803200235203853,
      0.5634753669778433,
      0.6779432722537234,
      0.5706257645933603,
      0.7316999479579469,
      0.5955551332218098,
      0.7219377138249355,
      0.6074264206970333,
      0.7865524838787555,
      0.6582491871088442,
      0.7924960093229725,
      0.6536747259569526,
      0.8512369134152706,
      0.7076928778223739,
      0.8854752761986481,
      0.0
    ],
    "24": [
      0.0,
      0.34802484402823936,
      0.59169096897766,
      0.33777990773546207,
      0.7589458126885003,
      0.4391812813539822,
      0.7370635480840677,
      0.4066412803734754,
      1.0278179455554988,
      0.5953060219429605,
      0.9927586616252221,
      0.5579209984076343,
      1.2632053567076575,
      0.7294748581256795,
      1.21834673838331,
      0.706487171178276,
      0.5694087814967186,
      0.31283043127060517,
      0.5391179924986612,
      0.2977482174862019,
      0.6823202124782948,
      0.38311924289669336,
      0.6430353522670308,
      0.35748322027356516,
      0.9141951847285182,
      0.520792670903434,
      0.8861593366371199,
      0.4939696748896111,
      1.1311605012309027,
      0.649117356235516,
      1.1174610363109059,
      0.0
    ],
    "32": [
      0.0,
      0.10156065861981312,
      0.3535167429279485,
      0.09880619275868442,
      0.534985436831513,
      0.14523296832631266,
      0.5285051964537923,
      0.1451435206769903,
      1.157053738317334,
      0.31820754045766414,
      1.1074154300033745,
      0.29650184704256016,
      1.683730962016271,
      0.46703284724791055,
      1.5993192512249121,
      0.46586700961747113,
      0.32572350917790915,
      0.09035546181911829,
      0.2944962227193649,
      0.085519734070879,
      0.463796941548937,
      0.12057385748044488,
      0.4339611369012922,
      0.1180551640037318,
      0.9722853494454008,
      0.2647739352393105,
      0.9350179118209373,
      0.2419403742989125,
      1.4209143806605158,
      0.38060391024584106,
      1.3812016132895812,
      0.0
    ],
    "40": [
      0.0,
      0.0181757212825132,
      0.1713531723982059,
      0.019139231851262168,
      0.29234640633681286,
      0.029343701983404066,
      0.29857313739489283,
      0.032247761896687877,
      1.1102383837476433,
      0.11917569027664042,
      1.1205645344938968,
      0.10969402368548403,
      1.7914680825784495,
      0.1868119769263422,
      1.7907936088776997,
      0.19110292403652474,
      0.16120348677437274,
      0.013984085122650702,
      0.16283942899082945,
      0.01638878093307984,
      0.24764070382416917,
      0.030632956230293572,
      0.2480740499391333,
      0.028054139376459744,
      0.9336711774011416,
      0.09325322380349406,
      0.9358300543618029,
      0.0767776497606148,
      1.5088025981284086,
      0.15756760228731673,
      1.5270265902739015,
      0.0
    ],
    "48": [
      0.0,
      0.00040832275130719373,
      0.09529539910360736,
      0.001153690416619422,
      0.16054231281239517,
      0.0016986417191565324,
      0.16080050508481647,
      0.012350295688468352,
      1.0547839264842633,
      0.029379173732834808,
      1.0983906474417346,
      0.03161221325685113,
      1.7898728399363077,
      0.06303950500244061,
      1.8561914068385355,
      0.06093576030884755,
      0.08905794601231244,
      -0.0005024381697466536,
      0.07333013458518496,
      -0.001140706577951494,
      0.13981449266933604,
      -0.001587623083690862,
      0.12472830871386961,
      -0.0014808180015999357,
      0.902537212380639,
      0.029371617473129885,
      0.9359598011598688,
      0.03062080687891049,
      1.5206990687981778,
      0.05497163409770608,
      1.576478255797564,
      0.0
    ],
    "50": [
      0.0,
      0.00038089155177784673,
      0.09117754181400471,
      0.001076627452320857,
      0.13164660977017906,
      0.01176730316923077,
      0.14670175124297086,
      0.002043693160789915,
      1.0610716308329207,
      0.027255722869289303,
      1.093068023559665,
      0.02168022117584054,
      1.7859029721250375,
      0.04374816895525577,
      1.8610962694277708,
      0.05886431573981973,
      0.06437016316802208,
      -0.00048674695869435424,
      0.06512355359409193,
      -0.0010864062634289185,
      0.10825543321034757,
      -0.001509000327754484,
      0.11525762729745334,
      -0.001388802761011333,
      0.8958687594386257,
      0.02380761096357546,
      0.9236918034791445,
      0.016317377812615066,
      1.5259396365576683,
      0.03540498332434494,
      1.5791638390931422,
      0.0
    ]
  },
  "_source": "solver"
}