{
  "u_initial": [
    0.0,
    0.20129852008866006,
    0.39435585511331855,
    0.5712682150947923,
    0.7247927872291199,
    0.8486442574947509,
    0.9377521321470804,
    0.9884683243281114,
    0.9987165071710528,
    0.9680771188662044,
    0.8978045395707416,
    0.7907757369376985,
    0.6513724827222223,
    0.48530196253108143,
    0.29936312297335804,
    0.10116832198743228,
    -0.10116832198743204,
    -0.2993631229733574,
    -0.48530196253108043,
    -0.651372482722222,
    -0.7907757369376986,
    -0.8978045395707414,
    -0.9680771188662043,
    -0.9987165071710528,
    -0.9884683243281114,
    -0.9377521321470808,
    -0.8486442574947515,
    -0.72479278722912,
    -0.5712682150947924,
    -0.3943558551133187,
    -0.20129852008866028,
    -2.4492935982947064e-16
  ],
  "u_final_classical": [
    0.0,
    0.11465753632850059,
    0.22858560009524026,
    0.34104229567526934,
    0.45125864150819267,
    0.558418962127498,
    0.6616325262531132,
    0.7598903858913767,
    0.8519976328093486,
    0.9364633816334008,
    1.011230685873693,
    1.073925629372657,
    1.120783807238316,
    1.11669620945892,
    1.2187235751677745,
    1.0804685486537364,
    -1.0804685486537329,
    -1.218723575167775,
    -1.1166962094589221,
    -1.1207838072383158,
    -1.0739256293726573,
    -1.011230685873694,
    -0.9364633816334001,
    -0.8519976328093489,
    -0.7598903858913767,
    -0.661632526253113,
    -0.5584189621274979,
    -0.4512586415081927,
    -0.3410422956752695,
    -0.22858560009524032,
    -0.11465753632850076,
    -2.4492935982947064e-16
  ],
  "u_final_method": [
    0.0,
    0.00038089155177784673,
    0.09117754181400471,
    0.001076627452320857,
    0.13164660977017906,
    0.01176730316923077,
    0.14670175124297086,
    0.002043693160789915,
    1.0610716308329207,
    0.027255722869289303,
    1.093068023559665,
    0.02168022117584054,
    1.7859029721250375,
    0.04374816895525577,
    1.8610962694277708,
    0.05886431573981973,
    0.06437016316802208,
    -0.00048674695869435424,
    0.06512355359409193,
    -0.0010864062634289185,
    0.10825543321034757,
    -0.001509000327754484,
    0.11525762729745334,
    -0.001388802761011333,
    0.8958687594386257,
    0.02380761096357546,
    0.9236918034791445,
    0.016317377812615066,
    1.5259396365576683,
    0.03540498332434494,
    1.5791638390931422,
    0.0
  ],
  "errors_by_step": {
    "0": 0.0,
    "8": 1.3910899460084003,
    "16": 1.3571467217024236,
    "24": 1.295260965051703,
    "32": 1.2282409947601465,
    "40": 1.1887351627536853,
    "48": 1.1582698021764106,
    "50": 1.150077332694416
  },
  "final_error": 1.150077332694416,
  "max_error": 1.3910899460084003,
  "_source": "solver"
}