xp, rho, u, p, Mach
0.1,0.9872492956682629,1.5143613586413949,0.6998674194123654,1.5200960468224742
0.3,0.8838766443135119,1.6170300554621033,0.6011508811041655,1.657136027748697
0.5,0.619574002556924,1.7424991774816374,0.3747567023745921,1.8935660250202957
0.7,0.5188744323241657,1.8294596410755006,0.28923872231136855,2.0709124247233857
0.9,0.4889688679991248,1.8615662613511896,0.2644786438877313,2.1392413336213454
