xp, rho, u, p, Mach
0.1,0.9872492956682629,1.514469833083176,0.6998109795016533,1.5202662332392718
0.3,0.8845403098197864,1.6157635399315877,0.6017637556596328,1.6556158955576967
0.5,0.6195143957233148,1.742230126602407,0.37475476869179586,1.8931874584316382
0.7,0.5181334495024474,1.8293412796378448,0.2890431328359196,2.0699993252069495
0.9,0.4871089021379265,1.8643784894698918,0.26320182616051846,2.143574835028697
