xp, rho, u, p, Mach
0.1,0.9872492956682629,1.514513697029036,0.699792492258766,1.5203303468488876
0.3,0.8847479916237109,1.6153463495818494,0.6019814853824164,1.6550833218708665
0.5,0.6195337621513884,1.7420290441408905,0.37479788389312235,1.8928896559689266
0.7,0.5179143433805476,1.8292891503498225,0.28897804400899496,2.069735680069463
0.9,0.4865113607363363,1.8652711396813504,0.2627960491456591,2.144939415989936
