dq_lu, dq_hhl,
-1.6137058579910533e-10,-0.0
1.407448318278437e-10,0.0
-4.6073659968213187e-10,-0.0
-4.0246767658874775e-10,-0.0
-3.8913630584777616e-10,-0.0
-4.960556803601583e-10,-0.0
-5.009489558176539e-10,-0.0
-4.948418440727682e-10,-0.0
-1.2114545457813933e-09,-0.0
-6.198531328270054e-10,-0.0
-3.9544416975710663e-10,-0.0
-7.80285659541436e-10,-0.0
1.0369964649555255e-10,0.0
5.006416233836174e-10,0.0
6.706541984854038e-10,0.0
