xp, rho, u, p, Mach
0.1,0.9873710399738578,1.5146723149445493,0.7000113351687829,1.5203456151389172
0.3,0.8865932886993496,1.611816462063905,0.6044644506324017,1.6497890117677567
0.5,0.6255600381833416,1.7322406049557033,0.38017728035634735,1.8779568778923237
0.7,0.5497138433987058,1.7775059055012512,0.3132228803997743,1.9901629270011016
0.9,0.5573639142861253,1.744601322401807,0.3181587031193436,1.9515500751862036
