xp, rho, u, p, Mach
0.1,0.9873710399738578,1.5146723149445493,0.6994789677608609,1.5209240660621413
0.3,0.884929506954986,1.6142800048849844,0.6020652687327129,1.6540453031172773
0.5,0.6186531641749528,1.7430128673748602,0.3744200997729241,1.8935667424582572
0.7,0.5245608751001748,1.8172908947686748,0.2944955029327698,2.0498356724987525
0.9,0.5068842899826111,1.8282308127341218,0.27884461591655074,2.083244722575857
