xp, rho, u, p, Mach
0.1,0.9874532356980948,1.5144532479434911,0.6998016433207074,1.5204167405048767
0.3,0.8859520247100817,1.6132449475123087,0.6031158331831699,1.6524983455648918
0.5,0.6196015277200644,1.7415658759960901,0.37496763516952797,1.89206144825444
0.7,0.5169905873521033,1.8291710553291924,0.2887381848704734,2.0686142389602926
0.9,0.4839192662094283,1.8693008014754708,0.261019032968493,2.15112448017515
