xp, rho, u, p, Mach
0.1,0.9874699802888429,1.5144373064784922,0.699819300982272,1.5203944457315677
0.3,0.8860280881168183,1.6131672693483936,0.6031820040952568,1.652399065944571
0.5,0.6197057492753341,1.741420074605643,0.37504867043077283,1.8918577407552257
0.7,0.5170246650062771,1.829121488381129,0.2887614416346964,2.0685430524277963
0.9,0.48375979493318655,1.869603816362439,0.26089348103512894,2.151636188336596
