xp, rho, u, p, Mach
0.1,0.9874655880327928,1.5144409539630959,0.6998148155386655,1.5203995986587242
0.3,0.8860079602784793,1.6131873247971835,0.6031642454779668,1.6524251652431585
0.5,0.6196750587531348,1.7414619165684448,0.37502526817541837,1.8919153758526093
0.7,0.5170011571516432,1.829161182194938,0.2887444124438596,2.068601911521106
0.9,0.48377228734014227,1.8695779215316117,0.2609044467893619,2.1515889513171262
