xp, rho, u, p, Mach
0.1,0.9874234751429136,1.5144700648417535,0.6997729297492576,1.520441904462552
0.3,0.8858096507017192,1.6133782610557514,0.6030090829249423,1.6526483710699251
0.5,0.6194731862217581,1.741683977074731,0.37487342373504096,1.8922315034637232
0.7,0.517105072533938,1.8289387058525268,0.2888195550819828,2.068289060135844
0.9,0.4846443178615992,1.8679505010610205,0.2615576153026105,2.1489644144283413
