xp, rho, u, p, Mach
0.1,1.0,1.5,0.7142857142857144,1.5
0.3,0.9612467642023015,1.533292624374441,0.6692196697112326,1.553081067452233
0.5,0.791962675709145,1.5486486467039418,0.5182494833114265,1.617974966087848
0.7,0.8108691937463968,1.5076507453196453,0.545406274771168,1.553645975653993
0.9,0.8825718239773789,1.4687451428761338,0.6058402578890913,1.4982296602569887
