dq_lu, dq_hhl,
-0.015101151016394537,-0.0
-0.004575522556190436,-0.0
-0.03235633198499523,-0.0
-0.11931395877364231,-0.0
-0.06856390994173224,-0.0
-0.2687000706744696,-0.0
-0.16906792135380191,-0.0
-0.19548896157290097,-0.0
-0.7475896718183686,-0.2659123850194581
-0.36803736606807164,-0.2659123850194577
-0.36832409599250754,-0.0
-0.6707703295785732,-0.265912385019458
-0.0747245976076922,-0.0
-0.3060952561967599,-0.0
-0.5332148228061354,-0.0
