dq_lu, dq_hhl,
-0.01316899919149335,-0.0
-0.006007895462603166,-0.0
-0.03090374068763666,-0.0
-0.13160741807630735,-0.05955693632168459
-0.08010321078145013,-0.0
-0.0993097884925498,-0.0
-0.26175363702729915,-0.0
-0.19183231260298403,-0.0
-0.42500144095843073,-0.13317335814691375
-0.3110753159383654,-0.08422622707951752
-0.12189598562014493,-0.0
-0.6270783211068581,-0.08422622707951767
-0.2567324341866661,-0.0
-0.21549126846400726,-0.0
-0.8781663526530884,-0.1575728423560884
