xp, rho, u, p, Mach
0.1,0.9695989996989434,1.5470312989862243,0.7001763245898472,1.538606103813727
0.3,0.9000714997653927,1.6592513453467763,0.5859546604618935,1.738019558177043
0.5,0.6337764138360608,1.7858835623292666,0.36346550425274815,1.9930837987838903
0.7,0.5659634348015526,1.7914649512424177,0.30320117207141467,2.0685834560497094
0.9,0.5237638602292989,1.847217543296968,0.2905268693806956,2.096180317951518
