xp, rho, u, p, Mach
0.1,0.9766624603682401,1.535842792027085,0.6923566687165893,1.5416651453252816
0.3,0.9000714997653927,1.6195757032154352,0.6053769463323736,1.6690248426293048
0.5,0.6208788380884842,1.7756252828609502,0.3670745873257129,1.951702289784761
0.7,0.5377342663817861,1.8423760428018883,0.28357044565063605,2.144211559957003
0.9,0.5076323935422928,1.8355701651367513,0.2747023252592621,2.108873203715732
