xp, rho, u, p, Mach
0.1,0.9695989996989434,1.5470312989862243,0.6890001166288476,1.551034700316682
0.3,0.9000714997653927,1.633905204539429,0.6009802397924843,1.6899398502034888
0.5,0.6337764138360608,1.7858835623292666,0.36346550425274815,1.9930837987838903
0.7,0.5659634348015526,1.7629622853543598,0.31466879698312433,1.9982340298953136
0.9,0.5076323935422928,1.860977479389447,0.28517911985907185,2.098422341781644
