dq_lu, dq_hhl,
0.003682184061643859,0.0
0.0016212175300947488,0.0
0.007612448418754239,0.0
0.0036349267705330745,0.0
0.0009382278335371576,0.0
0.005558914150841897,0.0
0.015921010790804643,0.0
-0.017156720416900223,-0.0
-0.014544405196994849,-0.010573509148206175
0.006334458890129626,0.0
0.0009355482026671208,0.0
-0.014405358658124654,-0.014953200039269155
0.011306942783207237,0.010573509148205967
-0.03020569494061258,-0.02364308521610575
-0.03334662138987705,-0.027974875691421014
-0.029718736458975305,-0.01495320003926969
-0.02643390449896475,-0.023643085216105638
-0.05845840003054616,-0.029906400078539876
-0.003394353739889984,-0.0
-0.020357806600023773,-0.0
-0.0426119067752658,-0.014953200039269842
-0.012225016383016447,-0.010573509148206038
-0.04703277025282494,-0.02990640007853975
-0.05328506186551835,-0.033436371768960055
-0.04812873627630735,-0.02364308521610604
-0.05368818439120928,-0.02364308521610609
-0.074307979395669,-0.050708768485005405
-0.04629447150179581,-0.01495320003926987
-0.06285809771330553,-0.03662771011797677
-0.12795409335030306,-0.06852417106177178
