dq_lu, dq_hhl,
0.0012460360607683923,0.0
0.0012122410383426081,0.0
0.0033726992838930972,0.0
0.0014693475213750189,0.0
0.0010046778842377753,0.0
0.0037646766671177016,0.0
0.005583126973101312,0.0023297733695707675
-6.058395913015361e-06,-0.0
-0.0028210878315571065,-0.0016473985482510331
0.004915658390149781,0.0
0.0009016437576759787,0.0016473985482497902
0.0010300019272320023,0.0
0.0016100853175747046,0.0
-0.001664908775519091,-0.0
-0.0037198653239479706,-0.002329773369570558
-0.0038095927908129113,-0.0
-0.0025497278692107944,-0.0
-0.0017783303085921124,-0.0
-0.0005254049280111886,-0.0
-0.007269191263761884,-0.003294797096502781
-0.006128819872220741,-0.0023297733695708043
-0.0013593149415159925,-0.0
-0.0075678659967580485,-0.0023297733695708768
-0.00644028713976778,-0.002329773369570823
-0.003095618434525492,-0.001647398548251085
-0.00458075404372419,-0.0028533779858863862
-0.0048024962663347085,-0.0
-0.004167343414870594,-0.0
-0.004031651091995532,-0.0
-0.0048893477082073665,-0.00164739854825128
