dq_lu, dq_hhl,
0.0005165807444193476,0.0
0.0004465583480163042,0.00031817066587306106
-0.0003240628859968451,-0.0007793557825098972
0.0011908662095787101,0.0005952428111101944
-9.785967117819658e-05,-0.0006363413317410446
0.0005026891583676102,0.00038967789125537593
0.0008689338617666776,0.0
0.0001838468362579632,0.00022498063541276082
0.0008196048410965982,0.0
-0.0039517933235094175,-0.004086976202856339
-0.004345051619589381,-0.004527647949659853
-0.00858758915945125,-0.008920134644797354
-0.011199034031766001,-0.011122329061161012
-0.010832238496827453,-0.01086682087660393
-0.022419980888357022,-0.022302606250860155
