dq_lu, dq_hhl,
-0.00012121072641365213,-6.115552009888655e-05
-2.801060355345276e-05,-0.0
-6.264860282837103e-05,-0.0
0.0001699050145874184,0.00023685431087220056
0.0002711812959828873,0.0003459478637528813
0.00044724259950115286,0.0005503996808932889
0.00011947549561776695,0.00010592446797455841
0.00029142602041623425,0.0002446220803967249
0.0004914442897727115,0.00048153904680091304
-0.0016219041343926769,-0.0015723035454801389
-0.0015064005309695597,-0.001467732482384411
-0.003261902124034789,-0.003287073649614023
-0.004931011831934779,-0.004839021100949479
-0.0044752299836481185,-0.004417190020896597
-0.009674644646951102,-0.009539084995311486
