xp, rho, u, p, Mach
0.1,0.9950139696923971,1.5050110153821714,0.7092682401689404,1.506555007070771
0.3,0.929685187247984,1.5618676582794884,0.6457060319156233,1.583910902403628
0.5,0.7387982887455848,1.5978562508808811,0.4715705658947038,1.6902980235067873
0.7,0.7771802795980618,1.5039736180803474,0.509943174336058,1.5691923956515879
0.9,0.8738998782668606,1.457565408333897,0.5961081094983047,1.4915312584342013
