xp, rho, u, p, Mach
0.1,0.987476328807885,1.5144629333185706,0.6997841184037495,1.5204632810337189
0.3,0.8858868322328313,1.6132910358897334,0.6030291083053698,1.6526035753570067
0.5,0.619444435597468,1.7416272811658398,0.3748552727813001,1.8921718062127335
0.7,0.5177133741674522,1.827852284908516,0.2892953569314034,2.066574368419264
0.9,0.4868182504171288,1.8638082923196297,0.2632470950526488,2.1420956224290677
