xp, rho, u, p, Mach
0.1,0.9875857194811287,1.513798196260735,0.7001484634202572,1.5194845769575447
0.3,0.8834227914616806,1.6143344349029523,0.6016283663681121,1.6532922889777262
0.5,0.621243377178333,1.737401227917424,0.37672251641447113,1.8856288013085076
0.7,0.5510854277785832,1.7723420416401885,0.31543032619170813,1.979890914540628
0.9,0.5704682630329345,1.7168339748277857,0.3313118641063137,1.9039762701399807
