xp, rho, u, p, Mach
0.1,0.9874709566773321,1.5144362764338284,0.6998202612282505,1.520393120209347
0.3,0.8860312515918023,1.6131636987832982,0.6031848464647638,1.6523944651205018
0.5,0.6197108885607348,1.7414128239741213,0.3750526355139725,1.8918477079423446
0.7,0.5170332582349784,1.8291074318766483,0.28876781666481877,2.0685215125485086
0.9,0.4837714093768172,1.8695833073522519,0.260901796266694,2.151604126235898
