xp, rho, u, p, Mach
0.1,1.0,1.5,0.7117483532941643,1.5026713482352632
0.3,0.9455506385356717,1.545348381530147,0.6622089764356286,1.5606562222121567
0.5,0.7893395213479127,1.5562980625490863,0.5157347534903682,1.6272245355555537
0.7,0.8407888174421551,1.4869339473392318,0.5676089977726728,1.529489453430782
0.9,0.9283196067800734,1.4638022448967498,0.645285005364296,1.4838546632981886
