xp, rho, u, p, Mach
0.1,0.988227772452216,1.5131923175508235,0.7011355847169153,1.5183001418125432
0.3,0.891096775309387,1.6050089225125572,0.6096604244786679,1.639954758019388
0.5,0.6494631479114027,1.7032132231825292,0.3986210952186305,1.8373932640466495
0.7,0.6315781800626634,1.6464625040556429,0.3824309360627235,1.7882361798536648
0.9,0.7014769786760321,1.5352210129897137,0.44402026550673496,1.6308431865261737
