xp, rho, u, p, Mach
0.1,0.9874689495373583,1.5144559459436457,0.6997986737198908,1.5204347726578156
0.3,0.8859535945860008,1.6132509862701079,0.6030997959875888,1.6525279663256505
0.5,0.6195733378905054,1.7415638793969088,0.3749479435746618,1.8920659193985674
0.7,0.5173070846080667,1.8285949598084443,0.28897704577681005,2.0677405284413157
0.9,0.4850637018689619,1.8671536609152377,0.2618932253626394,2.14759952361228
