xp, rho, u, p, Mach
0.1,0.987470951396664,1.5144362832003007,0.6998202538747176,1.5203931309251062
0.3,0.8860312181240757,1.6131637328047734,0.6031848131962902,1.6523945143303653
0.5,0.6197108160211264,1.741412911351671,0.37505258183566925,1.8918478275265949
0.7,0.5170332081145209,1.8291075043022662,0.28876778102982836,2.0685216218257723
0.9,0.4837715130480387,1.8695831055246814,0.26090187615901916,2.1516037950775933
