{
  "quantum_solution": [
    0.7195759704629745,
    0.595700598823031,
    0.5823472870830052,
    0.5660867967722727
  ],
  "classical_solution": [
    1.1454545454545455,
    0.43636363636363634,
    0.16363636363636364,
    0.05454545454545454
  ],
  "_source": "harvester"
}