{
  "iterations_completed": 1,
  "converged": true,
  "_source": "harvester",
  "fidelity": 1.2103542997269818,
  "shots": 100000,
  "l2_error_abs": 0.8023429506535168,
  "l2_error_rel": 0.6481833358071396
}