{
  "final_error_epsilon": 0.014859200424371524,
  "max_error_epsilon": 0.015539025764303075,
  "classical_wall_time_s": 0.0001270771026611328,
  "method_wall_time_s": 38.42459487915039,
  "speedup_ratio": 3.307181326460419e-06,
  "n_pauli_terms": null,
  "shots": 0,
  "t1": null,
  "t2": null,
  "backend_name": null,
  "backend_type": "sim",
  "coupling_map": "default",
  "optimization_level": 1,
  "seed": 1234,
  "_source": "solver"
}