{
  "grid": [
    0.0,
    0.125,
    0.25,
    0.375,
    0.5,
    0.625,
    0.75,
    0.875
  ],
  "solution_steps": {
    "0": [
      0.0,
      0.21213203435596423,
      0.3,
      0.21213203435596426,
      3.6739403974420595e-17,
      -0.21213203435596423,
      -0.3,
      -0.2121320343559643
    ],
    "1": [
      -3.006946990926242e-17,
      0.18110957866979047,
      0.2660715900959711,
      0.19599054111235287,
      1.2141759313008326e-17,
      -0.1959905411123528,
      -0.2660715900959711,
      -0.18110957866979052
    ],
    "2": [
      -1.3649375279144398e-17,
      0.15707882690567593,
      0.23574663028088774,
      0.178032876910422,
      1.6592296126638426e-17,
      -0.17803287691042197,
      -0.23574663028088771,
      -0.15707882690567596
    ],
    "3": [
      -2.4030804023484985e-17,
      0.1376722916475647,
      0.2089533669705003,
      0.15989757919875797,
      1.7775304576456362e-17,
      -0.15989757919875797,
      -0.2089533669705003,
      -0.13767229164756473
    ],
    "4": [
      -3.1290447400166835e-17,
      0.12151265947924662,
      0.18531625559677098,
      0.14256626962893237,
      2.6943428757695574e-17,
      -0.14256626962893232,
      -0.185316255596771,
      -0.12151265947924667
    ],
    "5": [
      -2.2565536951455402e-17,
      0.10774967820339817,
      0.1644380425513143,
      0.12653701764026135,
      3.7298267608719313e-17,
      -0.12653701764026126,
      -0.16443804255131433,
      -0.10774967820339817
    ],
    "6": [
      -1.2679267404154031e-17,
      0.0958338347391281,
      0.14596715510540217,
      0.11200466648532131,
      3.406434381896729e-17,
      -0.1120046664853213,
      -0.1459671551054022,
      -0.09583383473912814
    ]
  },
  "_source": "solver"
}