dq_lu, dq_hhl,
-0.010680596032594272,-0.0
-0.0028167313996764346,-0.0
-0.027910054076800618,-0.0
-0.10809333192367422,-0.0
-0.06043349240808007,-0.0
-0.23665323819801623,-0.0
-0.39694349521691713,-0.007106462034730168
-0.4231110244460499,-0.0
-0.6910766476076671,-0.007106462034730176
-0.5557085400709435,-0.005025027495002457
-0.5761532861720333,-0.0
-0.948324031539637,-0.0050250274950024605
-0.3813406386707499,-0.0
-0.2637010303155574,-0.0
-1.3338274035971664,-0.011236303067630987
