dq_lu, dq_hhl,
-0.012875187302705125,-0.0
-0.005041207440216271,-0.0
-0.029916407302042404,-0.0
-0.06520554602461613,-0.0
-0.05406791907174837,-0.0
-0.058674409823935375,-0.0
-0.08304717720212372,-0.039323277112393945
-0.05845519139226129,-0.039323277112393744
-0.08270651506681698,-0.06810991387877668
-0.02967516239728144,-0.0
-0.07612057471594937,-0.0
-0.14255638378664648,-0.07864655422478828
-0.06148140335731592,-0.0
-0.08186146381889425,-0.0
-0.1759078534844978,-0.039323277112394195
