xp, rho, u, p, Mach
0.1,0.9999999999999997,1.5000000000000004,0.7142857142857143,1.5
0.3,0.9499070131600829,1.5618260580534387,0.625478825444707,1.626682849030312
0.5,0.7005006935038647,1.6236724254005235,0.4145119774458575,1.7838984989583122
0.7,0.5446597486978505,1.8745482489927734,0.308418943494981,2.105352030325641
0.9,0.5432698511036907,1.8149996238550061,0.31022973749759425,2.0299185441863985
