xp, rho, u, p, Mach
0.1,1.0,1.5,0.7142857142857144,1.5
0.3,1.0,1.5,0.7142857142857144,1.5
0.5,1.0,1.5,0.5798757590334591,1.6647911718813002
0.7,1.0,1.5,0.5242013326500141,1.750967885929161
0.9,1.0,1.1639751118693618,0.728700198716283,1.1524052616277098
