xp, rho, u, p, Mach
0.1,0.9999999999999999,1.5000000000000002,0.7142857142857143,1.5000000000000002
0.3,0.9999999999999999,1.5000000000000002,0.7092001696110549,1.5053685058427653
0.5,0.9928935379652698,1.5107359879428162,0.48119684447160177,1.8340641156150512
0.7,0.9822611108183489,1.3566184207401304,0.5415528973076493,1.5441401845363605
0.9,0.5920288867690973,1.704718322068074,0.48601698262885296,1.5901362473989085
