xp, rho, u, p, Mach
0.1,0.9999999999999998,1.5000000000000004,0.7142857142857143,1.5000000000000004
0.3,0.9999999999999998,1.5000000000000004,0.6642802043505259,1.5554339929029326
0.5,0.7983843827016073,1.4602082157737604,0.47455353394408345,1.6007156109063259
0.7,0.6259028780511917,1.6339778376009162,0.41222197118735887,1.701649264243567
0.9,0.5920288867690973,1.704718322068074,0.43014361872085743,1.6902592360101822
