xp, rho, u, p, Mach
0.1,0.9999999999999997,1.5000000000000004,0.7064439681591231,1.5083022557091994
0.3,0.9303026478436044,1.5649367116641775,0.6287971357590815,1.6087538973549798
0.5,0.6611774163914708,1.6607651073394103,0.39189163513255393,1.823140768118745
0.7,0.5368175777653319,1.8508045994047668,0.28753216551792077,2.1373059692726293
0.9,0.5296868126069284,1.7717937426287436,0.29798503688087546,1.9964640651819683
