xp, rho, u, p, Mach
0.1,0.9874718018328195,1.5144352761329996,0.699820951477407,1.520392016810546
0.3,0.8860327082624685,1.6131618799115133,0.6031860140143491,1.6523923610955797
0.5,0.6197122410521576,1.7414107910527084,0.37505347645898435,1.8918454428849836
0.7,0.5170338482067789,1.8291067370030092,0.28876811070223557,2.0685208537525432
0.9,0.483770877733434,1.869585409010292,0.26090114861949576,2.1516080331759277
