{
  "u_initial": [
    5.555177545985609e-12,
    2.7988183977060362e-09,
    5.797115548591035e-07,
    4.9363921634671915e-05,
    0.0017280957896376294,
    0.024870609608846517,
    0.147151776468577,
    0.3579357267257479,
    0.3579357267257479,
    0.147151776468577,
    0.024870609608846562,
    0.0017280957896376324,
    4.9363921634671644e-05,
    5.797115548591035e-07,
    2.7988183977060362e-09,
    5.555177545985609e-12
  ],
  "u_final_classical": null,
  "u_final_method": [
    0.002129429109666638,
    0.0007285505648969762,
    -0.00044251727248098576,
    0.008595046377026764,
    0.02896182621901084,
    0.054872782528825007,
    0.0884785355913907,
    0.11203549335483161,
    0.11028940056787956,
    0.08755843005664213,
    0.0831375007255888,
    0.062231828201572637,
    0.03163941884128803,
    0.0321570503033765,
    0.03245189406062843,
    0.034803183801934125
  ],
  "errors_by_step": {},
  "final_error": NaN,
  "max_error": NaN,
  "_source": "solver"
}