dq_lu, dq_hhl,
0.004303748870548088,0.0
0.0019271718916830055,0.0
0.008976190719992392,0.0
0.004633695867939448,0.0
0.0011553384543640957,0.0
0.007867470089803555,0.0
-0.026091493163936243,-0.0
-0.017932146805606366,-0.0
-0.06624155139598092,-0.0
-0.12361485066224326,-0.0
-0.09434986684890287,-0.0
-0.3084216337112367,-0.0
-0.27357044691761107,-0.06853553008942388
-0.2854929030025225,-0.0
-0.7212078196547763,-0.10836418786479173
-0.4025405967528141,-0.0
-0.46333099853789667,-0.08393853898512597
-1.129843024756569,-0.08393853898512607
-0.4708052710792653,-0.08393853898512597
-0.5072734600528679,-0.08393853898512599
-1.300632428429376,-0.13707106017884815
-0.4934974587380691,-0.048461938078446384
-0.557802037374172,-0.083938538985126
-1.3860464409634863,-0.16073006521964378
-0.5212721367049995,-0.04846193807844639
-0.5607260175915528,-0.083938538985126
-1.4065354592793924,-0.1938477523137858
-0.5184375054619492,-0.04846193807844639
-0.5609125401932288,-0.0484619380784464
-1.4023161063518412,-0.12821823620778067
