{
  "u_initial": [
    0.0,
    0.7818314824680298,
    0.9749279121818236,
    0.43388373911755823,
    -0.433883739117558,
    -0.9749279121818234,
    -0.7818314824680299,
    -2.4492935982947064e-16
  ],
  "u_final_classical": [
    0.0,
    0.46583459982717645,
    0.977003357836975,
    0.9483800653332511,
    -0.9483800653332508,
    -0.977003357836975,
    -0.4658345998271766,
    -2.4492935982947064e-16
  ],
  "u_final_method": [
    0.005391473038035736,
    0.0035454484015996863,
    0.0008497118825818181,
    -0.0,
    -0.00010068872535812359,
    -0.000769028602067677,
    -0.003442093450277809,
    -0.005547507147136512
  ],
  "errors_by_step": {
    "0": 0.0,
    "2": 0.9722968352258654,
    "4": 0.9588072206718143,
    "6": 0.9574673325247192,
    "8": 0.9812762298061882,
    "10": 0.9988188722855238
  },
  "final_error": 0.9988188722855238,
  "max_error": 0.9988188722855238,
  "_source": "solver"
}