{
  "iterations_completed": 1,
  "converged": true,
  "_source": "harvester",
  "fidelity": 0.9979352943567158,
  "shots": 10000,
  "l2_error_abs": 0.064260495536282,
  "l2_error_rel": 0.064260495536282
}