{
  "quantum_solution": [
    0.700582611052223,
    0.09639154277432713,
    0.7016923821039012,
    0.08672068075256074
  ],
  "classical_solution": [
    0.7055698197297996,
    0.046596453582414196,
    0.7055698197297996,
    0.046596453582414196
  ],
  "_source": "harvester"
}