{
  "u_initial": [
    0.0,
    0.19509032201612825,
    0.3826834323650898,
    0.5555702330196022,
    0.7071067811865475,
    0.8314696123025452,
    0.9238795325112867,
    0.9807852804032304,
    1.0,
    0.9807852804032304,
    0.9238795325112867,
    0.8314696123025455,
    0.7071067811865476,
    0.5555702330196022,
    0.3826834323650899,
    0.1950903220161286,
    1.2246467991473532e-16,
    -0.19509032201612836,
    -0.38268343236508967,
    -0.555570233019602,
    -0.7071067811865475,
    -0.8314696123025452,
    -0.9238795325112865,
    -0.9807852804032303,
    -1.0,
    -0.9807852804032304,
    -0.9238795325112866,
    -0.8314696123025455,
    -0.7071067811865477,
    -0.5555702330196022,
    -0.3826834323650904,
    -0.19509032201612872
  ],
  "u_final_classical": [
    -8.486442845178899e-17,
    0.09590909595271489,
    0.19134664650845248,
    0.2858202979373214,
    0.37879355477628157,
    0.46965678236545927,
    0.5576879216366918,
    0.6419952536468057,
    0.7214283406360186,
    0.794429909285007,
    0.8587702555834253,
    0.9110240847824432,
    0.9454091621459159,
    0.9507769815158772,
    0.8960351765679959,
    0.6478384184080687,
    5.561119710024097e-16,
    -0.6478384184080678,
    -0.8960351765679955,
    -0.9507769815158771,
    -0.945409162145916,
    -0.9110240847824432,
    -0.8587702555834253,
    -0.794429909285007,
    -0.7214283406360188,
    -0.641995253646806,
    -0.557687921636692,
    -0.46965678236545944,
    -0.37879355477628174,
    -0.28582029793732155,
    -0.19134664650845262,
    -0.09590909595271506
  ],
  "u_final_method": [
    9.693401636923228e-13,
    0.09967171698518437,
    0.19739579200803106,
    0.29149532638004677,
    0.38072618730463975,
    0.4642963852785896,
    0.5417811355987832,
    0.6129910646288551,
    0.6778296291224457,
    0.7361421920433295,
    0.7875190683872694,
    0.830933414103603,
    0.8638026905276343,
    0.8784880108653426,
    0.8427446075075335,
    0.605510807870678,
    -1.0261747434014979e-08,
    -0.6055108185862241,
    -0.8427445910644263,
    -0.8784879946470033,
    -0.8638026999384488,
    -0.8309334221537824,
    -0.7875190641064514,
    -0.7361421884687874,
    -0.6778296302899088,
    -0.6129910659066777,
    -0.5417811355000768,
    -0.46429638499303116,
    -0.3807261872806961,
    -0.2914953264184857,
    -0.19739579201555033,
    -0.09967171698163683
  ],
  "errors_by_step": {
    "0": 0.0,
    "8": 0.02156330566823488,
    "16": 0.03559865450572895,
    "24": 0.047349585357364825,
    "32": 0.055287445372566774,
    "40": 0.05922103383494974,
    "48": 0.06517626407112607,
    "51": 0.07045139639547884
  },
  "final_error": 0.07045139639547884,
  "max_error": 0.07045139639547884,
  "_source": "solver"
}