{
  "u_initial": [
    0.0,
    0.7818314824680298,
    0.9749279121818236,
    0.43388373911755823,
    -0.433883739117558,
    -0.9749279121818234,
    -0.7818314824680299,
    -2.4492935982947064e-16
  ],
  "u_final_classical": [
    0.0,
    0.4650271050087969,
    1.0036738014210564,
    1.5058313396955698,
    -1.5058313396955694,
    -1.0036738014210562,
    -0.465027105008797,
    -2.4492935982947064e-16
  ],
  "u_final_method": [
    0.0,
    0.4654232043834622,
    1.0041262626735656,
    1.5049068120725086,
    -1.5049068120724425,
    -1.004126262673598,
    -0.46542320438346163,
    0.0
  ],
  "errors_by_step": {
    "0": 0.0,
    "2": 4.233357321953948e-05,
    "4": 9.145786968041091e-05,
    "6": 0.00015212776635579008,
    "8": 0.00023228851657341044,
    "10": 0.00034390686565042466,
    "12": 0.0004982754641553363,
    "13": 0.0005902673535008445
  },
  "final_error": 0.0005902673535008445,
  "max_error": 0.0005902673535008445,
  "_source": "solver"
}