{
  "iterations_completed": 1,
  "converged": true,
  "_source": "harvester",
  "fidelity": 1.4368250205887196,
  "shots": 1000,
  "l2_error_abs": 0.44846074222590554,
  "l2_error_rel": 0.3616873486574784
}