dq_lu, dq_hhl,
-0.012439726541380208,-0.0
-0.004419786014630184,-0.0
-0.028501690936825773,-0.0
-0.03041110579754159,-0.0
-0.03609324710240429,-0.0
-0.03316873065943307,-0.011839977005610828
-0.023983200801118477,-0.0
-0.01952908015866517,-0.0
-0.005578317392771568,-0.0
-0.044369181557909323,-0.011839977005610916
-0.0430942288974303,-0.0
-0.042924147348636296,-0.0
-0.0526886749103826,-0.0
-0.05676248660773894,-0.0
-0.09873955382145605,-0.03132563468557008
