dq_lu, dq_hhl,
-0.011720216113919291,-0.0
-0.003873575765248399,-0.0
-0.026248565992680942,-0.0
-0.0019444837687302193,-0.0
-0.0704585300227343,-0.0
-0.24728074368746855,-0.11235316979434344
-0.16675353557796918,-0.0
-0.30016298797137736,-0.07944568824938388
-0.32043206082046516,-0.13760396849021064
-0.2126032090071817,-0.0
-0.24051290135233333,-0.0
-0.5156163316979446,-0.1376039684902108
-0.34374573194148156,-0.0794456882493839
-0.3478955537494331,-0.0
-0.5259025217699288,-0.19460139847521613
