dq_lu, dq_hhl,
-0.014845186643687315,-0.0
-0.006105569831712985,-0.0
-0.03820481163669566,-0.0
-0.12262627161912291,-0.0
-0.06756423472452794,-0.0
-0.25874318548326913,-0.0
-0.4095810812345181,-0.0
-0.4284933148361654,-0.0
-0.6282417469435865,-0.0817278368148673
-0.3018663318203167,-0.05779030762350011
-0.27229436228746806,-0.0
-0.9218225249690146,-0.08172783681486732
-0.4154415487031475,-0.0
-0.592786582243374,-0.05779030762350021
-1.0314989901012765,-0.057790307623500244
