dq_lu, dq_hhl,
-0.011927127650870832,-0.0
-0.0037902226458884423,-0.0
0.005362738808996983,0.0
-0.0026511655897779643,-0.0
-0.029249306215939654,-0.0
-0.12502119705045717,-0.10948043467745623
-0.13831865291224543,-0.07741435776768023
-0.10311611823666715,-0.0
-0.14310752882930297,-0.15482871553536048
-0.03351353485678387,-0.0
-0.11027114126817718,-0.0
-0.12794332670411268,-0.07741435776768019
-0.05870357379049952,-0.0
-0.19152365489275167,-0.10948043467745654
-0.16419101787806692,-0.0
