xp, rho, u, p, Mach
0.1,0.9999999999999997,1.5000000000000004,0.7142857142857143,1.5
0.3,0.8878351325680999,1.6432837734026438,0.6342750451095207,1.643145038581078
0.5,0.7824853437426459,1.5798736079877649,0.41621438163603636,1.8307872995837464
0.7,0.6322758224805107,1.7587769101832689,0.34761931810669655,2.0046939214141952
0.9,0.6386061434282653,1.805841211365297,0.28583646321727463,2.281252056910386
