xp, rho, u, p, Mach
0.1,0.9999999999999996,1.5000000000000007,0.7013332806286615,1.513787856913651
0.3,0.8878351325680999,1.6432837734026438,0.6342750451095207,1.643145038581078
0.5,0.7501042596000131,1.572000046883354,0.43610201078056005,1.7424298725315581
0.7,0.5428307263802621,1.9434568719479937,0.27087298301521145,2.3251996859534767
0.9,0.5357483631117936,2.0460301050839975,0.20855649773302454,2.771510737996948
