{
  "iterations_completed": 1,
  "converged": true,
  "_source": "harvester",
  "fidelity": 0.9948775570223782,
  "shots": 500,
  "l2_error_abs": 0.07161717453490198,
  "l2_error_rel": 0.07161717453490198
}