{
  "quantum_solution": [
    0.6870385249773948,
    0.0,
    0.7266209914369979,
    0.0
  ],
  "classical_solution": [
    0.7055698197297996,
    0.046596453582414196,
    0.7055698197297996,
    0.046596453582414196
  ],
  "_source": "harvester"
}