xp, rho, u, p, Mach
0.1,0.9869224566720041,1.5151591311619135,0.6993224318325368,1.5212374753735307
0.3,0.8852379298261094,1.6140592727101428,0.6024627978058398,1.6535614965613383
0.5,0.6195401541706228,1.741706101312452,0.37475349596235974,1.8926605879773557
0.7,0.5174552345669519,1.828741400624064,0.2890429764202933,2.0679663186260213
0.9,0.48535887645833137,1.8665676216399048,0.2622660273887204,2.146051696750884
