xp, rho, u, p, Mach
0.1,0.9832789937308697,1.5208997576041727,0.6957984706435383,1.5280347064104491
0.3,0.8820280132896811,1.6171393899820663,0.5994103221311796,1.6579159833718828
0.5,0.6196291197559091,1.7440215986380978,0.3736989008141648,1.8979852838034013
0.7,0.5245988278888926,1.819240038670915,0.2940055680840765,2.053817584876306
0.9,0.5011747732522609,1.838078100396203,0.2757701463578612,2.094213328758634
