xp, rho, u, p, Mach
0.1,0.9864450512117053,1.5158369703193326,0.6988701794597586,1.5220421219721076
0.3,0.8846753554258051,1.6146387907695832,0.6019364288058227,1.6543523589626299
0.5,0.6194513031423329,1.741917603540583,0.37463142727235915,1.8930630217999753
0.7,0.5181060617558997,1.8279690992649127,0.2894720032488687,2.0668591678511605
0.9,0.4871347265575443,1.8633387729959972,0.2637483975913795,2.140215147560571
