xp, rho, u, p, Mach
0.1,0.985339113894524,1.5175383344980196,0.6978697590742545,1.5239872179309506
0.3,0.8836544425828984,1.615772608109719,0.600918109693791,1.6559598771787611
0.5,0.619514426821528,1.741952714285059,0.37455433708462843,1.8933924500316792
0.7,0.51978849367451,1.8258226245693876,0.2905935010901516,2.063787361416489
0.9,0.4911104078890024,1.8560546289266286,0.26714274471420896,2.1268879654367603
