{
  "u_initial": [
    0.0,
    0.0490085701647803,
    0.09754516100806412,
    0.14514233862723117,
    0.1913417161825449,
    0.23569836841299882,
    0.2777851165098011,
    0.31719664208182274,
    0.35355339059327373,
    0.3865052266813685,
    0.4157348061512726,
    0.44096063217417747,
    0.46193976625564337,
    0.47847016786610447,
    0.4903926402016152,
    0.4975923633360984,
    0.5,
    0.49759236333609846,
    0.4903926402016152,
    0.47847016786610447,
    0.46193976625564337,
    0.4409606321741775,
    0.41573480615127273,
    0.38650522668136855,
    0.3535533905932738,
    0.31719664208182274,
    0.2777851165098011,
    0.23569836841299893,
    0.19134171618254495,
    0.1451423386272312,
    0.0975451610080643,
    0.04900857016478041,
    6.123233995736766e-17,
    -0.049008570164780295,
    -0.09754516100806418,
    -0.14514233862723105,
    -0.19134171618254484,
    -0.23569836841299882,
    -0.277785116509801,
    -0.31719664208182263,
    -0.35355339059327373,
    -0.38650522668136833,
    -0.4157348061512726,
    -0.44096063217417747,
    -0.46193976625564326,
    -0.4784701678661044,
    -0.49039264020161516,
    -0.49759236333609846,
    -0.5,
    -0.49759236333609846,
    -0.4903926402016152,
    -0.47847016786610447,
    -0.4619397662556433,
    -0.4409606321741775,
    -0.41573480615127273,
    -0.38650522668136844,
    -0.35355339059327384,
    -0.31719664208182297,
    -0.2777851165098011,
    -0.23569836841299896,
    -0.1913417161825452,
    -0.14514233862723125,
    -0.09754516100806436,
    -0.04900857016478025
  ],
  "u_final_classical": null,
  "u_final_method": [
    0.009491052605027273,
    0.04083931987630658,
    0.07151734764534878,
    0.10215911575760016,
    0.13331710368385272,
    0.16508443413945237,
    0.19685680392275168,
    0.22735080122891838,
    0.25492369289361555,
    0.2781390313147982,
    0.29640207355214887,
    0.3103815981414133,
    0.32192782567021294,
    0.3333838979480209,
    0.3465350523163716,
    0.36172540900873146,
    0.3776671101348932,
    0.3921493981787915,
    0.40338499237351044,
    0.41127863014559946,
    0.41767217007580054,
    0.42492456218232777,
    0.4331351695867454,
    0.4374512750859431,
    0.42758210646890193,
    0.391603347964363,
    0.3244717450042487,
    0.23663966029011263,
    0.1531510272208202,
    0.09927503775053524,
    0.08341073662443677,
    0.09089578684168131,
    0.09018395026741999,
    0.04672331220293913,
    -0.056818587322854344,
    -0.20210789169815657,
    -0.3405967540073427,
    -0.42762115335837764,
    -0.451276218312519,
    -0.430068591367597,
    -0.39352922811124247,
    -0.36697428838390067,
    -0.36431758086223526,
    -0.3856871577670045,
    -0.4194263059755876,
    -0.4489656862851483,
    -0.4613669198958558,
    -0.45221743573812107,
    -0.42494045878944037,
    -0.3870234236445789,
    -0.3463696915877499,
    -0.309106954770337,
    -0.2787012581834052,
    -0.25589990795018913,
    -0.23921035714812275,
    -0.22575220714106853,
    -0.21227810712333756,
    -0.19608468655916092,
    -0.17557396822313198,
    -0.15038457766362817,
    -0.12117799436578368,
    -0.08924077977978465,
    -0.05604653013749786,
    -0.022869875950481424
  ],
  "errors_by_step": {},
  "final_error": NaN,
  "max_error": NaN,
  "_source": "solver"
}