dq_lu, dq_hhl,
0.0018791471469582167,0.0
-0.0035154519407461305,-0.0004493523405287546
0.0045852814982980244,0.0006354801742599002
-0.0019795087200369,-0.0002401889291718861
-0.005259770146600574,-0.000635480174259918
0.003948080667930492,0.00044935234052876857
0.0006959399735651588,0.0
-0.002409635245677628,-0.00024018892917190778
-0.007103591940636881,-0.0009756520424807502
0.009111440513703337,0.0011888745440841026
0.0002639486929662516,0.0
0.003304193943695176,0.0004493523405287464
0.006924483740283533,0.0008825104775052338
-0.013891915764005957,-0.0016983922058344963
0.0031432413068388037,0.0003396784411668156
