dq_lu, dq_hhl,
0.0020120366674585876,0.0
-0.004381860553366677,-0.00010735525021060281
0.00566416913901043,0.00021471050042121674
-0.0023930795615123793,-0.00010735525021058246
-0.00675931911317792,-0.0003220657506318343
0.005108272712165888,0.0002517703787438077
0.0007708987328079751,0.0
-0.0031463376658235616,-7.591162541988897e-05
-0.009123267646343846,-0.00048010727442487005
0.01129753388262273,0.0005731202036325835
0.00018912814332814175,0.0
0.003457022873754571,0.0
0.008444174012725165,0.00033948710944281323
-0.01739767889252852,-0.0007161488419151676
0.002742694623722873,0.00010735525021058817
