xp, rho, u, p, Mach
0.1,0.9855071747852766,1.5218339329933561,0.694140006769293,1.532532181693121
0.3,0.8884738008607863,1.6160931629530106,0.5984125554059515,1.664272126434288
0.5,0.6189326051295746,1.7485038698555209,0.3759541150468641,1.8960807954848125
0.7,0.5056472280815922,1.869486546207346,0.2794724154469302,2.125262931600636
0.9,0.4745607857411605,1.9409465198248752,0.2394532778088905,2.309325134157636
