xp, rho, u, p, Mach
0.1,0.9860539280150884,1.5193253883090003,0.696275027205882,1.5280821460580227
0.3,0.8876497857617446,1.6147490288605053,0.6003103984766696,1.6594872016576032
0.5,0.6190662419698408,1.7462604726808393,0.37545407249803414,1.8951132030225009
0.7,0.5098803948027949,1.853965556748236,0.2829709902726322,2.1032981655163567
0.9,0.47797968789133877,1.9137195964963094,0.2473932090022728,2.2481491471784674
