xp, rho, u, p, Mach
0.1,0.986274426836834,1.5186081768056912,0.6968039800494318,1.5269516690524496
0.3,0.887488573355812,1.6144229455551167,0.6007199638756491,1.6584357693865948
0.5,0.6191681679599601,1.7454779253578618,0.3754418931122239,1.8944506119324054
0.7,0.5109595165545797,1.8500500712850483,0.283886591065163,2.0976849920890848
0.9,0.47878099535998087,1.907190015940329,0.2493992144414295,2.233319499024754
