{
  "u_initial": [
    0.0,
    0.0490085701647803,
    0.09754516100806412,
    0.14514233862723117,
    0.1913417161825449,
    0.23569836841299882,
    0.2777851165098011,
    0.31719664208182274,
    0.35355339059327373,
    0.3865052266813685,
    0.4157348061512726,
    0.44096063217417747,
    0.46193976625564337,
    0.47847016786610447,
    0.4903926402016152,
    0.4975923633360984,
    0.5,
    0.49759236333609846,
    0.4903926402016152,
    0.47847016786610447,
    0.46193976625564337,
    0.4409606321741775,
    0.41573480615127273,
    0.38650522668136855,
    0.3535533905932738,
    0.31719664208182274,
    0.2777851165098011,
    0.23569836841299893,
    0.19134171618254495,
    0.1451423386272312,
    0.0975451610080643,
    0.04900857016478041,
    6.123233995736766e-17,
    -0.049008570164780295,
    -0.09754516100806418,
    -0.14514233862723105,
    -0.19134171618254484,
    -0.23569836841299882,
    -0.277785116509801,
    -0.31719664208182263,
    -0.35355339059327373,
    -0.38650522668136833,
    -0.4157348061512726,
    -0.44096063217417747,
    -0.46193976625564326,
    -0.4784701678661044,
    -0.49039264020161516,
    -0.49759236333609846,
    -0.5,
    -0.49759236333609846,
    -0.4903926402016152,
    -0.47847016786610447,
    -0.4619397662556433,
    -0.4409606321741775,
    -0.41573480615127273,
    -0.38650522668136844,
    -0.35355339059327384,
    -0.31719664208182297,
    -0.2777851165098011,
    -0.23569836841299896,
    -0.1913417161825452,
    -0.14514233862723125,
    -0.09754516100806436,
    -0.04900857016478025
  ],
  "u_final_classical": null,
  "u_final_method": [
    -5.496493091002651e-17,
    0.02792071716888976,
    0.05586747721001562,
    0.0838646379713247,
    0.11193299856508518,
    0.14008751934339578,
    0.16833435781255485,
    0.19666684767634368,
    0.22505991508712936,
    0.2534622577849562,
    0.281785429024141,
    0.30988882793307676,
    0.3375596363888126,
    0.36448722269539197,
    0.3902328876404218,
    0.4141986152285406,
    0.4356030798098247,
    0.4534789569837293,
    0.4667098398415893,
    0.4741223511303152,
    0.4746337183960692,
    0.4674279749109363,
    0.4521084792701674,
    0.4287713502975999,
    0.39797293719976146,
    0.36060886265990183,
    0.317753604416851,
    0.27051192901202165,
    0.21991378856490104,
    0.16686028301610656,
    0.11211239759962494,
    0.0563087565148891,
    8.02611620342602e-17,
    -0.056308756514888925,
    -0.1121123975996248,
    -0.1668602830161063,
    -0.219913788564901,
    -0.27051192901202126,
    -0.3177536044168508,
    -0.36060886265990166,
    -0.39797293719976123,
    -0.4287713502975999,
    -0.4521084792701676,
    -0.467427974910936,
    -0.4746337183960689,
    -0.4741223511303151,
    -0.4667098398415894,
    -0.45347895698372953,
    -0.43560307980982477,
    -0.4141986152285408,
    -0.3902328876404221,
    -0.3644872226953919,
    -0.33755963638881253,
    -0.3098888279330768,
    -0.281785429024141,
    -0.2534622577849562,
    -0.2250599150871294,
    -0.19666684767634382,
    -0.16833435781255482,
    -0.14008751934339586,
    -0.11193299856508535,
    -0.08386463797132471,
    -0.05586747721001574,
    -0.027920717168889806
  ],
  "errors_by_step": {},
  "final_error": NaN,
  "max_error": NaN,
  "_source": "solver"
}