{
  "iterations_completed": 1,
  "converged": true,
  "_source": "harvester",
  "fidelity": 0.8443687246569364,
  "shots": 10000,
  "l2_error_abs": 0.5579090881910126,
  "l2_error_rel": 0.5579090881910126
}