{
  "quantum_solution": [
    0.9386286849542875,
    0.2409250805066798,
    0.23780966998288652,
    0.0661653854100857
  ],
  "classical_solution": [
    0.7055698197297996,
    0.046596453582414196,
    0.7055698197297996,
    0.046596453582414196
  ],
  "_source": "harvester"
}