{
  "quantum_solution": [
    1.2197240500792057,
    0.17201236603681108,
    0.07818743910764138,
    0.09382492692916966
  ],
  "classical_solution": [
    1.1454545454545455,
    0.43636363636363634,
    0.16363636363636364,
    0.05454545454545454
  ],
  "_source": "harvester"
}