{
  "iterations_completed": 1,
  "converged": true,
  "_source": "harvester",
  "fidelity": 0.9457757848645333,
  "shots": 100,
  "l2_error_abs": 0.29024463663340444,
  "l2_error_rel": 0.2344779581099777
}