{
  "u_initial": [
    0.0,
    0.11480502970952693,
    0.21213203435596423,
    0.27716385975338603,
    0.3,
    0.27716385975338603,
    0.21213203435596426,
    0.11480502970952697,
    3.6739403974420595e-17,
    -0.1148050297095269,
    -0.21213203435596423,
    -0.2771638597533859,
    -0.3,
    -0.277163859753386,
    -0.2121320343559643,
    -0.1148050297095271
  ],
  "u_final_classical": null,
  "u_final_method": [
    -1.7280483750038478e-17,
    0.06779691914149048,
    0.12912658101096294,
    0.1770207164977129,
    0.20376124620220087,
    0.20143026540013023,
    0.16421882402101295,
    0.0930300547777544,
    3.388699225135719e-17,
    -0.09303005477775435,
    -0.16421882402101293,
    -0.2014302654001302,
    -0.20376124620220087,
    -0.1770207164977129,
    -0.12912658101096294,
    -0.0677969191414905
  ],
  "errors_by_step": {},
  "final_error": NaN,
  "max_error": NaN,
  "_source": "solver"
}