xp, rho, u, p, Mach
0.1,1.0,1.5,0.7142857142857144,1.5
0.3,0.9087822350178398,1.6505604337331201,0.5924367674111248,1.7277317929760243
0.5,0.7139579989313627,1.664568531381111,0.442459827947017,1.787051510711217
0.7,0.7055959294548577,1.5889323074819315,0.42940176224473203,1.721422597960929
0.9,0.7433444815853412,1.5712261979085698,0.47604821758905763,1.659374007568524
