xp, rho, u, p, Mach
0.1,0.987417463655804,1.5144996450951873,0.6997656817935745,1.5204748472351175
0.3,0.885901574045559,1.6133086273357518,0.603081022799568,1.6525642131264962
0.5,0.6195755999672261,1.7416436606906869,0.3749397490115382,1.89217672642157
0.7,0.5169574879474801,1.8292642393022016,0.2887116940387291,2.068748299636361
0.9,0.48382130895895586,1.8695086092398483,0.26094588898956306,2.151447327699208
