xp, rho, u, p, Mach
0.1,0.9871789854129599,1.514817248588343,0.6995294628262554,1.5208667639643731
0.3,0.8854452561575674,1.6137992392033536,0.6027683766882135,1.653069513268157
0.5,0.6191928537856715,1.7425346683693637,0.37451507559014957,1.8936326148444793
0.7,0.5170131116200293,1.8292387730926931,0.2887752294923909,2.0686031901733926
0.9,0.4845876065995695,1.8682926026909106,0.26152346479787103,2.1493725450952748
