xp, rho, u, p, Mach
0.1,0.9864595675003632,1.5155911383451943,0.6986617653145883,1.5220334449687856
0.3,0.8844216681172904,1.6145384880117681,0.6023305072463031,1.6534712254848982
0.5,0.6183984085092117,1.7446427916365372,0.37377635184855496,1.896578284857459
0.7,0.5187238408832263,1.826866035223942,0.28999100043497283,2.0649927348376598
0.9,0.4901200833082194,1.859728041770628,0.2655319787666641,2.135395165477082
