{
  "quantum_solution": [
    1.2265788797834856,
    0.1528587947438579,
    0.05383243199894407,
    0.03836554133987075
  ],
  "classical_solution": [
    1.1454545454545455,
    0.43636363636363634,
    0.16363636363636364,
    0.05454545454545454
  ],
  "_source": "harvester"
}