xp, rho, u, p, Mach
0.1,0.987470988639497,1.5144362370362658,0.6998202974860394,1.5203930658767417
0.3,0.8860314087984495,1.6131635339771633,0.6031849974157957,1.652394236135497
0.5,0.6197112269811194,1.741412400399312,0.3750528924323548,1.8918471163634296
0.7,0.5170336495860015,1.8291068372561263,0.2887680946089754,2.0685206274523584
0.9,0.483771399372769,1.8695834020613873,0.2609017702956558,2.1516043200737407
