xp, rho, u, p, Mach
0.1,0.987442245133918,1.514469846509202,0.6997919181958101,1.5204355077969236
0.3,0.8859690582788237,1.6132331599552654,0.6031313347986526,1.6524809203545332
0.5,0.6196418720054061,1.7415172018141643,0.3750005077018404,1.891987233158024
0.7,0.5169815863895858,1.829209299542453,0.2887296809314101,2.0686699449213393
0.9,0.4837707919525159,1.8695870421539114,0.26090707829309223,2.151585271802251
