xp, rho, u, p, Mach
0.1,0.9874709840195303,1.514436243157627,0.6998202934449225,1.5203930728552963
0.3,0.8860314017348286,1.6131635453181543,0.6031849912449798,1.652394249617997
0.5,0.6197112234437571,1.7414124103394364,0.3750528894354565,1.891847129321337
0.7,0.5170336600267174,1.8291068182334358,0.2887681037716654,2.0685205940077367
0.9,0.4837714325799654,1.8695833387212872,0.2609017974310789,2.151604209134371
