xp, rho, u, p, Mach
0.1,1.0,1.5,0.7142857142857144,1.5
0.3,0.9416758376445349,1.5491090787040878,0.6323604170305748,1.5976673361648241
0.5,0.6778942853794201,1.6452797341590715,0.44559080386703076,1.715096683912169
0.7,0.6687824276377365,1.6246780691690532,0.4034560182738482,1.7678590168579063
0.9,0.699757998052625,1.6400430372179193,0.4217547556002924,1.7853985111667008
