xp, rho, u, p, Mach
0.1,0.9874280560337895,1.5144867484869107,0.699777260112193,1.5204574763031695
0.3,0.8859379142751846,1.6132678523960655,0.6031045810808351,1.6525240633019198
0.5,0.6196080213000308,1.741569456954846,0.3749753142028909,1.8920558795059463
0.7,0.5169643576109171,1.8292461947490517,0.2887175037758607,2.068720823669269
0.9,0.48379085585613657,1.8695531617145373,0.2609251810446191,2.1515162581590372
