dq_lu, dq_hhl,
-0.0008297174814082703,-0.0
0.0016951482432929388,0.0
0.007887896885759306,0.0019522120215357964
0.004063444985722159,0.001952212021535563
0.0010341445298995952,0.0
0.006404208974123516,0.0
-0.007341757692482087,-0.0039044240430715555
-0.007835664842500279,-0.003381330408446743
0.011985249086777111,0.002760844717483839
-0.001431314822352233,-0.0019522120215346797
0.000842367514205963,0.0
0.0009114094202532532,0.0
-0.009055991340545898,-0.005165067515454473
-0.02702370510755544,-0.0067626608168940994
0.022760466882100573,0.008730557573293371
0.0053920774375995776,0.0
-0.009654195947605075,-0.0027608447174837835
0.0003991625787905899,0.0
-0.00616887532914017,-0.0
-0.017297486393448414,-0.005165067515454745
-0.018562346309029986,-0.004781923322490294
-0.01061282306977811,-0.0039044240430717195
-0.01879432397972944,-0.006173436463615253
-0.029647808659989904,-0.011043378869935904
-0.013823556873385854,-0.00516506751545467
-0.011928814427575447,-0.0019522120215358801
-0.03362367086929438,-0.01219156016694152
-0.01834309509919279,-0.005165067515454761
-0.030373470729149768,-0.010143991225341192
-0.03305332290600391,-0.007304508530929007
