dq_lu, dq_hhl,
-0.0008381530606515009,-0.0
0.00168448331905289,0.0
0.005916364307512922,0.0014853731437642164
0.002097833960620326,0.0014853731437637593
0.0010306594102133966,0.0
0.006388472282878846,0.00297074628752847
-0.0034211437927816214,-0.002100634845095857
-0.004427207244512936,-0.0033213953214091666
0.009170069121300297,0.0029707462875286114
0.000519388195245168,0.0
0.0008107033681945407,0.0
0.0009277443601237499,0.0
-0.003842010645921239,-0.0014853731437640808
-0.020219800354382512,-0.008270207655356188
0.014320693402892649,0.004456119431293092
0.005443305042225747,0.0014853731437641945
-0.006903044013932493,-0.0021006348450961668
0.0004792598857774085,0.0
-0.006149187541533661,-0.0025727417531979492
-0.012115333775383742,-0.0046971623095400615
-0.013731699376572653,-0.006301904535288954
-0.006647291162935523,-0.0033213953214094173
-0.012591199201307487,-0.005145483506396327
-0.018432042720465454,-0.004697162309540195
-0.00861619001563909,-0.0033213953214095314
-0.01001953318542583,-0.0033213953214095856
-0.021356657598979163,-0.00742686571882199
-0.01318864286597638,-0.005145483506396346
-0.020240285130391018,-0.007859855885069556
-0.025754993051639113,-0.0077182252595948036
