dq_lu, dq_hhl,
-0.0008213390647128068,-0.0
0.001702396997416264,0.0
0.007906846510111308,0.0
0.004075683243403162,0.0
0.0010362200401102038,0.0
0.0064218606463235985,0.0
-0.008821774187335565,-0.0014543628937048558
-0.009316610599174964,-0.0014543628937048647
0.01198314961757422,0.0
-0.0035358371186399343,-0.002056779728889238
0.0008545928046465201,0.0
0.0007896024979208355,0.0
-0.01269261881210854,-0.0035624469904146283
-0.03335743306390928,-0.006339420880895381
0.029215904912428647,0.0068215666371362026
0.005351714265608614,0.0
-0.012572220763348975,-0.00290872578740981
0.0002854744385336518,0.0
-0.009754576500138695,-0.0035624469904145437
-0.02169217424852847,-0.00436308868111486
-0.022694550788292172,-0.004113559457779459
-0.01356138181560609,-0.002908725787409827
-0.02237455553592994,-0.0035624469904147497
-0.037461932712920185,-0.007695765065567295
-0.016752193553857975,-0.002908725787409868
-0.013962276472812974,-0.0020567797288896725
-0.04106604603170471,-0.007415824774846988
-0.022450279134094815,-0.004113559457779457
-0.03833597901001101,-0.00796587363680707
-0.040473298036581076,-0.007415824774846986
