{
  "final_error_epsilon": 0.0005902673535008445,
  "max_error_epsilon": 0.0005902673535008445,
  "classical_wall_time_s": 0.000492095947265625,
  "method_wall_time_s": 3.0161101818084717,
  "speedup_ratio": 0.0001631558257498943,
  "n_pauli_terms": 12,
  "shots": 0,
  "t1": null,
  "t2": null,
  "backend_name": null,
  "backend_type": "sim",
  "coupling_map": "default",
  "optimization_level": 1,
  "seed": null,
  "total_pauli_decomp_time": 0.08594365371391177,
  "total_circuit_construction_time": 0.003969160956330597,
  "total_transpilation_time": 1.7073422560933977,
  "total_execution_time": 0.072110919165425,
  "total_sign_recovery_time": 0,
  "total_metric_transpile_time": 0,
  "n_circuits_executed": 0,
  "avg_circuit_depth": 258.0,
  "avg_gate_count": 314.0,
  "avg_cx_gates": 160.0,
  "avg_sign_recovery_depth_per_circuit": null,
  "avg_sign_recovery_cx_per_circuit": null,
  "total_sign_recovery_cx": 0,
  "n_qubits": 3,
  "circuit_metrics_n_available": 13,
  "circuit_metrics_n_total": 13,
  "sign_recovery": "none",
  "per_step_metrics": [
    {
      "pauli_decomp_time_s": 0.006289091892540455,
      "circuit_construction_time_s": 0.0004055820172652602,
      "transpilation_time_s": 0.6385788539191708,
      "execution_time_s": 0.006347383139654994,
      "circuit_depth": 258,
      "gate_counts": {
        "cx": 160,
        "rz": 60,
        "h": 30,
        "sxdg": 26,
        "u2": 20,
        "sx": 16,
        "initialize": 1,
        "save_statevector": 1
      },
      "n_qubits": 3,
      "n_pauli_terms": 12,
      "sign_recovery": "none"
    },
    {
      "pauli_decomp_time_s": 0.005251114023849368,
      "circuit_construction_time_s": 0.0002488340251147747,
      "transpilation_time_s": 0.08788247709162533,
      "execution_time_s": 0.0054884759010747075,
      "circuit_depth": 258,
      "gate_counts": {
        "cx": 160,
        "rz": 60,
        "h": 30,
        "sxdg": 26,
        "u2": 20,
        "sx": 16,
        "initialize": 1,
        "save_statevector": 1
      },
      "n_qubits": 3,
      "n_pauli_terms": 13,
      "sign_recovery": "none"
    },
    {
      "pauli_decomp_time_s": 0.006753465975634754,
      "circuit_construction_time_s": 0.0003143390640616417,
      "transpilation_time_s": 0.08830544294323772,
      "execution_time_s": 0.005363348056562245,
      "circuit_depth": 258,
      "gate_counts": {
        "cx": 160,
        "rz": 60,
        "u2": 40,
        "h": 26,
        "sxdg": 16,
        "sx": 10,
        "initialize": 1,
        "save_statevector": 1
      },
      "n_qubits": 3,
      "n_pauli_terms": 22,
      "sign_recovery": "none"
    },
    {
      "pauli_decomp_time_s": 0.006686288048513234,
      "circuit_construction_time_s": 0.00028121599461883307,
      "transpilation_time_s": 0.08851965994108468,
      "execution_time_s": 0.005422341055236757,
      "circuit_depth": 258,
      "gate_counts": {
        "cx": 160,
        "rz": 60,
        "u2": 40,
        "h": 26,
        "sxdg": 16,
        "sx": 10,
        "initialize": 1,
        "save_statevector": 1
      },
      "n_qubits": 3,
      "n_pauli_terms": 23,
      "sign_recovery": "none"
    },
    {
      "pauli_decomp_time_s": 0.006753405905328691,
      "circuit_construction_time_s": 0.000315209967084229,
      "transpilation_time_s": 0.08805983606725931,
      "execution_time_s": 0.005447146948426962,
      "circuit_depth": 258,
      "gate_counts": {
        "cx": 160,
        "rz": 60,
        "u2": 50,
        "sxdg": 16,
        "h": 16,
        "sx": 10,
        "initialize": 1,
        "save_statevector": 1
      },
      "n_qubits": 3,
      "n_pauli_terms": 26,
      "sign_recovery": "none"
    },
    {
      "pauli_decomp_time_s": 0.006849969970062375,
      "circuit_construction_time_s": 0.0003008228959515691,
      "transpilation_time_s": 0.08772750198841095,
      "execution_time_s": 0.005516430013813078,
      "circuit_depth": 258,
      "gate_counts": {
        "cx": 160,
        "rz": 60,
        "u2": 50,
        "sxdg": 16,
        "h": 16,
        "sx": 10,
        "initialize": 1,
        "save_statevector": 1
      },
      "n_qubits": 3,
      "n_pauli_terms": 28,
      "sign_recovery": "none"
    },
    {
      "pauli_decomp_time_s": 0.006626704940572381,
      "circuit_construction_time_s": 0.00029635499231517315,
      "transpilation_time_s": 0.08802178304176778,
      "execution_time_s": 0.005354100023396313,
      "circuit_depth": 258,
      "gate_counts": {
        "cx": 160,
        "rz": 60,
        "u2": 40,
        "h": 26,
        "sxdg": 16,
        "sx": 10,
        "initialize": 1,
        "save_statevector": 1
      },
      "n_qubits": 3,
      "n_pauli_terms": 27,
      "sign_recovery": "none"
    },
    {
      "pauli_decomp_time_s": 0.0067118569277226925,
      "circuit_construction_time_s": 0.00029663601890206337,
      "transpilation_time_s": 0.09039987402502447,
      "execution_time_s": 0.00545408099424094,
      "circuit_depth": 258,
      "gate_counts": {
        "cx": 160,
        "rz": 60,
        "u2": 50,
        "sxdg": 16,
        "h": 16,
        "sx": 10,
        "initialize": 1,
        "save_statevector": 1
      },
      "n_qubits": 3,
      "n_pauli_terms": 28,
      "sign_recovery": "none"
    },
    {
      "pauli_decomp_time_s": 0.006719332071952522,
      "circuit_construction_time_s": 0.000290223048068583,
      "transpilation_time_s": 0.08953257102984935,
      "execution_time_s": 0.005342446966096759,
      "circuit_depth": 258,
      "gate_counts": {
        "cx": 160,
        "rz": 60,
        "u2": 40,
        "h": 26,
        "sxdg": 16,
        "sx": 10,
        "initialize": 1,
        "save_statevector": 1
      },
      "n_qubits": 3,
      "n_pauli_terms": 27,
      "sign_recovery": "none"
    },
    {
      "pauli_decomp_time_s": 0.006818460999056697,
      "circuit_construction_time_s": 0.00031894794665277004,
      "transpilation_time_s": 0.09083403099793941,
      "execution_time_s": 0.005682666087523103,
      "circuit_depth": 258,
      "gate_counts": {
        "cx": 160,
        "rz": 60,
        "u2": 50,
        "sxdg": 16,
        "h": 16,
        "sx": 10,
        "initialize": 1,
        "save_statevector": 1
      },
      "n_qubits": 3,
      "n_pauli_terms": 28,
      "sign_recovery": "none"
    },
    {
      "pauli_decomp_time_s": 0.006729930988512933,
      "circuit_construction_time_s": 0.00028845900669693947,
      "transpilation_time_s": 0.08958986005745828,
      "execution_time_s": 0.0055413160007447,
      "circuit_depth": 258,
      "gate_counts": {
        "cx": 160,
        "rz": 60,
        "u2": 50,
        "sxdg": 16,
        "h": 16,
        "sx": 10,
        "initialize": 1,
        "save_statevector": 1
      },
      "n_qubits": 3,
      "n_pauli_terms": 28,
      "sign_recovery": "none"
    },
    {
      "pauli_decomp_time_s": 0.006984265986829996,
      "circuit_construction_time_s": 0.00030933902598917484,
      "transpilation_time_s": 0.08942419500090182,
      "execution_time_s": 0.005569229950197041,
      "circuit_depth": 258,
      "gate_counts": {
        "cx": 160,
        "rz": 60,
        "u2": 50,
        "sxdg": 16,
        "h": 16,
        "sx": 10,
        "initialize": 1,
        "save_statevector": 1
      },
      "n_qubits": 3,
      "n_pauli_terms": 28,
      "sign_recovery": "none"
    },
    {
      "pauli_decomp_time_s": 0.006769765983335674,
      "circuit_construction_time_s": 0.00030319695360958576,
      "transpilation_time_s": 0.09046616998966783,
      "execution_time_s": 0.005581954028457403,
      "circuit_depth": 258,
      "gate_counts": {
        "cx": 160,
        "rz": 60,
        "u2": 50,
        "sxdg": 16,
        "h": 16,
        "sx": 10,
        "initialize": 1,
        "save_statevector": 1
      },
      "n_qubits": 3,
      "n_pauli_terms": 28,
      "sign_recovery": "none"
    }
  ],
  "_source": "solver"
}