xp, rho, u, p, Mach
0.1,0.9871792819530799,1.5148040531385853,0.6995683967669756,1.5208114226822735
0.3,0.8855852728688681,1.6139214807614806,0.60278390634083,1.6533041376744602
0.5,0.6193862069383216,1.7421056978000282,0.3747287460320746,1.892922107391123
0.7,0.5171397074257776,1.8290601418855374,0.2887730583326434,2.068662179692358
0.9,0.4842419736906661,1.8690438663469646,0.26118611740691283,2.150857544962635
