xp, rho, u, p, Mach
0.1,0.9874693288440282,1.514437875995061,0.699818825711722,1.5203950322531115
0.3,0.8860258394014139,1.6131693956899276,0.603180324528253,1.6524014476886366
0.5,0.6197026094643904,1.7414246320693654,0.37504625716479184,1.8918639858998187
0.7,0.517021891670615,1.8291267353735572,0.2887597591490315,2.068549464606887
0.9,0.4837597353355702,1.8696038876084307,0.260893691996384,2.151635267875432
