xp, rho, u, p, Mach
0.1,0.9874709829297293,1.5144362448417574,0.6998202924246527,1.5203930748153691
0.3,0.8860313998093299,1.6131635445587937,0.6031849907813541,1.6523942476797402
0.5,0.6197112234954923,1.7414124079919828,0.3750528898362573,1.891847125839201
0.7,0.517033662788269,1.8291068143812381,0.28876810625015903,2.0685205862984093
0.9,0.4837714422379968,1.8695833217274758,0.26090180408483726,2.1516041836183524
