xp, rho, u, p, Mach
0.1,0.9873811964041078,1.5145608408361666,0.6997501570412157,1.520525226973185
0.3,0.8858517115845856,1.6132823221254733,0.6030446935667161,1.652540535905502
0.5,0.6193470079458414,1.7419332537406746,0.3747927795573846,1.8925131519706853
0.7,0.5169657627437346,1.829297689880539,0.28876052385011647,2.06862776056474
0.9,0.48458580182325917,1.8679647883971002,0.26160811363080255,2.1486437062289276
