xp, rho, u, p, Mach
0.1,0.9874613392745039,1.514445837745619,0.6998110069639456,1.5204053679654896
0.3,0.8859987170716057,1.6131974812746621,0.6031567177686893,1.652437260826632
0.5,0.6196602762346858,1.7414862327000489,0.3750154601638229,1.8919439663505753
0.7,0.5169904042827304,1.829185535709937,0.2887385450995185,2.0686289581951445
0.9,0.48377815411823627,1.869559954571075,0.2609151931011853,2.151537011299691
