xp, rho, u, p, Mach
0.1,0.9905299398154467,1.507113765449738,0.7007547777581494,1.5143727579998378
0.3,0.8816882840753001,1.6166721205588432,0.601414127116291,1.6543547906728648
0.5,0.616421290639665,1.7455505551411117,0.37319119214903995,1.8960139845656283
0.7,0.5200117728463303,1.8156845498315126,0.2882764732292705,2.0610017857828744
0.9,0.48200620637674296,1.8694770654444446,0.2611525710154542,2.1465217137764188
