xp, rho, u, p, Mach
0.1,0.9874877294404043,1.5143997763803525,0.6998328058699821,1.5203557620756452
0.3,0.8860436065079761,1.6131550601074418,0.6031879672931362,1.6523928621753714
0.5,0.6197222810933101,1.7413771383011094,0.3750577751518108,1.891813366125169
0.7,0.5170437108907311,1.8291151099574032,0.2887573342892313,2.06858865043967
0.9,0.4837517111395532,1.8696750852728332,0.2608878717909437,2.151723361501549
