{
  "grid": [
    0.0,
    0.0625,
    0.125,
    0.1875,
    0.25,
    0.3125,
    0.375,
    0.4375,
    0.5,
    0.5625,
    0.625,
    0.6875,
    0.75,
    0.8125,
    0.875,
    0.9375
  ],
  "solution_steps": {
    "0": [
      0.0,
      0.11480502970952693,
      0.21213203435596423,
      0.27716385975338603,
      0.3,
      0.27716385975338603,
      0.21213203435596426,
      0.11480502970952697,
      3.6739403974420595e-17,
      -0.1148050297095269,
      -0.21213203435596423,
      -0.2771638597533859,
      -0.3,
      -0.277163859753386,
      -0.2121320343559643,
      -0.1148050297095271
    ],
    "1": [
      -2.3092638912203258e-17,
      0.11135015127612251,
      0.20627617596644734,
      0.2705451208287537,
      0.2941539480968668,
      0.2729805032794116,
      0.20972032685773317,
      0.11378553372678044,
      3.663768759044954e-17,
      -0.11378553372678037,
      -0.20972032685773312,
      -0.2729805032794115,
      -0.2941539480968668,
      -0.27054512082875365,
      -0.20627617596644743,
      -0.11135015127612266
    ],
    "2": [
      -3.646371170045811e-17,
      0.1080994189032142,
      0.2007101632708404,
      0.26415188065273765,
      0.2883859984017647,
      0.2687458382550491,
      0.2072072969713803,
      0.1126937958967576,
      3.6557107647995143e-17,
      -0.11269379589675753,
      -0.20720729697138024,
      -0.26874583825504905,
      -0.2883859984017647,
      -0.26415188065273765,
      -0.20071016327084046,
      -0.10809941890321434
    ],
    "3": [
      -4.449839929455595e-17,
      0.10503203596178158,
      0.1954104620628389,
      0.2579753210628486,
      0.28270384917862174,
      0.26447366737773736,
      0.20460325821233444,
      0.1115342670011849,
      3.649224820989553e-17,
      -0.11153426700118485,
      -0.20460325821233438,
      -0.2644736673777373,
      -0.28270384917862174,
      -0.2579753210628486,
      -0.195410462062839,
      -0.10503203596178169
    ],
    "4": [
      -4.685028804285688e-17,
      0.10213015596567425,
      0.1903559895733544,
      0.2520062937312734,
      0.2771132789334638,
      0.2601764957609401,
      0.20191843469178303,
      0.11031172542159873,
      3.466267364129488e-17,
      -0.11031172542159867,
      -0.20191843469178297,
      -0.2601764957609401,
      -0.2771132789334638,
      -0.2520062937312735,
      -0.19035598957335448,
      -0.10213015596567435
    ],
    "5": [
      -4.68126294572019e-17,
      0.09937834835864465,
      0.1855278307778948,
      0.2462355797576495,
      0.27161847300780095,
      0.25586556874387556,
      0.1991628307141697,
      0.10903118190048164,
      3.327682648043409e-17,
      -0.10903118190048158,
      -0.19916283071416965,
      -0.2558655687438755,
      -0.27161847300780095,
      -0.24623557975764956,
      -0.1855278307778949,
      -0.09937834835864474
    ],
    "6": [
      -4.679787801218177e-17,
      0.09676318104853868,
      0.18090898371886416,
      0.24065406926420083,
      0.2662223067808231,
      0.2515509352280638,
      0.19634612774031548,
      0.10769778960654264,
      3.222620743114986e-17,
      -0.10769778960654258,
      -0.19634612774031543,
      -0.25155093522806377,
      -0.2662223067808231,
      -0.24065406926420088,
      -0.18090898371886424,
      -0.09676318104853877
    ],
    "7": [
      -4.679928796258697e-17,
      0.0942728901788826,
      0.1764841342091906,
      0.2352528827986598,
      0.2609265873802632,
      0.24724152633777538,
      0.1934776062229268,
      0.1063167620157999,
      3.142879481715017e-17,
      -0.10631676201579984,
      -0.19347760622292676,
      -0.24724152633777532,
      -0.2609265873802632,
      -0.23525288279865986,
      -0.17648413420919068,
      -0.0942728901788827
    ],
    "8": [
      -4.681197770651177e-17,
      0.09189711600173413,
      0.17223945819584727,
      0.2300234506386987,
      0.25573225758808055,
      0.2429452418290766,
      0.1905660892420425,
      0.10489330016709923,
      3.0822591471462564e-17,
      -0.10489330016709918,
      -0.19056608924204244,
      -0.24294524182907654,
      -0.25573225758808055,
      -0.23002345063869875,
      -0.17223945819584735,
      -0.09189711600173422
    ],
    "9": [
      -4.683242071488992e-17,
      0.08962668948086365,
      0.1681624491756633,
      0.2249575618045503,
      0.2506395663397473,
      0.23866903884148385,
      0.1876199047033298,
      0.10343253004733007,
      3.036074374628355e-17,
      -0.10343253004733001,
      -0.18761990470332973,
      -0.2386690388414838,
      -0.2506395663397473,
      -0.22495756180455034,
      -0.1681624491756634,
      -0.08962668948086375
    ],
    "10": [
      -4.685807540477479e-17,
      0.08745345828751702,
      0.164241767804275,
      0.22004739140946294,
      0.24564821030654366,
      0.23441901929512182,
      0.18464686296166405,
      0.101939450228775,
      3.000784955881564e-17,
      -0.10193945022877494,
      -0.184646862961664,
      -0.23441901929512177,
      -0.24564821030654366,
      -0.220047391409463,
      -0.16424176780427507,
      -0.08745345828751712
    ],
    "11": [
      -4.688711590266972e-17,
      0.0853701437153729,
      0.1604671109087905,
      0.21528551264099777,
      0.24075745080479014,
      0.2302005135349146,
      0.18165424698426755,
      0.1004188894141406,
      2.9737165798017185e-17,
      -0.10041888941414054,
      -0.1816542469842675,
      -0.23020051353491455,
      -0.24075745080479014,
      -0.21528551264099785,
      -0.1604671109087906,
      -0.08537014371537299
    ],
    "12": [
      -4.6918236125087e-17,
      0.0833702221045689,
      0.15682909733404835,
      0.21066489795500914,
      0.2359662098695821,
      0.226018158780528,
      0.17864881249387685,
      0.09887547322508296,
      2.9528496027701895e-17,
      -0.0988754732250829,
      -0.1786488124938768,
      -0.22601815878052794,
      -0.2359662098695821,
      -0.21066489795500923,
      -0.15682909733404843,
      -0.083370222104569
    ],
    "13": [
      -4.695050717621617e-17,
      0.08144782587069752,
      0.1533191683287052,
      0.2061789128137539,
      0.231273148866811,
      0.221875971626283,
      0.1756367958817507,
      0.09731359937249952,
      2.9366592804047615e-17,
      -0.09731359937249946,
      -0.17563679588175066,
      -0.22187597162628298,
      -0.23127314886681102,
      -0.20617891281375397,
      -0.1533191683287053,
      -0.08144782587069761
    ],
    "14": [
      -4.698327354160364e-17,
      0.07959766034763939,
      0.1499295004624242,
      0.2018213043866164,
      0.22667673255425605,
      0.2177774143115856,
      0.17262392802137091,
      0.09573742024547904,
      2.9239949288519267e-17,
      -0.09573742024547899,
      -0.17262392802137086,
      -0.2177774143115856,
      -0.22667673255425608,
      -0.2018213043866165,
      -0.1499295004624243,
      -0.07959766034763949
    ],
    "15": [
      -4.701607752581638e-17,
      0.07781493348513903,
      0.1466529293352553,
      0.1975861869653359,
      0.22217528107063292,
      0.213725454801873,
      0.16961545242877404,
      0.09415083192644226,
      2.913988535955848e-17,
      -0.0941508319264422,
      -0.169615452428774,
      -0.213725454801873,
      -0.22217528107063297,
      -0.19758618696533597,
      -0.1466529293352554,
      -0.07781493348513913
    ],
    "16": [
      -4.7048604260468786e-17,
      0.07609529607077492,
      0.14348288258443942,
      0.19346802535866117,
      0.2177670119443608,
      0.2097226209245571,
      0.16661614649613304,
      0.09255746866184357,
      2.905985650999687e-17,
      -0.09255746866184351,
      -0.166616146496133,
      -0.2097226209245571,
      -0.21776701194436085,
      -0.19346802535866126,
      -0.1434828825844395,
      -0.07609529607077502
    ],