xp, rho, u, p, Mach
0.1,0.9874709268036012,1.5144362419850432,0.6998202059563228,1.5203931226674707
0.3,0.8860310488654108,1.6131638874738394,0.6031847067191585,1.6523946607766526
0.5,0.6197106627982509,1.7414131198311364,0.3750524951869621,1.8918480386747543
0.7,0.5170323740411272,1.8291090134975363,0.2887670950392015,2.0685241170715316
0.9,0.48376904114584285,1.8695877185540568,0.26090002313335325,2.1516112477778053
