xp, rho, u, p, Mach
0.1,0.9873943273424717,1.5145224498087806,0.6997462134007691,1.520501079628924
0.3,0.8858668289546013,1.613346846491296,0.6030439058346676,1.6526218109026167
0.5,0.6195316365124258,1.7417027838913652,0.37491335925867403,1.892240417204528
0.7,0.5169348887828784,1.8292895702029708,0.28868901153838256,2.0688129965545268
0.9,0.48379206210422804,1.8695878648364601,0.26092370242876944,2.151564973688675
