xp, rho, u, p, Mach
0.1,0.9874393351104093,1.5144712188309781,0.699790113288512,1.520436605895631
0.3,0.8859628384698963,1.6132387609839807,0.603124580550281,1.652490109968431
0.5,0.6196317279737446,1.74153776599693,0.374990084879229,1.892020380942207
0.7,0.5169747833239513,1.8292127489541814,0.2887230617872965,2.0686839472827043
0.9,0.48375125011169984,1.8696301456998854,0.26089029383441664,2.1516606294848155
