dq_lu, dq_hhl,
-0.0008896108847738366,-0.0004319799639822451
0.001474663159249941,0.0004319799639824377
0.004071861993982617,0.0008639599279652491
0.0019822652062041687,0.0008639599279650254
-0.005582696811106295,-0.001832735771213128
0.0004970654790142568,0.0
0.005160655255813279,0.0016163210231740122
-0.0029915957332582793,-0.001142911556060562
-0.0044348823882220155,-0.0016163210231739608
-0.0019131644371307413,-0.0
-0.005251543669796026,-0.0022026742658286325
-0.006016164345741478,-0.0021162609817267394
-0.0024508299841392222,-0.0006109119237375695
-0.0037901942752861157,-0.00129593989194785
-0.003129816401693999,-0.0013660405897424938
