dq_lu, dq_hhl,
7.402065568283527e-05,9.588127437324074e-06
-5.035142556169216e-05,-9.588127437263183e-06
7.297716610916158e-05,1.1071415913924843e-05
-0.00010114120447465212,-1.1071415913967088e-05
0.0002522371859868941,3.082151748611011e-05
-8.10409748966065e-05,-9.588127437335296e-06
-0.00021285282149671438,-2.4129591565570488e-05
0.00017064383734003986,1.9959278884978553e-05
4.358214273934871e-05,7.828673270000559e-06
-8.248235893166798e-05,-9.588127437337362e-06
0.00014578827058166704,1.995927888495861e-05
0.00019319671158934664,2.7678539785048122e-05
5.359988575082692e-05,5.535707956934999e-06
6.5200791540999965e-06,0.0
0.0002354417791076093,2.536780073818951e-05
