xp, rho, u, p, Mach
0.1,0.9874444868848219,1.5144971470635236,0.6997910882275241,1.5204655434661023
0.3,0.8860526693924999,1.61304099205563,0.603260572545458,1.652185036590315
0.5,0.6197727581346149,1.7411604726497916,0.3751241431957213,1.8914876709203938
0.7,0.5170472017134843,1.8289520482549821,0.2887901056353515,2.068293859596476
0.9,0.4837511207405417,1.8696483716681138,0.2608593082974489,2.1518091044084677
