xp, rho, u, p, Mach
0.1,0.9873890191594895,1.5146129078036181,0.6997175009921947,1.5206190051890036
0.3,0.8861379393126247,1.6126500070315184,0.6034592514811602,1.6515920950850222
0.5,0.6199494359439267,1.7404333300424402,0.3753104571758738,1.8904977977121273
0.7,0.5171257307789765,1.8284635319366134,0.2888642200140082,2.0676331337451925
0.9,0.4837066926878563,1.8698200972977472,0.2607556489293465,2.1523356093930253
