{
  "grid": [
    0.0,
    0.03225806451612903,
    0.06451612903225806,
    0.0967741935483871,
    0.12903225806451613,
    0.16129032258064516,
    0.1935483870967742,
    0.22580645161290322,
    0.25806451612903225,
    0.29032258064516125,
    0.3225806451612903,
    0.3548387096774194,
    0.3870967741935484,
    0.4193548387096774,
    0.45161290322580644,
    0.4838709677419355,
    0.5161290322580645,
    0.5483870967741935,
    0.5806451612903225,
    0.6129032258064516,
    0.6451612903225806,
    0.6774193548387096,
    0.7096774193548387,
    0.7419354838709677,
    0.7741935483870968,
    0.8064516129032258,
    0.8387096774193548,
    0.8709677419354839,
    0.9032258064516129,
    0.9354838709677419,
    0.967741935483871,
    1.0
  ],
  "solution_steps": {
    "0": [
      0.0,
      0.20129852008866006,
      0.39435585511331855,
      0.5712682150947923,
      0.7247927872291199,
      0.8486442574947509,
      0.9377521321470804,
      0.9884683243281114,
      0.9987165071710528,
      0.9680771188662044,
      0.8978045395707416,
      0.7907757369376985,
      0.6513724827222223,
      0.48530196253108143,
      0.29936312297335804,
      0.10116832198743228,
      -0.10116832198743204,
      -0.2993631229733574,
      -0.48530196253108043,
      -0.651372482722222,
      -0.7907757369376986,
      -0.8978045395707414,
      -0.9680771188662043,
      -0.9987165071710528,
      -0.9884683243281114,
      -0.9377521321470808,
      -0.8486442574947515,
      -0.72479278722912,
      -0.5712682150947924,
      -0.3943558551133187,
      -0.20129852008866028,
      -2.4492935982947064e-16
    ],
    "8": [
      0.10773293215539091,
      0.19120381990826105,
      0.3416955492428349,
      0.4212126919627743,
      0.4006882516499751,
      0.30859923601441974,
      0.25171473201453654,
      0.23065194359162408,
      0.13645560201045423,
      0.10022721056338318,
      0.13753199522513992,
      0.1567981413101644,
      0.08674044712999052,
      -0.034587250453702645,
      -0.08674044712999052,
      -0.028259841303062735,
      -0.0,
      -0.0,
      0.023893355373225136,
      -0.04459072123002616,
      -0.0,
      -0.034587250453702645,
      -0.1786653240404498,
      -0.24633145679306992,
      -0.257413337057356,
      -0.22556952105406045,
      -0.2975782181375824,
      -0.4023746039168721,
      -0.41888172980729443,
      -0.33881073342677254,
      -0.192543729352942,
      -0.10563610304224166
    ],
    "16": [
      0.1122408801935642,
      0.1844764691320959,
      0.3057715731274257,
      0.3547062214234418,
      0.3289806250505835,
      0.26264619677104156,
      0.24984989285806652,
      0.19143482566637496,
      0.17420916498112207,
      0.12166798312102563,
      0.05699734091942417,
      0.09595107730296455,
      0.038953736383540376,
      0.03738011880661767,
      -0.010693895080477507,
      -0.025893383122790672,
      0.07917797168372853,
      0.01240661968939814,
      -0.0,
      -0.06284709175676552,
      -0.08918144246005205,
      -0.050918130380665665,
      -0.1766123138941964,
      -0.20854821682294344,
      -0.2036271685841837,
      -0.23420466514123145,
      -0.2774446907499743,
      -0.31389342329080516,
      -0.35050949544743853,
      -0.3079026308241766,
      -0.1814754981997732,
      -0.11189145977800907
    ],
    "24": [
      0.11067695772390446,
      0.1764130374640601,
      0.28257405757579224,
      0.3080014823976239,
      0.2701428125185267,
      0.23748353186347412,
      0.22620156399443844,
      0.24469326933393862,
      0.14971258931709672,
      0.10743781298679154,
      0.12701334041205675,
      0.05595706855828631,
      0.033103985546199165,
      -0.012924149385552957,
      0.06284709175676552,
      -0.006079210538758643,
      0.06848407660325102,
      0.033103985546199165,
      -0.06848407660325102,
      -0.044590721230026026,
      -0.18771899217469407,
      -0.08028117918790255,
      -0.10578004317369553,
      -0.18495801485742405,
      -0.19583602992987792,
      -0.23869753631212537,
      -0.2336024065730714,
      -0.2602682113820432,
      -0.3035277565931244,
      -0.278215140760747,
      -0.17918536526879822,
      -0.1115853964524558
    ],
    "32": [
      0.11037957216847127,
      0.1714895431814491,
      0.2616805731451145,
      0.2752051124849623,
      0.24409827176646978,
      0.23082134251558906,
      0.2141694744105246,
      0.18278537850787854,
      0.13682904617450425,
      0.13545375180050281,
      0.13535736875252208,
      0.06431629706971967,
      0.012746905226730615,
      -0.0,
      0.07917797168372853,
      0.10307132705695367,
      -0.007210602423408354,
      -0.07917797168372867,
      -0.07196736926032019,
      0.010693895080477507,
      -0.05215319667628801,
      -0.16272242929729508,
      -0.1488325447003936,
      -0.15323476598533595,
      -0.19348474665556922,
      -0.2238052547155059,
      -0.21565561084568569,
      -0.23610907660413336,
      -0.2790140331691318,
      -0.2626328131267101,
      -0.17284038782122743,
      -0.11612686118603556
    ],
    "40": [
      0.11456281556065866,
      0.16928655005856186,
      0.25096808090088285,
      0.24734898159743915,
      0.20920363265715758,
      0.19333510300593015,
      0.21595954647468346,
      0.208156307638173,
      0.13932934332015437,
      0.1492356658639024,
      0.18572753009062734,
      0.11500028843305353,
      0.01881093283566149,
      -0.005082422537563644,
      0.03334226384062652,
      0.005082422537563644,
      -0.03334226384062652,
      -0.06284709175676552,
      -0.04333565364397006,
      0.018256370526739354,
      -0.07142635649465598,
      -0.17028490474355693,
      -0.16379180877863714,
      -0.12162265485633643,
      -0.16973133272657953,
      -0.22361234946015596,
      -0.2108731385773757,
      -0.21319539271788898,
      -0.24980394193576425,
      -0.2518447984275642,
      -0.16620975971557228,
      -0.11020718594917993
    ],
    "48": [
      0.1137706624452591,
      0.16530377506352512,
      0.2324378618874946,
      0.23008877947962547,
      0.19467451667288935,
      0.1943684830901355,
      0.2008286884574042,
      0.18470308835400587,
      0.17528533838738133,
      0.14535057836568918,
      0.1049174322516656,
      0.07548732113620217,
      0.053156436424658685,
      0.03382930273310283,
      0.007210602423408354,
      0.11126516793829909,
      0.015512936076332258,
      -0.10351355274922654,
      -0.029613561698219822,
      -0.05044047206736738,
      -0.09517152830018935,
      -0.1288511154513182,
      -0.13645560201045423,
      -0.18153336213295657,
      -0.20330162370210797,
      -0.18564399465341272,
      -0.17957385334576564,
      -0.1991609200979545,
      -0.23281906622976564,
      -0.23671171734628224,
      -0.16404804163953973,
      -0.10923098956849106
    ],
    "50": [
      0.10878248415881447,
      0.1632637901417327,
      0.23233866894187188,
      0.2331034566364967,
      0.2027346238568314,
      0.17254866290350754,
      0.18513995292450958,
      0.17344424978997297,
      0.20477555189092272,
      0.16383785066223738,
      0.09227016553620898,
      0.0942383526940439,
      0.022585330733116,
      -0.003131419634215522,
      0.03765665768461037,
      0.07409554914616502,
      0.025190434072155148,
      -0.07409554914616502,
      -0.050186996949554016,
      0.01633087992696315,
      -0.10578004317369567,
      -0.17369163528496726,
      -0.12989597292103297,
      -0.177597581586196,
      -0.19934371688786295,
      -0.18241655540572527,
      -0.18037551361798732,
      -0.19080787091358498,
      -0.2299115187507456,
      -0.23333901060068252,
      -0.16179778044027346,
      -0.111984168702203
    ]
  },
  "_source": "solver"
}