{
  "u_initial": [
    0.0,
    0.11480502970952693,
    0.21213203435596423,
    0.27716385975338603,
    0.3,
    0.27716385975338603,
    0.21213203435596426,
    0.11480502970952697,
    3.6739403974420595e-17,
    -0.1148050297095269,
    -0.21213203435596423,
    -0.2771638597533859,
    -0.3,
    -0.277163859753386,
    -0.2121320343559643,
    -0.1148050297095271
  ],
  "u_final_classical": null,
  "u_final_method": [
    -5.422872691465052e-17,
    0.06676505697978034,
    0.13132225326724828,
    0.18745537887254926,
    0.2217411959287719,
    0.21776670390066166,
    0.17089467664872354,
    0.09278469016741585,
    5.90847875503302e-17,
    -0.09278469016741582,
    -0.1708946766487234,
    -0.21776670390066163,
    -0.22174119592877195,
    -0.18745537887254926,
    -0.1313222532672484,
    -0.06676505697978037
  ],
  "errors_by_step": {},
  "final_error": NaN,
  "max_error": NaN,
  "_source": "solver"
}