{
  "u_initial": [
    0.0,
    0.3826834323650898,
    0.7071067811865475,
    0.9238795325112867,
    1.0,
    0.9238795325112867,
    0.7071067811865476,
    0.3826834323650899,
    1.2246467991473532e-16,
    -0.38268343236508967,
    -0.7071067811865475,
    -0.9238795325112865,
    -1.0,
    -0.9238795325112866,
    -0.7071067811865477,
    -0.3826834323650904
  ],
  "u_final_classical": [
    -5.857590438709849e-17,
    0.1889547358027246,
    0.37461807356714477,
    0.5530941296344742,
    0.7189359818183182,
    0.8627457524740141,
    0.9804309490943023,
    0.978818493029693,
    5.190854798563756e-16,
    -0.9788184930296926,
    -0.9804309490943022,
    -0.862745752474014,
    -0.7189359818183185,
    -0.5530941296344745,
    -0.3746180735671451,
    -0.18895473580272476
  ],
  "u_final_method": [
    0.0023846022123494136,
    0.20406946576304905,
    0.22425178653104688,
    0.187599768273818,
    0.1584625447470375,
    0.13029565832308115,
    0.08995361380991859,
    0.029171449087032713,
    0.017460285281601387,
    -0.024598775979836843,
    -0.09651270872990537,
    -0.12828305522455297,
    -0.1663553233343869,
    -0.19540834160778484,
    -0.22964480051766148,
    -0.20284616863480626
  ],
  "errors_by_step": {
    "0": 0.0,
    "2": 0.7693463024327029,
    "4": 0.7905030019290478,
    "6": 0.7936435744918956,
    "8": 0.8132314868094843,
    "10": 0.8136919417199387,
    "12": 0.8189698534246216,
    "14": 0.8194769701369808,
    "16": 0.8395365955461835,
    "18": 0.8464208548904448,
    "20": 0.8453101764409293,
    "22": 0.8535996122554771,
    "24": 0.8506861720532071,
    "26": 0.8576439332698904
  },
  "final_error": 0.8576439332698904,
  "max_error": 0.8576439332698904,
  "_source": "solver"
}