{
  "grid": [
    0.0,
    0.0625,
    0.125,
    0.1875,
    0.25,
    0.3125,
    0.375,
    0.4375,
    0.5,
    0.5625,
    0.625,
    0.6875,
    0.75,
    0.8125,
    0.875,
    0.9375
  ],
  "solution_steps": {
    "0": [
      0.0,
      0.3826834323650898,
      0.7071067811865475,
      0.9238795325112867,
      1.0,
      0.9238795325112867,
      0.7071067811865476,
      0.3826834323650899,
      1.2246467991473532e-16,
      -0.38268343236508967,
      -0.7071067811865475,
      -0.9238795325112865,
      -1.0,
      -0.9238795325112866,
      -0.7071067811865477,
      -0.3826834323650904
    ],
    "2": [
      -0.0003102014350571203,
      0.3387951728689796,
      0.4885830393649886,
      0.4110518891516173,
      0.29901356946266944,
      0.07330325854993235,
      -0.08788898309344872,
      0.05545177444479563,
      -0.04086604990127924,
      -0.08788898309344872,
      -0.04702293319216949,
      -0.11090354888959127,
      -0.1269572045265634,
      -0.3405435235891243,
      -0.48455123667914,
      -0.3392660394431605
    ],
    "4": [
      0.0018185020835782063,
      0.31212063596480677,
      0.4053789131473646,
      0.3048060369893248,
      0.16984932841459974,
      0.09429239970733164,
      0.08236955337449274,
      -0.0,
      -0.03760029033965893,
      0.010682511409961818,
      -0.0324372086486531,
      -0.12404779299289331,
      -0.19596538266741534,
      -0.2847044225498617,
      -0.39341341536430785,
      -0.31314936852867
    ],
    "6": [
      -0.00040300215138470817,
      0.29313532274762544,
      0.3615486753756598,
      0.2529980909124861,
      0.18266829848529262,
      0.12497480220668443,
      0.04476926303483388,
      0.04952313667249783,
      0.023014565796142535,
      -0.0,
      -0.08486975685482108,
      -0.1556728119244251,
      -0.1715664675080638,
      -0.26927099032395324,
      -0.35516157617765926,
      -0.2956875502909155
    ],
    "8": [
      -0.00025496675146085223,
      0.27443819470425074,
      0.3281266605445187,
      0.24910316960049794,
      0.20519594859692297,
      0.09404586638433905,
      0.0324372086486531,
      0.07330325854993242,
      -0.017851484105136706,
      -0.05134831089379162,
      -0.05342634980605247,
      -0.1109035488895912,
      -0.15419402675049682,
      -0.25093101813049834,
      -0.34003299037694795,
      -0.277707611325139
    ],
    "10": [
      -0.0006927913186731338,
      0.26395648471156796,
      0.3164873974770112,
      0.2288000528015893,
      0.1654809976918117,
      0.11730696550347418,
      0.12208450427960393,
      0.028111830947031038,
      -0.05545177444479563,
      0.013748020554132694,
      -0.040062023032999154,
      -0.15495531832580411,
      -0.18891404744135834,
      -0.23297238379298219,
      -0.31893226321060064,
      -0.2639956523990089
    ],
    "12": [
      -0.0012087705113412817,
      0.25439701185559827,
      0.29167051637587377,
      0.2194437634511445,
      0.18518045028914407,
      0.12396955337785528,
      0.08953852606966756,
      0.023879439084479728,
      -0.017851484105136706,
      0.01118095539001267,
      -0.08921132724954568,
      -0.15216860211175365,
      -0.16619122071274225,
      -0.22938440823881756,
      -0.2919266901559195,
      -0.2513177128085192
    ],
    "14": [
      0.0021525208138714015,
      0.24283849649512998,
      0.2747999803892877,
      0.21346559959067968,
      0.17028498712118287,
      0.1424468934903944,
      0.07846634024093817,
      0.0554517744447957,
      0.012827412006014356,
      -0.06061485613580139,
      -0.08311144431731904,
      -0.1292534769747789,
      -0.17355945313845544,
      -0.22316201854165438,
      -0.28186034311551994,
      -0.2411724123687651
    ],
    "16": [
      -0.0015027294403062363,
      0.23534235024381187,
      0.2677975650371069,
      0.20858826968218608,
      0.17968714079442932,
      0.12169709432154094,
      0.06629541380449354,
      0.029814022822813868,
      -0.014154456652726282,
      -0.0,
      -0.05325985650974644,
      -0.13754435120101063,
      -0.17904372574851798,
      -0.22346607749973552,
      -0.26581935128473283,
      -0.2344313083696066
    ],
    "18": [
      0.0012985108012452428,
      0.22962538337653002,
      0.2567570595310686,
      0.20211251045558026,
      0.16635532333438682,
      0.12414470396779713,
      0.07988230640889021,
      0.028533995515098595,
      -0.0183073257943078,
      -0.0183073257943078,
      -0.038279219449844394,
      -0.11786445904876168,
      -0.1877335492900852,
      -0.22175499748427688,
      -0.25997310554135344,
      -0.22648981098765966
    ],
    "20": [
      -0.0005390655759559948,
      0.22031898370313888,
      0.24715236303196336,
      0.19997336522968964,
      0.18523545983499318,
      0.15657001759003628,
      0.07098425560007222,
      -0.008006676684558584,
      0.007168972695174886,
      -0.021573085355928258,
      -0.08620471035762214,
      -0.12426787566264452,
      -0.17764721010339452,
      -0.20529056717684685,
      -0.24615006512523102,
      -0.21772416164288658
    ],
    "22": [
      -0.00022305825009281578,
      0.21499224763349506,
      0.24039747089465124,
      0.19937520025432864,
      0.18194842433040592,
      0.12332922528762716,
      0.06144387909864506,
      0.042188394057376115,
      -0.01749513607718633,
      -0.03815392576722473,
      -0.03147911336491589,
      -0.13252677526878415,
      -0.19684121573310726,
      -0.19358265298154517,
      -0.23775125089839988,
      -0.2156217132152729
    ],
    "24": [
      -0.0010362729170807405,
      0.2069447404291,
      0.23427006781207282,
      0.1974862085145803,
      0.17990634797513777,
      0.1213356688588388,
      0.08074137506658076,
      0.053198104287459885,
      -0.03175050915334182,
      -0.058717534006416015,
      -0.0663924894140267,
      -0.11901174843041425,
      -0.16460703523145725,
      -0.19354372834437353,
      -0.23113148413788484,
      -0.20769171130877517
    ],
    "26": [
      0.0023846022123494136,
      0.20406946576304905,
      0.22425178653104688,
      0.187599768273818,
      0.1584625447470375,
      0.13029565832308115,
      0.08995361380991859,
      0.029171449087032713,
      0.017460285281601387,
      -0.024598775979836843,
      -0.09651270872990537,
      -0.12828305522455297,
      -0.1663553233343869,
      -0.19540834160778484,
      -0.22964480051766148,
      -0.20284616863480626
    ]
  },
  "_source": "solver"
}