{
  "grid": [
    0.0,
    0.03225806451612903,
    0.06451612903225806,
    0.0967741935483871,
    0.12903225806451613,
    0.16129032258064516,
    0.1935483870967742,
    0.22580645161290322,
    0.25806451612903225,
    0.29032258064516125,
    0.3225806451612903,
    0.3548387096774194,
    0.3870967741935484,
    0.4193548387096774,
    0.45161290322580644,
    0.4838709677419355,
    0.5161290322580645,
    0.5483870967741935,
    0.5806451612903225,
    0.6129032258064516,
    0.6451612903225806,
    0.6774193548387096,
    0.7096774193548387,
    0.7419354838709677,
    0.7741935483870968,
    0.8064516129032258,
    0.8387096774193548,
    0.8709677419354839,
    0.9032258064516129,
    0.9354838709677419,
    0.967741935483871,
    1.0
  ],
  "solution_steps": {
    "0": [
      0.0,
      0.20129852008866006,
      0.39435585511331855,
      0.5712682150947923,
      0.7247927872291199,
      0.8486442574947509,
      0.9377521321470804,
      0.9884683243281114,
      0.9987165071710528,
      0.9680771188662044,
      0.8978045395707416,
      0.7907757369376985,
      0.6513724827222223,
      0.48530196253108143,
      0.29936312297335804,
      0.10116832198743228,
      -0.10116832198743204,
      -0.2993631229733574,
      -0.48530196253108043,
      -0.651372482722222,
      -0.7907757369376986,
      -0.8978045395707414,
      -0.9680771188662043,
      -0.9987165071710528,
      -0.9884683243281114,
      -0.9377521321470808,
      -0.8486442574947515,
      -0.72479278722912,
      -0.5712682150947924,
      -0.3943558551133187,
      -0.20129852008866028,
      -2.4492935982947064e-16
    ],
    "8": [
      0.021449777831215447,
      0.01490156104580133,
      0.2023382091546412,
      0.0024946287642728547,
      -0.0,
      0.19566690826017474,
      -0.0,
      -0.0,
      -0.0,
      -0.0,
      -0.0,
      -0.0,
      -0.0,
      -0.0,
      -0.0,
      -0.0,
      -0.0,
      -0.0,
      -0.0,
      -0.0,
      -0.0,
      -0.0,
      -0.0,
      -0.0,
      -0.0,
      -0.0,
      -0.0,
      -0.19566690826017474,
      -0.1973697573076103,
      -0.0069398720624412194,
      -0.015693651319571754,
      -0.020913256609132205
    ],
    "16": [
      0.0188707832269554,
      0.012831998773197621,
      0.20362739583760264,
      0.20023078867788274,
      -0.0,
      -0.0,
      -0.0,
      -0.0,
      -0.0,
      -0.0,
      -0.0,
      -0.0,
      -0.19566690826017474,
      -0.0,
      0.19566690826017474,
      -0.0,
      -0.0,
      -0.0,
      -0.0,
      -0.0,
      -0.0,
      -0.0,
      -0.0,
      -0.0,
      -0.19566690826017474,
      -0.0,
      -0.0017028490474355693,
      -0.19566690826017474,
      -0.0015202853421681743,
      -0.007978616439060853,
      -0.014169738935747453,
      -0.01882851377258069
    ],
    "24": [
      0.017286062356185666,
      0.0135473359400713,
      0.0076815319392819536,
      0.0038516053071714,
      0.0010743781298679154,
      0.19566690826017474,
      0.19566690826017474,
      -0.0,
      -0.0,
      -0.0,
      -0.0,
      -0.0,
      -0.0,
      -0.0,
      -0.0,
      -0.0,
      -0.0,
      -0.0,
      -0.0,
      -0.0,
      -0.0,
      -0.0,
      -0.0,
      -0.19566690826017474,
      -0.0,
      0.19566690826017474,
      -0.19566690826017474,
      -0.1973697573076103,
      -0.0046433850240086855,
      -0.0070530610217143,
      -0.012741311936939953,
      -0.01725757378359754
    ],
    "32": [
      0.016479712125791555,
      0.012820816543240656,
      0.006367613720749376,
      0.004563880417707983,
      0.0017028490474355693,
      -0.0,
      0.19674128639004265,
      0.19566690826017474,
      -0.0,
      -0.0,
      -0.0,
      -0.0,
      -0.0,
      -0.0,
      -0.0,
      -0.0,
      -0.0,
      -0.0,
      -0.0,
      -0.0,
      -0.0,
      -0.0,
      -0.0,
      -0.0,
      -0.0,
      -0.0,
      -0.1973697573076103,
      -0.19816153702444758,
      -0.0035690068941407705,
      -0.006712636677443814,
      -0.012122717968646874,
      -0.016374616937013087
    ],
    "40": [
      0.015737567438420967,
      0.012601155649399844,
      0.007028858968621897,
      0.00479111580270539,
      0.0024946287642728547,
      -0.0,
      0.19566690826017474,
      0.19566690826017474,
      -0.19674128639004265,
      -0.0,
      0.19674128639004265,
      -0.0,
      -0.19566690826017474,
      -0.0,
      0.19566690826017474,
      -0.0,
      -0.0,
      -0.0,
      -0.0,
      -0.0,
      -0.0,
      -0.0,
      -0.0,
      -0.0,
      -0.0,
      -0.0,
      -0.1973697573076103,
      -0.1978156645199106,
      -0.0035690068941407705,
      -0.007351271565858014,
      -0.012111588915635412,
      -0.015766834063235813
    ]
  },
  "_source": "solver"
}