xp, rho, u, p, Mach
0.1,0.9871183528797794,1.514810251657799,0.7000762471309134,1.5202190123827692
0.3,0.890499807747353,1.6054528623260427,0.6049174820644871,1.6462750187530297
0.5,0.619019781308632,1.7452108076827106,0.37317789495520753,1.8996700880123119
0.7,0.5134582556921575,1.8456405212490168,0.28370975009015054,2.0984495797449845
0.9,0.4829699565955481,1.8799158575119255,0.25643310840791733,2.180456380143204
