xp, rho, u, p, Mach
0.1,0.9871183528797794,1.514810251657799,0.7000762471309134,1.5202190123827692
0.3,0.8901228574603447,1.6061327414148225,0.6047230834934907,1.6468882114856302
0.5,0.619019781308632,1.7452108076827106,0.37317789495520753,1.8996700880123119
0.7,0.5138652447838103,1.8439791626299213,0.28417756769158536,2.095664311284714
0.9,0.4829699565955481,1.8789315142608982,0.2568615606797025,2.177496333281069
