xp, rho, u, p, Mach
0.1,1.0,1.5,0.7142857142857144,1.5
0.3,0.8926245095018476,1.6268696043343298,0.5875142164449603,1.694782383182471
0.5,0.5785767097107509,1.945870704834358,0.27283522882854966,2.394860453512753
0.7,0.39883231236170297,2.3291598973960714,0.18319143262654075,2.904543431688075
0.9,0.45183378478065334,2.1568929848161953,0.1459193979010751,3.207727121643233
