{
  "grid": [
    0.0,
    0.0625,
    0.125,
    0.1875,
    0.25,
    0.3125,
    0.375,
    0.4375,
    0.5,
    0.5625,
    0.625,
    0.6875,
    0.75,
    0.8125,
    0.875,
    0.9375
  ],
  "solution_steps": {
    "0": [
      0.0,
      0.11480502970952693,
      0.21213203435596423,
      0.27716385975338603,
      0.3,
      0.27716385975338603,
      0.21213203435596426,
      0.11480502970952697,
      3.6739403974420595e-17,
      -0.1148050297095269,
      -0.21213203435596423,
      -0.2771638597533859,
      -0.3,
      -0.277163859753386,
      -0.2121320343559643,
      -0.1148050297095271
    ],
    "10": [
      -0.0032582035885540305,
      0.06260657179960537,
      0.1230273702146136,
      0.16969119197133758,
      0.195213762204647,
      0.18576807302098963,
      0.1513680934029916,
      0.08422264152958175,
      -0.00010254379692749947,
      -0.08443916586990685,
      -0.1516011927280084,
      -0.1846263818427433,
      -0.1929376232878737,
      -0.1656570131376505,
      -0.12365504831051387,
      -0.06240115672374227
    ],
    "20": [
      -0.0005619502204001542,
      0.03150928889329263,
      0.059828225962757636,
      0.08701921360407622,
      0.10265540293467387,
      0.10725093819916934,
      0.08766027191684142,
      0.050220961223154996,
      0.006220141537051814,
      -0.03933366941081188,
      -0.08150748430884962,
      -0.09798986140285937,
      -0.09152897194884156,
      -0.08572703598780955,
      -0.06362565283728203,
      -0.036788680359476356
    ],
    "30": [
      0.0009313458458077596,
      0.016193418647849463,
      0.03199549069965649,
      0.041507685729569345,
      0.053112995043993805,
      0.05403214364153896,
      0.04578232709366752,
      0.027326119668416197,
      0.003889512400145432,
      -0.01809255057126914,
      -0.04157063951741086,
      -0.052754678135588595,
      -0.05257639379604294,
      -0.043270427823652376,
      -0.03666805161720536,
      -0.015434461140701974
    ]
  },
  "_source": "solver"
}