{
  "quantum_solution": [
    0.7880597222681013,
    0.10608496261301362,
    0.6061997863600779,
    0.015154994659001947
  ],
  "classical_solution": [
    0.7055698197297996,
    0.046596453582414196,
    0.7055698197297996,
    0.046596453582414196
  ],
  "_source": "harvester"
}