{
  "iterations_completed": 1,
  "converged": true,
  "_source": "harvester",
  "fidelity": 0.9893967822007026,
  "shots": 100,
  "l2_error_abs": 0.14562429604497473,
  "l2_error_rel": 0.14562429604497473
}