{
  "u_initial": [
    0.0,
    0.40673664307580015,
    0.7431448254773941,
    0.9510565162951535,
    0.9945218953682734,
    0.8660254037844387,
    0.5877852522924732,
    0.20791169081775931,
    -0.20791169081775907,
    -0.587785252292473,
    -0.8660254037844384,
    -0.9945218953682733,
    -0.9510565162951536,
    -0.743144825477394,
    -0.40673664307580015,
    -2.4492935982947064e-16
  ],
  "u_final_classical": [
    0.0,
    0.2250808167092194,
    0.4448306516661004,
    0.6527736874969992,
    0.8391422280300536,
    0.9919728094875375,
    1.0912680974522906,
    0.6437845757906916,
    -0.643784575790691,
    -1.0912680974522906,
    -0.9919728094875375,
    -0.8391422280300534,
    -0.6527736874969993,
    -0.4448306516661004,
    -0.2250808167092194,
    -2.4492935982947064e-16
  ],
  "u_final_method": [
    0.009558258881135375,
    0.008418152138507402,
    0.003119162312519754,
    0.09467753625492326,
    0.0005198603854199591,
    -0.0,
    0.09467753625492326,
    -0.0,
    -0.0,
    -0.09519739664034323,
    -0.0,
    -0.0,
    -0.09632545468792542,
    -0.0031013749175567667,
    -0.006768680484606593,
    -0.009590727229264061
  ],
  "errors_by_step": {
    "0": 0.0,
    "4": 0.9639791837125684,
    "8": 0.9544517642034184,
    "12": 0.962949422242676,
    "16": 0.963633474764089,
    "20": 0.9588033901549592
  },
  "final_error": 0.9588033901549592,
  "max_error": 0.9639791837125684,
  "_source": "solver"
}