dq_lu, dq_hhl,
-0.012580933723275012,-0.010238796082434587
-0.00461310587158324,-0.0
-0.014165662754507178,-0.0
0.00650341334907842,0.0
3.42276767607682e-05,0.0
-0.018681603964800324,-0.012539912991186376
0.003566950330843083,0.0
-0.006441000626335527,-0.0
-0.004252288017357543,-0.0
0.0024866281096174664,0.0
-0.0193789853426681,-0.007239922141075954
-0.000897093591418771,-0.0
0.0021572512947358687,0.0
-0.012901367331820481,-0.007239922141075766
0.00308731782088558,0.0
