dq_lu, dq_hhl,
-0.0001461547176392042,-0.0
-0.0012862157229860001,-0.0008177998637043404
-0.0009353049325029435,-0.0
0.0025524864823029078,0.0018286560872336733
0.0001747934500998121,0.0
0.0015855179647082764,0.0008177998637044605
0.0006079621208986775,0.0
0.0003910351129499117,0.0
-0.00039714997657103505,-0.0
-0.00025255287577264523,-0.0
0.0013224826590547102,0.0011565436585575714
2.8119779988315313e-06,0.0
0.0016169500062817085,0.0
0.0016493550668709093,0.0011565436585577447
-0.0010440521280770986,-0.0
