xp, rho, u, p, Mach
0.1,0.9876154558380075,1.5146501423686733,0.6998705197229181,1.520664477252914
0.3,0.8857572974889754,1.613466305494878,0.6028740148541958,1.652874841829386
0.5,0.6191022665066094,1.7424953000265793,0.37498523929694966,1.8922639174671143
0.7,0.5172476160877867,1.8280302127246675,0.28903061696546917,2.066791540648358
0.9,0.48268833641472003,1.8728400162951333,0.26076073388295784,2.1535202873372925
