dq_lu, dq_hhl,
-0.01428680319223253,-0.0
-0.005414704573336223,-0.0
-0.032146870403104426,-0.0
0.02298216917128106,0.0
-0.06859114357313081,-0.0
-0.07845384545678308,-0.0
-0.0323732602311947,-0.0
-0.06195664013263159,-0.0
-0.1014802356562639,-0.0657557521725398
-0.053876865883244675,-0.0
-0.12924395481048742,-0.0
-0.11819951995708927,-0.0
-0.2250024847036568,-0.0
-0.0940422900215856,-0.0
-0.06294810866959238,-0.0
