dq_lu, dq_hhl,
-0.014173721912465244,-0.0
-0.00542710012041253,-0.0
-0.032455479418117154,-0.0
0.024566669214308293,0.0
-0.06692404114489013,-0.0
-0.07438564425663724,-0.0
-0.03070546139197153,-0.0
-0.06152777230372406,-0.0
-0.17862507782132583,-0.08029063634067436
-0.059324213110849455,-0.0
-0.13278822497129514,-0.0
-0.12525796283894136,-0.0
-0.23785296640664289,-0.0
-0.09474173357632656,-0.0
-0.1895961726347919,-0.08029063634067439
