xp, rho, u, p, Mach
0.1,1.0,1.5,0.7142857142857144,1.5
0.3,0.860978531035854,1.7422037204520435,0.5725285591909708,1.805645552327196
0.5,0.6578079464374362,1.7488325917265122,0.426191741856155,1.836247692655196
0.7,0.5627632909064475,1.8857764252680513,0.27404415788370573,2.2839089719586045
0.9,0.6659105709666001,1.4923291226113162,0.3599666833336501,1.7154473672132116
