{
  "grid": [
    0.0,
    0.125,
    0.25,
    0.375,
    0.5,
    0.625,
    0.75,
    0.875
  ],
  "solution_steps": {
    "0": [
      0.0,
      0.7071067811865475,
      1.0,
      0.7071067811865476,
      1.2246467991473532e-16,
      -0.7071067811865475,
      -1.0,
      -0.7071067811865477
    ],
    "10": [
      7.001087903656063e-17,
      0.0,
      1.414213562373095,
      0.6666666666666667,
      1.5090656701643097e-16,
      -0.6666666666666664,
      -1.4142135623730954,
      0.0
    ]
  },
  "_source": "solver"
}