{
  "iterations_completed": 1,
  "converged": true,
  "_source": "harvester",
  "fidelity": 0.41650885188319786,
  "shots": 100,
  "l2_error_abs": 1.3532679541558637,
  "l2_error_rel": 1.3532679541558639
}