{
  "u_initial": [
    0.0,
    0.3826834323650898,
    0.7071067811865475,
    0.9238795325112867,
    1.0,
    0.9238795325112867,
    0.7071067811865476,
    0.3826834323650899,
    1.2246467991473532e-16,
    -0.38268343236508967,
    -0.7071067811865475,
    -0.9238795325112865,
    -1.0,
    -0.9238795325112866,
    -0.7071067811865477,
    -0.3826834323650904
  ],
  "u_final_classical": [
    -5.3174385735012646e-17,
    0.2921948262521849,
    0.5676042932887138,
    0.8063379134282443,
    0.9807326643770432,
    1.0471199015356667,
    0.9365248940746402,
    0.5764439882316525,
    1.8745009775872823e-16,
    -0.5764439882316523,
    -0.9365248940746401,
    -1.0471199015356665,
    -0.9807326643770432,
    -0.8063379134282442,
    -0.567604293288714,
    -0.29219482625218524
  ],
  "u_final_method": [
    7.640724166791386e-08,
    4.3144271455105634e-07,
    7.1109279724894e-07,
    9.402489343568869e-07,
    1.034357770547052e-06,
    9.712299053180224e-07,
    7.885070674634595e-07,
    4.3201276460711593e-07,
    -3.302375581139619e-08,
    -3.583881566505577e-07,
    -6.406844402373879e-07,
    -8.353371012619152e-07,
    -9.082612208634475e-07,
    -8.230992250270223e-07,
    -6.471592278431785e-07,
    -3.5861956989089866e-07
  ],
  "errors_by_step": {
    "0": 0.0,
    "2": 0.939053472467423,
    "4": 0.996210138750306,
    "6": 0.9997645639253053,
    "8": 0.9999851815747901,
    "10": 0.9999990735376943
  },
  "final_error": 0.9999990735376943,
  "max_error": 0.9999990735376943,
  "_source": "solver"
}