{
  "quantum_solution": [
    1.2392818031084578,
    0.03769579640250187,
    0.011048767911078134,
    0.0037695796402501865,
    0.0014298405531983469,
    0.0009098985338534933,
    0.0002599710096724267,
    0.00077991302901728,
    0.0006499275241810667,
    0.00038995651450864,
    0.0006499275241810667,
    0.0009098985338534933,
    0.0005199420193448534,
    0.00038995651450864,
    0.0010398840386897069,
    0.00012998550483621336
  ],
  "classical_solution": [
    1.1458980337502742,
    0.4376941012508226,
    0.1671842700021936,
    0.06385870875575828,
    0.024391856265081172,
    0.009316860039485262,
    0.0035587238533746146,
    0.0013593115206385817,
    0.00051921070854113,
    0.00019832060498480857,
    7.575110641329557e-05,
    2.8932714255078168e-05,
    1.1047036351938937e-05,
    4.2083948007386415e-06,
    1.5781480502769908e-06,
    5.260493500923302e-07
  ],
  "_source": "harvester"
}