{
  "iterations_completed": 1,
  "converged": true,
  "_source": "harvester",
  "fidelity": 1.4387235484688476,
  "shots": 10000,
  "l2_error_abs": 0.4442071381208927,
  "l2_error_rel": 0.3582567812830756
}