xp, rho, u, p, Mach
0.1,0.9875077942321363,1.514220102637081,0.7000052043658436,1.5200036167145858
0.3,0.886174339002803,1.613095178104367,0.6031279681853503,1.6525356077690512
0.5,0.6196710475198445,1.7414860977930067,0.3750271178336658,1.8919308572354896
0.7,0.5169854924262411,1.8292082749320822,0.2887106261437718,2.0687448658373513
0.9,0.48368801424479796,1.869978583615207,0.26078144644058704,2.1523700131040373
