xp, rho, u, p, Mach
0.1,0.9875244440535946,1.5137750419986453,0.7004765064074749,1.5190583738128494
0.3,0.8866549687026902,1.6127410917224225,0.603013384500517,1.6527778501141588
0.5,0.6196449662849619,1.7414099319488674,0.3750273666798434,1.8918076706106057
0.7,0.5168587459206585,1.8296036933602327,0.28850873939999905,2.069662155996897
0.9,0.48345527071778716,1.871041398964866,0.2604398104784046,2.1544868286442527
