{
  "u_initial": [
    0.0,
    0.02940514209886818,
    0.05852709660483847,
    0.0870854031763387,
    0.11480502970952693,
    0.1414190210477993,
    0.16667106990588065,
    0.19031798524909363,
    0.21213203435596423,
    0.2319031360088211,
    0.24944088369076356,
    0.26457637930450645,
    0.27716385975338603,
    0.2870821007196626,
    0.2942355841209691,
    0.298555418001659,
    0.3,
    0.2985554180016591,
    0.2942355841209691,
    0.28708210071966267,
    0.27716385975338603,
    0.2645763793045065,
    0.2494408836907636,
    0.23190313600882112,
    0.21213203435596426,
    0.19031798524909363,
    0.16667106990588065,
    0.14141902104779935,
    0.11480502970952697,
    0.08708540317633871,
    0.05852709660483858,
    0.029405142098868246,
    3.6739403974420595e-17,
    -0.029405142098868176,
    -0.058527096604838506,
    -0.08708540317633863,
    -0.1148050297095269,
    -0.1414190210477993,
    -0.16667106990588057,
    -0.19031798524909357,
    -0.21213203435596423,
    -0.23190313600882098,
    -0.24944088369076356,
    -0.26457637930450645,
    -0.2771638597533859,
    -0.2870821007196626,
    -0.29423558412096906,
    -0.2985554180016591,
    -0.3,
    -0.2985554180016591,
    -0.2942355841209691,
    -0.28708210071966267,
    -0.277163859753386,
    -0.2645763793045065,
    -0.24944088369076362,
    -0.23190313600882106,
    -0.2121320343559643,
    -0.19031798524909377,
    -0.16667106990588065,
    -0.14141902104779938,
    -0.1148050297095271,
    -0.08708540317633874,
    -0.05852709660483861,
    -0.029405142098868152
  ],
  "u_final_classical": null,
  "u_final_method": [
    0.013170706809498584,
    0.04317706072024861,
    0.0681902468077153,
    0.08739423277943262,
    0.10260896338597686,
    0.1172811831110969,
    0.13464944746775523,
    0.15607531220639953,
    0.18043787880545945,
    0.2048399521194373,
    0.22616237072170323,
    0.24260240423687815,
    0.25432527341177064,
    0.26277264518325577,
    0.2689674914287827,
    0.2719460073857383,
    0.26863201891559635,
    0.255759977161699,
    0.23306983539896228,
    0.20559316444526074,
    0.1826552669271365,
    0.17325435827410188,
    0.18046510320130593,
    0.1983943381936264,
    0.2133663590981857,
    0.2090555880213148,
    0.17441723440631932,
    0.11142819414245848,
    0.03674357584322848,
    -0.026788452325392453,
    -0.06372371846665614,
    -0.07395919796028196,
    -0.07029860192071354,
    -0.06982378306648541,
    -0.08503121670730408,
    -0.11836152604519071,
    -0.16220282081495738,
    -0.20438917224755215,
    -0.23553419247742396,
    -0.25302287882640256,
    -0.2596984841057555,
    -0.2596424702053008,
    -0.254730111741709,
    -0.24401658187903186,
    -0.22568619360275277,
    -0.19977959988981786,
    -0.16979952616183183,
    -0.14227869822330133,
    -0.12451479692029017,
    -0.12138411011576686,
    -0.13263837112878,
    -0.15234108196056453,
    -0.17131862033060372,
    -0.1814896876370079,
    -0.17938344422380256,
    -0.16683128425269927,
    -0.14895952421853356,
    -0.1310716416683971,
    -0.11606782918028369,
    -0.10343032016047296,
    -0.09004508571887046,
    -0.07229503052044774,
    -0.048229234909128116,
    -0.018668900996835054
  ],
  "errors_by_step": {},
  "final_error": NaN,
  "max_error": NaN,
  "_source": "solver"
}