dq_lu, dq_hhl,
-0.00019983419228515226,-0.0
-0.00017541553733491091,-0.0
-0.0005448966117455648,-0.0
-0.0007057840367154311,-0.0
-0.0006649529758167288,-0.0
-0.001997464640217968,-0.0
-0.001718759067675057,-0.0
-0.0017336984934781354,-0.0
0.028397522692715827,0.0
0.002309509669449494,0.0
0.0014702668049660717,0.0
0.003675225096993244,0.0
0.00335741287224605,0.0
-0.009974070347287551,-0.00877071569825474
-0.0071823543242594675,-0.012403665092189979
-0.00593555018176963,-0.0
-0.013847924079521231,-0.0
-0.01437884466570757,-0.00877071569825501
-0.026828622840847915,-0.012403665092191244
-0.01710411732438246,-0.0
0.002603467137740337,0.0
-0.011987139383857233,-0.0
-0.013532893320735486,-0.008770715698254971
-0.020290997218352338,-0.012403665092191095
-0.007240798240064494,-0.0
-0.0239127273763835,-0.008770715698255252
-0.033944005350276155,-0.019611916512623517
-0.019062153039356728,-0.008770715698255159
-0.019499305700799784,-0.0
-0.06801785209799371,-0.026312147094766467
-0.03353969241907115,-0.01519132520812022
-0.03638045603700386,-0.012403665092191365
-0.08829816730884285,-0.036162587236170454
-0.04357318884983728,-0.017541431396510834
-0.03641617483901125,-0.015191325208120256
-0.10033631110334865,-0.03396883583366362
-0.0436193513401279,-0.01240366509219142
-0.05488712594205266,-0.02320513255763416
-0.11354805655600543,-0.04019246858619347
-0.05805699232755987,-0.023205132557634185
-0.061965768084907294,-0.017541431396510956
-0.12885004756421548,-0.04641026511526881
-0.04132516610075877,-0.008770715698255407
-0.06281236665178579,-0.026312147094766435
-0.1271788836643827,-0.03922383302524787
-0.06863247704154332,-0.02631214709476647
-0.04855488024587656,-0.017541431396510876
-0.1331056918526777,-0.04296755627948875
-0.050039887036804315,-0.02320513255763412
-0.060876541489318745,-0.015191325208120422
-0.1278514227631428,-0.04296755627948874
-0.0678064101931134,-0.02148377813974422
-0.06452676364596416,-0.017541431396510966
-0.1404101193833685,-0.05114162131989266
-0.04976638530973754,-0.017541431396510883
-0.07397575230838471,-0.03038265041624093
-0.13714396339652135,-0.0392238330252479
-0.05313599740842536,-0.017541431396510907
-0.07205074522408884,-0.03162326517257714
-0.14209188980264842,-0.04206287482770773
