{
  "iterations_completed": 1,
  "converged": true,
  "_source": "harvester",
  "fidelity": 0.878735745865579,
  "shots": 100,
  "l2_error_abs": 0.49247183500058345,
  "l2_error_rel": 0.49247183500058345
}