{
  "quantum_solution": [
    0.9236065504662636,
    0.22711636486875328,
    0.30282181982500445,
    0.06056436396500088
  ],
  "classical_solution": [
    0.7055698197297996,
    0.046596453582414196,
    0.7055698197297996,
    0.046596453582414196
  ],
  "_source": "harvester"
}