{
  "iterations_completed": 1,
  "converged": true,
  "_source": "harvester",
  "fidelity": 1.4385310375263403,
  "shots": 1000,
  "l2_error_abs": 0.44464030794135645,
  "l2_error_rel": 0.3586061363749166
}