{
  "u_initial": [
    0.0,
    0.05852709660483847,
    0.11480502970952693,
    0.16667106990588065,
    0.21213203435596423,
    0.24944088369076356,
    0.27716385975338603,
    0.2942355841209691,
    0.3,
    0.2942355841209691,
    0.27716385975338603,
    0.24944088369076362,
    0.21213203435596426,
    0.16667106990588065,
    0.11480502970952697,
    0.05852709660483858,
    3.6739403974420595e-17,
    -0.058527096604838506,
    -0.1148050297095269,
    -0.16667106990588057,
    -0.21213203435596423,
    -0.24944088369076356,
    -0.2771638597533859,
    -0.29423558412096906,
    -0.3,
    -0.2942355841209691,
    -0.277163859753386,
    -0.24944088369076362,
    -0.2121320343559643,
    -0.16667106990588065,
    -0.1148050297095271,
    -0.05852709660483861
  ],
  "u_final_classical": [
    -3.5847704594566466e-17,
    0.03010436016563704,
    0.05886532143414028,
    0.0863478517725557,
    0.11250055707822867,
    0.13716936231946922,
    0.160092533742897,
    0.18087800926291484,
    0.19895751922362465,
    0.21350459381943482,
    0.2232932296964205,
    0.22646188310554685,
    0.22014761872905284,
    0.2000251279279233,
    0.16009411451876973,
    0.09393104257536154,
    1.145661842169289e-16,
    -0.09393104257536136,
    -0.16009411451876956,
    -0.20002512792792318,
    -0.22014761872905275,
    -0.2264618831055468,
    -0.22329322969642046,
    -0.21350459381943485,
    -0.19895751922362467,
    -0.1808780092629149,
    -0.16009253374289706,
    -0.13716936231946925,
    -0.11250055707822872,
    -0.08634785177255574,
    -0.05886532143414033,
    -0.030104360165637105
  ],
  "u_final_method": [
    -1.6907507051170207e-17,
    0.028521880460373985,
    0.05695658175362697,
    0.0852148616528273,
    0.11320371854467068,
    0.14082566855662978,
    0.16798124450028695,
    0.19458264070982767,
    0.22061754800902572,
    0.24653065122742016,
    0.27516715952303095,
    0.3049993719548804,
    0.28378172878742514,
    0.20281852530347327,
    0.12232153485953645,
    0.05691667134735091,
    2.6856581009042735e-17,
    -0.05691667134735091,
    -0.12232153485953642,
    -0.20281852530347333,
    -0.2837817287874254,
    -0.3049993719548793,
    -0.27516715952303156,
    -0.24653065122742152,
    -0.22061754800902458,
    -0.1945826407098289,
    -0.16798124450028584,
    -0.1408256685566301,
    -0.11320371854467057,
    -0.08521486165282738,
    -0.05695658175362688,
    -0.02852188046037402
  ],
  "errors_by_step": {
    "0": 0.0,
    "10": 0.008634782269680029,
    "20": 0.013067060658934886,
    "30": 0.018998250220137756,
    "40": 0.02521432679257364,
    "50": 0.031957639266206275,
    "60": 0.03936398194436635,
    "70": 0.04757075248325011,
    "80": 0.056693102584084595,
    "90": 0.06683539084932218,
    "100": 0.07810257814713686,
    "110": 0.0906141311639211,
    "120": 0.10451908496783494,
    "130": 0.12001356063084849,
    "140": 0.13736331578991595,
    "150": 0.15693638653297518,
    "160": 0.17925486088268627,
    "170": 0.20508236709489996
  },
  "final_error": NaN,
  "max_error": 0.20508236709489996,
  "_source": "solver"
}