{
  "grid": [
    0.0,
    0.03125,
    0.0625,
    0.09375,
    0.125,
    0.15625,
    0.1875,
    0.21875,
    0.25,
    0.28125,
    0.3125,
    0.34375,
    0.375,
    0.40625,
    0.4375,
    0.46875,
    0.5,
    0.53125,
    0.5625,
    0.59375,
    0.625,
    0.65625,
    0.6875,
    0.71875,
    0.75,
    0.78125,
    0.8125,
    0.84375,
    0.875,
    0.90625,
    0.9375,
    0.96875
  ],
  "solution_steps": {
    "0": [
      0.0,
      0.05852709660483847,
      0.11480502970952693,
      0.16667106990588065,
      0.21213203435596423,
      0.24944088369076356,
      0.27716385975338603,
      0.2942355841209691,
      0.3,
      0.2942355841209691,
      0.27716385975338603,
      0.24944088369076362,
      0.21213203435596426,
      0.16667106990588065,
      0.11480502970952697,
      0.05852709660483858,
      3.6739403974420595e-17,
      -0.058527096604838506,
      -0.1148050297095269,
      -0.16667106990588057,
      -0.21213203435596423,
      -0.24944088369076356,
      -0.2771638597533859,
      -0.29423558412096906,
      -0.3,
      -0.2942355841209691,
      -0.277163859753386,
      -0.24944088369076362,
      -0.2121320343559643,
      -0.16667106990588065,
      -0.1148050297095271,
      -0.05852709660483861
    ],
    "10": [
      -6.609181487616147e-17,
      0.053726422454009194,
      0.10589144822952826,
      0.15489323465261448,
      0.19907387617198816,
      0.2367464095382187,
      0.26627000707330584,
      0.28616490268925715,
      0.29524692916323214,
      0.29275579842679067,
      0.27845298874067415,
      0.2526731680548953,
      0.21632417539734777,
      0.1708407771022288,
      0.11810382333884155,
      0.06033810286284844,
      3.9204543265168136e-17,
      -0.060338102862848374,
      -0.11810382333884148,
      -0.17084077710222878,
      -0.21632417539734772,
      -0.2526731680548953,
      -0.2784529887406741,
      -0.2927557984267907,
      -0.29524692916323214,
      -0.28616490268925715,
      -0.2662700070733058,
      -0.23674640953821877,
      -0.19907387617198827,
      -0.15489323465261468,
      -0.10589144822952831,
      -0.053726422454009264
    ],
    "20": [
      -2.3220630102602588e-17,
      0.050736669547336806,
      0.10016992313064327,
      0.1469795092244894,
      0.1898026050259152,
      0.22720301929973724,
      0.25765751149392796,
      0.2795927491598283,
      0.29149856615655173,
      0.2921138267942236,
      0.28064391509623554,
      0.256946685667271,
      0.22163200053068427,
      0.17605354579218502,
      0.12220923169609875,
      0.06258798231831197,
      3.6836966556317206e-17,
      -0.06258798231831189,
      -0.12220923169609872,
      -0.17605354579218496,
      -0.2216320005306842,
      -0.25694668566727097,
      -0.2806439150962355,
      -0.2921138267942237,
      -0.29149856615655173,
      -0.27959274915982835,
      -0.2576575114939279,
      -0.22720301929973724,
      -0.18980260502591534,
      -0.14697950922448946,
      -0.10016992313064335,
      -0.050736669547336896
    ],
    "30": [
      -5.2868747125390054e-17,
      0.04784066356346368,
      0.09466557115837329,
      0.13940991027034513,
      0.1809186517555441,
      0.2179142406196806,
      0.2489712369635046,
      0.27250929749512093,
      0.286842114663191,
      0.29033161484047243,
      0.2816608401942959,
      0.26016073918235644,
      0.22606643068631707,
      0.18059911774158513,
      0.12585979910650083,
      0.06460549303386497,
      4.6043791825094773e-17,
      -0.06460549303386487,
      -0.12585979910650077,
      -0.18059911774158505,
      -0.22606643068631702,
      -0.26016073918235644,
      -0.28166084019429577,
      -0.29033161484047254,
      -0.286842114663191,
      -0.272509297495121,
      -0.2489712369635045,
      -0.21791424061968065,
      -0.18091865175554422,
      -0.13940991027034527,
      -0.09466557115837329,
      -0.047840663563463726
    ],
    "40": [
      -3.409522408346601e-17,
      0.04542670070886069,
      0.09001207140131656,
      0.13287842555462623,
      0.17306667595423988,
      0.20948161439761517,
      0.24083461948919485,
      0.2655970132400639,
      0.28199338804235363,
      0.28809788369245304,
      0.2821089309330402,
      0.26279745545986394,
      0.2299649345674371,
      0.18467388645959396,
      0.1291435544623177,
      0.06641755026346491,
      4.845764002152319e-17,
      -0.06641755026346481,
      -0.12914355446231762,
      -0.18467388645959393,
      -0.2299649345674371,
      -0.26279745545986377,
      -0.2821089309330402,
      -0.2880978836924531,
      -0.28199338804235363,
      -0.26559701324006413,
      -0.24083461948919485,
      -0.2094816143976152,
      -0.17306667595424,
      -0.1328784255546263,
      -0.09001207140131658,
      -0.04542670070886075
    ],
    "50": [
      -4.455912858281803e-17,
      0.04326497338470579,
      0.08584254487901039,
      0.12700434758190957,
      0.16593886726378404,
      0.2017012284712948,
      0.23314608161220451,
      0.2588441974991584,
      0.27700834099626215,
      0.2855033494817582,
      0.2820758017432369,
      0.2649013107212222,
      0.23329608321186368,
      0.18817043678240816,
      0.13192400364866483,
      0.06792999912357538,
      5.027561700749016e-17,
      -0.06792999912357528,
      -0.13192400364866477,
      -0.18817043678240813,
      -0.23329608321186354,
      -0.26490131072122214,
      -0.2820758017432369,
      -0.2855033494817584,
      -0.2770083409962621,
      -0.25884419749915866,
      -0.2331460816122044,
      -0.20170122847129493,
      -0.16593886726378412,
      -0.12700434758190968,
      -0.08584254487901034,
      -0.04326497338470585
    ],
    "60": [
      -3.7192735830579784e-17,
      0.0413520856473146,
      0.08213045968551658,
      0.12172817514267015,
      0.15946437456106152,
      0.19453117587556776,
      0.22592181822891072,
      0.25232947158527663,
      0.2720167693334132,
      0.28271616482413625,
      0.2817516802043632,
      0.26664562541898595,
      0.23615747843509072,
      0.19108092270740895,
      0.13412468186556767,
      0.06907517733990727,
      5.156287226196602e-17,
      -0.06907517733990719,
      -0.1341246818655676,
      -0.19108092270740884,
      -0.23615747843509072,
      -0.2666456254189858,
      -0.28175168020436314,
      -0.2827161648241364,
      -0.2720167693334132,
      -0.25232947158527685,
      -0.2259218182289106,
      -0.19453117587556779,
      -0.15946437456106163,
      -0.1217281751426702,
      -0.08213045968551658,
      -0.04135208564731466
    ],
    "70": [
      -3.389188369685325e-17,
      0.039629765066107055,
      0.07878121355814416,
      0.11694506833513463,
      0.15354631247812886,
      0.18789731051765973,
      0.21912630424486235,
      0.2460647499810905,
      0.26707432277807197,
      0.2798327643198385,
      0.28127878265520806,
      0.26819716755362133,
      0.23867100746188036,
      0.19342750236410547,
      0.13569185200690626,
      0.06979783906947852,
      3.929235875026958e-17,
      -0.06979783906947844,
      -0.13569185200690614,
      -0.19342750236410544,
      -0.23867100746188022,
      -0.26819716755362116,
      -0.2812787826552081,
      -0.2798327643198387,
      -0.2670743227780719,
      -0.2460647499810908,
      -0.21912630424486212,
      -0.18789731051765995,
      -0.15354631247812892,
      -0.11694506833513474,
      -0.07878121355814414,
      -0.0396297650661071
    ],