dq_lu, dq_hhl,
0.004454701546506052,0.0
-0.004518082278997846,-0.0013267318235622297
-0.0026195564234041922,-0.0013267318235620168
0.004285701700127334,0.0013267318235622137
-0.0007308557668701658,-0.0
0.0032053931224122812,0.0
0.005484858777824054,0.0
-0.0024444130523592553,-0.0013267318235619806
0.004156485642477564,0.0022979669264282447
0.002746271673339634,0.0
-0.0049573763170073625,-0.0
0.00329093892172606,0.0022979669264280994
0.0025574047967865756,0.0
0.0023327755302147584,0.0013267318235619546
-0.005464369202407249,-0.0018762821385137655
