xp, rho, u, p, Mach
0.1,0.9844187396992936,1.5214550335209123,0.6975413696290651,1.5275662512292856
0.3,0.8843880065399706,1.6169741048625677,0.6008172149271901,1.658018169005022
0.5,0.615861659757351,1.7541477426820333,0.3713730002754518,1.9091434947045534
0.7,0.5152386391948761,1.8416835513642151,0.2848014648971822,2.093553648117617
0.9,0.48192059034695983,1.8746975252147322,0.2617113489227353,2.1500257007764105
