{
  "grid": [
    0.0,
    0.03225806451612903,
    0.06451612903225806,
    0.0967741935483871,
    0.12903225806451613,
    0.16129032258064516,
    0.1935483870967742,
    0.22580645161290322,
    0.25806451612903225,
    0.29032258064516125,
    0.3225806451612903,
    0.3548387096774194,
    0.3870967741935484,
    0.4193548387096774,
    0.45161290322580644,
    0.4838709677419355,
    0.5161290322580645,
    0.5483870967741935,
    0.5806451612903225,
    0.6129032258064516,
    0.6451612903225806,
    0.6774193548387096,
    0.7096774193548387,
    0.7419354838709677,
    0.7741935483870968,
    0.8064516129032258,
    0.8387096774193548,
    0.8709677419354839,
    0.9032258064516129,
    0.9354838709677419,
    0.967741935483871,
    1.0
  ],
  "solution_steps": {
    "0": [
      0.0,
      0.20129852008866006,
      0.39435585511331855,
      0.5712682150947923,
      0.7247927872291199,
      0.8486442574947509,
      0.9377521321470804,
      0.9884683243281114,
      0.9987165071710528,
      0.9680771188662044,
      0.8978045395707416,
      0.7907757369376985,
      0.6513724827222223,
      0.48530196253108143,
      0.29936312297335804,
      0.10116832198743228,
      -0.10116832198743204,
      -0.2993631229733574,
      -0.48530196253108043,
      -0.651372482722222,
      -0.7907757369376986,
      -0.8978045395707414,
      -0.9680771188662043,
      -0.9987165071710528,
      -0.9884683243281114,
      -0.9377521321470808,
      -0.8486442574947515,
      -0.72479278722912,
      -0.5712682150947924,
      -0.3943558551133187,
      -0.20129852008866028,
      -2.4492935982947064e-16
    ],
    "10": [
      0.087415970292417,
      0.14215623188604112,
      0.28871840630754103,
      0.441383300495074,
      0.5970621379322728,
      0.7471324012388431,
      0.8785531963522214,
      0.9767433969205679,
      1.029218462178397,
      1.0284966513742702,
      0.9732127600321887,
      0.8674038655454388,
      0.7187526611012262,
      0.5367302910527417,
      0.33123996281912843,
      0.11193048356463457,
      -0.11193048356463409,
      -0.33123996281912765,
      -0.5367302910527412,
      -0.718752661101226,
      -0.8674038655454389,
      -0.9732127600321882,
      -1.0284966513742697,
      -1.0292184621783973,
      -0.9767433969205679,
      -0.8785531963522224,
      -0.7471324012388437,
      -0.5970621379322726,
      -0.4413833004950743,
      -0.2887184063075412,
      -0.14215623188604135,
      -0.08741597029241695
    ],
    "20": [
      0.010592653166401464,
      0.17223440132250628,
      0.2587746540639411,
      0.37614803545782843,
      0.48884930685031,
      0.6074767106652124,
      0.7416484136424637,
      0.8867973252762459,
      1.0156309626080984,
      1.0883510631132978,
      1.0773983609826263,
      0.9814890476233618,
      0.8182550262172636,
      0.6099017486986986,
      0.3748783106738746,
      0.12632277923075574,
      -0.12632277923075497,
      -0.3748783106738741,
      -0.6099017486986978,
      -0.8182550262172638,
      -0.9814890476233621,
      -1.0773983609826248,
      -1.0883510631132973,
      -1.0156309626080993,
      -0.8867973252762457,
      -0.7416484136424655,
      -0.6074767106652124,
      -0.4888493068503093,
      -0.3761480354578289,
      -0.2587746540639412,
      -0.17223440132250634,
      -0.010592653166401591
    ],
    "30": [
      0.06764413147814202,
      0.10809626775810757,
      0.24373433691594204,
      0.33541413121332364,
      0.44276519219667093,
      0.533321599720928,
      0.6096691937246296,
      0.7034758331749956,
      0.8653500176739732,
      1.0813794372586987,
      1.2120650210412849,
      1.1559214500350241,
      0.9595544495958662,
      0.7012156809905615,
      0.423357824167341,
      0.14126588895215106,
      -0.14126588895215036,
      -0.4233578241673404,
      -0.7012156809905603,
      -0.9595544495958677,
      -1.155921450035025,
      -1.2120650210412787,
      -1.081379437258701,
      -0.8653500176739759,
      -0.7034758331749938,
      -0.6096691937246325,
      -0.5333215997209267,
      -0.4427651921966701,
      -0.3354141312133244,
      -0.24373433691594193,
      -0.10809626775810777,
      -0.06764413147814198
    ],
    "40": [
      0.010754456882358735,
      0.14288456009465222,
      0.19372077486131142,
      0.3067129235899997,
      0.39331982131433113,
      0.49785523551178057,
      0.5810484780884086,
      0.6055557886547838,
      0.5783427113405937,
      0.7149149054710668,
      1.3340863330672506,
      1.5926308828727151,
      1.2355606415660993,
      0.8326787219140698,
      0.47866319966249843,
      0.15623596545619758,
      -0.15623596545619686,
      -0.47866319966249754,
      -0.8326787219140678,
      -1.2355606415661058,
      -1.592630882872717,
      -1.334086333067213,
      -0.7149149054710859,
      -0.5783427113405932,
      -0.6055557886547784,
      -0.5810484780884146,
      -0.4978552355117774,
      -0.39331982131433035,
      -0.3067129235900007,
      -0.19372077486131137,
      -0.14288456009465234,
      -0.010754456882358836
    ],
    "50": [
      0.054282334871633885,
      0.08737656668018884,
      0.20724842853388595,
      0.2626776338361633,
      0.3597739211855815,
      0.43962603234004166,
      0.5539796017797742,
      0.6496577063107477,
      0.6073492478373292,
      0.21454491040504778,
      -0.3835295858124384,
      -2.160701346940476,
      2.5782113909718567,
      1.0740259633870455,
      0.5452088868308014,
      0.17075377900543928,
      -0.17075377900543845,
      -0.5452088868308005,
      -1.0740259633870406,
      -2.5782113909719553,
      2.1607013469403666,
      0.38352958581234664,
      -0.21454491040507756,
      -0.6073492478373178,
      -0.6496577063107398,
      -0.5539796017797867,
      -0.43962603234003433,
      -0.3597739211855816,
      -0.2626776338361646,
      -0.20724842853388561,
      -0.08737656668018903,
      -0.05428233487163385
    ]
  },
  "_source": "solver"
}