{
  "grid": [
    0.0,
    0.0625,
    0.125,
    0.1875,
    0.25,
    0.3125,
    0.375,
    0.4375,
    0.5,
    0.5625,
    0.625,
    0.6875,
    0.75,
    0.8125,
    0.875,
    0.9375
  ],
  "solution_steps": {
    "0": [
      0.0,
      0.11480502970952693,
      0.21213203435596423,
      0.27716385975338603,
      0.3,
      0.27716385975338603,
      0.21213203435596426,
      0.11480502970952697,
      3.6739403974420595e-17,
      -0.1148050297095269,
      -0.21213203435596423,
      -0.2771638597533859,
      -0.3,
      -0.277163859753386,
      -0.2121320343559643,
      -0.1148050297095271
    ],
    "10": [
      0.001189641456476913,
      0.09799126164565576,
      0.18506135552826242,
      0.24349127329976214,
      0.27431851014995906,
      0.26361802066888407,
      0.23004219141589957,
      0.09418326441768585,
      -0.01667729917160315,
      -0.11152091299959593,
      -0.21873205117590927,
      -0.24312076447605244,
      -0.27326694581413724,
      -0.2516046610314359,
      -0.18193540238894823,
      -0.09303748152490357
    ],
    "20": [
      0.002567350951303169,
      0.08851264824021808,
      0.1701844187205771,
      0.22316397596803592,
      0.25725488252228557,
      0.2594155448233575,
      0.23558824419846588,
      0.09071644550023898,
      -0.026972788630665292,
      -0.11278894831712137,
      -0.22214217643568057,
      -0.23203738579629565,
      -0.25182012328102704,
      -0.23674218635350855,
      -0.16465980804525882,
      -0.08024009406492486
    ],
    "30": [
      0.004412115413457265,
      0.08121066033292763,
      0.15819335673476112,
      0.20852368069780142,
      0.24094269284219988,
      0.24857111434897172,
      0.232879923887427,
      0.09334520839884121,
      -0.03247746759866914,
      -0.11893809852451959,
      -0.21893926143990855,
      -0.22112890379110475,
      -0.23500976277708163,
      -0.2216012869513301,
      -0.15000159706218597,
      -0.0699823745115875
    ]
  },
  "_source": "solver"
}