{
  "u_initial": [
    0.0,
    0.02940514209886818,
    0.05852709660483847,
    0.0870854031763387,
    0.11480502970952693,
    0.1414190210477993,
    0.16667106990588065,
    0.19031798524909363,
    0.21213203435596423,
    0.2319031360088211,
    0.24944088369076356,
    0.26457637930450645,
    0.27716385975338603,
    0.28708210071966267,
    0.2942355841209691,
    0.298555418001659,
    0.3,
    0.2985554180016591,
    0.2942355841209691,
    0.28708210071966267,
    0.27716385975338603,
    0.2645763793045065,
    0.24944088369076362,
    0.23190313600882112,
    0.21213203435596426,
    0.19031798524909363,
    0.16667106990588065,
    0.14141902104779935,
    0.11480502970952697,
    0.08708540317633871,
    0.05852709660483858,
    0.029405142098868246,
    3.6739403974420595e-17,
    -0.029405142098868176,
    -0.058527096604838506,
    -0.08708540317633863,
    -0.1148050297095269,
    -0.1414190210477993,
    -0.16667106990588057,
    -0.19031798524909357,
    -0.21213203435596423,
    -0.23190313600882098,
    -0.24944088369076356,
    -0.26457637930450645,
    -0.2771638597533859,
    -0.2870821007196626,
    -0.29423558412096906,
    -0.2985554180016591,
    -0.3,
    -0.2985554180016591,
    -0.2942355841209691,
    -0.28708210071966267,
    -0.277163859753386,
    -0.2645763793045065,
    -0.24944088369076362,
    -0.23190313600882106,
    -0.2121320343559643,
    -0.19031798524909377,
    -0.16667106990588065,
    -0.14141902104779938,
    -0.1148050297095271,
    -0.08708540317633874,
    -0.05852709660483861,
    -0.029405142098868152
  ],
  "u_final_classical": null,
  "u_final_method": [
    1.357656818199676e-18,
    0.020195234954235475,
    0.040282128705009565,
    0.06015168666669076,
    0.07969360914705174,
    0.09879564380333253,
    0.11734294660679338,
    0.13521745854176753,
    0.15229730948860024,
    0.16845626660273166,
    0.18356325239566465,
    0.19748196809820232,
    0.21007067121006764,
    0.22118217281542193,
    0.2306641404619508,
    0.2383598159049969,
    0.24410928274707352,
    0.24775144460211976,
    0.2491268956235804,
    0.24808187524698463,
    0.24447348797755067,
    0.2381763242102887,
    0.22909052482677597,
    0.21715117725680408,
    0.20233870684299857,
    0.18468964163306353,
    0.16430681026688698,
    0.1413677384957775,
    0.11612982332338428,
    0.08893087986932845,
    0.0601839530689289,
    0.030365888281323934,
    -1.3878439165708072e-17,
    -0.03036588828132396,
    -0.06018395306892893,
    -0.08893087986932847,
    -0.11612982332338428,
    -0.1413677384957775,
    -0.16430681026688698,
    -0.18468964163306353,
    -0.20233870684299857,
    -0.21715117725680408,
    -0.22909052482677597,
    -0.2381763242102887,
    -0.24447348797755067,
    -0.24808187524698463,
    -0.2491268956235804,
    -0.24775144460211976,
    -0.24410928274707352,
    -0.23835981590499686,
    -0.23066414046195075,
    -0.22118217281542193,
    -0.21007067121006764,
    -0.19748196809820232,
    -0.18356325239566465,
    -0.16845626660273166,
    -0.15229730948860024,
    -0.13521745854176753,
    -0.11734294660679338,
    -0.09879564380333253,
    -0.07969360914705174,
    -0.06015168666669076,
    -0.040282128705009565,
    -0.020195234954235475
  ],
  "errors_by_step": {},
  "final_error": NaN,
  "max_error": NaN,
  "_source": "solver"
}