{
  "grid": [
    0.0,
    0.03125,
    0.0625,
    0.09375,
    0.125,
    0.15625,
    0.1875,
    0.21875,
    0.25,
    0.28125,
    0.3125,
    0.34375,
    0.375,
    0.40625,
    0.4375,
    0.46875,
    0.5,
    0.53125,
    0.5625,
    0.59375,
    0.625,
    0.65625,
    0.6875,
    0.71875,
    0.75,
    0.78125,
    0.8125,
    0.84375,
    0.875,
    0.90625,
    0.9375,
    0.96875
  ],
  "solution_steps": {
    "0": [
      0.0,
      0.19509032201612825,
      0.3826834323650898,
      0.5555702330196022,
      0.7071067811865475,
      0.8314696123025452,
      0.9238795325112867,
      0.9807852804032304,
      1.0,
      0.9807852804032304,
      0.9238795325112867,
      0.8314696123025455,
      0.7071067811865476,
      0.5555702330196022,
      0.3826834323650899,
      0.1950903220161286,
      1.2246467991473532e-16,
      -0.19509032201612836,
      -0.38268343236508967,
      -0.555570233019602,
      -0.7071067811865475,
      -0.8314696123025452,
      -0.9238795325112865,
      -0.9807852804032303,
      -1.0,
      -0.9807852804032304,
      -0.9238795325112866,
      -0.8314696123025455,
      -0.7071067811865477,
      -0.5555702330196022,
      -0.3826834323650904,
      -0.19509032201612872
    ],
    "4": [
      -0.00012271078366235557,
      -0.00038797376046123164,
      -0.0002395809663970201,
      -0.0002895819865576943,
      0.0012598389791691352,
      0.0013647192007671535,
      0.0010094140853869863,
      0.000640325732945734,
      0.002322048024323026,
      0.0019208393108271547,
      0.00034357990432284116,
      -0.00036323158177934084,
      -0.0008056356322911978,
      -0.000771104600072946,
      -0.00042345908974270475,
      -0.000148747659586002,
      0.0009981128222170926,
      0.0006776026909302235,
      0.00037746710904763836,
      0.00015837119974272486,
      0.00011190585170246162,
      -0.00024733785492459204,
      -0.000611874597519743,
      -0.0005302394681932343,
      -0.000535200132309571,
      -0.0003177611649143423,
      7.642238404621708e-05,
      0.0001957173403793906,
      -0.0001743655525395584,
      -0.00013031790681036746,
      -8.41165396614073e-05,
      -5.863960082820223e-05
    ],
    "8": [
      1.2111896661217226e-05,
      1.114316835102556e-05,
      7.879690324638734e-06,
      3.851438654224223e-06,
      8.237717609107029e-06,
      8.494274381579828e-06,
      -4.060028215785049e-06,
      -5.765743638325753e-06,
      -2.104964036382745e-06,
      -2.1638776624419642e-06,
      -5.302019491999222e-06,
      -4.065280535360059e-06,
      -2.9446621004237565e-05,
      -3.1123198224546044e-05,
      -3.118356470312714e-05,
      -2.1647728472207325e-05,
      1.3585173419328195e-06,
      1.1956875119173076e-06,
      -1.792013275044735e-06,
      -1.4331874033296615e-06,
      2.5558322726985577e-06,
      1.980975383734382e-06,
      1.1784483657969252e-06,
      2.1684246930011834e-07,
      -1.0663307210921063e-08,
      -1.5942755579212157e-07,
      -1.686740204984064e-06,
      -1.0730236988734273e-06,
      7.173253709703361e-07,
      5.04833980944617e-07,
      3.247765192321977e-07,
      3.8153928861465134e-07
    ],
    "10": [
      -3.1846605609961494e-07,
      -3.709129915611995e-07,
      -3.992564999575814e-07,
      -3.3041987390034365e-07,
      -4.4902513883727453e-07,
      -3.923894552838896e-07,
      -5.268137370519966e-07,
      -3.104508845054119e-07,
      -9.753327149103075e-07,
      -9.467257016323748e-07,
      -8.637121211920123e-07,
      -9.04308316132364e-07,
      -8.334637925521845e-06,
      -9.013553394646446e-06,
      -9.75083679974216e-06,
      -6.6990003687922886e-06,
      -2.0690510655347046e-07,
      3.4547097433789983e-08,
      -1.358815383232552e-07,
      -1.0499233410430124e-07,
      1.3352679009083773e-07,
      1.2221101213378666e-07,
      4.55167260904759e-08,
      -2.3887160901115606e-08,
      4.9946532329061726e-08,
      4.793384856426504e-09,
      -4.993058612055334e-08,
      -3.2015256405127886e-08,
      1.1371902146751909e-07,
      7.982123339639762e-08,
      1.0302682313566778e-07,
      8.813412369803348e-08
    ]
  },
  "_source": "solver"
}