dq_lu, dq_hhl,
0.004627342153531579,0.0
0.002071420248369662,0.0
0.009685483142616082,0.0
0.006788767298639762,0.0
0.002203437691466825,0.0
0.012460417590401078,0.0
-0.021175806014143546,-0.0
-0.015097008377507121,-0.0
-0.05608749338089666,-0.0
-0.12171679244305156,-0.0
-0.09349699037586476,-0.0
-0.3032014004055227,-0.0
-0.31322828121777657,-0.0
-0.29074090873872394,-0.0
-0.7006586657495179,-0.0
-0.47596316715091247,-0.01799648114004054
-0.4269908938664014,-0.0
-0.9585065434565211,-0.044082195958720274
-0.4896187207920118,-0.0
-0.365577295002613,-0.0
-1.1978108133335905,-0.01799648114004056
-0.4183328379418253,-0.0
-0.4170909596791278,-0.02545086770323694
-1.0054561837331741,-0.017996481140040557
-0.3422827764165975,-0.0
-0.4848705159885583,-0.0
-1.1369013637249794,-0.01799648114004056
-0.5343426227903543,-0.017996481140040543
-0.4907767053413212,-0.0
-1.0898712934477464,-0.025450867703236978
