{
  "grid": [
    0.0,
    0.03225806451612903,
    0.06451612903225806,
    0.0967741935483871,
    0.12903225806451613,
    0.16129032258064516,
    0.1935483870967742,
    0.22580645161290322,
    0.25806451612903225,
    0.29032258064516125,
    0.3225806451612903,
    0.3548387096774194,
    0.3870967741935484,
    0.4193548387096774,
    0.45161290322580644,
    0.4838709677419355,
    0.5161290322580645,
    0.5483870967741935,
    0.5806451612903225,
    0.6129032258064516,
    0.6451612903225806,
    0.6774193548387096,
    0.7096774193548387,
    0.7419354838709677,
    0.7741935483870968,
    0.8064516129032258,
    0.8387096774193548,
    0.8709677419354839,
    0.9032258064516129,
    0.9354838709677419,
    0.967741935483871,
    1.0
  ],
  "solution_steps": {
    "0": [
      0.0,
      0.20129852008866006,
      0.39435585511331855,
      0.5712682150947923,
      0.7247927872291199,
      0.8486442574947509,
      0.9377521321470804,
      0.9884683243281114,
      0.9987165071710528,
      0.9680771188662044,
      0.8978045395707416,
      0.7907757369376985,
      0.6513724827222223,
      0.48530196253108143,
      0.29936312297335804,
      0.10116832198743228,
      -0.10116832198743204,
      -0.2993631229733574,
      -0.48530196253108043,
      -0.651372482722222,
      -0.7907757369376986,
      -0.8978045395707414,
      -0.9680771188662043,
      -0.9987165071710528,
      -0.9884683243281114,
      -0.9377521321470808,
      -0.8486442574947515,
      -0.72479278722912,
      -0.5712682150947924,
      -0.3943558551133187,
      -0.20129852008866028,
      -2.4492935982947064e-16
    ],
    "8": [
      0.020709780432388688,
      0.014380836397677113,
      0.005967728782650591,
      0.003016160731035736,
      0.19674128639004265,
      0.19566690826017474,
      -0.0,
      -0.0,
      -0.0,
      -0.0,
      -0.0,
      -0.0,
      -0.0,
      -0.0,
      -0.0,
      -0.0,
      -0.19566690826017474,
      -0.0,
      0.19566690826017474,
      -0.0,
      -0.0,
      -0.0,
      -0.0,
      -0.0,
      -0.0,
      -0.0,
      -0.0,
      -0.19566690826017474,
      -0.19816153702444758,
      -0.006904238309192937,
      -0.014900877601444542,
      -0.020982536113048914
    ],
    "16": [
      0.01852884042420347,
      0.013421636019885108,
      0.0070585091819808385,
      0.1996425797642401,
      0.0010743781298679154,
      -0.0,
      0.19566690826017474,
      -0.0,
      -0.0,
      -0.0,
      -0.0,
      -0.0,
      -0.0,
      -0.0,
      -0.0,
      -0.0,
      -0.0,
      -0.19566690826017474,
      -0.0,
      0.19566690826017474,
      -0.0,
      -0.0,
      -0.0,
      -0.0,
      -0.19566690826017474,
      -0.19566690826017474,
      -0.0,
      -0.0017028490474355693,
      -0.0039756715040653815,
      -0.006664303139916948,
      -0.013413795043887754,
      -0.01804462872120124
    ],
    "24": [
      0.0177873135267888,
      0.01367835433746744,
      0.006006806482637661,
      0.003716737672837475,
      0.19816153702444758,
      -0.0010743781298679154,
      -0.0,
      0.19674128639004265,
      -0.0,
      -0.0,
      -0.0,
      -0.0,
      -0.0,
      -0.0,
      -0.0,
      -0.0,
      -0.0,
      -0.0,
      -0.0,
      -0.0,
      -0.0,
      -0.0,
      -0.0,
      -0.0,
      -0.0,
      -0.19674128639004265,
      -0.0,
      -0.0010743781298679126,
      -0.19951851356734612,
      -0.006644894804379985,
      -0.013537694864825586,
      -0.017191298215762346
    ],
    "32": [
      0.01639842542757449,
      0.0125259320193512,
      0.006692106575981282,
      0.20052692429486493,
      0.0024946287642728547,
      -0.19566690826017474,
      0.19566690826017474,
      0.19566690826017474,
      -0.0,
      -0.0,
      -0.0,
      -0.0,
      -0.0,
      -0.19566690826017474,
      -0.0,
      0.19566690826017474,
      -0.0,
      -0.0,
      -0.0,
      -0.0,
      -0.0,
      -0.0,
      -0.0,
      -0.0,
      -0.0,
      -0.19566690826017474,
      -0.19674128639004265,
      -0.0038516053071714,
      -0.004144930406611118,
      -0.005351575810706361,
      -0.012174062714187648,
      -0.016380380265577837
    ],
    "40": [
      0.015457470694639831,
      0.011792107008374677,
      0.006254596330782172,
      0.0055969227645985475,
      0.19907260635504587,
      0.19566690826017474,
      -0.19566690826017474,
      -0.19566690826017474,
      0.19566690826017474,
      0.19566690826017474,
      -0.0,
      -0.0,
      -0.19566690826017474,
      -0.0,
      0.19566690826017474,
      -0.0,
      -0.0,
      -0.0,
      -0.0,
      -0.0,
      -0.0,
      -0.0,
      -0.0,
      -0.0,
      -0.19566690826017474,
      -0.0,
      -0.0027772271773034846,
      -0.1978156645199106,
      -0.0017028490474355693,
      -0.007268030088451629,
      -0.012905934357456815,
      -0.01593844846801682
    ]
  },
  "_source": "solver"
}