xp, rho, u, p, Mach
0.1,0.9936600892065385,1.5095705425763715,0.7088462145743556,1.5105402628769071
0.3,0.9468538633586413,1.5437857502457006,0.6622636623319669,1.5600877423481387
0.5,0.7914196922011124,1.552035088549669,0.5182917160894048,1.6208909972906966
0.7,0.8445939458664832,1.4836459434196987,0.5674691540365441,1.5297452307694326
0.9,0.9281236758176441,1.4641786589074532,0.6444966812053728,1.4849869520361745
