{
  "grid": [
    0.0,
    0.03225806451612903,
    0.06451612903225806,
    0.0967741935483871,
    0.12903225806451613,
    0.16129032258064516,
    0.1935483870967742,
    0.22580645161290322,
    0.25806451612903225,
    0.29032258064516125,
    0.3225806451612903,
    0.3548387096774194,
    0.3870967741935484,
    0.4193548387096774,
    0.45161290322580644,
    0.4838709677419355,
    0.5161290322580645,
    0.5483870967741935,
    0.5806451612903225,
    0.6129032258064516,
    0.6451612903225806,
    0.6774193548387096,
    0.7096774193548387,
    0.7419354838709677,
    0.7741935483870968,
    0.8064516129032258,
    0.8387096774193548,
    0.8709677419354839,
    0.9032258064516129,
    0.9354838709677419,
    0.967741935483871,
    1.0
  ],
  "solution_steps": {
    "0": [
      0.0,
      0.20129852008866006,
      0.39435585511331855,
      0.5712682150947923,
      0.7247927872291199,
      0.8486442574947509,
      0.9377521321470804,
      0.9884683243281114,
      0.9987165071710528,
      0.9680771188662044,
      0.8978045395707416,
      0.7907757369376985,
      0.6513724827222223,
      0.48530196253108143,
      0.29936312297335804,
      0.10116832198743228,
      -0.10116832198743204,
      -0.2993631229733574,
      -0.48530196253108043,
      -0.651372482722222,
      -0.7907757369376986,
      -0.8978045395707414,
      -0.9680771188662043,
      -0.9987165071710528,
      -0.9884683243281114,
      -0.9377521321470808,
      -0.8486442574947515,
      -0.72479278722912,
      -0.5712682150947924,
      -0.3943558551133187,
      -0.20129852008866028,
      -2.4492935982947064e-16
    ],
    "8": [
      0.02045156627509226,
      0.01739449099813675,
      0.0060943297307227045,
      0.19566690826017474,
      0.19674128639004265,
      -0.0,
      -0.0,
      -0.0,
      -0.0,
      -0.0,
      -0.0,
      -0.19566690826017474,
      -0.0,
      0.19566690826017474,
      -0.0,
      -0.0,
      -0.0,
      -0.0,
      -0.0,
      -0.0,
      -0.0,
      -0.0,
      -0.0,
      -0.0,
      -0.0,
      -0.19566690826017474,
      -0.0,
      -0.0010743781298679154,
      -0.1988900426497785,
      -0.005737018059874364,
      -0.014174545526601709,
      -0.021172567452926346
    ],
    "16": [
      0.018692515035929003,
      0.01437917990580859,
      0.0069747049890119105,
      0.0013133116836001669,
      0.19674128639004265,
      0.1973697573076103,
      -0.0,
      -0.0,
      -0.0,
      -0.0,
      -0.0,
      -0.0,
      -0.0,
      -0.0,
      -0.0,
      -0.0,
      -0.0,
      -0.0,
      -0.0,
      -0.0,
      -0.0,
      -0.0,
      -0.0,
      -0.0,
      -0.19566690826017474,
      -0.0,
      0.19566690826017474,
      -0.19566690826017474,
      -0.1988900426497785,
      -0.007987601971471556,
      -0.014169987918399516,
      -0.018811040673063415
    ],
    "24": [
      0.017420787336939865,
      0.013090435185445748,
      0.007603175906579566,
      0.004297512519471662,
      0.19674128639004265,
      0.19566690826017474,
      -0.0,
      -0.0,
      -0.0,
      -0.0,
      -0.0,
      -0.0,
      -0.0,
      -0.0,
      -0.0,
      -0.0,
      -0.0,
      -0.0,
      -0.0,
      -0.0,
      -0.0,
      -0.0,
      -0.0,
      -0.0,
      -0.0,
      -0.19566690826017474,
      -0.0,
      -0.002148756259735831,
      -0.19951851356734612,
      -0.006470300268338237,
      -0.013545122762047248,
      -0.017555343082289156
    ],
    "32": [
      0.016331273266155487,
      0.012674154022752505,
      0.007524678120710496,
      0.003016160731035736,
      0.1973697573076103,
      0.0017028490474355693,
      -0.0,
      0.19566690826017474,
      -0.19566690826017474,
      -0.0,
      -0.0,
      -0.0,
      0.19566690826017474,
      -0.0,
      -0.0,
      -0.0,
      -0.0,
      -0.0,
      -0.0,
      -0.0,
      -0.0,
      -0.19566690826017474,
      -0.0,
      -0.0,
      -0.19566690826017474,
      0.19566690826017474,
      -0.0010743781298679154,
      -0.1988900426497785,
      -0.0038516053071714,
      -0.005896015312553086,
      -0.012460402261121651,
      -0.016534471992008273
    ],
    "40": [
      0.015790209436908415,
      0.011877574479031636,
      0.006998630491613163,
      0.0038079404478730213,
      0.19816153702444758,
      0.1973697573076103,
      -0.0,
      -0.0,
      -0.0,
      -0.0,
      -0.0,
      -0.0,
      -0.0,
      -0.0,
      -0.0,
      -0.0,
      -0.0,
      -0.0,
      -0.0,
      -0.0,
      -0.19566690826017474,
      -0.0,
      0.19566690826017474,
      -0.19566690826017474,
      -0.19674128639004265,
      -0.0010743781298679154,
      0.0010743781298679154,
      -0.002148756259735831,
      -0.004925983437039315,
      -0.006371854489468631,
      -0.012460756453973472,
      -0.01558350202388082
    ]
  },
  "_source": "solver"
}