{
  "u_initial": [
    0.0,
    0.02940514209886818,
    0.05852709660483847,
    0.0870854031763387,
    0.11480502970952693,
    0.1414190210477993,
    0.16667106990588065,
    0.19031798524909363,
    0.21213203435596423,
    0.2319031360088211,
    0.24944088369076356,
    0.26457637930450645,
    0.27716385975338603,
    0.2870821007196626,
    0.2942355841209691,
    0.298555418001659,
    0.3,
    0.2985554180016591,
    0.2942355841209691,
    0.28708210071966267,
    0.27716385975338603,
    0.2645763793045065,
    0.2494408836907636,
    0.23190313600882112,
    0.21213203435596426,
    0.19031798524909363,
    0.16667106990588065,
    0.14141902104779935,
    0.11480502970952697,
    0.08708540317633871,
    0.05852709660483858,
    0.029405142098868246,
    3.6739403974420595e-17,
    -0.029405142098868176,
    -0.058527096604838506,
    -0.08708540317633863,
    -0.1148050297095269,
    -0.1414190210477993,
    -0.16667106990588057,
    -0.19031798524909357,
    -0.21213203435596423,
    -0.23190313600882098,
    -0.24944088369076356,
    -0.26457637930450645,
    -0.2771638597533859,
    -0.2870821007196626,
    -0.29423558412096906,
    -0.2985554180016591,
    -0.3,
    -0.2985554180016591,
    -0.2942355841209691,
    -0.28708210071966267,
    -0.277163859753386,
    -0.2645763793045065,
    -0.24944088369076362,
    -0.23190313600882106,
    -0.2121320343559643,
    -0.19031798524909377,
    -0.16667106990588065,
    -0.14141902104779938,
    -0.1148050297095271,
    -0.08708540317633874,
    -0.05852709660483861,
    -0.029405142098868152
  ],
  "u_final_classical": null,
  "u_final_method": [
    -1.2629631409730602e-17,
    0.016037483722762348,
    0.03196555254307817,
    0.04767461341073286,
    0.06305473490646958,
    0.07799552343268462,
    0.09238605538762114,
    0.1061148864396197,
    0.11907016090934545,
    0.13113984633647555,
    0.1422121203128958,
    0.15217593828025228,
    0.1609218117886506,
    0.16834282616015828,
    0.17433592395584127,
    0.17880347538662306,
    0.18165514808198213,
    0.18281007573407132,
    0.18219930754321545,
    0.17976849792234556,
    0.1754807689317305,
    0.16931964751517545,
    0.16129194781388506,
    0.15143043865901076,
    0.1397961117214081,
    0.12647985128323538,
    0.11160330682226992,
    0.09531878849325022,
    0.07780804545420239,
    0.059279847612665124,
    0.03996636941786528,
    0.020118463205393667,
    -6.11493557533234e-18,
    -0.020118463205393674,
    -0.039966369417865286,
    -0.05927984761266512,
    -0.07780804545420239,
    -0.09531878849325022,
    -0.1116033068222699,
    -0.12647985128323536,
    -0.13979611172140807,
    -0.15143043865901074,
    -0.16129194781388503,
    -0.16931964751517542,
    -0.17548076893173048,
    -0.17976849792234553,
    -0.18219930754321545,
    -0.18281007573407132,
    -0.18165514808198213,
    -0.17880347538662306,
    -0.17433592395584127,
    -0.16834282616015828,
    -0.1609218117886506,
    -0.15217593828025228,
    -0.14221212031289582,
    -0.13113984633647557,
    -0.11907016090934551,
    -0.10611488643961973,
    -0.09238605538762118,
    -0.07799552343268465,
    -0.06305473490646961,
    -0.04767461341073288,
    -0.03196555254307818,
    -0.016037483722762372
  ],
  "errors_by_step": {},
  "final_error": NaN,
  "max_error": NaN,
  "_source": "solver"
}