xp, rho, u, p, Mach
0.1,0.9874709844164857,1.5144362433433411,0.6998202938173815,1.5203930729427413
0.3,0.8860314049790154,1.6131635396458666,0.6031849951300636,1.6523942415113755
0.5,0.6197112315919618,1.7414123965393697,0.37505289569291833,1.8918471109845123
0.7,0.5170336705668632,1.8291068017717866,0.2887681115754521,2.068520568525359
0.9,0.48377144620523954,1.8695833151379468,0.2609018063805354,2.151604175391017
