xp, rho, u, p, Mach
0.1,0.9871757334600105,1.5146592881390668,0.6996233540022404,1.5206036232937385
0.3,0.885123756668742,1.614110903148737,0.6024413056612306,1.6535372443276743
0.5,0.6185730348840623,1.7431114155401788,0.3741856887103324,1.894144183329143
0.7,0.5165306086698076,1.8301995611254063,0.2884267654371271,2.069972998046328
0.9,0.4849041128625752,1.8676944339552528,0.2617922681623285,2.1482822128113095
