xp, rho, u, p, Mach
0.1,0.9874710098117597,1.5144362194002612,0.6998203157145313,1.520393044669528
0.3,0.8860315016955114,1.6131634330571754,0.6031850781765276,1.6523941087649578
0.5,0.6197113481960687,1.7414121894297117,0.3750529910859293,1.8918468233758075
0.7,0.517033628230293,1.8291068237589254,0.28876807938114357,2.0685206240095564
0.9,0.4837710721299968,1.8695839956302887,0.2609015041963809,2.1516053726980915
