xp, rho, u, p, Mach
0.1,0.9874696249967305,1.514438012167137,0.6998187427489052,1.5203954870729481
0.3,0.8860274191772766,1.6131683266803245,0.6031809255732683,1.6524010025119973
0.5,0.6197037003466523,1.7414226555962837,0.3750473569112309,1.8918607300881993
0.7,0.5170175751238972,1.8291327980028698,0.2887561103919848,2.06856075490089
0.9,0.48374341045244373,1.8696339949411827,0.26088118819918316,2.151685173954569
