xp, rho, u, p, Mach
0.1,0.9874709826169693,1.5144362452224573,0.6998202923281313,1.5203930750616395
0.3,0.8860313998313861,1.613163544579017,0.6031849904924244,1.6523942481167762
0.5,0.6197112228505538,1.7414124099316437,0.3750528890596064,1.891847128920789
0.7,0.5170336631976983,1.8291068149561267,0.2887681061166354,2.068520588245789
0.9,0.4837714444789315,1.8695833186554822,0.26090180519950884,2.1516041804700725
