xp, rho, u, p, Mach
0.1,0.9874709373565139,1.5144362457158946,0.6998202771974273,1.5203930571497113
0.3,0.8860315234922049,1.6131634969083466,0.6031849056446297,1.6523944308148144
0.5,0.6197109725545815,1.7414128076250937,0.3750525479079041,1.8918480393409531
0.7,0.5170310208161204,1.8291108387436887,0.28876608683541605,2.068527085295567
0.9,0.48376493564830775,1.8695948444518011,0.26089693752397125,2.15162304217588
