{
  "quantum_solution": [
    0.9422794616100671,
    0.22534841208939363,
    0.24088765986552924,
    0.057451237768561876
  ],
  "classical_solution": [
    0.7055698197297996,
    0.046596453582414196,
    0.7055698197297996,
    0.046596453582414196
  ],
  "_source": "harvester"
}