{
  "iterations_completed": 1,
  "converged": true,
  "_source": "harvester",
  "fidelity": 0.8479844733674917,
  "shots": 100000,
  "l2_error_abs": 0.5513901098723267,
  "l2_error_rel": 0.5513901098723267
}