{
  "quantum_solution": [
    1.22589429871167,
    0.15754910089425464,
    0.054881303276139166,
    0.03976049173520452
  ],
  "classical_solution": [
    1.1454545454545455,
    0.43636363636363634,
    0.16363636363636364,
    0.05454545454545454
  ],
  "_source": "harvester"
}