{
  "iterations_completed": 1,
  "converged": true,
  "_source": "harvester",
  "fidelity": 0.938166853276075,
  "shots": 100000,
  "l2_error_abs": 0.31024886361166704,
  "l2_error_rel": 0.25063863673556064
}