dq_lu, dq_hhl,
0.0009456308063478235,0.00024660454114878365
-0.0012723267928669115,-0.00032622714402952665
-0.0012016037395369402,-0.00038991601568552403
-0.0016871328962212288,-0.0004932090822977966
4.298744477423549e-05,0.0
-0.0004707355114506544,-0.00017437574331751588
-0.0009232911488507488,-0.00024660454114877736
0.0003076256185249429,0.0
-0.001796997896584877,-0.0006040552940680002
-0.001500087377665762,-0.0004271315946470701
-0.0012203563940154703,-0.0003020276470339207
-0.001995790883703093,-0.0005374621369431819
0.0020269086325314287,0.0005083882854569927
0.00022306560476398216,0.0
-0.0012378905673530007,-0.00036990681172326784
