dq_lu, dq_hhl,
0.00042237945941002057,4.5458674900621464e-05
-0.000618700747544337,-0.00010661004258736244
-0.0004910572514067245,-4.545867490063652e-05
-0.0007440765500798115,-0.00010661004258739147
4.331336733340916e-05,0.0
-0.0001348852796637302,-3.214413728582193e-05
-0.00044767788654369534,-6.428827457197687e-05
0.00019797225727402916,3.214413728589787e-05
-0.0007199411503657729,-0.0001473029422622188
-0.0006949834223789802,-0.00011589733519027731
-0.0005150159733745477,-6.428827457199565e-05
-0.0008751551810070662,-0.00012449370838697393
0.0008924667591054984,0.00013253367327463285
0.0002246407797671577,0.0
-0.0005292770584931392,-8.50453933674734e-05
