dq_lu, dq_hhl,
-0.013695723005540481,-0.0
-0.0053219325407739305,-0.0
0.03700177352785107,0.015986348122584305
0.020156302255961534,0.005837388985913059
-0.0025828657500280043,-0.0
0.042170674008306375,0.021447936668444856
0.022572899768930378,0.009229722391932956
-0.026811074670997314,-0.011674777971826263
0.021461429991870687,0.011674777971826155
0.008857163797608274,0.0
0.0084316908593631,0.0
0.05446059518038712,0.02334955594365297
-0.04114513483900315,-0.010920754809307497
-0.000238061881462723,-0.0
0.0669706616749411,0.027689167175799688
