{
  "iterations_completed": 1,
  "converged": true,
  "_source": "harvester",
  "fidelity": 1.489091276626421,
  "shots": 1000,
  "l2_error_abs": 0.29373501096143384,
  "l2_error_rel": 0.23729770304986275
}