{
  "quantum_solution": [
    1.2235422069105437,
    0.17691558034307986,
    0.05203399421855289,
    0.03419376762933476
  ],
  "classical_solution": [
    1.1454545454545455,
    0.43636363636363634,
    0.16363636363636364,
    0.05454545454545454
  ],
  "_source": "harvester"
}