{
  "u_initial": [
    0.0,
    0.20129852008866006,
    0.39435585511331855,
    0.5712682150947923,
    0.7247927872291199,
    0.8486442574947509,
    0.9377521321470804,
    0.9884683243281114,
    0.9987165071710528,
    0.9680771188662044,
    0.8978045395707416,
    0.7907757369376985,
    0.6513724827222223,
    0.48530196253108143,
    0.29936312297335804,
    0.10116832198743228,
    -0.10116832198743204,
    -0.2993631229733574,
    -0.48530196253108043,
    -0.651372482722222,
    -0.7907757369376986,
    -0.8978045395707414,
    -0.9680771188662043,
    -0.9987165071710528,
    -0.9884683243281114,
    -0.9377521321470808,
    -0.8486442574947515,
    -0.72479278722912,
    -0.5712682150947924,
    -0.3943558551133187,
    -0.20129852008866028,
    -2.4492935982947064e-16
  ],
  "u_final_classical": [
    0.0,
    0.11465753632850059,
    0.22858560009524026,
    0.34104229567526934,
    0.45125864150819267,
    0.558418962127498,
    0.6616325262531132,
    0.7598903858913767,
    0.8519976328093486,
    0.9364633816334008,
    1.011230685873693,
    1.073925629372657,
    1.120783807238316,
    1.11669620945892,
    1.2187235751677745,
    1.0804685486537364,
    -1.0804685486537329,
    -1.218723575167775,
    -1.1166962094589221,
    -1.1207838072383158,
    -1.0739256293726573,
    -1.011230685873694,
    -0.9364633816334001,
    -0.8519976328093489,
    -0.7598903858913767,
    -0.661632526253113,
    -0.5584189621274979,
    -0.4512586415081927,
    -0.3410422956752695,
    -0.22858560009524032,
    -0.11465753632850076,
    -2.4492935982947064e-16
  ],
  "u_final_method": [
    0.0,
    0.11465967791004322,
    0.22858985192303966,
    0.341048593242214,
    0.4512668832234747,
    0.5584290027908074,
    0.6616441669265136,
    0.7599033584517997,
    0.8520115760672309,
    0.9364777992266881,
    1.0112449188009558,
    1.073938701186519,
    1.1207923630704646,
    1.11670924766598,
    1.2187182798369112,
    1.080300398981964,
    -1.080300398981963,
    -1.2187182798369078,
    -1.1167092476659788,
    -1.1207923630704661,
    -1.073938701186518,
    -1.0112449188009573,
    -0.936477799226689,
    -0.8520115760672294,
    -0.7599033584517993,
    -0.661644166926513,
    -0.558429002790807,
    -0.4512668832234751,
    -0.34104859324221354,
    -0.22858985192304054,
    -0.1146596779100437,
    0.0
  ],
  "errors_by_step": {
    "0": 0.0,
    "8": 1.3510476924922478e-06,
    "16": 2.796420342508541e-06,
    "24": 4.533643837220372e-06,
    "32": 7.008115143816082e-06,
    "40": 1.1862267159694874e-05,
    "48": 3.360640442944676e-05,
    "50": 5.2954541842716306e-05
  },
  "final_error": 5.2954541842716306e-05,
  "max_error": 5.2954541842716306e-05,
  "_source": "solver"
}