xp, rho, u, p, Mach
0.1,0.994545957849545,1.508225927782535,0.711817935950954,1.5067123549064214
0.3,0.9696331784813006,1.5221380979328765,0.6839312886923622,1.5317487545510389
0.5,0.8718590236107093,1.512279195359998,0.5907248173667606,1.552739083948298
0.7,0.9250193170061218,1.4803878544040106,0.6436791470597686,1.4998650203726434
0.9,0.9735605497257195,1.4815810146345845,0.6900607160108659,1.4873021911809035
