xp, rho, u, p, Mach
0.1,0.988811624421217,1.5125841333699483,0.7014465376568741,1.5178016350078927
0.3,0.8948338848750207,1.601981904635367,0.6131170343221519,1.6356602809955367
0.5,0.6646265304778441,1.684849604386312,0.4098578947745278,1.813298518201731
0.7,0.6615147340293906,1.605875681867349,0.4072922805201884,1.72967526590471
0.9,0.7440277524733435,1.4938568543093511,0.4803849753583578,1.5712483185670867
