xp, rho, u, p, Mach
0.1,0.9874081750784929,1.5147340398234008,0.7002420517697483,1.5201856640579683
0.3,0.8903224264343588,1.6062922785814524,0.6082454833884278,1.6424598576325458
0.5,0.6498847441877974,1.7029447108038192,0.3985196755807459,1.8379335995047692
0.7,0.634683513295862,1.6434582063096812,0.38429847114969284,1.785002902625772
0.9,0.7072022472540683,1.5289051582298845,0.4480874223217977,1.6233305702815766
