{
  "iterations_completed": 1,
  "converged": true,
  "_source": "harvester",
  "fidelity": 0.9900659781827443,
  "shots": 100,
  "l2_error_abs": 0.14095404795361938,
  "l2_error_rel": 0.14095404795361938
}