{
  "quantum_solution": [
    0.6672229176325815,
    0.15012515646733082,
    0.7172646364550251,
    0.13344458352651628
  ],
  "classical_solution": [
    0.7055698197297996,
    0.046596453582414196,
    0.7055698197297996,
    0.046596453582414196
  ],
  "_source": "harvester"
}