{
  "quantum_solution": [
    0.6862919348595287,
    0.19024362323659005,
    0.6757499498752702,
    0.190191348930883
  ],
  "classical_solution": [
    0.7055698197297996,
    0.046596453582414196,
    0.7055698197297996,
    0.046596453582414196
  ],
  "_source": "harvester"
}