{
  "iterations_completed": 1,
  "converged": true,
  "_source": "harvester",
  "fidelity": 0.9787425675984973,
  "shots": 100000,
  "l2_error_abs": 0.20619133057188846,
  "l2_error_rel": 0.20619133057188846
}