{
  "u_initial": [
    0.0,
    0.20129852008866006,
    0.39435585511331855,
    0.5712682150947923,
    0.7247927872291199,
    0.8486442574947509,
    0.9377521321470804,
    0.9884683243281114,
    0.9987165071710528,
    0.9680771188662044,
    0.8978045395707416,
    0.7907757369376985,
    0.6513724827222223,
    0.48530196253108143,
    0.29936312297335804,
    0.10116832198743228,
    -0.10116832198743204,
    -0.2993631229733574,
    -0.48530196253108043,
    -0.651372482722222,
    -0.7907757369376986,
    -0.8978045395707414,
    -0.9680771188662043,
    -0.9987165071710528,
    -0.9884683243281114,
    -0.9377521321470808,
    -0.8486442574947515,
    -0.72479278722912,
    -0.5712682150947924,
    -0.3943558551133187,
    -0.20129852008866028,
    -2.4492935982947064e-16
  ],
  "u_final_classical": [
    NaN,
    NaN,
    NaN,
    NaN,
    NaN,
    NaN,
    NaN,
    NaN,
    NaN,
    NaN,
    NaN,
    NaN,
    NaN,
    NaN,
    NaN,
    NaN,
    NaN,
    NaN,
    NaN,
    NaN,
    NaN,
    NaN,
    NaN,
    NaN,
    NaN,
    NaN,
    NaN,
    NaN,
    NaN,
    NaN,
    NaN,
    NaN
  ],
  "u_final_method": [
    0.0,
    0.0,
    0.0,
    0.0,
    0.0,
    0.0,
    0.0,
    0.0,
    0.0,
    0.0,
    0.0,
    0.0,
    0.0,
    0.0,
    0.0,
    6.629606963649718e+33,
    -6.609576411490567e+33,
    0.0,
    0.0,
    0.0,
    0.0,
    0.0,
    0.0,
    0.0,
    0.0,
    0.0,
    0.0,
    0.0,
    0.0,
    0.0,
    0.0,
    0.0
  ],
  "errors_by_step": {
    "0": 0.0,
    "1": 0.016282727041646336,
    "2": 0.026650211547991236,
    "3": 0.03125954741887093,
    "4": 0.03233912455291015,
    "5": 0.035163285701593334,
    "6": 0.037801929826678224,
    "7": 0.04045972596810283,
    "8": 0.04534559548681241,
    "9": 0.044610880384932806,
    "10": 0.05019549043042334,
    "11": 0.05170670273979603,
    "12": 0.05510747083822962,
    "13": 0.05921376679780902,
    "14": 0.0569385403481542,
    "15": 0.05977009092813234,
    "16": 0.06147622944026551,
    "17": 0.06545944027460207,
    "18": 0.07233290603397081,
    "19": 0.06996217592682336,
    "20": 0.0715440353544426,
    "21": 0.0729394347083781,
    "22": 0.07149982000936127,
    "23": 0.07179595021512752,
    "24": 0.07477581563968574,
    "25": 0.07832833939367366,
    "26": 0.08311493738206306,
    "27": 0.08593369830503024,
    "28": 0.08644931714486184,
    "29": 0.08689565222004485,
    "30": 0.09200998780597626,
    "31": 0.09578820968362692,
    "32": 0.10022737910632412,
    "33": 0.10479440028878653,
    "34": 0.11376924321001136,
    "35": 0.11791156814506659,
    "36": 0.1263783754218704,
    "37": 0.12772297345629027,
    "38": 0.13323795182320794,
    "39": 0.14040802091710267,
    "40": 0.1432952730853361,
    "41": 0.1435896847670626,
    "42": 0.14840068358496758,
    "43": 0.15414842626037467,
    "44": 0.1610282491428543,
    "45": 0.16819167165876628,
    "46": 0.1787126118940473,
    "47": 0.18490897126442513,
    "48": 0.19458676736243538,
    "49": 0.19857664909599995,
    "50": 0.20842338789953613,
    "51": 0.22078576183660145,
    "52": 0.23379555861939452,
    "53": 0.2486346799612176,
    "54": 0.26685009431286877,
    "55": 0.2872109226143654,
    "56": 0.313365140831906,
    "57": 0.3385743359122229,
    "58": 0.3703071004267084,
    "59": 0.4028030682326916,
    "60": 0.44144093862002926,
    "61": 0.48866314144516393,
    "62": 0.5456000652139854,
    "63": 0.6123915953974385,
    "64": 0.6949710357316076,
    "65": 0.7921951394208205,
    "66": 0.8940698827638442,
    "67": 0.9712170048988618,
    "68": 0.9980640063463383,
    "69": 0.9999931449146131,
    "70": 0.9999999999355144,
    "71": 1.0,
    "72": 1.0,
    "73": 1.0,
    "74": NaN,
    "75": NaN
  },
  "final_error": NaN,
  "max_error": 1.0,
  "_source": "solver"
}