{
  "iterations_completed": 1,
  "converged": true,
  "_source": "harvester",
  "fidelity": 0.8750162130992778,
  "shots": 100,
  "l2_error_abs": 0.4999675727499178,
  "l2_error_rel": 0.4999675727499178
}