{
  "quantum_solution": [
    0.8732407178904559,
    0.3190687238445897,
    0.3358618145732522,
    0.15113781655796346
  ],
  "classical_solution": [
    0.7055698197297996,
    0.046596453582414196,
    0.7055698197297996,
    0.046596453582414196
  ],
  "_source": "harvester"
}