{
  "grid": [
    0.0,
    0.0625,
    0.125,
    0.1875,
    0.25,
    0.3125,
    0.375,
    0.4375,
    0.5,
    0.5625,
    0.625,
    0.6875,
    0.75,
    0.8125,
    0.875,
    0.9375
  ],
  "solution_steps": {
    "0": [
      0.0,
      0.11480502970952693,
      0.21213203435596423,
      0.27716385975338603,
      0.3,
      0.27716385975338603,
      0.21213203435596426,
      0.11480502970952697,
      3.6739403974420595e-17,
      -0.1148050297095269,
      -0.21213203435596423,
      -0.2771638597533859,
      -0.3,
      -0.277163859753386,
      -0.2121320343559643,
      -0.1148050297095271
    ],
    "10": [
      0.0026014437695303276,
      0.0902512397717821,
      0.1758050673750022,
      0.2305736437763143,
      0.25631833385539426,
      0.24314629727802378,
      0.1865365355936544,
      0.10155325654216722,
      0.0032635543598698614,
      -0.10344829599405365,
      -0.18703798033098082,
      -0.2448474911877354,
      -0.2595177995883188,
      -0.23719198630542082,
      -0.17129338627548024,
      -0.08972540092945944
    ],
    "20": [
      0.0021300776408386592,
      0.06657988045925227,
      0.12342608870042317,
      0.17404178539727236,
      0.1953886480140022,
      0.1859689090233525,
      0.14988545675916012,
      0.08203013261472314,
      0.00033517685448320275,
      -0.08107669237219146,
      -0.1505126246513503,
      -0.1889936117598483,
      -0.19592451232366973,
      -0.1668493395332343,
      -0.11728406870455137,
      -0.0575866941521687
    ],
    "30": [
      0.007077273420938608,
      0.04501714885121801,
      0.08929601241212418,
      0.11793942526105172,
      0.1391834412627672,
      0.1371083749336595,
      0.10929914236755774,
      0.062017942009378206,
      -0.002325646955934372,
      -0.0603600527300669,
      -0.10581776272447616,
      -0.1354041900173728,
      -0.1332654013006387,
      -0.11321553242977109,
      -0.07979480839711811,
      -0.03958862966427298
    ]
  },
  "_source": "solver"
}