xp, rho, u, p, Mach
0.1,0.9874736635273278,1.5144459931483363,0.6998145203303923,1.520411195276981
0.3,0.8860289685710988,1.6131653614267845,0.6031806103558462,1.6523998416794585
0.5,0.6197051282781951,1.7414370154421335,0.37504592085548266,1.8918821321083523
0.7,0.5170305051991931,1.8291298016710293,0.2887643043760737,2.0685538831412087
0.9,0.48376842268877246,1.8696117708587612,0.2608947543089366,2.1516592792577556
