xp, rho, u, p, Mach
0.1,0.9874732884552859,1.5144449212083295,0.6998151242471171,1.5204091743348822
0.3,0.8860292242068972,1.6131653618575272,0.6031810115569332,1.6523995309541444
0.5,0.619705751263851,1.7414345886008054,0.3750465905991607,1.8918787573317428
0.7,0.5170308802712351,1.8291271688147899,0.2887647490474975,2.068550063265342
0.9,0.4837686843836124,1.8696084501239099,0.260895576028275,2.1516526510887877
