xp, rho, u, p, Mach
0.1,0.9874340828458859,1.514458375396312,0.6998252696854406,1.5203814778885412
0.3,0.8860926755159635,1.6130745264201307,0.6032113091122172,1.6523241513424582
0.5,0.6195015512765737,1.7420973828439796,0.3749445004235145,1.8925445681844908
0.7,0.5171438128346986,1.8284802907338833,0.2889423652742046,2.0674086086709207
0.9,0.4837417588482968,1.8697196494664023,0.2608372419541419,2.1519613368226795
