{
  "classical_solution": [
    0.28505466828376025,
    0.07339518355628778
  ],
  "classical_solution_normalized": [
    0.9684147036827078,
    0.2493450655038779
  ],
  "_source": "solver"
}