dq_lu, dq_hhl,
0.0045874594858071535,0.0
0.0020907391836296773,0.0
0.009568684109480226,0.0
0.006352600800655576,0.0
0.002112668459586136,0.0
0.01137728353490348,0.0
-0.022992929873835707,-0.0
-0.016501274431984625,-0.0
-0.05931027743289032,-0.0
-0.12416215336056392,-0.0
-0.09615763074734195,-0.0
-0.28407330373823425,-0.0
-0.2813219656379321,-0.0
-0.2866888187440472,-0.0
-0.7232342670066205,-0.0
-0.4560834902471862,-0.0
-0.43880535079526384,-0.0
-1.1749645644752784,-0.2501148422861946
-0.48072278028192267,-0.0
-0.50858811837992,-0.0
-1.3276493876047217,-0.2237095158134281
-0.5419747068101831,-0.0
-0.560110191220821,-0.11185475790671395
-1.3778951451674446,-0.15818651564763422
-0.503472131670013,-0.0
-0.5902245759704731,-0.0
-1.3915906009024772,-0.15818651564763422
-0.49388530258524227,-0.0
-0.59329323607089,-0.0
-1.4469704777837762,-0.19373812376274538
