dq_lu, dq_hhl,
0.004253449322130695,0.0
0.002184913045285901,0.0
0.008998871818479548,0.0
0.005542191112288342,0.0
0.0014306879285335581,0.0
0.008443722111015566,0.0
-0.021819047955340058,-0.0
-0.015396458624653,-0.0
0.050721048776111916,0.0
-0.11823711442824351,-0.09855832112674665
-0.09535133586394295,-0.08047253222196535
-0.04575373455324475,-0.056902673233404
-0.0331776141912472,-0.0
-0.09881470732055586,-0.08997102618492839
-0.211758286191479,-0.14507392059636287
-0.12358020371097762,-0.09855832112674667
-0.17882461446564726,-0.11380534646680984
-0.31786109991818684,-0.24803300224172947
-0.17761508948585394,-0.13344859765502265
-0.2460297421485087,-0.21667892423136395
-0.424673834021758,-0.2929244388222899
-0.22447310198486772,-0.12723824545135132
-0.22902987063541488,-0.18438573513596568
-0.41762338022362117,-0.3366407547204715
-0.19501683691054242,-0.13938251442216829
-0.22343966179515842,-0.17538581784318483
-0.5463997415391681,-0.4370777265491267
-0.2535216627051145,-0.20907377163325275
-0.18595037643554466,-0.16094506444393153
-0.5614391105414853,-0.4726691033444327
