{
  "grid": [
    0.0,
    0.0625,
    0.125,
    0.1875,
    0.25,
    0.3125,
    0.375,
    0.4375,
    0.5,
    0.5625,
    0.625,
    0.6875,
    0.75,
    0.8125,
    0.875,
    0.9375
  ],
  "solution_steps": {
    "0": [
      0.0,
      0.3826834323650898,
      0.7071067811865475,
      0.9238795325112867,
      1.0,
      0.9238795325112867,
      0.7071067811865476,
      0.3826834323650899,
      1.2246467991473532e-16,
      -0.38268343236508967,
      -0.7071067811865475,
      -0.9238795325112865,
      -1.0,
      -0.9238795325112866,
      -0.7071067811865477,
      -0.3826834323650904
    ],
    "4": [
      5.329070518200751e-17,
      0.32794710823784257,
      0.5913387469301868,
      0.7702791211199557,
      0.8755843013041239,
      0.9033148035906882,
      0.7980830251832706,
      0.48245559291312023,
      2.7795266532848473e-10,
      -0.48245559287715056,
      -0.7980830254609893,
      -0.9033148036267749,
      -0.8755843013043605,
      -0.7702791211198381,
      -0.5913387469301842,
      -0.32794710823784307
    ],
    "8": [
      1.2434497875801754e-16,
      0.29613503432873167,
      0.5292017687214297,
      0.6903172993985186,
      0.7983067564204845,
      0.8602454305614836,
      0.842561309528754,
      0.5934579961717736,
      3.9116258676585856e-10,
      -0.5934579961439911,
      -0.8425613099201047,
      -0.8602454305894048,
      -0.7983067564202996,
      -0.6903172993983786,
      -0.5292017687214264,
      -0.29613503432873295
    ],
    "12": [
      2.6645352591003756e-16,
      0.2700196662652229,
      0.4814435766308952,
      0.630316656194348,
      0.7358908334131908,
      0.8083133220691364,
      0.8347732775651505,
      0.6628128053692354,
      2.5134966108453227e-10,
      -0.6628128053525643,
      -0.834773277816617,
      -0.8083133220859159,
      -0.7358908334130768,
      -0.6303166561942382,
      -0.48144357663089266,
      -0.27001966626522417
    ],
    "16": [
      5.329070518200751e-16,
      0.24805505670543124,
      0.44280314504352175,
      0.5824740030642191,
      0.6847636800642934,
      0.7601090234457887,
      0.8054386670981919,
      0.6870905927740026,
      1.2889046274722205e-10,
      -0.687090592765289,
      -0.8054386672271016,
      -0.7601090234545711,
      -0.6847636800642762,
      -0.5824740030641492,
      -0.44280314504352036,
      -0.24805505670543226
    ],
    "20": [
      8.881784197001252e-16,
      0.2292567382834989,
      0.4105072754316612,
      0.5428163508833004,
      0.6418554920531107,
      0.717507992231641,
      0.7706767704211552,
      0.6815478517098709,
      6.6206382598466e-11,
      -0.6815478517050255,
      -0.7706767704873577,
      -0.7175079922365286,
      -0.6418554920531157,
      -0.5428163508832574,
      -0.4105072754316608,
      -0.22925673828349957
    ],
    "24": [
      1.1368683772161603e-15,
      0.21295492398057725,
      0.38289998204948594,
      0.5090539219776138,
      0.6050698008088228,
      0.6800461057629776,
      0.7363847975654056,
      0.6618189473777105,
      3.649148538897862e-11,
      -0.6618189473747494,
      -0.7363847976018635,
      -0.6800461057659669,
      -0.6050698008088579,
      -0.5090539219775851,
      -0.38289998204948567,
      -0.21295492398057764
    ],
    "26": [
      1.1901590823981679e-15,
      0.20558520122382998,
      0.37050388944901336,
      0.4939123228763198,
      0.5885097591359291,
      0.6629843686231341,
      0.7200397305481399,
      0.6496966495139183,
      3.046409347007284e-11,
      -0.6496966495113662,
      -0.7200397305785858,
      -0.662984368625713,
      -0.5885097591359485,
      -0.4939123228762925,
      -0.37050388944901314,
      -0.2055852012238304
    ]
  },
  "_source": "solver"
}