{
  "grid": [
    0.0,
    0.03125,
    0.0625,
    0.09375,
    0.125,
    0.15625,
    0.1875,
    0.21875,
    0.25,
    0.28125,
    0.3125,
    0.34375,
    0.375,
    0.40625,
    0.4375,
    0.46875,
    0.5,
    0.53125,
    0.5625,
    0.59375,
    0.625,
    0.65625,
    0.6875,
    0.71875,
    0.75,
    0.78125,
    0.8125,
    0.84375,
    0.875,
    0.90625,
    0.9375,
    0.96875
  ],
  "solution_steps": {
    "0": [
      0.0,
      0.0780361288064513,
      0.15307337294603593,
      0.22222809320784087,
      0.282842712474619,
      0.3325878449210181,
      0.36955181300451473,
      0.3923141121612922,
      0.4,
      0.3923141121612922,
      0.36955181300451473,
      0.33258784492101817,
      0.28284271247461906,
      0.22222809320784087,
      0.15307337294603596,
      0.07803612880645144,
      4.898587196589413e-17,
      -0.07803612880645135,
      -0.15307337294603587,
      -0.2222280932078408,
      -0.282842712474619,
      -0.3325878449210181,
      -0.3695518130045146,
      -0.39231411216129214,
      -0.4,
      -0.3923141121612922,
      -0.3695518130045147,
      -0.3325878449210182,
      -0.28284271247461906,
      -0.22222809320784087,
      -0.15307337294603618,
      -0.0780361288064515
    ],
    "10": [
      0.06960437562110641,
      0.15340817217391603,
      0.10333784285365567,
      -0.04781653246489554,
      -0.13252536312859164,
      -0.06678380789845349,
      0.027718163885460428,
      0.03315623141392834,
      -0.01161347151047792,
      -0.03899588946183684,
      -0.058842152109890265,
      -0.02708776413453023,
      0.1459069349762936,
      0.333560307333462,
      0.14385123749526513,
      -0.3270036653846198,
      -0.4185032928434661,
      -0.04902944771711361,
      0.2762445733328488,
      0.19286849211671367,
      -0.06416712435602136,
      -0.018117941504464028,
      0.18306360731974777,
      0.06552167082690757,
      -0.22684185490493375,
      -0.17535592022446764,
      0.18402086411622262,
      0.3665726030621526,
      0.08270118398851153,
      -0.288084684505594,
      -0.3039555247357309,
      -0.10681182363110509
    ],
    "20": [
      -0.16175070538293113,
      0.18435997618771666,
      0.20804779172094157,
      -0.16529843082791273,
      -0.31211033765097423,
      -0.02768168138820897,
      0.1957602355286113,
      0.05552424726213502,
      -0.13249709708705182,
      -0.027314907120777148,
      0.1444577077829413,
      0.08053847265817125,
      -0.07385750240717698,
      -0.06041564447500491,
      0.015252779987133067,
      -0.020931841100423582,
      -0.07302785564526573,
      -0.030434551613078325,
      0.01879721926755906,
      0.02986669584495672,
      0.10219686674925782,
      0.19757630108469812,
      0.08305783499732115,
      -0.18345370398697297,
      -0.23779319857699704,
      -0.05224556169744403,
      0.09117054789356842,
      0.11220272229747251,
      0.15903054581550122,
      0.19207396787582326,
      -0.026734832992437986,
      -0.28436606100115086
    ],
    "30": [
      0.04796551890752084,
      0.2509130949811842,
      0.08915538398202556,
      -0.17674512627022693,
      -0.09065258607803059,
      0.18641334910611418,
      0.15135451587136628,
      -0.17381054166964247,
      -0.24247497347722144,
      0.04218975346507875,
      0.2670030888738259,
      0.20494011251397126,
      0.06396664935882711,
      0.027074325598221094,
      -0.09783769008416868,
      -0.3080917783592616,
      -0.29438289941754586,
      -0.044686659850501936,
      0.15159514950164293,
      0.13428022675362086,
      0.05011447889802298,
      0.06480477158099518,
      0.06695274606816269,
      -0.058655710754189266,
      -0.16697089493452835,
      -0.11933278595838061,
      0.018865903023824442,
      0.14663706077089472,
      0.18400460640045252,
      0.03443774193027764,
      -0.1986589968941763,
      -0.21036783383815502
    ],
    "40": [
      -0.14407769782364027,
      -0.0031329666974539805,
      0.16745771247805918,
      -0.037033432034940576,
      -0.21118793258520668,
      0.08337462437072304,
      0.4338882979015926,
      0.13353081294323316,
      -0.40587700342084987,
      -0.304790586387503,
      0.16262730778094067,
      0.2883361716624972,
      -0.003934558778065025,
      -0.15137632691574596,
      0.018079526944625855,
      0.10231484505290779,
      -0.010847793989412935,
      -0.08523226126507324,
      -0.06566991673710049,
      -0.04640751211050656,
      0.05663457318484631,
      0.2546990269961327,
      0.20157601810995515,
      -0.19162227655722233,
      -0.3460676959968606,
      -0.06632871369754298,
      0.11760022881396366,
      -0.0769597009900042,
      -0.22023962016827225,
      0.015974406426375366,
      0.25003855428542465,
      0.0846538892041235
    ]
  },
  "_source": "solver"
}