{
  "grid": [
    0.0,
    0.06666666666666667,
    0.13333333333333333,
    0.2,
    0.26666666666666666,
    0.3333333333333333,
    0.4,
    0.4666666666666667,
    0.5333333333333333,
    0.6,
    0.6666666666666666,
    0.7333333333333333,
    0.8,
    0.8666666666666667,
    0.9333333333333333,
    1.0
  ],
  "solution_steps": {
    "0": [
      0.0,
      0.40673664307580015,
      0.7431448254773941,
      0.9510565162951535,
      0.9945218953682734,
      0.8660254037844387,
      0.5877852522924732,
      0.20791169081775931,
      -0.20791169081775907,
      -0.587785252292473,
      -0.8660254037844384,
      -0.9945218953682733,
      -0.9510565162951536,
      -0.743144825477394,
      -0.40673664307580015,
      -2.4492935982947064e-16
    ],
    "4": [
      0.0,
      0.3614473865928009,
      0.6832425613980676,
      0.9218900277151482,
      1.0289625041795414,
      0.9583162815369712,
      0.6879767749424661,
      0.2513009947844163,
      -0.251300994784416,
      -0.6879767749424659,
      -0.9583162815369709,
      -1.028962504179541,
      -0.9218900277151483,
      -0.6832425613980675,
      -0.3614473865928009,
      0.0
    ],
    "8": [
      0.0,
      0.3259270734921041,
      0.6284204246050874,
      0.8790780528540296,
      1.0372931232680602,
      1.0404691958252763,
      0.8082149746954482,
      0.31144266327705744,
      -0.31144266327705716,
      -0.8082149746954477,
      -1.0404691958252763,
      -1.0372931232680598,
      -0.8790780528540296,
      -0.6284204246050874,
      -0.3259270734921039,
      0.0
    ],
    "12": [
      0.0,
      0.29749263380337765,
      0.5800453662228572,
      0.829635778399721,
      1.0195624438577906,
      1.0984031784317145,
      0.9466442091733237,
      0.39870927959642816,
      -0.39870927959642805,
      -0.9466442091733231,
      -1.0984031784317145,
      -1.0195624438577895,
      -0.8296357783997209,
      -0.5800453662228572,
      -0.2974926338033774,
      0.0
    ],
    "16": [
      0.0,
      0.2741020806048427,
      0.5378440577899972,
      0.7792111676208763,
      0.9817822683539812,
      1.1188063370788706,
      1.0926248052737897,
      0.5320915095063606,
      -0.5320915095063605,
      -1.0926248052737892,
      -1.1188063370788706,
      -0.9817822683539802,
      -0.7792111676208766,
      -0.5378440577899973,
      -0.27410208060484254,
      0.0
    ],
    "20": [
      0.0,
      0.2542408576355499,
      0.5007551590554918,
      0.7309832319292234,
      0.9334735976998249,
      1.0960184393845345,
      1.219852802199247,
      0.7481482195501574,
      -0.7481482195501573,
      -1.2198528021992467,
      -1.0960184393845345,
      -0.9334735976998239,
      -0.7309832319292234,
      -0.5007551590554923,
      -0.25424085763554966,
      0.0
    ],
    "24": [
      0.0,
      0.2368034249732119,
      0.4675333889577031,
      0.6858164034858624,
      0.8836048507748953,
      1.0382673969884004,
      1.28001118515979,
      1.1227649998329603,
      -1.1227649998329612,
      -1.2800111851597897,
      -1.0382673969884006,
      -0.8836048507748941,
      -0.6858164034858621,
      -0.4675333889577035,
      -0.23680342497321155,
      0.0
    ],
    "25": [
      0.0,
      0.23272438508725118,
      0.45969873543163425,
      0.6749561260684535,
      0.871595248053494,
      1.0208152706715379,
      1.276658855037234,
      1.2580280249463285,
      -1.2580280249463294,
      -1.2766588550372333,
      -1.020815270671538,
      -0.8715952480534929,
      -0.6749561260684533,
      -0.45969873543163475,
      -0.23272438508725085,
      0.0
    ]
  },
  "_source": "solver"
}