{
  "iterations_completed": 1,
  "converged": true,
  "_source": "harvester",
  "fidelity": 0.9976111599129485,
  "shots": 10000,
  "l2_error_abs": 0.06912076514407765,
  "l2_error_rel": 0.06912076514407765
}