{
  "quantum_solution": [
    0.6896253762381664,
    0.0950440135953961,
    0.7118764830999651,
    0.09281890290921627
  ],
  "classical_solution": [
    0.7055698197297996,
    0.046596453582414196,
    0.7055698197297996,
    0.046596453582414196
  ],
  "_source": "harvester"
}