step, iter, fidelity, l2_error_abs, l2_error_rel, l2_error_normalized, linsys_residual
0, 0, 0.9854600367992429, 0.3551584717337096, 0.1313172305149588, 0.12080233275303182, 3.6001583923011795
