{
  "iterations_completed": 1,
  "converged": false,
  "_source": "solver",
  "fidelity": 0.9854600367992429,
  "l2_error_normalized": 0.12080233275303182,
  "residual": 3.6001583923011795,
  "hhl_metrics": [
    {
      "step": 0,
      "fidelity": 0.9854600367992429,
      "l2_error_abs": 0.3551584717337096,
      "l2_error_rel": 0.1313172305149588,
      "l2_error_normalized": 0.12080233275303182,
      "linsys_residual": 3.6001583923011795
    }
  ]
}