xp, rho, u, p, Mach
0.1,0.9999999999999994,1.5000000000000009,0.7127423042974441,1.5016232115067596
0.3,0.9216950364001497,1.5648165475379376,0.6305910635150627,1.5988920039770784
0.5,0.6597875069116065,1.7001388294984143,0.384053636469807,1.883330204639791
0.7,0.5491836571760796,1.7690641252695973,0.302557304078446,2.0143481743219183
0.9,0.5002684552796447,1.842331100740258,0.2698627619870027,2.1199896700869076
