{
  "iterations_completed": 1,
  "converged": true,
  "_source": "harvester",
  "fidelity": 0.9980559300986865,
  "shots": 10000,
  "l2_error_abs": 0.06235495010523917,
  "l2_error_rel": 0.06235495010523917
}