{
  "quantum_solution": [
    0.7034004057313452,
    0.0036909002117083704,
    0.7107822061547621,
    0.0017034924054038633
  ],
  "classical_solution": [
    0.7055698197297996,
    0.046596453582414196,
    0.7055698197297996,
    0.046596453582414196
  ],
  "_source": "harvester"
}