dq_lu, dq_hhl,
-0.000932382645040189,-0.0004244450595203655
-0.0007048870649266476,-0.00016042515324292948
-0.002099464948525642,-0.0005073088782296828
-0.0012674629524439063,-0.0003929597673532227
-0.0034615481120566878,-0.0008488901190413961
0.0018106397100924228,0.0004537508549242591
0.0023799591150030137,0.000600255959656348
-0.0012963946503170573,-0.00042444505952049326
0.002054127425998335,0.0005320700402425597
-4.8378736813698125e-05,-0.0
-0.0025061002125147435,-0.000680626282386493
0.003318960720740049,0.0007859195347068288
0.0036380926727361267,0.0009075017098487699
0.0013151340013404064,0.00045375085492416466
0.002763963788007612,0.0007524606670435205
