dq_lu, dq_hhl,
-0.003994543773957151,-0.0
-0.003085021570464528,-0.0
-0.012871498565328923,-0.0037344881594963113
-0.0077781991487882625,-0.002952372119734477
-0.02731622632124756,-0.007468976318992929
0.012891011966865217,0.0037344881594963118
0.018865512915156077,0.004760556999638341
-0.0096925652409512,-0.002640681901840643
0.011677362751624966,0.0034932938019497702
-0.0026002017310215917,-0.00132034095091995
-0.022327375272551145,-0.005281363803681595
0.02498325975721228,0.007698844569611181
0.026431651625164976,0.006860692830923856
0.010606823227830742,0.0026406819018406666
0.021529821427461654,0.006468323232512198
