dq_lu, dq_hhl,
-0.004042115392677851,-0.0
-0.003094399120961119,-0.0
-0.014761335056034237,-0.0017605495676351493
-0.009657076212397942,-0.0017605495676350864
-0.032771557321983766,-0.005497314262981541
0.014224972992154722,0.0017605495676351448
0.02132187319568483,0.002640824351452779
-0.009639151603612311,-0.0
0.01312043000490772,0.0017605495676351346
-0.003724479319060151,-0.0008802747838173979
-0.02682771637805273,-0.004401373919088007
0.029524666759345525,0.0053545024713720895
0.030607001532193895,0.004657976326765058
0.012106265898257727,0.0015246806501937264
0.02534377104552275,0.004033925829205038
