xp, rho, u, p, Mach
0.1,0.9884001295020927,1.5137247322417091,0.7006571204153696,1.5194853450904542
0.3,0.8872883450989428,1.6147788101315625,0.6008682438965625,1.6584095362288975
0.5,0.6173166763556518,1.750271769963714,0.37185281588745944,1.9059431288388338
0.7,0.517070146886285,1.8338180017238122,0.28561671171222264,2.085331668643931
0.9,0.48011221236029744,1.8810909490040655,0.2582062456317056,2.1678727230942685
