xp, rho, u, p, Mach
0.1,0.9889492848515858,1.5135924828000458,0.7010951079190358,1.5192998198082062
0.3,0.8876463879015076,1.6172531645166222,0.5984981066782332,1.6645720435832485
0.5,0.6148220830989751,1.7593200141935061,0.36874513077971416,1.9199610015705615
0.7,0.517070146886285,1.838128021444587,0.28269815432745493,2.1009948292574503
0.9,0.4766410092652441,1.8921266943379094,0.25569118387797485,2.1833533192834214
