xp, rho, u, p, Mach
0.1,0.9889492848515858,1.5135924828000458,0.7014651495234396,1.518899031324799
0.3,0.8881804969512924,1.619164608724991,0.5962389400662176,1.6701959755944331
0.5,0.6124334748135413,1.7676922384178646,0.3660835583488648,1.9323330653826598
0.7,0.5176042559360693,1.8411800369348241,0.280320192205165,2.1144818795152727
0.9,0.4738656972322145,1.900020393925528,0.25398686664366243,2.1933919754941664
