dq_lu, dq_hhl,
1.0498185728887234e-05,3.09457312914187e-05
1.931016349589293e-05,0.0
5.9624590952683075e-06,4.376387288670659e-05
8.394435667308313e-05,0.00013488931544450045
9.752111969233111e-05,0.00010263537956552011
0.0002050542416188886,0.00025798422593387046
0.00012125611638924544,0.0001401127576247443
0.00019029132697039427,0.00017090338704267528
0.0003021416167615128,0.00030790613869869857
-0.00045724915641890275,-0.000433792488488565
-0.00042345368422199803,-0.00041460351206698646
-0.0009061375721880807,-0.0008603803778379683
-0.001780943999633171,-0.001683060916319369
-0.0016515551780594833,-0.0015936300488905517
-0.0034969135495775704,-0.0033246864376308854
