xp, rho, u, p, Mach
0.1,0.9869744627550494,1.5146118470970305,0.6999682642339963,1.520026342701315
0.3,0.8850602508163044,1.6113403197291742,0.6039035092223298,1.64864024845779
0.5,0.631802758039639,1.726615276386163,0.3841905972446821,1.8713238560101841
0.7,0.592049823462666,1.709036536975469,0.34808682340958635,1.883747399452409
0.9,0.6435712826152872,1.6073490540076323,0.39288453295123166,1.7386495143886793
