xp, rho, u, p, Mach
0.1,0.9874027718557081,1.5144738977858951,0.6997785706833931,1.5204236847346897
0.3,0.8856285762046245,1.613467102436782,0.6028736505831058,1.6527560524144063
0.5,0.6191138404678833,1.7419264385441247,0.3746882309495125,1.8924134385509865
0.7,0.5181288305714151,1.827030504981612,0.2896830440120243,2.0650906596200844
0.9,0.48894531801632146,1.8597516414628184,0.26497533675094875,2.135100648172875
