xp, rho, u, p, Mach
0.1,0.9874666770555026,1.5144416659285511,0.6998142573304105,1.5204017581844993
0.3,0.8860042022028641,1.613187111198106,0.6031614533836006,1.652425266604004
0.5,0.619661448624887,1.7414679118121024,0.37501682691461197,1.8919224047867416
0.7,0.5170515503459704,1.829066627402034,0.28878480522304606,2.0684511132415437
0.9,0.48399519522830736,1.869150568897408,0.2610778784380056,2.1508778992604842
