xp, rho, u, p, Mach
0.1,0.9874708874094023,1.5144363572760358,0.6998201705379975,1.5203932465586516
0.3,0.8860306536979565,1.6131642573925633,0.6031843036211965,1.652395223343324
0.5,0.6197094590491108,1.7414144971193135,0.3750516040551997,1.891849945078616
0.7,0.517031760112933,1.8291095361536251,0.2887668066884401,2.068524512818902
0.9,0.4837719802114058,1.8695815025765297,0.26090244884066516,2.151600627808912
