xp, rho, u, p, Mach
0.1,0.9874400517282603,1.5144742147788501,0.699783707990768,1.5204471238325157
0.3,0.8858540530092182,1.613306898858997,0.6030412449439163,1.6525726199512527
0.5,0.6194204066699519,1.7416451529678953,0.3748723145277472,1.8921115131056516
0.7,0.5174273212990341,1.8282877824790185,0.2891143205601826,2.0671424980190656
0.9,0.4859692280102629,1.8653625831552614,0.2626316325679077,2.144520053579877
