{
  "iterations_completed": 1,
  "converged": true,
  "_source": "harvester",
  "fidelity": 0.4119207344734633,
  "shots": 100000,
  "l2_error_abs": 1.3566541135292276,
  "l2_error_rel": 1.3566541135292278
}