{
  "quantum_solution": [
    0.356519,
    0.01099703,
    0.01099703,
    0.03559293,
    0.80514251,
    0.00582808,
    0.00551586,
    0.02577538,
    0.80215908,
    0.00489143,
    0.00593215,
    0.02549786,
    0.36172265,
    0.01169085,
    0.0111358,
    0.03389307,
    0.1412269,
    0.0552627,
    0.01908003,
    0.00270589,
    0.16526774,
    0.06268657,
    0.01953101,
    0.01099703,
    0.1677308,
    0.06365791,
    0.02043298,
    0.01058074,
    0.1377925,
    0.05581776,
    0.01970447,
    0.00333033
  ],
  "classical_solution": [
    0.1370258292656998,
    -0.011418819105474983,
    -0.011418819105474983,
    0.1370258292656998,
    -1.5212923061913554e-18,
    0.0038062730351583283,
    0.003806273035158328,
    6.628487905548049e-18,
    5.324523071669744e-18,
    0.003806273035158328,
    0.003806273035158329,
    -1.2170338449530844e-17,
    0.1370258292656998,
    -0.011418819105474983,
    -0.011418819105474987,
    0.13702582926569984,
    0.3768210304806741,
    0.25882656639076623,
    0.14463837533601673,
    0.03425645731642548,
    0.3768210304806745,
    0.25882656639076634,
    0.14463837533601653,
    0.03425645731642495,
    0.3768210304806745,
    0.25882656639076634,
    0.14463837533601648,
    0.03425645731642481,
    0.3768210304806744,
    0.2588265663907663,
    0.14463837533601653,
    0.03425645731642495
  ],
  "_source": "harvester"
}