dq_lu, dq_hhl,
-0.0006577883591438877,-0.0
0.0004550812883071608,0.0
-0.0008726517060412584,-0.0002903325680695835
0.0014548259275257189,0.00041059225536280294
-0.001973390009632343,-0.0
0.0009431910316509029,0.0
-0.0012781377843951848,-0.00029033256806968897
-0.00047972956725060134,-0.0
-0.0017668242247915178,-0.0004105922553628528
-0.0008204503200621764,-0.0002903325680695623
-0.000643116769469722,-0.0
0.0012677091285659002,0.0002903325680696871
-0.0008502933109668329,-0.0
-0.001753305496483662,-0.0
-0.0031831818035627417,-0.0005028707589888864
