xp, rho, u, p, Mach
0.1,0.9926945097031866,1.5056037326185185,0.708384881436566,1.5063289852606423
0.3,0.8836413643865006,1.6322326864144785,0.5967444881378632,1.6786566041348383
0.5,0.6314270430869044,1.717096786960961,0.3835711521272227,1.8619558472206874
0.7,0.5247127615632892,1.835287569403708,0.293181247779717,2.075070346571978
0.9,0.5018378924696308,1.8349480886374046,0.2795418626473185,2.077868515568006
