xp, rho, u, p, Mach
0.1,0.9881260888542883,1.5129714136963612,0.7006267289114438,1.518551540630229
0.3,0.8849804917332376,1.617308801855488,0.6009786217464623,1.6586939830488254
0.5,0.6206950653656185,1.7394256637112455,0.37585483806470993,1.8891695175595522
0.7,0.51756453128232,1.8284732499404641,0.28826301868134446,2.0706771038251333
0.9,0.4846241907210812,1.8699123478421396,0.26126078570101635,2.152398405825996
