{
  "u_initial": [
    0.0,
    0.21213203435596423,
    0.3,
    0.21213203435596426,
    3.6739403974420595e-17,
    -0.21213203435596423,
    -0.3,
    -0.2121320343559643
  ],
  "u_final_classical": [
    -8.662282939844826e-18,
    0.09374864778879735,
    0.1453279799522981,
    0.11417853339793523,
    3.1291087615640094e-17,
    -0.11417853339793517,
    -0.1453279799522981,
    -0.09374864778879737
  ],
  "u_final_method": [
    -5.861977570020827e-16,
    0.08772152099297831,
    0.12953680687802627,
    0.095782399166621,
    7.105427357601002e-16,
    -0.09578239916661936,
    -0.12953680687802638,
    -0.08772152099297995
  ],
  "errors_by_step": {
    "0": 0.0,
    "1": 0.1433359937216737,
    "2": 0.14090007506881083,
    "3": 0.1373793759468247,
    "4": 0.13260917051357907,
    "5": 0.12688432792948778,
    "6": 0.12055041185392384
  },
  "final_error": 0.12055041185392384,
  "max_error": 0.1433359937216737,
  "_source": "solver"
}