{
  "grid": [
    0.0,
    0.125,
    0.25,
    0.375,
    0.5,
    0.625,
    0.75,
    0.875
  ],
  "solution_steps": {
    "0": [
      0.0,
      0.21213203435596423,
      0.3,
      0.21213203435596426,
      3.6739403974420595e-17,
      -0.21213203435596423,
      -0.3,
      -0.2121320343559643
    ],
    "1": [
      -1.5987211554602254e-16,
      0.15873468657257248,
      0.2285311286868221,
      0.1647478714662902,
      2.486899575160351e-16,
      -0.16474787146628952,
      -0.22853112868682218,
      -0.15873468657257317
    ],
    "2": [
      -3.1974423109204507e-16,
      0.1399933302893011,
      0.20394875538437154,
      0.1488586209903024,
      3.1974423109204507e-16,
      -0.14885862099030134,
      -0.20394875538437154,
      -0.13999333028930214
    ],
    "3": [
      -3.9968028886505636e-16,
      0.12402668185685077,
      0.1820280834817006,
      0.1338557841990566,
      4.263256414560601e-16,
      -0.1338557841990554,
      -0.1820280834817006,
      -0.12402668185685198
    ],
    "4": [
      -3.1974423109204507e-16,
      0.11025448439347674,
      0.16248784881321945,
      0.1199666737860614,
      5.329070518200751e-16,
      -0.11996667378605995,
      -0.16248784881321968,
      -0.1102544843934782
    ],
    "5": [
      -4.796163466380677e-16,
      0.09825630556987712,
      0.14506869519787044,
      0.10727589631660557,
      7.105427357601002e-16,
      -0.107275896316604,
      -0.14506869519787066,
      -0.09825630556987867
    ],
    "6": [
      -5.861977570020827e-16,
      0.08772152099297831,
      0.12953680687802627,
      0.095782399166621,
      7.105427357601002e-16,
      -0.09578239916661936,
      -0.12953680687802638,
      -0.08772152099297995
    ]
  },
  "_source": "solver"
}