{
  "u_initial": [
    0.0,
    0.0490085701647803,
    0.09754516100806412,
    0.14514233862723117,
    0.1913417161825449,
    0.23569836841299882,
    0.2777851165098011,
    0.31719664208182274,
    0.35355339059327373,
    0.3865052266813685,
    0.4157348061512726,
    0.44096063217417747,
    0.46193976625564337,
    0.47847016786610447,
    0.4903926402016152,
    0.4975923633360984,
    0.5,
    0.49759236333609846,
    0.4903926402016152,
    0.47847016786610447,
    0.46193976625564337,
    0.4409606321741775,
    0.41573480615127273,
    0.38650522668136855,
    0.3535533905932738,
    0.31719664208182274,
    0.2777851165098011,
    0.23569836841299893,
    0.19134171618254495,
    0.1451423386272312,
    0.0975451610080643,
    0.04900857016478041,
    6.123233995736766e-17,
    -0.049008570164780295,
    -0.09754516100806418,
    -0.14514233862723105,
    -0.19134171618254484,
    -0.23569836841299882,
    -0.277785116509801,
    -0.31719664208182263,
    -0.35355339059327373,
    -0.38650522668136833,
    -0.4157348061512726,
    -0.44096063217417747,
    -0.46193976625564326,
    -0.4784701678661044,
    -0.49039264020161516,
    -0.49759236333609846,
    -0.5,
    -0.49759236333609846,
    -0.4903926402016152,
    -0.47847016786610447,
    -0.4619397662556433,
    -0.4409606321741775,
    -0.41573480615127273,
    -0.38650522668136844,
    -0.35355339059327384,
    -0.31719664208182297,
    -0.2777851165098011,
    -0.23569836841299896,
    -0.1913417161825452,
    -0.14514233862723125,
    -0.09754516100806436,
    -0.04900857016478025
  ],
  "u_final_classical": null,
  "u_final_method": [
    5.9637197149383915e-18,
    0.030534328565747126,
    0.060959141265980316,
    0.09116376798644657,
    0.12103520379879604,
    0.15045687504809982,
    0.1793073236601644,
    0.2074587792095656,
    0.23477558577882993,
    0.261112447917537,
    0.2863124575875505,
    0.3102048627716616,
    0.3326025400131893,
    0.3532991402143694,
    0.3720658939308686,
    0.38864809614079504,
    0.4027613518207106,
    0.4140877686163161,
    0.42227245386909684,
    0.4269209390954579,
    0.42759854750528825,
    0.4238332629555839,
    0.41512434233432116,
    0.4009596487473143,
    0.3808452317704735,
    0.3543505797576374,
    0.32117150598644195,
    0.2812089973594267,
    0.23465612477353237,
    0.1820770729649038,
    0.12445529681856396,
    0.06318640689027634,
    -7.373439616679119e-18,
    -0.06318640689027635,
    -0.12445529681856402,
    -0.18207707296490383,
    -0.23465612477353237,
    -0.2812089973594267,
    -0.32117150598644195,
    -0.3543505797576374,
    -0.3808452317704735,
    -0.4009596487473143,
    -0.41512434233432116,
    -0.4238332629555839,
    -0.42759854750528825,
    -0.4269209390954579,
    -0.42227245386909684,
    -0.4140877686163161,
    -0.4027613518207106,
    -0.38864809614079504,
    -0.3720658939308686,
    -0.3532991402143694,
    -0.3326025400131893,
    -0.3102048627716616,
    -0.2863124575875505,
    -0.261112447917537,
    -0.23477558577882993,
    -0.2074587792095656,
    -0.1793073236601644,
    -0.15045687504809982,
    -0.12103520379879604,
    -0.09116376798644657,
    -0.06095914126598029,
    -0.03053432856574711
  ],
  "errors_by_step": {},
  "final_error": NaN,
  "max_error": NaN,
  "_source": "solver"
}