dq_lu, dq_hhl,
-0.0007468048415979649,-0.00029697589354703524
0.001150920726438161,0.0004199873363522832
0.0007799228555623269,0.0
0.002227470771284861,0.0004199873363524596
0.0009098607040579431,0.0004199873363521866
0.0011453554911746093,0.00029697589354717353
0.0012317814879378686,0.0
-7.879949189295413e-05,-0.0
-1.629921165837723e-05,-0.0
0.0033936860924421532,0.0005939517870946908
-0.002166877496613882,-0.0004199873363524543
0.0011714437364997812,0.0
0.001414645957150815,0.0004199873363523512
-0.0007384200039784372,-0.00029697589354703074
0.0009688425670955261,0.0
-0.0008353861657310008,-0.00029697589354707736
-0.001990269522186111,-0.0007274394050979404
0.002121471258674879,0.0002969758935472929
-0.0014407755831319009,-0.0004199873363523566
-0.0021516928809637214,-0.000514377336247081
-0.002610886795062122,-0.0008909276806419574
-0.0019388552070686283,-0.0002969758935472797
-0.0009203825357571142,-0.0
-0.0015618289211779672,-0.0005143773362469906
-0.002811544743756712,-0.000514377336247137
-0.0024987750508718696,-0.0006640582856505353
-0.0024240100351156624,-0.0004199873363524749
-0.003120338837204589,-0.0005143773362471551
-0.0032696370162441668,-0.000593951787094684
-0.0018060526136599209,-0.0
