{
  "iterations_completed": 1,
  "converged": true,
  "_source": "harvester",
  "fidelity": 0.9979523283033359,
  "shots": 1000,
  "l2_error_abs": 0.06399487005477954,
  "l2_error_rel": 0.06399487005477954
}