{
  "quantum_solution": [
    0.6901568482845251,
    0.08864399886223256,
    0.7123178480000832,
    0.09180985596445516
  ],
  "classical_solution": [
    0.7055698197297996,
    0.046596453582414196,
    0.7055698197297996,
    0.046596453582414196
  ],
  "_source": "harvester"
}