{
  "grid": [
    0.0,
    0.03225806451612903,
    0.06451612903225806,
    0.0967741935483871,
    0.12903225806451613,
    0.16129032258064516,
    0.1935483870967742,
    0.22580645161290322,
    0.25806451612903225,
    0.29032258064516125,
    0.3225806451612903,
    0.3548387096774194,
    0.3870967741935484,
    0.4193548387096774,
    0.45161290322580644,
    0.4838709677419355,
    0.5161290322580645,
    0.5483870967741935,
    0.5806451612903225,
    0.6129032258064516,
    0.6451612903225806,
    0.6774193548387096,
    0.7096774193548387,
    0.7419354838709677,
    0.7741935483870968,
    0.8064516129032258,
    0.8387096774193548,
    0.8709677419354839,
    0.9032258064516129,
    0.9354838709677419,
    0.967741935483871,
    1.0
  ],
  "solution_steps": {
    "0": [
      0.0,
      0.20129852008866006,
      0.39435585511331855,
      0.5712682150947923,
      0.7247927872291199,
      0.8486442574947509,
      0.9377521321470804,
      0.9884683243281114,
      0.9987165071710528,
      0.9680771188662044,
      0.8978045395707416,
      0.7907757369376985,
      0.6513724827222223,
      0.48530196253108143,
      0.29936312297335804,
      0.10116832198743228,
      -0.10116832198743204,
      -0.2993631229733574,
      -0.48530196253108043,
      -0.651372482722222,
      -0.7907757369376986,
      -0.8978045395707414,
      -0.9680771188662043,
      -0.9987165071710528,
      -0.9884683243281114,
      -0.9377521321470808,
      -0.8486442574947515,
      -0.72479278722912,
      -0.5712682150947924,
      -0.3943558551133187,
      -0.20129852008866028,
      -2.4492935982947064e-16
    ],
    "10": [
      0.0,
      0.14215623188604118,
      0.2887184063075411,
      0.441383300495074,
      0.5970621379322728,
      0.7471324012388431,
      0.8785531963522217,
      0.9767433969205677,
      1.0292184621783975,
      1.0284966513742702,
      0.9732127600321886,
      0.8674038655454389,
      0.7187526611012263,
      0.5367302910527417,
      0.33123996281912843,
      0.11193048356463457,
      -0.11193048356463409,
      -0.33123996281912765,
      -0.5367302910527412,
      -0.718752661101226,
      -0.8674038655454391,
      -0.9732127600321882,
      -1.02849665137427,
      -1.0292184621783975,
      -0.9767433969205677,
      -0.8785531963522224,
      -0.7471324012388437,
      -0.5970621379322726,
      -0.4413833004950742,
      -0.28871840630754125,
      -0.14215623188604132,
      0.0
    ],
    "20": [
      0.0,
      0.13252801232806372,
      0.25877465406394096,
      0.3761480354578281,
      0.4888493068503099,
      0.607476710665212,
      0.7416484136424647,
      0.8867973252762448,
      1.0156309626080995,
      1.0883510631132982,
      1.0773983609826256,
      0.9814890476233616,
      0.818255026217264,
      0.6099017486986983,
      0.37487831067387445,
      0.1263227792307557,
      -0.12632277923075505,
      -0.37487831067387384,
      -0.6099017486986977,
      -0.8182550262172635,
      -0.9814890476233625,
      -1.0773983609826245,
      -1.0883510631132982,
      -1.0156309626080997,
      -0.8867973252762449,
      -0.7416484136424659,
      -0.6074767106652121,
      -0.4888493068503092,
      -0.37614803545782866,
      -0.2587746540639411,
      -0.13252801232806397,
      0.0
    ],
    "30": [
      0.0,
      0.10857449454224241,
      0.2210388232132857,
      0.3354141312133237,
      0.44276519219667154,
      0.5333215997209266,
      0.6096691937246325,
      0.7034758331749921,
      0.8653500176739742,
      1.0813794372587011,
      1.2120650210412827,
      1.1559214500350234,
      0.9595544495958676,
      0.701215680990561,
      0.42335782416734086,
      0.14126588895215103,
      -0.14126588895215034,
      -0.42335782416734036,
      -0.7012156809905606,
      -0.9595544495958671,
      -1.155921450035027,
      -1.2120650210412771,
      -1.0813794372587033,
      -0.865350017673975,
      -0.7034758331749917,
      -0.6096691937246337,
      -0.5333215997209263,
      -0.44276519219667015,
      -0.3354141312133245,
      -0.22103882321328583,
      -0.10857449454224255,
      0.0
    ],
    "40": [
      0.0,
      0.09971243734140371,
      0.19633340563446067,
      0.29208207266767805,
      0.39331982131433263,
      0.49785523551177796,
      0.5810484780884163,
      0.6055557886547787,
      0.5783427113405901,
      0.7149149054710731,
      1.3340863330672394,
      1.5926308828727094,
      1.2355606415661058,
      0.8326787219140697,
      0.4786631996624988,
      0.15623596545619767,
      -0.15623596545619697,
      -0.4786631996624983,
      -0.8326787219140693,
      -1.2355606415661051,
      -1.592630882872731,
      -1.3340863330671942,
      -0.7149149054710909,
      -0.5783427113405879,
      -0.6055557886547771,
      -0.5810484780884192,
      -0.4978552355117764,
      -0.39331982131433124,
      -0.2920820726676795,
      -0.19633340563446064,
      -0.09971243734140402,
      0.0
    ],
    "50": [
      0.0,
      0.08764288698511556,
      0.17718402195074417,
      0.26557439566554986,
      0.34950603741917685,
      0.43962603234003406,
      0.5539796017797891,
      0.6496577063107399,
      0.6073492478373226,
      0.2145449104050549,
      -0.3835295858124096,
      -2.1607013469405985,
      2.5782113909719526,
      1.074025963387044,
      0.5452088868308018,
      0.17075377900543945,
      -0.17075377900543892,
      -0.5452088868308013,
      -1.0740259633870435,
      -2.5782113909719193,
      2.160701346939992,
      0.38352958581233526,
      -0.21454491040509127,
      -0.6073492478373094,
      -0.6496577063107397,
      -0.5539796017797938,
      -0.43962603234003056,
      -0.3495060374191759,
      -0.26557439566555185,
      -0.17718402195074417,
      -0.08764288698511573,
      0.0
    ]
  },
  "_source": "solver"
}