{
  "u_initial": [
    0.0,
    0.02940514209886818,
    0.05852709660483847,
    0.0870854031763387,
    0.11480502970952693,
    0.1414190210477993,
    0.16667106990588065,
    0.19031798524909363,
    0.21213203435596423,
    0.2319031360088211,
    0.24944088369076356,
    0.26457637930450645,
    0.27716385975338603,
    0.2870821007196626,
    0.2942355841209691,
    0.298555418001659,
    0.3,
    0.2985554180016591,
    0.2942355841209691,
    0.28708210071966267,
    0.27716385975338603,
    0.2645763793045065,
    0.2494408836907636,
    0.23190313600882112,
    0.21213203435596426,
    0.19031798524909363,
    0.16667106990588065,
    0.14141902104779935,
    0.11480502970952697,
    0.08708540317633871,
    0.05852709660483858,
    0.029405142098868246,
    3.6739403974420595e-17,
    -0.029405142098868176,
    -0.058527096604838506,
    -0.08708540317633863,
    -0.1148050297095269,
    -0.1414190210477993,
    -0.16667106990588057,
    -0.19031798524909357,
    -0.21213203435596423,
    -0.23190313600882098,
    -0.24944088369076356,
    -0.26457637930450645,
    -0.2771638597533859,
    -0.2870821007196626,
    -0.29423558412096906,
    -0.2985554180016591,
    -0.3,
    -0.2985554180016591,
    -0.2942355841209691,
    -0.28708210071966267,
    -0.277163859753386,
    -0.2645763793045065,
    -0.24944088369076362,
    -0.23190313600882106,
    -0.2121320343559643,
    -0.19031798524909377,
    -0.16667106990588065,
    -0.14141902104779938,
    -0.1148050297095271,
    -0.08708540317633874,
    -0.05852709660483861,
    -0.029405142098868152
  ],
  "u_final_classical": null,
  "u_final_method": [
    0.013105528920322835,
    0.03693015296234408,
    0.05936952929040907,
    0.08159872447782078,
    0.10442545516445052,
    0.12771977141954066,
    0.15029415140740912,
    0.1702823985088705,
    0.18588967941378104,
    0.19623982342428362,
    0.20192655221884603,
    0.20488826724762038,
    0.20752744327316736,
    0.21150169436833674,
    0.21691762057151123,
    0.2224514358012709,
    0.2263574680789265,
    0.2277885260720928,
    0.22759280127521742,
    0.22794107831254684,
    0.230846883812439,
    0.2364833626318512,
    0.24245991209566597,
    0.2446763687170565,
    0.23945904261719803,
    0.22578287883864234,
    0.20583986099988408,
    0.18292492413259537,
    0.1579150216441944,
    0.12757902193603812,
    0.08712499674055423,
    0.035796524890763945,
    -0.019542556943984123,
    -0.06763080965213589,
    -0.10096440159820673,
    -0.12116630519697139,
    -0.13700725761943416,
    -0.15759940789523,
    -0.18604025348386954,
    -0.21772768998896652,
    -0.24453932490318295,
    -0.26139542860864723,
    -0.2696472332210736,
    -0.27515621509191335,
    -0.28342551552028156,
    -0.29542521750833506,
    -0.30668278653318065,
    -0.31008993167451354,
    -0.30025978881880083,
    -0.2763094382209177,
    -0.2418174041866093,
    -0.2030376123049725,
    -0.16686481879994908,
    -0.13911999464789598,
    -0.12307763725528388,
    -0.11835775681079097,
    -0.12083876153298573,
    -0.12416633834351369,
    -0.12237500647676629,
    -0.11212449419648127,
    -0.09335377876773002,
    -0.06841983605655687,
    -0.04061542186263835,
    -0.012858477543832873
  ],
  "errors_by_step": {},
  "final_error": NaN,
  "max_error": NaN,
  "_source": "solver"
}