{
  "u_initial": [
    0.0,
    0.15307337294603593,
    0.282842712474619,
    0.36955181300451473,
    0.4,
    0.36955181300451473,
    0.28284271247461906,
    0.15307337294603596,
    4.898587196589413e-17,
    -0.15307337294603587,
    -0.282842712474619,
    -0.3695518130045146,
    -0.4,
    -0.3695518130045147,
    -0.28284271247461906,
    -0.15307337294603618
  ],
  "u_final_classical": null,
  "u_final_method": [
    0.0014606400741944243,
    0.016298888985591883,
    0.025901003638499526,
    0.027912305823104906,
    0.033248411116156805,
    0.027724643859552003,
    0.02367311073542153,
    0.013425800401778803,
    0.0037844292661991545,
    -0.016058882086702905,
    -0.02578557973508983,
    -0.030045333984955194,
    -0.027631519926848543,
    -0.02875335779424941,
    -0.022498418055729108,
    -0.006535840666324065
  ],
  "errors_by_step": {},
  "final_error": NaN,
  "max_error": NaN,
  "_source": "solver"
}