xp, rho, u, p, Mach
0.1,0.9999999999999999,1.5000000000000002,0.7142857142857143,1.5000000000000002
0.3,0.9111083069406868,1.6463465304544196,0.6200970199866735,1.686601242546447
0.5,0.7273167248689798,1.7125971655556373,0.3557792224900368,2.0694869848282385
0.7,0.7065850181682846,1.629227522979686,0.3384251668402546,1.9896129858691696
0.9,0.5624634711392626,1.8052911642689955,0.3094239908404791,2.057090547052067
