xp, rho, u, p, Mach
0.1,0.9999999999999999,1.5000000000000002,0.6997260453349733,1.5155254067463277
0.3,0.9111083069406868,1.6084424453480541,0.6059622648029838,1.66687763848447
0.5,0.660679704932164,1.758488990852156,0.37149258331036317,1.981965293080098
0.7,0.588400462628213,1.7872134454192885,0.28519286436632973,2.1695995414681
0.9,0.5089044087262925,1.934996919305109,0.25994407986906315,2.288202212618662
