xp, rho, u, p, Mach
0.1,1.0,1.5,0.7142857142857144,1.5
0.3,1.0,1.5,0.7142857142857144,1.5
0.5,1.0,1.5,0.5100408991116476,1.7751078308713395
0.7,1.0,1.5,0.5100408991116476,1.7751078308713395
0.9,0.8070067901696671,1.6195734733469576,0.6072173909403101,1.5779859456201162
