{
  "grid": [
    0.0,
    0.06666666666666667,
    0.13333333333333333,
    0.2,
    0.26666666666666666,
    0.3333333333333333,
    0.4,
    0.4666666666666667,
    0.5333333333333333,
    0.6,
    0.6666666666666666,
    0.7333333333333333,
    0.8,
    0.8666666666666667,
    0.9333333333333333,
    1.0
  ],
  "solution_steps": {
    "0": [
      5.555177545985609e-12,
      2.7988183977060362e-09,
      5.797115548591035e-07,
      4.9363921634671915e-05,
      0.0017280957896376294,
      0.024870609608846517,
      0.147151776468577,
      0.3579357267257479,
      0.3579357267257479,
      0.147151776468577,
      0.024870609608846562,
      0.0017280957896376324,
      4.9363921634671644e-05,
      5.797115548591035e-07,
      2.7988183977060362e-09,
      5.555177545985609e-12
    ],
    "10": [
      0.0,
      0.0,
      0.0,
      0.0,
      -0.009992936808516007,
      -0.060585336258408784,
      -0.09699162137365626,
      -0.034879012003988956,
      0.15021299438921693,
      0.18206081478107858,
      0.07072794373471762,
      0.014244486446780249,
      0.0,
      0.0,
      0.0,
      0.0
    ],
    "20": [
      0.0,
      0.0,
      0.0,
      0.0,
      -0.01079503883942444,
      -0.03127523246863182,
      0.023408172697406398,
      -0.06421276108669584,
      -0.05459523869241393,
      -0.02225386379698381,
      0.046250434604776874,
      0.01837253149892689,
      0.0,
      0.0,
      0.0,
      0.0
    ],
    "30": [
      0.0,
      0.0,
      0.0,
      0.0,
      -0.011338487681295778,
      -0.03351950387145492,
      0.006750500948698869,
      -0.008016307928176784,
      0.05964578235396122,
      0.025439941767085472,
      0.006809570347081778,
      0.0,
      0.0,
      0.0,
      0.0,
      0.0
    ],
    "40": [
      0.0,
      0.0,
      0.0,
      0.0,
      0.0,
      -0.010234813306586746,
      0.03175016293213543,
      -0.041350256477442796,
      -0.021257878543025334,
      0.00930093565508164,
      0.009479640367790802,
      0.0,
      0.0,
      0.0,
      0.0,
      0.0
    ],
    "50": [
      0.0,
      0.0,
      0.0,
      0.0,
      0.0,
      -0.03044269754462478,
      -0.012975931032488583,
      0.0,
      0.003404417488446254,
      0.020969138430427643,
      0.0,
      0.0,
      0.0,
      0.0,
      0.0,
      0.0
    ],
    "60": [
      0.0,
      0.0,
      0.0,
      0.0,
      -0.012015576958977345,
      0.0,
      0.02020559748197254,
      -0.00579929322735065,
      -0.012927780322667207,
      0.007449323133643204,
      0.009685258692947327,
      0.0,
      0.0,
      0.0,
      0.0,
      0.0
    ],
    "70": [
      0.0,
      0.0,
      0.0,
      0.0,
      0.0,
      -0.004168055746471663,
      -0.008974894858441074,
      -0.0078720482297743,
      -0.011149456197656313,
      0.007455995846162683,
      0.0,
      0.0,
      0.0,
      0.0,
      0.0,
      0.0
    ],
    "80": [
      0.0,
      0.0,
      0.0,
      0.0,
      0.0,
      0.0,
      0.0,
      0.007828649895175075,
      -0.00903606185208818,
      0.007444122555215308,
      0.0,
      0.0,
      0.0,
      0.0,
      0.0,
      0.0
    ],
    "90": [
      0.0,
      0.0,
      0.0,
      0.0,
      0.0,
      0.0,
      0.0,
      0.0,
      0.0,
      0.0,
      0.0,
      0.0,
      0.0,
      0.0,
      0.0,
      0.0
    ]
  },
  "_source": "solver"
}