dq_lu, dq_hhl,
-0.0007652941662389017,-0.0002715668484263022
-0.0002038870161134663,-0.00012144838670288173
0.0002673378608262884,0.00021035477626690847
-0.0008878935167983738,-0.0003435079112083932
-0.0020117795840935496,-0.0009866513577596393
0.000452566008307096,0.0002103547762672305
0.0004581927794989651,0.00024289677340642466
0.00021569749836710436,0.00012144838670291435
-0.0006857607795986031,-0.00027156684842626104
0.00046085414566580094,0.0002974865775070873
0.0007208444755436141,0.00029748657750732014
0.004408764776256431,0.002061047467252213
0.0035177229971803023,0.0016518766500803759
-4.810942263569402e-05,-0.0
0.008802500525827432,0.0040897642789871355
