xp, rho, u, p, Mach
0.1,0.9882375423118452,1.5134689810002298,0.6999416454120632,1.5198798722028128
0.3,0.8869254676297285,1.6138111304584115,0.6021725328508958,1.6552811920616095
0.5,0.6192582584126267,1.742344047314215,0.3752052783365125,1.8917830586663664
0.7,0.516549625893397,1.8293919941275103,0.2871988113446921,2.073516344049782
0.9,0.4801954651056624,1.8835974827022262,0.25476973204136844,2.185542194802964
