{
  "grid": [
    0.0,
    0.0625,
    0.125,
    0.1875,
    0.25,
    0.3125,
    0.375,
    0.4375,
    0.5,
    0.5625,
    0.625,
    0.6875,
    0.75,
    0.8125,
    0.875,
    0.9375
  ],
  "solution_steps": {
    "0": [
      0.0,
      0.22961005941905385,
      0.42426406871192845,
      0.5543277195067721,
      0.6,
      0.5543277195067721,
      0.4242640687119285,
      0.22961005941905394,
      7.347880794884119e-17,
      -0.2296100594190538,
      -0.42426406871192845,
      -0.5543277195067718,
      -0.6,
      -0.554327719506772,
      -0.4242640687119286,
      -0.2296100594190542
    ],
    "10": [
      -3.375491702802297e-17,
      0.1757059906675196,
      0.3351740614742859,
      0.4609779239239457,
      0.5336593044529396,
      0.5322616375241165,
      0.4389099098352236,
      0.25129124719600243,
      9.363775383400478e-17,
      -0.25129124719600227,
      -0.43890990983522354,
      -0.5322616375241167,
      -0.5336593044529399,
      -0.46097792392394576,
      -0.33517406147428597,
      -0.17570599066751966
    ],
    "20": [
      -3.7221996718045016e-18,
      0.14334909455533343,
      0.27722930285990544,
      0.39054133174335187,
      0.46848721391653103,
      0.49000576519734057,
      0.4271358796965077,
      0.2570043089897173,
      5.549944545356369e-17,
      -0.2570043089897172,
      -0.4271358796965076,
      -0.4900057651973407,
      -0.4684872139165311,
      -0.39054133174335187,
      -0.27722930285990544,
      -0.14334909455533343
    ],
    "30": [
      -1.1231762163506062e-17,
      0.12141149186657779,
      0.23646582539485558,
      0.3373149863260236,
      0.41241275257782967,
      0.44286730289373294,
      0.39866645165401676,
      0.24722572888921546,
      6.785602583179694e-17,
      -0.2472257288892154,
      -0.39866645165401676,
      -0.44286730289373294,
      -0.4124127525778297,
      -0.33731498632602364,
      -0.23646582539485558,
      -0.12141149186657782
    ]
  },
  "_source": "solver"
}