{
  "grid": [
    0.0,
    0.125,
    0.25,
    0.375,
    0.5,
    0.625,
    0.75,
    0.875
  ],
  "solution_steps": {
    "0": [
      0.0,
      0.21213203435596426,
      0.3,
      0.21213203435596426,
      3.6739403974420595e-17,
      -0.21213203435596423,
      -0.3,
      -0.2121320343559643
    ],
    "1": [
      -0.1551446553622153,
      0.1485409024021546,
      0.20746603870607302,
      0.06336330419016999,
      0.014197012255462198,
      -0.028567036489387725,
      -0.0665183955993199,
      -0.18333717010293682
    ],
    "2": [
      -0.23343313604227311,
      0.10403910660460358,
      0.19156709189591944,
      0.0481723057284616,
      0.02698808118985724,
      0.033993559922517104,
      0.014877962956496446,
      -0.18620497225558227
    ],
    "3": [
      -0.29322043723728874,
      0.055174685083395104,
      0.17079754707214598,
      0.02335880587306523,
      0.03216493912696926,
      0.08014686647038516,
      0.09025795103817352,
      -0.1586803574268455
    ],
    "4": [
      -0.33032332977390894,
      0.02871881211400812,
      0.1592475901029299,
      0.006676428734396645,
      0.03616748428908672,
      0.12084961773273285,
      0.13490825538189236,
      -0.15624485858113762
    ],
    "5": [
      -0.3697703199513311,
      0.009864569581063378,
      0.13642257056659118,
      -0.011523832557928096,
      0.03401154744738676,
      0.1849714209406064,
      0.19933620193735316,
      -0.18331215796374167
    ],
    "6": [
      -0.4013272609978607,
      0.018556134155602137,
      0.1609298933312228,
      -0.0168637233753082,
      0.04473195705970355,
      0.21664421256518968,
      0.19566541060693432,
      -0.21833662334548362
    ]
  },
  "_source": "solver"
}