{
  "grid": [
    0.0,
    0.03225806451612903,
    0.06451612903225806,
    0.0967741935483871,
    0.12903225806451613,
    0.16129032258064516,
    0.1935483870967742,
    0.22580645161290322,
    0.25806451612903225,
    0.29032258064516125,
    0.3225806451612903,
    0.3548387096774194,
    0.3870967741935484,
    0.4193548387096774,
    0.45161290322580644,
    0.4838709677419355,
    0.5161290322580645,
    0.5483870967741935,
    0.5806451612903225,
    0.6129032258064516,
    0.6451612903225806,
    0.6774193548387096,
    0.7096774193548387,
    0.7419354838709677,
    0.7741935483870968,
    0.8064516129032258,
    0.8387096774193548,
    0.8709677419354839,
    0.9032258064516129,
    0.9354838709677419,
    0.967741935483871,
    1.0
  ],
  "solution_steps": {
    "0": [
      0.0,
      0.20129852008866006,
      0.39435585511331855,
      0.5712682150947923,
      0.7247927872291199,
      0.8486442574947509,
      0.9377521321470804,
      0.9884683243281114,
      0.9987165071710528,
      0.9680771188662044,
      0.8978045395707416,
      0.7907757369376985,
      0.6513724827222223,
      0.48530196253108143,
      0.29936312297335804,
      0.10116832198743228,
      -0.10116832198743204,
      -0.2993631229733574,
      -0.48530196253108043,
      -0.651372482722222,
      -0.7907757369376986,
      -0.8978045395707414,
      -0.9680771188662043,
      -0.9987165071710528,
      -0.9884683243281114,
      -0.9377521321470808,
      -0.8486442574947515,
      -0.72479278722912,
      -0.5712682150947924,
      -0.3943558551133187,
      -0.20129852008866028,
      -2.4492935982947064e-16
    ],
    "8": [
      0.0,
      0.18797257975905962,
      0.3418796471485261,
      0.5019555002891593,
      0.6690699420973938,
      0.8117674306353879,
      0.9061038156612234,
      1.0030290610015367,
      1.0142564397337253,
      1.0233639710101252,
      0.9731573648423951,
      0.8893198688302782,
      0.7551710288961739,
      0.5746563083455416,
      0.3220189217506521,
      0.11102250245771025,
      0.10294085646424081,
      0.2664168703223917,
      0.4300720361197336,
      0.5557697139146083,
      0.6941044977166999,
      0.8227323586471227,
      0.9297375765262177,
      0.9775857515797632,
      0.9754955598882128,
      0.9587850463199782,
      0.8838945415538694,
      0.753924714992016,
      0.642103342065498,
      0.45565174662708396,
      0.2362592686760628,
      0.0
    ],
    "16": [
      0.0,
      0.1842532623623005,
      0.3081969550986548,
      0.47789160916031714,
      0.600247946500408,
      0.7615585610975609,
      0.8556625891222035,
      0.9621440362474348,
      1.039298764890447,
      1.058904782596563,
      1.0627382936833043,
      1.0016354546183992,
      0.841843556772529,
      0.7178535342777157,
      0.4283947739892983,
      0.12319277538137535,
      0.08929785552720335,
      0.25658850801072913,
      0.3658826108825087,
      0.47679039949976293,
      0.5876001886683736,
      0.7238552200293525,
      0.8291536152638758,
      0.9307774841515065,
      0.9219541314823196,
      0.9557560887519944,
      0.9165489817594242,
      0.7983888321785134,
      0.6949691120963886,
      0.5331355825555608,
      0.3052500012845288,
      0.0
    ],
    "24": [
      0.0,
      0.20185146398348042,
      0.2579047134220376,
      0.43729868388392756,
      0.5565887055627116,
      0.719825463687356,
      0.8149695375378848,
      0.9172108114917225,
      1.0250767669386858,
      1.0406312987973494,
      1.1268839674787312,
      1.0913560908224937,
      0.9326624978505457,
      0.8565784673091928,
      0.5709119621489783,
      0.12726154401553813,
      0.0862695381691014,
      0.22456984747996686,
      0.3167428667557544,
      0.4279304824668326,
      0.5101068278650533,
      0.6439810980835612,
      0.7278811571661744,
      0.8764598546883117,
      0.8576421190895828,
      0.916396607649883,
      0.9356625090370881,
      0.842408349946007,
      0.7708032039050998,
      0.6113839500671313,
      0.3792468703199533,
      0.0
    ],
    "32": [
      0.0,
      0.16830926616376524,
      0.2512771353315315,
      0.40684559463829273,
      0.520237252661173,
      0.6590057626046343,
      0.7570669870803757,
      0.8553204782901234,
      0.9722947047619342,
      1.0185416649849277,
      1.1164382214202535,
      1.205623185676182,
      1.0471417699978014,
      0.9800430729283282,
      0.782427376101574,
      0.12282186337455656,
      0.09856810673211815,
      0.19598992572052656,
      0.2919529131443971,
      0.4055775519879087,
      0.4740992404383083,
      0.5746857552105893,
      0.6377022996061831,
      0.7942478433050228,
      0.8111387646990859,
      0.8360870799665817,
      0.9382530671964806,
      0.8870396780728002,
      0.7916115289669841,
      0.7017275788167836,
      0.4776354509792758,
      0.0
    ],
    "40": [
      0.0,
      0.14278705224173724,
      0.27222174643181374,
      0.37386259204945366,
      0.48281545335533327,
      0.6148814340817308,
      0.7296452108177854,
      0.820250489558128,
      0.9205187875869245,
      0.9692661314881904,
      1.0364441747806763,
      1.218138523062101,
      1.130532473332898,
      1.0839100969204203,
      1.1062734860284145,
      0.1716021760831817,
      0.09417523706430361,
      0.16484847901823343,
      0.26778282262744546,
      0.3689296411603367,
      0.4142246595123159,
      0.5096673670342282,
      0.5789734900096181,
      0.7168837690778735,
      0.7972657559958874,
      0.7626399982047307,
      0.8834522848119377,
      0.9213379227671711,
      0.848390994797785,
      0.7394648081118704,
      0.6378412108783301,
      0.0
    ],
    "48": [
      0.0,
      0.11774009950134516,
      0.2717229731918683,
      0.34060774439260816,
      0.4689671787400331,
      0.5633547222083367,
      0.6782688459300855,
      0.765271836125146,
      0.8729676992080311,
      0.9642228030405283,
      0.9496116051559278,
      1.1711410295545683,
      1.1699544929679977,
      1.0074137075130116,
      1.5455153776762793,
      0.29004719546073987,
      0.07546613139712026,
      0.14003463564480848,
      0.26081468043015255,
      0.31564167193014514,
      0.3640904174957927,
      0.4802053445523428,
      0.5522851117842691,
      0.6382511471666642,
      0.7667308809409258,
      0.7302427996130944,
      0.8294170490153465,
      0.897815813379906,
      0.909796153454636,
      0.7974764530121887,
      0.8386031675163544,
      0.0
    ],
    "50": [
      0.0,
      0.11731322001662402,
      0.28712533178784966,
      0.32486237959518904,
      0.46379389380735386,
      0.5528677813473769,
      0.6715155951590318,
      0.7658761839776227,
      0.8459510053276842,
      0.9578335681183536,
      0.929723740958546,
      1.1447520574504035,
      1.18509100208472,
      0.9677005621014004,
      1.6606433513835732,
      0.3264084572160499,
      0.08101684359249071,
      0.13062775756909845,
      0.23678957795844666,
      0.3099676801674908,
      0.3729934465202062,
      0.45159465398452336,
      0.5471815501496035,
      0.6240518765635078,
      0.752007371302152,
      0.7107383020558014,
      0.8120111244264849,
      0.8932954601238577,
      0.9281265508420761,
      0.8086134414525815,
      0.9072116638260337,
      0.0
    ]
  },
  "_source": "solver"
}