{
  "grid": [
    0.0,
    0.0625,
    0.125,
    0.1875,
    0.25,
    0.3125,
    0.375,
    0.4375,
    0.5,
    0.5625,
    0.625,
    0.6875,
    0.75,
    0.8125,
    0.875,
    0.9375
  ],
  "solution_steps": {
    "0": [
      0.0,
      0.3826834323650898,
      0.7071067811865475,
      0.9238795325112867,
      1.0,
      0.9238795325112867,
      0.7071067811865476,
      0.3826834323650899,
      1.2246467991473532e-16,
      -0.38268343236508967,
      -0.7071067811865475,
      -0.9238795325112865,
      -1.0,
      -0.9238795325112866,
      -0.7071067811865477,
      -0.3826834323650904
    ],
    "4": [
      1.5987211554602254e-16,
      0.32794710823784334,
      0.5913387469302139,
      0.7702791211197844,
      0.8755843013030774,
      0.903314803473425,
      0.798083025126038,
      0.4824555953815488,
      2.7320083972881548e-11,
      -0.4824555952579695,
      -0.7980830251514798,
      -0.903314803596824,
      -0.8755843013049625,
      -0.7702791211199608,
      -0.5913387469302075,
      -0.3279471082378473
    ],
    "8": [
      3.552713678800501e-16,
      0.29613503432873295,
      0.5292017687214622,
      0.6903172993983793,
      0.7983067564198335,
      0.8602454304667169,
      0.8425613092929853,
      0.5934579993066769,
      8.928623174142558e-11,
      -0.5934579992142506,
      -0.8425613093806326,
      -0.8602454305589622,
      -0.7983067564214801,
      -0.6903172993985544,
      -0.5292017687214551,
      -0.2961350343287389
    ],
    "12": [
      4.973799150320702e-16,
      0.2700196662652231,
      0.48144357663092335,
      0.6303166561942145,
      0.7358908334123899,
      0.8083133220056615,
      0.8347732773112517,
      0.6628128081286673,
      1.0288999874319415e-10,
      -0.6628128080695669,
      -0.8347732774127203,
      -0.8083133220646029,
      -0.7358908334138198,
      -0.6303166561943664,
      -0.4814435766309154,
      -0.27001966626523016
    ],
    "16": [
      6.927791673660977e-16,
      0.24805505670543118,
      0.44280314504354906,
      0.5824740030641126,
      0.6847636800632887,
      0.7601090233986129,
      0.8054386668679141,
      0.6870905945011719,
      6.620950898650335e-11,
      -0.6870905944638548,
      -0.8054386669329973,
      -0.7601090234357831,
      -0.6847636800644213,
      -0.5824740030642517,
      -0.44280314504354357,
      -0.248055056705439
    ],
    "20": [
      8.348877145181178e-16,
      0.22925673828349918,
      0.4105072754316909,
      0.5428163508832399,
      0.6418554920523366,
      0.7175079921998432,
      0.7706767702693346,
      0.6815478527673394,
      4.592067170960945e-11,
      -0.6815478527424356,
      -0.770676770314354,
      -0.7175079922246217,
      -0.641855492053243,
      -0.5428163508833569,
      -0.41050727543168664,
      -0.22925673828350754
    ],
    "24": [
      8.43769498715119e-16,
      0.21295492398057753,
      0.38289998204951514,
      0.5090539219775659,
      0.605069800808099,
      0.6800461057399934,
      0.7363847974605493,
      0.6618189479679584,
      2.9134241685824234e-11,
      -0.6618189479505742,
      -0.7363847974889061,
      -0.680046105757265,
      -0.6050698008088802,
      -0.5090539219776694,
      -0.3828999820495123,
      -0.21295492398058646
    ],
    "26": [
      8.08242361927114e-16,
      0.2055852012238301,
      0.37050388944904156,
      0.4939123228762737,
      0.5885097591352227,
      0.6629843686031643,
      0.720039730452889,
      0.6496966499030228,
      2.6529107799433404e-11,
      -0.6496966498882728,
      -0.7200397304787165,
      -0.662984368617808,
      -0.5885097591359273,
      -0.49391232287637077,
      -0.3705038894490395,
      -0.20558520122383933
    ]
  },
  "_source": "solver"
}