{
  "grid": [
    0.0,
    0.03125,
    0.0625,
    0.09375,
    0.125,
    0.15625,
    0.1875,
    0.21875,
    0.25,
    0.28125,
    0.3125,
    0.34375,
    0.375,
    0.40625,
    0.4375,
    0.46875,
    0.5,
    0.53125,
    0.5625,
    0.59375,
    0.625,
    0.65625,
    0.6875,
    0.71875,
    0.75,
    0.78125,
    0.8125,
    0.84375,
    0.875,
    0.90625,
    0.9375,
    0.96875
  ],
  "solution_steps": {
    "0": [
      0.0,
      0.19509032201612825,
      0.3826834323650898,
      0.5555702330196022,
      0.7071067811865475,
      0.8314696123025452,
      0.9238795325112867,
      0.9807852804032304,
      1.0,
      0.9807852804032304,
      0.9238795325112867,
      0.8314696123025455,
      0.7071067811865476,
      0.5555702330196022,
      0.3826834323650899,
      0.1950903220161286,
      1.2246467991473532e-16,
      -0.19509032201612836,
      -0.38268343236508967,
      -0.555570233019602,
      -0.7071067811865475,
      -0.8314696123025452,
      -0.9238795325112865,
      -0.9807852804032303,
      -1.0,
      -0.9807852804032304,
      -0.9238795325112866,
      -0.8314696123025455,
      -0.7071067811865477,
      -0.5555702330196022,
      -0.3826834323650904,
      -0.19509032201612872
    ],
    "8": [
      -3.375077994860476e-16,
      0.16907401056614302,
      0.3319934526312633,
      0.4833701154594132,
      0.6190224042654512,
      0.735944844640498,
      0.8318821841099007,
      0.9046936532284153,
      0.9516774541120018,
      0.968996596415119,
      0.9514396217866943,
      0.8930012377704861,
      0.7888853184553785,
      0.6387162185360324,
      0.44884674104847877,
      0.23126843665320393,
      -1.5501001371376334e-09,
      -0.23126845075391203,
      -0.44884674380035505,
      -0.6387162035102916,
      -0.7888853142709588,
      -0.8930012387087953,
      -0.9514396216488945,
      -0.968996596399249,
      -0.9516774541321652,
      -0.9046936532308374,
      -0.8318821841098759,
      -0.7359448446406361,
      -0.6190224042655402,
      -0.4833701154594445,
      -0.33199345263127816,
      -0.16907401056614532
    ],
    "16": [
      -1.0658141036401502e-15,
      0.1500331781189654,
      0.2951043648749026,
      0.4310280087905602,
      0.5547996675097577,
      0.6645193680721344,
      0.7589758620573916,
      0.8370825313409286,
      0.8972488756188017,
      0.9366406518747948,
      0.950214945708479,
      0.929549512623824,
      0.8622286471608794,
      0.7343051664533272,
      0.5387439720237966,
      0.2853514137780854,
      -5.161912213225151e-09,
      -0.28535143225041054,
      -0.5387439717753085,
      -0.7343051473796112,
      -0.8622286423454426,
      -0.9295495132334355,
      -0.9502149455933386,
      -0.9366406518638621,
      -0.8972488756356808,
      -0.8370825313434069,
      -0.7589758620575172,
      -0.664519368072311,
      -0.5547996675098805,
      -0.4310280087906121,
      -0.29510436487492714,
      -0.15003317811897063
    ],
    "24": [
      -1.5987211554602255e-15,
      0.13468227994371837,
      0.26539062224261994,
      0.3888054614402408,
      0.5025998307592363,
      0.6053834366132115,
      0.6963871088065509,
      0.7750481234446613,
      0.8405578792174402,
      0.8913088256323931,
      0.9240411179215738,
      0.9323002067635122,
      0.9036714249794033,
      0.816224353871375,
      0.6401603756167827,
      0.3583987038261631,
      -6.970309982534673e-09,
      -0.358398720149811,
      -0.640160372403322,
      -0.8162243372538239,
      -0.9036714212778338,
      -0.9323002070592099,
      -0.9240411178537334,
      -0.8913088256281358,
      -0.840557879229597,
      -0.77504812344686,
      -0.6963871088067823,
      -0.605383436613401,
      -0.5025998307593745,
      -0.3888054614403073,
      -0.26539062224265253,
      -0.13468227994372645
    ],
    "32": [
      -2.460254222569347e-15,
      0.12207546210449177,
      0.24096098308522654,
      0.3539823629466068,
      0.45925590598923266,
      0.5556633059602334,
      0.6426291775637055,
      0.7198252478959094,
      0.7868551644964794,
      0.8428838574567078,
      0.8860645981502981,
      0.9123940666439541,
      0.9130527804250147,
      0.8680037052684588,
      0.7336673416194759,
      0.444292879413058,
      -6.854959337943001e-09,
      -0.4442928911802352,
      -0.7336673372329068,
      -0.8680036933743304,
      -0.9130527779866873,
      -0.9123940667696928,
      -0.8860645981110682,
      -0.8428838574557748,
      -0.786855164505177,
      -0.7198252478977746,
      -0.6426291775639891,
      -0.5556633059604267,
      -0.45925590598937793,
      -0.353982362946683,
      -0.24096098308526476,
      -0.12207546210450257
    ],
    "40": [
      -3.206324095117452e-15,
      0.11155749598095771,
      0.2205380587235367,
      0.3247602703882222,
      0.42265891374021364,
      0.5132844664414551,
      0.5961519353189708,
      0.671030462788039,
      0.7377205891536506,
      0.795805746438177,
      0.8442905618595055,
      0.8808805218595083,
      0.9001495019099707,
      0.8878654610127495,
      0.8011760939823057,
      0.5267650395453194,
      -5.83358144012891e-09,
      -0.5267650471183839,
      -0.8011760896761865,
      -0.8878654533865461,
      -0.9001495003973736,
      -0.8808805219101015,
      -0.8442905618376989,
      -0.7958057464388031,
      -0.7377205891600755,
      -0.6710304627896635,
      -0.5961519353192907,
      -0.5132844664416529,
      -0.422658913740364,
      -0.32476027038830607,
      -0.2205380587235797,
      -0.11155749598097099
    ],
    "48": [
      -3.792521852119535e-15,
      0.10266184011382944,
      0.20322493814555054,
      0.29989090532569906,
      0.3913380525575074,
      0.47673677976868845,
      0.5556496657960921,
      0.6278817360921239,
      0.6933199354109862,
      0.7517613282044127,
      0.8026821527400586,
      0.8448016440746084,
      0.8749496352991087,
      0.8840223163260862,
      0.8367621855266822,
      0.5891153676628028,
      -4.162927211837087e-09,
      -0.5891153722691541,
      -0.8367621822827727,
      -0.8840223116962909,
      -0.87494963438713,
      -0.8448016440951793,
      -0.8026821527276473,
      -0.7517613282056169,
      -0.6933199354158411,
      -0.6278817360934967,
      -0.5556496657964073,
      -0.4767367797688793,
      -0.3913380525576589,
      -0.29989090532578894,
      -0.20322493814559753,
      -0.1026618401138449
    ],
    "51": [
      -3.9968028886505635e-15,
      0.09967171698808802,
      0.19739579202399526,
      0.2914953264544016,
      0.3807261874647409,
      0.46429638540771073,
      0.5417811358524129,
      0.6129910663855226,
      0.6778296335083255,
      0.7361421965116824,
      0.7875190723610348,
      0.8309334290411081,
      0.8638027224350145,
      0.8784880375140045,
      0.8427446102493281,
      0.6055107998936518,
      -3.6517491253107437e-09,
      -0.6055108037009314,
      -0.8427446073591085,
      -0.8784880336895503,
      -0.8638027216788016,
      -0.830933429055406,
      -0.7875190723507703,
      -0.7361421965129578,
      -0.677829633512752,
      -0.6129910663868247,
      -0.5417811358527294,
      -0.46429638540790186,
      -0.380726187464893,
      -0.2914953264544936,
      -0.19739579202404414,
      -0.09967171698810447
    ]
  },
  "_source": "solver"
}