{
  "grid": [
    0.0,
    0.0625,
    0.125,
    0.1875,
    0.25,
    0.3125,
    0.375,
    0.4375,
    0.5,
    0.5625,
    0.625,
    0.6875,
    0.75,
    0.8125,
    0.875,
    0.9375
  ],
  "solution_steps": {
    "0": [
      0.0,
      0.11480502970952693,
      0.21213203435596423,
      0.27716385975338603,
      0.3,
      0.27716385975338603,
      0.21213203435596426,
      0.11480502970952697,
      3.6739403974420595e-17,
      -0.1148050297095269,
      -0.21213203435596423,
      -0.2771638597533859,
      -0.3,
      -0.277163859753386,
      -0.2121320343559643,
      -0.1148050297095271
    ],
    "10": [
      -2.5785987016717112e-17,
      0.0933884963110997,
      0.17561099172812542,
      0.2357943435185466,
      0.2640433305386502,
      0.2529282948179272,
      0.1999991225223567,
      0.1107464138626017,
      2.888234897419082e-17,
      -0.11074641386260163,
      -0.19999912252235666,
      -0.25292829481792717,
      -0.2640433305386502,
      -0.23579434351854656,
      -0.17561099172812544,
      -0.09338849631109973
    ],
    "20": [
      -2.3737956272967673e-17,
      0.07871838987136286,
      0.14929220943561583,
      0.20325474120133932,
      0.23182095397138147,
      0.2267710433638194,
      0.1829985031006728,
      0.10287997795043612,
      4.091628900023941e-17,
      -0.10287997795043605,
      -0.18299850310067275,
      -0.22677104336381934,
      -0.23182095397138142,
      -0.2032547412013393,
      -0.14929220943561583,
      -0.07871838987136288
    ],
    "30": [
      -1.7280483750038478e-17,
      0.06779691914149048,
      0.12912658101096294,
      0.1770207164977129,
      0.20376124620220087,
      0.20143026540013023,
      0.16421882402101295,
      0.0930300547777544,
      3.388699225135719e-17,
      -0.09303005477775435,
      -0.16421882402101293,
      -0.2014302654001302,
      -0.20376124620220087,
      -0.1770207164977129,
      -0.12912658101096294,
      -0.0677969191414905
    ]
  },
  "_source": "solver"
}