dq_lu, dq_hhl,
-0.05414921161533501,-0.021907411799827765
-0.021250039480746618,-0.0
-0.12266180924692431,-0.0
-0.18491472094175512,-0.0309817588838092
0.1721801547775597,0.03098175888380919
-0.12281244826058706,-0.02190741179982799
-0.21037890251418048,-0.04898646199549656
0.01660890715675665,0.0
-0.5219238116920274,-0.09294527665142795
-0.12317342200447513,-0.03098175888380912
-0.05014030856523029,-0.0
-0.43371091109925186,-0.07588950059927248
-0.2526509486607805,-0.037944750299636176
-0.25443555287674696,-0.02190741179982808
-0.38964570125659015,-0.0789882965569851
