dq_lu, dq_hhl,
0.0020402608103662363,0.0003650884025352485
-0.0015795165609799506,-0.0
0.0045933280481655556,0.000516312970330617
0.0024492068739150863,0.00025815648516525926
0.00487186198536179,0.000447140148609721
0.0028852606836083077,0.0002581564851652752
-0.001518535800065624,-0.0
-5.318992738845836e-05,-0.0
-0.005648516428229305,-0.0005772554496620692
-0.0029049874496118824,-0.00036508840253530176
0.0020670146567236996,0.0
-0.004442636103206503,-0.0005163129703306132
-0.006504741688297368,-0.0008942802972194881
-0.005995175418092306,-0.0007744694554959648
-0.0036706103717915107,-0.0005163129703305888
