xp, rho, u, p, Mach
0.1,0.9851233590001917,1.5196514753375514,0.6957308004874133,1.5282861296815111
0.3,0.8831411464768462,1.612572558248857,0.6037440994936634,1.6483288395165694
0.5,0.6214268336837679,1.7366742134191955,0.37857110992201937,1.8805098173816728
0.7,0.5201431811954701,1.813513376644399,0.2945178674859838,2.036865614282569
0.9,0.49085104995287204,1.8558351232666075,0.2626319935427935,2.144254938785014
