xp, rho, u, p, Mach
0.1,0.9864979305474849,1.5170310851796884,0.6973663592879396,1.524923491105235
0.3,0.8846939874607457,1.6113885946643425,0.6038382824836519,1.6484374930835857
0.5,0.6212091610947738,1.7372827465767042,0.37740845853913474,1.8837341013034277
0.7,0.5195604202039404,1.8172280641960001,0.2927986494771414,2.045874137895013
0.9,0.4878924427534644,1.862230148950983,0.2617118276137244,2.148917319037329
