{
  "u_initial": [
    0.0,
    0.11480502970952693,
    0.21213203435596423,
    0.27716385975338603,
    0.3,
    0.27716385975338603,
    0.21213203435596426,
    0.11480502970952697,
    3.6739403974420595e-17,
    -0.1148050297095269,
    -0.21213203435596423,
    -0.2771638597533859,
    -0.3,
    -0.277163859753386,
    -0.2121320343559643,
    -0.1148050297095271
  ],
  "u_final_classical": null,
  "u_final_method": [
    0.004412115413457265,
    0.08121066033292763,
    0.15819335673476112,
    0.20852368069780142,
    0.24094269284219988,
    0.24857111434897172,
    0.232879923887427,
    0.09334520839884121,
    -0.03247746759866914,
    -0.11893809852451959,
    -0.21893926143990855,
    -0.22112890379110475,
    -0.23500976277708163,
    -0.2216012869513301,
    -0.15000159706218597,
    -0.0699823745115875
  ],
  "errors_by_step": {},
  "final_error": NaN,
  "max_error": NaN,
  "_source": "solver"
}