xp, rho, u, p, Mach
0.1,0.9871152133617898,1.5146938047937009,0.699952770248835,1.5202338049447481
0.3,0.8855928573889427,1.6142895564591007,0.6029418380972539,1.6534716826293685
0.5,0.6195289771045612,1.7415874497082797,0.3754095531020807,1.8908602005311583
0.7,0.518473371743271,1.8242862420946981,0.2898350347840035,2.0621333819816665
0.9,0.48419224710981085,1.867228213356727,0.2618583304038154,2.145898130244492
