{
  "iterations_completed": 1,
  "converged": true,
  "_source": "harvester",
  "fidelity": 1.433759430172987,
  "shots": 100,
  "l2_error_abs": 0.45524522858485383,
  "l2_error_rel": 0.3671590937894854
}