{
  "quantum_solution": [
    1.239583397021316,
    0.025558420557140537,
    0.012779210278570268,
    0.0,
    0.0,
    0.0,
    0.0,
    0.0,
    0.0,
    0.0,
    0.0,
    0.0,
    0.0,
    0.0,
    0.0,
    0.0
  ],
  "classical_solution": [
    1.1458980337502742,
    0.4376941012508226,
    0.1671842700021936,
    0.06385870875575828,
    0.024391856265081172,
    0.009316860039485262,
    0.0035587238533746146,
    0.0013593115206385817,
    0.00051921070854113,
    0.00019832060498480857,
    7.575110641329557e-05,
    2.8932714255078168e-05,
    1.1047036351938937e-05,
    4.2083948007386415e-06,
    1.5781480502769908e-06,
    5.260493500923302e-07
  ],
  "_source": "harvester"
}