dq_lu, dq_hhl,
0.004571916605603532,0.0026897721296779533
-0.00015588976800708166,-0.0
-0.00052928917104826,-0.0007764703315628628
0.0020260946659792544,0.0005490474368390334
6.866206481339623e-05,0.0
0.004634924948873023,0.0026897721296779615
0.00558028663402493,0.003558234069280362
0.010478320009491776,0.007158702741625603
0.011309654064730069,0.007803430255711322
0.0031063072239851212,0.0023294109946922392
-0.001784480623012898,-0.0013448860648385171
0.004986732622900513,0.003384555707945754
-0.00580799599762889,-0.003920982974062119
-0.01075868828278768,-0.00758798654379757
-0.007524888319851633,-0.0046263559353859505
