{
  "u_initial": [
    0.0,
    0.05852709660483847,
    0.11480502970952693,
    0.16667106990588065,
    0.21213203435596423,
    0.24944088369076356,
    0.27716385975338603,
    0.2942355841209691,
    0.3,
    0.2942355841209691,
    0.27716385975338603,
    0.24944088369076362,
    0.21213203435596426,
    0.16667106990588065,
    0.11480502970952697,
    0.05852709660483858,
    3.6739403974420595e-17,
    -0.058527096604838506,
    -0.1148050297095269,
    -0.16667106990588057,
    -0.21213203435596423,
    -0.24944088369076356,
    -0.2771638597533859,
    -0.29423558412096906,
    -0.3,
    -0.2942355841209691,
    -0.277163859753386,
    -0.24944088369076362,
    -0.2121320343559643,
    -0.16667106990588065,
    -0.1148050297095271,
    -0.05852709660483861
  ],
  "u_final_classical": [
    -3.5847704594566466e-17,
    0.03010436016563704,
    0.05886532143414028,
    0.0863478517725557,
    0.11250055707822867,
    0.13716936231946922,
    0.160092533742897,
    0.18087800926291484,
    0.19895751922362465,
    0.21350459381943482,
    0.2232932296964205,
    0.22646188310554685,
    0.22014761872905284,
    0.2000251279279233,
    0.16009411451876973,
    0.09393104257536154,
    1.145661842169289e-16,
    -0.09393104257536136,
    -0.16009411451876956,
    -0.20002512792792318,
    -0.22014761872905275,
    -0.2264618831055468,
    -0.22329322969642046,
    -0.21350459381943485,
    -0.19895751922362467,
    -0.1808780092629149,
    -0.16009253374289706,
    -0.13716936231946925,
    -0.11250055707822872,
    -0.08634785177255574,
    -0.05886532143414033,
    -0.030104360165637105
  ],
  "u_final_method": [
    -3.6376645636005045e-07,
    0.027607858952297788,
    0.05503209099456238,
    0.08207832179555873,
    0.10853109963463006,
    0.13413840691106121,
    0.15858970273097664,
    0.18148131254377964,
    0.20225785957450096,
    0.2201070667294144,
    0.23376177216340113,
    0.24112020202180776,
    0.23855709659104488,
    0.21994825787140107,
    0.1764801094253769,
    0.10102260915849856,
    4.967301109615264e-07,
    -0.10102187800837376,
    -0.17647977517730223,
    -0.2199481752810229,
    -0.23855709311435053,
    -0.2411201941092161,
    -0.23376172886873425,
    -0.2201069807085104,
    -0.20225774356086426,
    -0.18148121889536808,
    -0.15858967622329018,
    -0.13413847953370234,
    -0.10853129349720042,
    -0.08207865030289724,
    -0.055032567165673875,
    -0.02760847727390494
  ],
  "errors_by_step": {
    "0": 0.0,
    "1": 0.000537913249598773,
    "2": 0.0010676153785866122,
    "3": 0.0015894792015794987,
    "4": 0.0021038426512542123,
    "5": 0.0026110131773623654,
    "6": 0.0031112715158499184,
    "7": 0.0036048749347377786,
    "8": 0.0040920600392555725,
    "9": 0.004573045202149197,
    "10": 0.00504803267878172,
    "11": 0.005517210452797317,
    "12": 0.00598075385290494,
    "13": 0.006438826973341215,
    "14": 0.006891583924426209,
    "15": 0.007339169939238257,
    "16": 0.007781722353697705,
    "17": 0.008219371477617301,
    "18": 0.008652241370603178,
    "19": 0.009080450534783277,
    "20": 0.009504112534550312,
    "21": 0.009923336551991652,
    "22": 0.010338227885546392,
    "23": 0.010748888398207682,
    "24": 0.011155416920894275,
    "25": 0.01155790961568209,
    "26": 0.01195646030311656,
    "27": 0.012351160757183049,
    "28": 0.012742100970999868,
    "29": 0.013129369396131,
    "30": 0.013513053157734583,
    "31": 0.013893238247853702,
    "32": 0.014270009698533292,
    "33": 0.014643451736537265,
    "34": 0.01501364792105326,
    "35": 0.015380681265757222,
    "36": 0.015744634346325188,
    "37": 0.01610558939443491,
    "38": 0.01646362837928876,
    "39": 0.01681883307739161,
    "40": 0.01717128513138829,
    "41": 0.017521066098706545,
    "42": 0.017868257490569157,
    "43": 0.018212940802003225,
    "44": 0.01855519753340357,
    "45": 0.018895109204119964,
    "46": 0.019232757358566516,
    "47": 0.019568223565249322,
    "48": 0.019901589409319756,
    "49": 0.020232936478691198,
    "50": 0.02056234634444883,
    "51": 0.020889900535732406,
    "52": 0.021215680509537444,
    "53": 0.021539767615694143,
    "54": 0.021862243057399092,
    "55": 0.022183187847650887,
    "56": 0.022502682761859023,
    "57": 0.0228208082869433,
    "58": 0.023137644567290432,
    "59": 0.023453271347760284,
    "60": 0.02376776791421189,
    "61": 0.024081213031624124,
    "62": 0.024393684880322855,
    "63": 0.024705260990482123,
    "64": 0.025016018175152185,
    "65": 0.02532603246224598,
    "66": 0.02563537902561467,
    "67": 0.02594413211556848,
    "68": 0.02625236498910858,
    "69": 0.02656014984009014,
    "70": 0.02686755772964226,
    "71": 0.02717465851703103,
    "72": 0.027481520791308573,
    "73": 0.027788211803864874,
    "74": 0.028094797402227083,
    "75": 0.02840134196529174,
    "76": 0.02870790834017881,
    "77": 0.029014557780933196,
    "78": 0.029321349889331976,
    "79": 0.029628342557869638,
    "80": 0.02993559191515971,
    "81": 0.030243152273973388,
    "82": 0.03055107608191414,
    "83": 0.03085941387503577,
    "84": 0.031168214234416725,
    "85": 0.03147752374583835,
    "86": 0.03178738696269187,
    "87": 0.03209784637215569,
    "88": 0.032408942364755486,
    "89": 0.03272071320734954,
    "90": 0.03303319501957673,
    "91": 0.033346421753842455,
    "92": 0.03366042517876874,
    "93": 0.033975234866278486,
    "94": 0.034290878182114626,
    "95": 0.03460738027994487,
    "96": 0.03492476409890494,
    "97": 0.0352430503646184,
    "98": 0.03556225759360478,
    "99": 0.03588240210103232,
    "100": 0.03620349801170993,
    "101": 0.03652555727428568,
    "102": 0.036848589678546574,
    "103": 0.03717260287571987,
    "104": 0.03749760240167193,
    "105": 0.03782359170289323,
    "106": 0.038150572165166916,
    "107": 0.038478543144817114,
    "108": 0.03880750200233457,
    "109": 0.039137444138372925,
    "110": 0.03946836303189926,
    "111": 0.03980025028036122,
    "112": 0.04013309564178842,
    "113": 0.040466887078676995,
    "114": 0.040801610803468086,
    "115": 0.0411372513255946,
    "116": 0.04147379149981804,
    "117": 0.041811212575838384,
    "118": 0.042149494248983885,
    "119": 0.04248861471190006,
    "120": 0.04282855070701805,
    "121": 0.04316927757975384,
    "122": 0.043510769332337884,
    "123": 0.04385299867803628,
    "124": 0.04419593709578459,
    "125": 0.0445395548850155,
    "126": 0.0448838212206404,
    "127": 0.04522870420805286,
    "128": 0.045574170938029686,
    "129": 0.04592018754150132,
    "130": 0.0462667192440252,
    "131": 0.04661373041993647,
    "132": 0.04696118464603399,
    "133": 0.04730904475479317,
    "134": 0.04765727288699756,
    "135": 0.04800583054368204,
    "136": 0.048354678637396294,
    "137": 0.048703777542687815,
    "138": 0.04905308714579316,
    "139": 0.04940256689339056,
    "140": 0.04975217584047284,
    "141": 0.050101872697268256,
    "142": 0.050451615875127434,
    "143": 0.05080136353139233,
    "144": 0.051151073613222395,
    "145": 0.05150070390029418,
    "146": 0.051850212046417064,
    "147": 0.05219955561999884,
    "148": 0.052548692143406205,
    "149": 0.05289757913108461,
    "150": 0.05324617412658403,
    "151": 0.05359443473838876,
    "152": 0.05394231867454407,
    "153": 0.05428978377609203,
    "154": 0.0546367880493696,
    "155": 0.05498328969709062,
    "156": 0.055329247148238773,
    "157": 0.05567461908682925,
    "158": 0.056019364479490664,
    "159": 0.0563634426018481,
    "160": 0.056706813063851454,
    "161": 0.05704943583390846,
    "162": 0.057391271261923574,
    "163": 0.05773228010124429,
    "164": 0.05807242352951032,
    "165": 0.058411663168447564,
    "166": 0.05874996110260266,
    "167": 0.05908727989708215,
    "168": 0.05942358261424145,
    "169": 0.05975883282939051,
    "170": 0.06009299464558301,
    "171": 0.060426032707367475
  },
  "final_error": 0.060426032707367475,