xp, rho, u, p, Mach
0.1,1.0,1.5,0.7142857142857144,1.5
0.3,0.9619073800779883,1.525167151183679,0.668777330549148,1.5458924700560581
0.5,0.6701069514978371,1.7570051010406542,0.3523764110380782,2.0477533833398645
0.7,0.5559046897731562,1.7207682296482902,0.3340394822634933,1.8761157496213885
0.9,0.5335235732102626,1.7888992034839597,0.2768100761652047,2.0989771558018298
