{
  "u_initial": [
    0.0,
    0.039206856131824244,
    0.0780361288064513,
    0.11611387090178493,
    0.15307337294603593,
    0.18855869473039907,
    0.22222809320784087,
    0.25375731366545823,
    0.282842712474619,
    0.3092041813450948,
    0.3325878449210181,
    0.352768505739342,
    0.36955181300451473,
    0.3827761342928836,
    0.3923141121612922,
    0.39807389066887877,
    0.4,
    0.39807389066887877,
    0.3923141121612922,
    0.3827761342928836,
    0.36955181300451473,
    0.35276850573934204,
    0.3325878449210182,
    0.30920418134509486,
    0.28284271247461906,
    0.25375731366545823,
    0.22222809320784087,
    0.18855869473039916,
    0.15307337294603596,
    0.11611387090178496,
    0.07803612880645144,
    0.039206856131824334,
    4.898587196589413e-17,
    -0.03920685613182424,
    -0.07803612880645135,
    -0.11611387090178485,
    -0.15307337294603587,
    -0.18855869473039907,
    -0.2222280932078408,
    -0.2537573136654581,
    -0.282842712474619,
    -0.3092041813450947,
    -0.3325878449210181,
    -0.352768505739342,
    -0.3695518130045146,
    -0.38277613429288354,
    -0.39231411216129214,
    -0.39807389066887877,
    -0.4,
    -0.39807389066887877,
    -0.3923141121612922,
    -0.3827761342928836,
    -0.3695518130045147,
    -0.35276850573934204,
    -0.3325878449210182,
    -0.30920418134509475,
    -0.28284271247461906,
    -0.2537573136654584,
    -0.22222809320784087,
    -0.18855869473039918,
    -0.15307337294603618,
    -0.116113870901785,
    -0.0780361288064515,
    -0.0392068561318242
  ],
  "u_final_classical": null,
  "u_final_method": [
    0.02685466022564148,
    0.046648397463420734,
    0.056068786215866855,
    0.06697071226971131,
    0.0735135637960633,
    0.08146342830157728,
    0.08616412195931036,
    0.09312179550746162,
    0.09792682866646386,
    0.10279079632811267,
    0.11180590054794719,
    0.11691838146716665,
    0.1259247750527003,
    0.13168671358796505,
    0.14452635032199057,
    0.15331406498001524,
    0.16036172206309124,
    0.16714837501917598,
    0.17239644557789346,
    0.17581845969826607,
    0.17699979106821984,
    0.17621592195238842,
    0.17604595443139145,
    0.17694586462156875,
    0.1683606293610104,
    0.1601204508555934,
    0.14802365931277664,
    0.1281859610623602,
    0.10848421326378148,
    0.08693118322046246,
    0.06093773018623802,
    0.032924773269581584,
    -0.0006264801869317413,
    -0.034194424247813465,
    -0.06849643086242528,
    -0.10431422908773277,
    -0.13767563100639255,
    -0.1661571586153284,
    -0.1909533608158041,
    -0.20861636623188126,
    -0.21750234275782732,
    -0.22366248161640087,
    -0.2276597489251905,
    -0.22652460176101297,
    -0.21944014021571798,
    -0.21234618137453895,
    -0.20589697518012312,
    -0.19543826647036047,
    -0.18960721201568428,
    -0.17200073155467643,
    -0.1637754347441536,
    -0.14715522323249378,
    -0.1288268074915671,
    -0.1179166131008274,
    -0.10152538636667152,
    -0.0831339578065475,
    -0.07293425367234722,
    -0.05912494672813992,
    -0.047012741906667904,
    -0.03796403632267806,
    -0.023834055579967192,
    -0.009569719878591171,
    0.0034516322750338603,
    0.01797980282012762
  ],
  "errors_by_step": {},
  "final_error": NaN,
  "max_error": NaN,
  "_source": "solver"
}