{
  "grid": [
    0.0,
    0.0625,
    0.125,
    0.1875,
    0.25,
    0.3125,
    0.375,
    0.4375,
    0.5,
    0.5625,
    0.625,
    0.6875,
    0.75,
    0.8125,
    0.875,
    0.9375
  ],
  "solution_steps": {
    "0": [
      0.0,
      0.1913417161825449,
      0.35355339059327373,
      0.46193976625564337,
      0.5,
      0.46193976625564337,
      0.3535533905932738,
      0.19134171618254495,
      6.123233995736766e-17,
      -0.19134171618254484,
      -0.35355339059327373,
      -0.46193976625564326,
      -0.5,
      -0.4619397662556433,
      -0.35355339059327384,
      -0.1913417161825452
    ],
    "10": [
      0.001988060301391015,
      0.15279157175716868,
      0.292864964030862,
      0.390588776764153,
      0.45722106385726535,
      0.43874652977287093,
      0.40238713186289243,
      0.15581792207213374,
      -0.008697022387947761,
      -0.16872562629964813,
      -0.4041121488524246,
      -0.4183546561012689,
      -0.453892282193439,
      -0.4032165066899017,
      -0.2877597666185995,
      -0.1476480112755076
    ],
    "20": [
      0.003183244937754104,
      0.13190307887948335,
      0.2547142947470289,
      0.3472655788193617,
      0.4227163607201398,
      0.4270589023268322,
      0.40846039894607566,
      0.15931655356163754,
      -0.011339068735309255,
      -0.17806304909417908,
      -0.406209000163597,
      -0.40121847817202183,
      -0.42144068325673684,
      -0.3636038622470073,
      -0.25008554719535525,
      -0.1226587240741066
    ],
    "30": [
      0.00499865329362601,
      0.11644464791206835,
      0.22495927288373052,
      0.31236859249294074,
      0.38927638056172176,
      0.41822019882197836,
      0.38688315392591544,
      0.15833323288021114,
      -0.01958084299627352,
      -0.1900115188689947,
      -0.3768163981095509,
      -0.38161893961169935,
      -0.3898109611469571,
      -0.32901493049543984,
      -0.21990925841221218,
      -0.1047212831310648
    ]
  },
  "_source": "solver"
}