{
  "grid": [
    0.0,
    0.06666666666666667,
    0.13333333333333333,
    0.2,
    0.26666666666666666,
    0.3333333333333333,
    0.4,
    0.4666666666666667,
    0.5333333333333333,
    0.6,
    0.6666666666666666,
    0.7333333333333333,
    0.8,
    0.8666666666666667,
    0.9333333333333333,
    1.0
  ],
  "solution_steps": {
    "0": [
      5.555177545985609e-12,
      2.7988183977060362e-09,
      5.797115548591035e-07,
      4.9363921634671915e-05,
      0.0017280957896376294,
      0.024870609608846517,
      0.147151776468577,
      0.3579357267257479,
      0.3579357267257479,
      0.147151776468577,
      0.024870609608846562,
      0.0017280957896376324,
      4.9363921634671644e-05,
      5.797115548591035e-07,
      2.7988183977060362e-09,
      5.555177545985609e-12
    ],
    "10": [
      0.0,
      0.0,
      0.0,
      0.0,
      -0.014214528180859417,
      -0.05662361843115898,
      -0.08094528514186333,
      -0.03150399283928191,
      0.15652657747593718,
      0.1808920717923395,
      0.08190587560941152,
      0.010099969135913245,
      0.0,
      0.0,
      0.0,
      0.0
    ],
    "20": [
      0.0,
      0.0,
      0.0,
      0.0,
      -0.0240140189315342,
      -0.014232772786424349,
      0.011291777193259972,
      -0.04712012078210645,
      -0.05245556527040428,
      -0.014601200311760966,
      0.05768843508353331,
      0.0263580044991036,
      0.0,
      0.0,
      0.0,
      0.0
    ],
    "30": [
      0.0,
      0.0,
      0.0,
      0.0,
      0.0,
      0.0,
      -0.01131312405411448,
      0.0,
      0.05198766967634509,
      0.02838490581264596,
      0.009401965255859932,
      0.024791131323268552,
      0.0,
      0.0,
      0.0,
      0.0
    ],
    "40": [
      0.0,
      0.0,
      0.0,
      0.0,
      0.0,
      0.0,
      0.0,
      -0.028795450378659288,
      -0.021511390942886247,
      0.001557484257064657,
      -0.0038665254558428682,
      0.011213784466521996,
      0.0,
      0.0,
      0.0,
      0.0
    ],
    "50": [
      0.0,
      0.0,
      0.0,
      0.0,
      0.0,
      0.0,
      0.0,
      0.0,
      0.028488428536713514,
      0.013456708027456734,
      0.0,
      0.015862866288197608,
      0.0,
      0.0,
      0.0,
      0.0
    ],
    "60": [
      0.0,
      0.0,
      0.0,
      0.0,
      0.0,
      0.0,
      0.0,
      -0.020152168138225523,
      -0.01625124762963637,
      0.0098027322204796,
      0.0,
      0.0,
      0.0,
      0.0,
      0.0,
      0.0
    ],
    "70": [
      0.0,
      0.0,
      0.0,
      0.0,
      0.0,
      0.0,
      0.0,
      -0.007535124609916162,
      0.00380111097836644,
      0.009755277135164142,
      0.00962842678561209,
      0.0,
      0.0,
      0.0,
      0.0,
      0.0
    ],
    "80": [
      0.0,
      0.0,
      0.0,
      0.0,
      0.0,
      0.0,
      0.0,
      -0.014909366594117079,
      0.0,
      -0.006869463228658347,
      0.0,
      0.0,
      0.0,
      0.0,
      0.0,
      0.0
    ],
    "90": [
      0.0,
      0.0,
      0.0,
      0.0,
      0.0,
      0.0,
      0.0,
      0.0,
      0.008943150568311681,
      0.0,
      0.0,
      0.0,
      0.0,
      0.0,
      0.0,
      0.0
    ]
  },
  "_source": "solver"
}