dq_lu, dq_hhl,
-0.00032546029236105005,-0.0
-0.0010298517799003412,-0.0003792799366580533
-0.0005239424254560625,-0.00020774017691655163
-0.0001259371655087474,-0.0
0.0008378096380160959,0.00035981654119307196
-0.0002801646532728478,-0.00011993884706407237
0.00026543605893135266,0.00020774017691616546
-0.00016127559914261443,-0.0
-0.000444105128269155,-0.0
9.094773641437572e-05,0.0
-7.664811872009912e-05,-0.0
0.0004692118533431182,0.00011993884706424485
-0.00033487739395995534,-0.00011993884706414233
0.000443088636873463,0.0002681914151785689
-0.00015161182020226956,-0.0
