xp, rho, u, p, Mach
0.1,0.9875722838026664,1.5143182628720924,0.6998440968478798,1.5203267495843953
0.3,0.8861571825385182,1.612704924462245,0.6034455960720062,1.6516849597455634
0.5,0.6196534852609672,1.741835435644256,0.37491537130707026,1.8925655426346535
0.7,0.5169422566517959,1.829577509099118,0.28860091015229167,2.0694691850302203
0.9,0.48376094491440585,1.869262080333065,0.26102152292996833,2.150717755550915
