xp, rho, u, p, Mach
0.1,0.9874915914400086,1.5144420046026612,0.6998070857273192,1.520429069002076
0.3,0.8860764901758602,1.613033922804006,0.6032349434070995,1.6522351017927317
0.5,0.6197341776236244,1.7413831189919076,0.375061687771915,1.89182815381046
0.7,0.5170229490144536,1.829135893702805,0.2887596108304605,2.0685624681293655
0.9,0.48376094491440585,1.8697033973234918,0.2608618751430284,2.1518836974900446
