{
  "grid": [
    0.0,
    0.125,
    0.25,
    0.375,
    0.5,
    0.625,
    0.75,
    0.875
  ],
  "solution_steps": {
    "0": [
      0.0,
      0.21213203435596423,
      0.3,
      0.21213203435596426,
      3.6739403974420595e-17,
      -0.21213203435596423,
      -0.3,
      -0.2121320343559643
    ],
    "1": [
      -1.1227751879081875e-17,
      0.055142258839037686,
      0.08321550318245576,
      0.06310406880942106,
      1.0015620893338833e-17,
      -0.06310406880942104,
      -0.08321550318245576,
      -0.05514225883903769
    ]
  },
  "_source": "solver"
}