{
  "u_initial": [
    0.0,
    0.20129852008866006,
    0.39435585511331855,
    0.5712682150947923,
    0.7247927872291199,
    0.8486442574947509,
    0.9377521321470804,
    0.9884683243281114,
    0.9987165071710528,
    0.9680771188662044,
    0.8978045395707416,
    0.7907757369376985,
    0.6513724827222223,
    0.48530196253108143,
    0.29936312297335804,
    0.10116832198743228,
    -0.10116832198743204,
    -0.2993631229733574,
    -0.48530196253108043,
    -0.651372482722222,
    -0.7907757369376986,
    -0.8978045395707414,
    -0.9680771188662043,
    -0.9987165071710528,
    -0.9884683243281114,
    -0.9377521321470808,
    -0.8486442574947515,
    -0.72479278722912,
    -0.5712682150947924,
    -0.3943558551133187,
    -0.20129852008866028,
    -2.4492935982947064e-16
  ],
  "u_final_classical": [
    0.0,
    0.10364552239817104,
    0.20675835583015667,
    0.3088010154347263,
    0.4092253489507461,
    0.5074643268023795,
    0.6029197178963843,
    0.6949445891906673,
    0.7828049195050601,
    0.8655976786817549,
    0.9434331511681918,
    1.0053102492228532,
    1.0883842993121966,
    1.1754497663450403,
    0.46334681922342524,
    7.917158521762771,
    -7.9171585217627705,
    -0.4633468192234268,
    -1.1754497663450405,
    -1.0883842993121962,
    -1.005310249222854,
    -0.9434331511681917,
    -0.8655976786817544,
    -0.7828049195050607,
    -0.6949445891906669,
    -0.6029197178963841,
    -0.5074643268023795,
    -0.40922534895074614,
    -0.3088010154347265,
    -0.20675835583015673,
    -0.10364552239817118,
    -2.4492935982947064e-16
  ],
  "u_final_method": [
    0.0,
    0.0,
    0.16330290935118258,
    0.31896358315769996,
    0.41643045581829286,
    0.5440620049725717,
    0.5487309648098339,
    0.7534156399203986,
    0.7082433097382198,
    0.8193251260655731,
    0.9000783754145035,
    1.1724605652601434,
    0.9782942223542432,
    1.2744850991944288,
    0.9199014451881917,
    3.2069701517872646,
    -3.260612089152355,
    -1.2741003878602248,
    -0.6461583258208766,
    -1.3232987919920545,
    -0.913686412241409,
    -0.9286979351296191,
    -0.8631725635053211,
    -0.7459490986744862,
    -0.6554079778453645,
    -0.6032517077710121,
    -0.5090348757038151,
    -0.47775057983638597,
    -0.31503251540378685,
    -0.21356427294501568,
    -0.023092926077558133,
    0.0
  ],
  "errors_by_step": {
    "0": 0.0,
    "1": 0.016231714126904204,
    "2": 0.01956390332803056,
    "3": 0.024872487580349694,
    "4": 0.02915463780836818,
    "5": 0.03378471423057628,
    "6": 0.03760065913958868,
    "7": 0.03712765859629015,
    "8": 0.03887104973242144,
    "9": 0.03954675137894896,
    "10": 0.03939139439923039,
    "11": 0.045804793459062826,
    "12": 0.04812825223478364,
    "13": 0.05235005716177958,
    "14": 0.04982477768190387,
    "15": 0.05151256424336446,
    "16": 0.0547539184031042,
    "17": 0.05556290199862271,
    "18": 0.05635025848789299,
    "19": 0.05172577023414029,
    "20": 0.05707759716343799,
    "21": 0.05851956853365454,
    "22": 0.05982537498343976,
    "23": 0.06329709751854098,
    "24": 0.0657974961522616,
    "25": 0.06483023058391629,
    "26": 0.06817122618529316,
    "27": 0.06839710043506719,
    "28": 0.07005130029492661,
    "29": 0.07664376169723518,
    "30": 0.07882453568123421,
    "31": 0.08627869001922725,
    "32": 0.08950899698832492,
    "33": 0.09400032111146454,
    "34": 0.09949704509392353,
    "35": 0.10408742504531142,
    "36": 0.10962843668110318,
    "37": 0.10911870253307583,
    "38": 0.10897364551644462,
    "39": 0.11642340590269651,
    "40": 0.12269881272456837,
    "41": 0.1297309432778865,
    "42": 0.13344619921484038,
    "43": 0.1390551361642798,
    "44": 0.14904925566204305,
    "45": 0.1575508436575181,
    "46": 0.16459762919218118,
    "47": 0.17437457913287424,
    "48": 0.17872510351858625,
    "49": 0.19155510097291314,
    "50": 0.20211976380676108,
    "51": 0.21475973810248705,
    "52": 0.22934607196942347,
    "53": 0.24677119447392304,
    "54": 0.2630282045736147,
    "55": 0.2867417545797657,
    "56": 0.3143586620172298,
    "57": 0.3424079817352345,
    "58": 0.376300970585878,
    "59": 0.41457939744743316,
    "60": 0.45930126803665927,
    "61": 0.5102497642255921,
    "62": 0.567447271528113
  },
  "final_error": 0.567447271528113,
  "max_error": 0.567447271528113,
  "_source": "solver"
}