{
  "l2_error_normalized": 0.31617433275616585,
  "l2_error_phase_corrected": 0.31617433275616585,
  "fidelity_shots": 0.9025321020263465,
  "residual": 0.26205636347302436,
  "shots": 65536,
  "sv_fidelity": 0.9999999999999998,
  "sv_solution": [
    -0.9684147036827078,
    -0.2493450655038778
  ],
  "success_probability": 0.32591925920906456,
  "_source": "solver"
}