{
  "classical_solution": [
    0.28505466828376025,
    0.07339518355628778
  ],
  "classical_solution_normalized": [
    0.9684147036827078,
    0.2493450655038779
  ],
  "quantum_solution": [
    0.8421651772325888,
    0.5392196345245621
  ],
  "quantum_solution_normalized": [
    0.8421651772325888,
    0.5392196345245621
  ],
  "_source": "solver"
}