{
  "circuit_build_time_s": 0.0013058185577392578,
  "modular_transpile_time_s": 0.04859328269958496,
  "execution_time_s": 0.019187211990356445,
  "modular_pre_opt": {
    "cx_count": 86,
    "total_gates": 233,
    "depth": 179
  },
  "modular_post_opt": {
    "cx_count": 86,
    "total_gates": 233,
    "depth": 179
  },
  "blocks_transpiled": 11,
  "per_block_compile_times": {
    "state_prep": 0.0005162919987924397,
    "controlled_u_1": 0.007293749993550591,
    "controlled_u_2": 0.0038870409916853532,
    "controlled_u_4": 0.0033073329977924004,
    "qft": 0.0003073330008191988,
    "controlled_rotations": 0.0019170000014128163,
    "inverse_qft": 0.0002067500026896596,
    "inverse_controlled_u_4": 0.0033019999973475933,
    "inverse_controlled_u_2": 0.0038016249891370535,
    "inverse_controlled_u_1": 0.006560457986779511,
    "measurement": 0.00011587499466259032
  },
  "boundary_swaps": {
    "state_prep\u2192controlled_u_1": 0,
    "controlled_u_1\u2192controlled_u_2": 0,
    "controlled_u_2\u2192controlled_u_4": 0,
    "controlled_u_4\u2192qft": 0,
    "qft\u2192controlled_rotations": 0,
    "controlled_rotations\u2192inverse_qft": 0,
    "inverse_qft\u2192inverse_controlled_u_4": 0,
    "inverse_controlled_u_4\u2192inverse_controlled_u_2": 0,
    "inverse_controlled_u_2\u2192inverse_controlled_u_1": 0,
    "inverse_controlled_u_1\u2192measurement": 0
  },
  "exec_info": {
    "wall_time": 0.019187211990356445,
    "backend_time": 0.018114417,
    "shots_requested": 65536,
    "shots_executed": 65536,
    "status": "DONE"
  },
  "_source": "solver"
}