{
  "_source": "stdout",
  "experiment_id": null,
  "algorithm": "modular_hhl",
  "dimension": 2,
  "condition_number": 2.999999999999999,
  "num_qubits": 5,
  "num_clock_qubits": 3,
  "decomposition_depth": 2,
  "transpiled_depth": 179,
  "transpiled_cx_count": 86,
  "total_gates": 233,
  "boundary_swaps": 0,
  "sv_fidelity": 0.9999999999999998,
  "sv_fidelity_transpiled": 0.9999999999999998,
  "fidelity_shots": 0.9025321020263465,
  "success_probability": 0.32591925920906456,
  "success_probability_transpiled": 0.34027777777777607,
  "compile_time_s": 0.04859328269958496,
  "circuit_build_time_s": 0.0013058185577392578,
  "transpile_calls": 11,
  "per_block_compile_times": {
    "state_prep": 0.0005162919987924397,
    "controlled_u_1": 0.007293749993550591,
    "controlled_u_2": 0.0038870409916853532,
    "controlled_u_4": 0.0033073329977924004,
    "qft": 0.0003073330008191988,
    "controlled_rotations": 0.0019170000014128163,
    "inverse_qft": 0.0002067500026896596,
    "inverse_controlled_u_4": 0.0033019999973475933,
    "inverse_controlled_u_2": 0.0038016249891370535,
    "inverse_controlled_u_1": 0.006560457986779511,
    "measurement": 0.00011587499466259032
  },
  "fidelity_noisy": null,
  "noise_cx_error": null,
  "error": null,
  "exit_code": 0
}