{
  "u_initial": [
    0.0,
    0.0780361288064513,
    0.15307337294603593,
    0.22222809320784087,
    0.282842712474619,
    0.3325878449210181,
    0.36955181300451473,
    0.3923141121612922,
    0.4,
    0.3923141121612922,
    0.36955181300451473,
    0.33258784492101817,
    0.28284271247461906,
    0.22222809320784087,
    0.15307337294603596,
    0.07803612880645144,
    4.898587196589413e-17,
    -0.07803612880645135,
    -0.15307337294603587,
    -0.2222280932078408,
    -0.282842712474619,
    -0.3325878449210181,
    -0.3695518130045146,
    -0.39231411216129214,
    -0.4,
    -0.3923141121612922,
    -0.3695518130045147,
    -0.3325878449210182,
    -0.28284271247461906,
    -0.22222809320784087,
    -0.15307337294603618,
    -0.0780361288064515
  ],
  "u_final_classical": null,
  "u_final_method": [
    -56.30093925163701,
    0.5348341537336904,
    1.6508841298746313,
    -0.449529659641089,
    -1.5936147602530348,
    -0.04059725231111713,
    0.2069413139941844,
    -0.5170435734172997,
    -0.33916424101107223,
    1.144142112997597,
    1.9723100932139208,
    -0.6080347019175656,
    -2.009437834495429,
    -0.5156638365324335,
    -0.23110669875658005,
    -0.40360559052139194,
    -0.023655969891891573,
    0.9002412292041282,
    0.9942289120896691,
    -0.1996927340922764,
    -0.3452532600811827,
    1.1170074508960772,
    0.5675563254908934,
    -1.2510610704956724,
    -0.7167673794256609,
    1.6862507727985099,
    2.2117211434698016,
    -1.1913269184715523,
    -1.6843509609430736,
    55.796542396232425,
    55.64064843836183,
    -56.002462778462025
  ],
  "errors_by_step": {},
  "final_error": NaN,
  "max_error": NaN,
  "_source": "solver"
}