{
  "grid": [
    0.0,
    0.03125,
    0.0625,
    0.09375,
    0.125,
    0.15625,
    0.1875,
    0.21875,
    0.25,
    0.28125,
    0.3125,
    0.34375,
    0.375,
    0.40625,
    0.4375,
    0.46875,
    0.5,
    0.53125,
    0.5625,
    0.59375,
    0.625,
    0.65625,
    0.6875,
    0.71875,
    0.75,
    0.78125,
    0.8125,
    0.84375,
    0.875,
    0.90625,
    0.9375,
    0.96875
  ],
  "solution_steps": {
    "0": [
      0.0,
      0.0780361288064513,
      0.15307337294603593,
      0.22222809320784087,
      0.282842712474619,
      0.3325878449210181,
      0.36955181300451473,
      0.3923141121612922,
      0.4,
      0.3923141121612922,
      0.36955181300451473,
      0.33258784492101817,
      0.28284271247461906,
      0.22222809320784087,
      0.15307337294603596,
      0.07803612880645144,
      4.898587196589413e-17,
      -0.07803612880645135,
      -0.15307337294603587,
      -0.2222280932078408,
      -0.282842712474619,
      -0.3325878449210181,
      -0.3695518130045146,
      -0.39231411216129214,
      -0.4,
      -0.3923141121612922,
      -0.3695518130045147,
      -0.3325878449210182,
      -0.28284271247461906,
      -0.22222809320784087,
      -0.15307337294603618,
      -0.0780361288064515
    ],
    "10": [
      -0.5626945157000028,
      -0.5898649181414505,
      -0.30338184312397926,
      -0.248578226317928,
      0.019007503694221696,
      0.6060697964250432,
      0.5983904520575111,
      -0.301392584032248,
      -0.44214199081558064,
      0.9832909492429569,
      63.40526347910717,
      0.6360847198585705,
      -62.87061348306383,
      -0.6726534245845058,
      1.6314368156986814,
      -0.3891134900087947,
      -2.430626230064324,
      -0.9395947190803724,
      0.2669704250483166,
      0.8435517182476551,
      0.45785019890862044,
      -0.2381014786581133,
      -0.3866239450367533,
      -0.2147444034737512,
      0.11757240341866847,
      0.4882864632129718,
      0.1277694520941884,
      -0.667024306132413,
      -0.5956728627437478,
      0.25082067269896297,
      0.9674941405208376,
      0.45296323074341655
    ],
    "20": [
      1.148440245975212,
      0.2956360584272684,
      -0.4176632416493518,
      0.04027214554863377,
      0.25019540430939824,
      -0.34323443549093186,
      -0.7381477531671444,
      -0.4471751073654224,
      0.043475127014685595,
      0.5009910421374962,
      0.5021524083882548,
      -0.2703387762544281,
      -0.7248110878158911,
      -0.06840677541024717,
      1.8045588132119297,
      61.259435753883736,
      2.2729245367742417,
      -60.36360656464066,
      -2.7608118419105008,
      0.8933073389260886,
      0.09903266688944683,
      -0.9708418314430659,
      0.3764615649917678,
      60.441141057157644,
      0.30370688107054605,
      -60.47774951884059,
      -1.1484072966204624,
      -0.22694324394157744,
      -0.7722667563019777,
      -0.9787552176922938,
      -0.2388396711601547,
      0.7162680749983573
    ],
    "30": [
      2.031969985512327,
      0.7709596784670123,
      -1.5714449932554384,
      -0.986343400678015,
      0.5109806149260532,
      1.3099066823933887,
      0.08195998597556353,
      -1.1787428300990814,
      -0.592242269851597,
      0.24096512786275298,
      0.643360300412287,
      0.27970561445250663,
      -0.4289336875304224,
      -0.5894838788503591,
      -0.20596091979504308,
      0.25018909450227284,
      0.38943048256177576,
      0.06609816435866889,
      -0.23404634044780323,
      -0.1855131461394177,
      -0.1106089619122423,
      -0.15217704167915486,
      -0.09280818959309754,
      0.10437170285575291,
      0.22210467215256272,
      0.2864910087957469,
      0.5928093408618156,
      0.6212048949153307,
      -0.590759530109608,
      -1.3845586365714206,
      -0.6458104899071326,
      0.5469269654140158
    ],
    "40": [
      -56.30093925163701,
      0.5348341537336904,
      1.6508841298746313,
      -0.449529659641089,
      -1.5936147602530348,
      -0.04059725231111713,
      0.2069413139941844,
      -0.5170435734172997,
      -0.33916424101107223,
      1.144142112997597,
      1.9723100932139208,
      -0.6080347019175656,
      -2.009437834495429,
      -0.5156638365324335,
      -0.23110669875658005,
      -0.40360559052139194,
      -0.023655969891891573,
      0.9002412292041282,
      0.9942289120896691,
      -0.1996927340922764,
      -0.3452532600811827,
      1.1170074508960772,
      0.5675563254908934,
      -1.2510610704956724,
      -0.7167673794256609,
      1.6862507727985099,
      2.2117211434698016,
      -1.1913269184715523,
      -1.6843509609430736,
      55.796542396232425,
      55.64064843836183,
      -56.002462778462025
    ]
  },
  "_source": "solver"
}