xp, rho, u, p, Mach
0.1,0.9871903535203631,1.5147503734900092,0.6996905975919241,1.5206332515021193
0.3,0.8844789296555504,1.6126195115153281,0.6025658612728194,1.6512368674477869
0.5,0.6316547631691737,1.7261740883524077,0.38418450250125924,1.8706414012713064
0.7,0.5933848482718495,1.7061284672684627,0.34914556933876273,1.8798044365853201
0.9,0.6460553760962299,1.601825878188158,0.3958901468413524,1.72941337613522
