xp, rho, u, p, Mach
0.1,0.9866107620733022,1.515640224274793,0.6994244704593351,1.5213691929857909
0.3,0.8830866653048188,1.6147976744549573,0.6008128759414856,1.654573808283601
0.5,0.6202654821801282,1.7397228309944144,0.37569040895414385,1.8892515956823024
0.7,0.5523362454310613,1.77067809694955,0.3161889185447427,1.9778987065568898
0.9,0.5742781785139837,1.7115992751369735,0.333856125231357,1.8972281456889655
