xp, rho, u, p, Mach
0.1,0.9874096898471488,1.5145091766364698,0.6997621646405862,1.5204822522008128
0.3,0.8859085525837307,1.613335006732477,0.6030538416343146,1.6526349863504655
0.5,0.6195862631797295,1.7416325200778267,0.37493605932721696,1.8921902156955164
0.7,0.5169924947711997,1.829237033038209,0.28872584137602253,2.068736888993637
0.9,0.48392243289603676,1.869372180616419,0.2609996730341324,2.151293442118939
