xp, rho, u, p, Mach
0.1,0.9873257092507081,1.514607806553816,0.6996840362143872,1.520601495858453
0.3,0.8857477327562301,1.613562524277818,0.6028892100895087,1.6529436551911605
0.5,0.6194544731111046,1.7418829026619402,0.3748040828005747,1.8925940860866046
0.7,0.5170459649221972,1.829298931624342,0.28873802581587776,2.0688702192527644
0.9,0.4843762029197649,1.8686921970739463,0.26129719530703793,2.150293684781781
