xp, rho, u, p, Mach
0.1,0.9874709825867687,1.5144362453065459,0.6998202927588987,1.5203930746548777
0.3,0.8860313985674675,1.6131635474091837,0.6031849889342201,1.652394251971515
0.5,0.6197112215599427,1.7414124118487133,0.3750528881332246,1.8918471313699206
0.7,0.5170336591236105,1.8291068215737458,0.2887681038152717,2.0685205958225312
0.9,0.48377143777240206,1.869583331541978,0.2609018000566922,2.1516042015924812
