dq_lu, dq_hhl,
0.001272308986978672,0.0003841753999544663
0.0006653302610055649,0.0
0.0007033688117784732,0.0
0.000970588667785428,0.00019208769997718623
0.0006319312142522367,0.0
0.001065708788329431,0.0002716530304728158
-0.0012968035547836776,-0.00033270565586961977
-0.0010627664815771008,-0.0
0.0028164692540285758,0.0005762630999319476
0.0009373975783134753,0.00019208769997717924
0.001487071217843302,0.0005082162840542039
0.0020282871153066333,0.00047051685080918296
0.0011091374430293355,0.0003327056558695764
0.00044186300031541997,0.0
-0.0009649518183622537,-0.0
-0.0012364144707285119,-0.00019208769997722876
-0.0007178180549587727,-0.00019208769997711652
-0.0013641574866306147,-0.00019208769997724332
-0.0005139999367175322,-0.0
-0.001813016339033329,-0.00027165303047292085
-0.00045819628301882004,-0.0
-0.0016775177679024895,-0.0002716530304729087
-0.0007424394498268964,-0.0
-0.0008322047756720466,-0.0
0.0016818670534515811,0.0005082162840542435
-0.0013117622420323787,-0.00019208769997723768
-0.0007220571976369334,-0.00019208769997711812
0.0005827803305511906,0.0
-0.0006464984638174505,-0.0002716530304726505
-0.0013765982033712126,-0.0003327056558696346
