{
  "u_initial": [
    0.0,
    0.02940514209886818,
    0.05852709660483847,
    0.0870854031763387,
    0.11480502970952693,
    0.1414190210477993,
    0.16667106990588065,
    0.19031798524909363,
    0.21213203435596423,
    0.2319031360088211,
    0.24944088369076356,
    0.26457637930450645,
    0.27716385975338603,
    0.28708210071966267,
    0.2942355841209691,
    0.298555418001659,
    0.3,
    0.2985554180016591,
    0.2942355841209691,
    0.28708210071966267,
    0.27716385975338603,
    0.2645763793045065,
    0.24944088369076362,
    0.23190313600882112,
    0.21213203435596426,
    0.19031798524909363,
    0.16667106990588065,
    0.14141902104779935,
    0.11480502970952697,
    0.08708540317633871,
    0.05852709660483858,
    0.029405142098868246,
    3.6739403974420595e-17,
    -0.029405142098868176,
    -0.058527096604838506,
    -0.08708540317633863,
    -0.1148050297095269,
    -0.1414190210477993,
    -0.16667106990588057,
    -0.19031798524909357,
    -0.21213203435596423,
    -0.23190313600882098,
    -0.24944088369076356,
    -0.26457637930450645,
    -0.2771638597533859,
    -0.2870821007196626,
    -0.29423558412096906,
    -0.2985554180016591,
    -0.3,
    -0.2985554180016591,
    -0.2942355841209691,
    -0.28708210071966267,
    -0.277163859753386,
    -0.2645763793045065,
    -0.24944088369076362,
    -0.23190313600882106,
    -0.2121320343559643,
    -0.19031798524909377,
    -0.16667106990588065,
    -0.14141902104779938,
    -0.1148050297095271,
    -0.08708540317633874,
    -0.05852709660483861,
    -0.029405142098868152
  ],
  "u_final_classical": null,
  "u_final_method": [
    -3.089517341262977e-17,
    0.019795427245885767,
    0.039542487698734766,
    0.059189908140777736,
    0.07868054827664231,
    0.09794834115308575,
    0.11691511082064049,
    0.13548727907177183,
    0.15355252818273188,
    0.17097656584270338,
    0.187600244654653,
    0.20323741912258778,
    0.217674065020742,
    0.23066931088846349,
    0.24195909130350177,
    0.2512630624471699,
    0.25829515679748255,
    0.2627776586753315,
    0.2644579871461545,
    0.26312660758691553,
    0.25863388027787076,
    0.2509034433016117,
    0.23994008418842416,
    0.22583096035203074,
    0.20874025081027944,
    0.18889850121046492,
    0.16658872636171354,
    0.142131585262381,
    0.11587167320543447,
    0.08816636334974655,
    0.059377901103977976,
    0.02986878966783913,
    4.5959501646492507e-17,
    -0.029868789667839023,
    -0.059377901103977865,
    -0.0881663633497465,
    -0.11587167320543434,
    -0.14213158526238087,
    -0.16658872636171354,
    -0.18889850121046492,
    -0.2087402508102793,
    -0.22583096035203068,
    -0.23994008418842414,
    -0.2509034433016117,
    -0.2586338802778708,
    -0.2631266075869154,
    -0.2644579871461545,
    -0.26277765867533137,
    -0.2582951567974826,
    -0.2512630624471699,
    -0.24195909130350182,
    -0.23066931088846349,
    -0.217674065020742,
    -0.20323741912258786,
    -0.18760024465465303,
    -0.1709765658427034,
    -0.153552528182732,
    -0.13548727907177185,
    -0.11691511082064059,
    -0.09794834115308575,
    -0.07868054827664236,
    -0.05918990814077779,
    -0.03954248769873483,
    -0.019795427245885795
  ],
  "errors_by_step": {},
  "final_error": NaN,
  "max_error": NaN,
  "_source": "solver"
}