{
  "iterations_completed": 1,
  "converged": false,
  "_source": "solver",
  "fidelity": 0.9874992811936567,
  "l2_error_normalized": 0.11198228389525025,
  "residual": 5.587373847843486,
  "hhl_metrics": [
    {
      "step": 0,
      "fidelity": 0.9874992811936567,
      "l2_error_abs": 0.6687226670059583,
      "l2_error_rel": 0.24725528349395862,
      "l2_error_normalized": 0.11198228389525025,
      "linsys_residual": 5.587373847843486
    }
  ]
}