dq_lu, dq_hhl,
-0.017785126111740452,-0.0
-0.00794534730245998,-0.0
-0.04155066755731089,-0.0
-0.12311517941793021,-0.0
-0.06349790384558218,-0.0
-0.26948372646609203,-0.0
-0.395929717173762,-0.17138271839717747
-0.4171216210513736,-0.12118588235682869
-1.075605479401285,-0.0
-0.4207730283047614,-0.0
-0.5616671419515735,-0.12118588235682876
-1.304479256333473,-0.12118588235682887
-0.5616451611205714,-0.1713827183971776
-0.5974907423155128,-0.0
-1.248460677172827,-0.27097987086316183
