xp, rho, u, p, Mach
0.1,0.9999999999999998,1.5000000000000004,0.7063002864950253,1.50845566380049
0.3,0.9340224569320539,1.6023686916443345,0.6314250878078357,1.6470856193176007
0.5,0.70238911102097,1.6547355516659896,0.4047724482959059,1.8422475734518917
0.7,0.5913464695314835,1.772163289330272,0.29633161595074714,2.1157859434014674
0.9,0.5956724370785594,1.6579830285889474,0.3174459119896218,1.9194859872342607
