xp, rho, u, p, Mach
0.1,1.0,1.5,0.7142857142857144,1.5
0.3,0.9477863048894619,1.5826352335560931,0.6894951442188865,1.5682179506036644
0.5,0.8286172816028226,1.5548521295243278,0.47751822383284864,1.7310399585438345
0.7,0.8481711345218372,1.519006356644217,0.38936961321496805,1.8947690827703505
0.9,0.7764035864922839,1.8256521786593234,0.26148722639812816,2.658719672919183
