xp, rho, u, p, Mach
0.1,0.9999999999999999,1.5000000000000002,0.7063002864950254,1.5084556638004898
0.3,0.9218211959219561,1.6235777056349574,0.6121639997560979,1.6838310482461527
0.5,0.6812559070350713,1.680738519089257,0.3996477513849088,1.8546099655974226
0.7,0.574091280732949,1.7886167845675929,0.3004429274073254,2.0895981111865356
0.9,0.5745392330926606,1.6889353182247118,0.3087074221385398,1.9473109649759237
