xp, rho, u, p, Mach
0.1,0.9900110344787109,1.5151346275547557,0.701037147767725,1.5217268647096631
0.3,0.9022212915739158,1.596986566395818,0.6162779911922222,1.633072448363341
0.5,0.6561690312474125,1.7038354848405115,0.40173627394066047,1.8403523584944244
0.7,0.624421710150822,1.6710080838505348,0.36937809071878175,1.836191464163986
0.9,0.6685285666779976,1.5965091579320492,0.41371205454917337,1.715213923294753
