xp, rho, u, p, Mach
0.1,0.9873836736171451,1.5145271959412097,0.6997340523621007,1.5205108542440995
0.3,0.8857618150726129,1.6134572296237426,0.6029453860798242,1.6527719305034023
0.5,0.6193358837050631,1.7419636654104207,0.37476538280789,1.8925983704482265
0.7,0.5167069295780486,1.8297038186167982,0.2885308475902875,2.069392133341511
0.9,0.48371907536075837,1.8696972657933013,0.26087856754136424,2.1517146736213433
