dq_lu, dq_hhl,
-8.406524021045782e-11,-0.0
-3.802189637459815e-11,-0.0
-7.596347686915855e-11,-0.0
-3.9857115265765387e-10,-0.0
-2.3991926351458133e-10,-0.0
-6.750759097103881e-11,-0.0
-2.0864985745415999e-10,-0.0
-7.560749756653581e-11,-0.0
-2.554296307107113e-10,-0.0
1.546628164235059e-10,0.0
3.0127706248101715e-10,0.0
3.484430642975358e-10,0.0
6.444670205717248e-10,0.0
5.420722552386401e-10,0.0
9.101606785458513e-10,2.343177466409128e-10
