xp, rho, u, p, Mach
0.1,0.9874707450824979,1.5144365071740216,0.6998200427743954,1.5203934262633267
0.3,0.8860305750748553,1.6131644482857073,0.6031842427417952,1.6523954289532514
0.5,0.6197098013770279,1.741414422658672,0.3750518050959851,1.8918498796662333
0.7,0.517031208866847,1.8291108289907896,0.2887663314992332,2.0685265741372345
0.9,0.4837681237485799,1.8695892197817268,0.26089943293585943,2.1516133689997425
