xp, rho, u, p, Mach
0.1,0.9874451437055874,1.514454861755636,0.6998048909359107,1.5204086029628736
0.3,0.8858739845616466,1.6133237670755902,0.6030587238482038,1.652584540526022
0.5,0.6195603588464353,1.741590894130132,0.374957121383057,1.8920522941720432
0.7,0.5174981720131354,1.828304159888131,0.2891225804925496,2.067273006599349
0.9,0.4854669475331739,1.8664966477079046,0.2621898556696603,2.146520732691804
