xp, rho, u, p, Mach
0.1,0.9875268039341769,1.5144341309789602,0.6998266195525872,1.5204270521866383
0.3,0.8858443411781664,1.6132743868384158,0.6030001501468041,1.652586567484758
0.5,0.6198101355394822,1.7410998523016357,0.37515572175239187,1.8913992412257399
0.7,0.521166865445477,1.8219587348440591,0.2918150207122683,2.0578281106634577
0.9,0.4952716151482921,1.8485381378697627,0.2696387311554634,2.117361339538553
