xp, rho, u, p, Mach
0.1,0.9874695825924888,1.51443777011883,0.6998189201274266,1.520395018745497
0.3,0.8860266237347416,1.6131684046701606,0.6031808544085684,1.652400438143258
0.5,0.6197036785467962,1.7414222549421525,0.3750473858795393,1.891860188483781
0.7,0.5170259774592364,1.829119269788247,0.28876276801815526,2.0685384181399504
0.9,0.48377020230773865,1.8695849888105578,0.26090163893151486,2.1516040258302986
