xp, rho, u, p, Mach
0.1,0.9885023973150713,1.5131964126837554,0.7009068978933549,1.5187629065621764
0.3,0.8872769019561881,1.6108781712911608,0.6045542282823798,1.6493416841208761
0.5,0.624380213657716,1.7341902024619178,0.378909952294633,1.8814352225488546
0.7,0.544259701194419,1.7845317142593287,0.30929863204837793,2.0006648523572843
0.9,0.5460538660162569,1.7596203864710953,0.30968042286363934,1.9747668788994965
