xp, rho, u, p, Mach
0.1,0.987470974261991,1.514436248908661,0.699820286365619,1.5203930788072513
0.3,0.886031370136405,1.6131635815113494,0.6031849607619489,1.6523942989801652
0.5,0.6197111520590398,1.7414125158712948,0.37505283259838407,1.8918472783577154
0.7,0.5170334203393057,1.8291072272644677,0.2887679241262262,2.068521220536498
0.9,0.4837709324276293,1.8695842545226333,0.2609014238450352,2.1516056912968087
