xp, rho, u, p, Mach
0.1,0.9874708376660374,1.5144364030671562,0.6998201368366688,1.5203932908442375
0.3,0.8860309001278807,1.6131640853075413,0.6031845376090319,1.6523949563626714
0.5,0.6197103378139905,1.7414136850599733,0.3750521935514852,1.891848917435522
0.7,0.5170319303932156,1.8291096898915622,0.28876684107221157,2.0685249041551246
0.9,0.4837688073023576,1.869588035601331,0.2608998962077047,2.151611616000177
