xp, rho, u, p, Mach
0.1,0.9874709823264205,1.5144362452083553,0.6998202921498852,1.5203930750174293
0.3,0.886031398648845,1.6131635461518716,0.6031849896115966,1.652394249831689
0.5,0.619711221872758,1.7414124105827768,0.3750528887579477,1.8918471288964853
0.7,0.5170336606092469,1.8291068180077754,0.2887681049368964,2.06852059074439
0.9,0.4837714402059853,1.8695833254068879,0.26090180279735625,2.1516041886428394
