xp, rho, u, p, Mach
0.1,1.0,1.5,0.7142857142857144,1.5
0.3,0.9670008774273513,1.5263580892194841,0.6804382074762286,1.5378412395182548
0.5,0.8403314182356686,1.499920443817568,0.5608255507654638,1.5517280528475133
0.7,0.8687334498139019,1.478931903869975,0.5869653848203141,1.5206217103325697
0.9,0.9219918938587537,1.4692210276452828,0.6449262720508204,1.4846758164202711
