xp, rho, u, p, Mach
0.1,0.9874541416458703,1.514447504988866,0.6998051641223463,1.520407847703952
0.3,0.8859482339676567,1.6132429508802562,0.6031138834459602,1.6524954361352935
0.5,0.6196181585468307,1.7415207611837535,0.374987517155517,1.8919876676712128
0.7,0.5171521881293683,1.8289130868725423,0.28886630765600196,2.068186923408279
0.9,0.48438627225754055,1.8684654751084204,0.2613737304606767,2.149740333305319
