dq_lu, dq_hhl,
-0.012562592259097453,-0.0023154164084983313
-0.004419027057889729,-0.0
-0.02036215456762806,-0.0056715887428887
-0.0107534812303708,-0.00401041886019771
-0.00305012282070806,-0.0
-0.0020678873604067713,-0.0
0.019990382568827535,0.004630832816996799
-0.003787094528283999,-0.0
0.01805063460230038,0.002315416408498387
0.017042212983188025,0.005177428485620799
-0.011166573574987371,-0.002315416408498308
0.005006396820681246,0.002315416408498053
0.021016122768992975,0.004010418860197892
0.005858624229007133,0.0
-0.02120219855216095,-0.004010418860197894
