xp, rho, u, p, Mach
0.1,0.9947326245973218,1.5061161941372625,0.7036142784022679,1.5134926607127113
0.3,0.889397635490824,1.6077347820260555,0.6046462325317055,1.6479639205255723
0.5,0.6121555484956853,1.7660087588224287,0.3655709406482918,1.9314074281949845
0.7,0.5130529947241863,1.85114596555888,0.2817628619059701,2.1111344152498295
0.9,0.4805886321679854,1.8813339990893956,0.26194887476591006,2.1536759805675474
