xp, rho, u, p, Mach
0.1,0.9947326245973218,1.5079429013471994,0.7039725861387032,1.5149426298022002
0.3,0.8919673821057019,1.60514008427942,0.6048049369673121,1.6474632866495036
0.5,0.6070160552659289,1.7839547014749622,0.3588619473421084,1.9609033522267463
0.7,0.5086020630246393,1.8673459082205273,0.27868572821781235,2.1320257758625654
0.9,0.4754491389382292,1.8962658943331367,0.2614822450858021,2.161056622986568
