xp, rho, u, p, Mach
0.1,1.0,1.5,0.7142857142857144,1.5
0.3,0.9582171270500112,1.5118863831701226,0.6297865524495313,1.5761241036188067
0.5,0.5591289982341658,1.9367429503431342,0.3013424410511476,2.2296352578141225
0.7,0.48914562034830833,2.0162039938799805,0.23244011673906376,2.471917630718164
0.9,0.4482142051385637,1.9513185269237097,0.28002623065630533,2.086448171627086
