xp, rho, u, p, Mach
0.1,0.9936727002674094,1.5073671705277139,0.7031460918721671,1.5144464798940496
0.3,0.888897982370007,1.6086384961948552,0.6043877855497346,1.6487794297284277
0.5,0.6130903138908503,1.7633161638851036,0.3664357649676146,1.9276557166207398
0.7,0.5135526478450033,1.8479689844147515,0.28276880478252475,2.104783344181877
0.9,0.4805886321679854,1.8813339990893956,0.26180755152192176,2.1542571773503325
