xp, rho, u, p, Mach
0.1,0.9913159467516429,1.509762084206434,0.7021178805024627,1.5161617159870044
0.3,0.888897982370007,1.6086384961948552,0.6043877855497346,1.6487794297284277
0.5,0.6168166683875662,1.7526634992390562,0.37007220570522303,1.912358632759391
0.7,0.5135526478450033,1.8479689844147515,0.283240155485678,2.103031290001072
0.9,0.48262964058309715,1.873377963651667,0.26199916106245597,2.1489110269279386
