{
  "u_initial": [
    0.0,
    0.1913417161825449,
    0.35355339059327373,
    0.46193976625564337,
    0.5,
    0.46193976625564337,
    0.3535533905932738,
    0.19134171618254495,
    6.123233995736766e-17,
    -0.19134171618254484,
    -0.35355339059327373,
    -0.46193976625564326,
    -0.5,
    -0.4619397662556433,
    -0.35355339059327384,
    -0.1913417161825452
  ],
  "u_final_classical": null,
  "u_final_method": [
    0.00499865329362601,
    0.11644464791206835,
    0.22495927288373052,
    0.31236859249294074,
    0.38927638056172176,
    0.41822019882197836,
    0.38688315392591544,
    0.15833323288021114,
    -0.01958084299627352,
    -0.1900115188689947,
    -0.3768163981095509,
    -0.38161893961169935,
    -0.3898109611469571,
    -0.32901493049543984,
    -0.21990925841221218,
    -0.1047212831310648
  ],
  "errors_by_step": {},
  "final_error": NaN,
  "max_error": NaN,
  "_source": "solver"
}