xp, rho, u, p, Mach
0.1,0.9890981818215412,1.5133634478663989,0.7007719464320795,1.519534519200562
0.3,0.8827927202996476,1.617260369615898,0.6014382186062389,1.6559597905959995
0.5,0.6236043552928207,1.7331185337924038,0.3771169331217527,1.8835658242197897
0.7,0.5125662575611425,1.8446984604756578,0.28356699146875197,2.096083292074369
0.9,0.4800433241304632,1.9018748214938699,0.24508465853900774,2.2495728657715146
