{
  "grid": [
    0.0,
    0.03225806451612903,
    0.06451612903225806,
    0.0967741935483871,
    0.12903225806451613,
    0.16129032258064516,
    0.1935483870967742,
    0.22580645161290322,
    0.25806451612903225,
    0.29032258064516125,
    0.3225806451612903,
    0.3548387096774194,
    0.3870967741935484,
    0.4193548387096774,
    0.45161290322580644,
    0.4838709677419355,
    0.5161290322580645,
    0.5483870967741935,
    0.5806451612903225,
    0.6129032258064516,
    0.6451612903225806,
    0.6774193548387096,
    0.7096774193548387,
    0.7419354838709677,
    0.7741935483870968,
    0.8064516129032258,
    0.8387096774193548,
    0.8709677419354839,
    0.9032258064516129,
    0.9354838709677419,
    0.967741935483871,
    1.0
  ],
  "solution_steps": {
    "0": [
      0.0,
      0.20129852008866006,
      0.39435585511331855,
      0.5712682150947923,
      0.7247927872291199,
      0.8486442574947509,
      0.9377521321470804,
      0.9884683243281114,
      0.9987165071710528,
      0.9680771188662044,
      0.8978045395707416,
      0.7907757369376985,
      0.6513724827222223,
      0.48530196253108143,
      0.29936312297335804,
      0.10116832198743228,
      -0.10116832198743204,
      -0.2993631229733574,
      -0.48530196253108043,
      -0.651372482722222,
      -0.7907757369376986,
      -0.8978045395707414,
      -0.9680771188662043,
      -0.9987165071710528,
      -0.9884683243281114,
      -0.9377521321470808,
      -0.8486442574947515,
      -0.72479278722912,
      -0.5712682150947924,
      -0.3943558551133187,
      -0.20129852008866028,
      -2.4492935982947064e-16
    ],
    "8": [
      0.0,
      0.17788446300273053,
      0.35117531020053555,
      0.5152021697817571,
      0.6651491493239925,
      0.7960051911100229,
      0.9025513030536805,
      0.979412853704936,
      1.02121858308259,
      1.0229205010358868,
      0.9803301982854188,
      0.8908989107658017,
      0.7546894259282214,
      0.5753522486602713,
      0.36076860317503406,
      0.12296322415558295,
      -0.12296322415558261,
      -0.3607686031750331,
      -0.5753522486602703,
      -0.7546894259282216,
      -0.8908989107658015,
      -0.9803301982854185,
      -1.022920501035887,
      -1.02121858308259,
      -0.9794128537049361,
      -0.9025513030536809,
      -0.7960051911100231,
      -0.6651491493239924,
      -0.5152021697817573,
      -0.3511753102005357,
      -0.17788446300273072,
      -2.4492935982947064e-16
    ],
    "16": [
      0.0,
      0.16010794565864936,
      0.3174277159186066,
      0.46906742215950037,
      0.6119191595511813,
      0.7425291487612659,
      0.8569411453616377,
      0.9505056061735759,
      1.017655364153417,
      1.0516755134526679,
      1.0445686485157688,
      0.9872866735934464,
      0.8709030986877739,
      0.689563529606552,
      0.44553847773825506,
      0.15441744420608228,
      -0.15441744420608178,
      -0.4455384777382538,
      -0.689563529606551,
      -0.8709030986877747,
      -0.9872866735934458,
      -1.0445686485157688,
      -1.051675513452668,
      -1.017655364153417,
      -0.9505056061735762,
      -0.8569411453616381,
      -0.742529148761266,
      -0.6119191595511811,
      -0.4690674221595005,
      -0.31742771591860675,
      -0.1601079456586495,
      -2.4492935982947064e-16
    ],
    "24": [
      0.0,
      0.14611463877967737,
      0.29039417454828015,
      0.4309305376532949,
      0.5656601434414823,
      0.6922601298175294,
      0.808006972192246,
      0.9095719405060814,
      0.9927111946942724,
      1.0517785017889525,
      1.0789385847952457,
      1.0629018932934433,
      0.987140057209915,
      0.8290219949166131,
      0.566622634941039,
      0.20354741920068048,
      -0.2035474192006798,
      -0.5666226349410374,
      -0.8290219949166127,
      -0.9871400572099162,
      -1.0629018932934426,
      -1.0789385847952464,
      -1.0517785017889527,
      -0.9927111946942724,
      -0.9095719405060816,
      -0.8080069721922464,
      -0.6922601298175295,
      -0.5656601434414823,
      -0.43093053765329514,
      -0.2903941745482803,
      -0.1461146387796775,
      -2.4492935982947064e-16
    ],
    "32": [
      0.0,
      0.1347019080048318,
      0.2681040060593169,
      0.39886169822025463,
      0.5255341129217811,
      0.6465175773167522,
      0.7599517833838962,
      0.8635783166006923,
      0.9545148085737897,
      1.0288729117571713,
      1.081068137640517,
      1.1024757134105925,
      1.078431682416561,
      0.9794570366706665,
      0.7412607211225699,
      0.2890595953985105,
      -0.28905959539850945,
      -0.741260721122568,
      -0.9794570366706671,
      -1.0784316824165616,
      -1.1024757134105918,
      -1.0810681376405178,
      -1.0288729117571713,
      -0.9545148085737897,
      -0.8635783166006927,
      -0.7599517833838966,
      -0.6465175773167521,
      -0.5255341129217811,
      -0.3988616982202549,
      -0.26810400605931706,
      -0.13470190800483195,
      -2.4492935982947064e-16
    ],
    "40": [
      0.0,
      0.1250597895475914,
      0.24914081107999111,
      0.3712383176967539,
      0.49029142631875317,
      0.605143624576825,
      0.7144864221697086,
      0.8167738128845651,
      0.9100854122497266,
      0.9918956564216473,
      1.058662688558654,
      1.1049596188199853,
      1.1216822602771015,
      1.0963499531516843,
      0.9752568379847681,
      0.46129540708291256,
      -0.46129540708291084,
      -0.9752568379847665,
      -1.096349953151686,
      -1.121682260277102,
      -1.1049596188199853,
      -1.058662688558655,
      -0.991895656421647,
      -0.9100854122497267,
      -0.8167738128845655,
      -0.7144864221697088,
      -0.6051436245768249,
      -0.4902914263187533,
      -0.37123831769675414,
      -0.24914081107999117,
      -0.12505978954759153,
      -2.4492935982947064e-16
    ],
    "48": [
      0.0,
      0.11662640614040744,
      0.2324821090589326,
      0.34678193585538397,
      0.45870923720443463,
      0.567393264584188,
      0.6718765613064673,
      0.7710654076328687,
      0.8636516830527479,
      0.9479813723567886,
      1.0218002201491896,
      1.0822812939551478,
      1.1231967232232398,
      1.1238232246110298,
      1.1946381373083335,
      0.8829655967889611,
      -0.882965596788958,
      -1.1946381373083335,
      -1.123823224611032,
      -1.1231967232232398,
      -1.0822812939551483,
      -1.0218002201491905,
      -0.947981372356788,
      -0.8636516830527483,
      -0.7710654076328691,
      -0.6718765613064673,
      -0.5673932645841879,
      -0.45870923720443474,
      -0.3467819358553842,
      -0.23248210905893266,
      -0.11662640614040758,
      -2.4492935982947064e-16
    ],
    "50": [
      0.0,
      0.11465753632850059,
      0.22858560009524026,
      0.34104229567526934,
      0.45125864150819267,
      0.558418962127498,
      0.6616325262531131,
      0.7598903858913765,
      0.8519976328093484,
      0.9364633816334007,
      1.011230685873693,
      1.073925629372657,
      1.120783807238316,
      1.11669620945892,
      1.2187235751677745,
      1.0804685486537364,
      -1.0804685486537329,
      -1.2187235751677752,
      -1.1166962094589221,
      -1.1207838072383158,
      -1.0739256293726573,
      -1.011230685873694,
      -0.9364633816334001,
      -0.8519976328093489,
      -0.7598903858913767,
      -0.661632526253113,
      -0.5584189621274979,
      -0.45125864150819284,
      -0.3410422956752695,
      -0.22858560009524032,
      -0.11465753632850073,
      -2.4492935982947064e-16
    ]
  },
  "_source": "solver"
}