{
  "grid": [
    0.0,
    0.125,
    0.25,
    0.375,
    0.5,
    0.625,
    0.75,
    0.875
  ],
  "solution_steps": {
    "0": [
      0.0,
      0.7071067811865475,
      1.0,
      0.7071067811865476,
      1.2246467991473532e-16,
      -0.7071067811865475,
      -1.0,
      -0.7071067811865477
    ],
    "2": [
      -2.1316282072803005e-16,
      0.48244288246160844,
      0.6795029773294985,
      0.6572727696427118,
      2.5011104298755527e-14,
      -0.6572727696427114,
      -0.6795029773295234,
      -0.48244288246160866
    ],
    "4": [
      -1.0658141036401502e-16,
      0.43195169633508046,
      0.5973163485897651,
      0.6082850396486665,
      4.8743231673142875e-14,
      -0.6082850396486658,
      -0.5973163485898136,
      -0.43195169633508124
    ],
    "6": [
      -5.329070518200751e-17,
      0.398444507171891,
      0.5454580776495003,
      0.5613892427344551,
      4.646949491871055e-14,
      -0.5613892427344542,
      -0.5454580776495467,
      -0.3984445071718919
    ],
    "8": [
      -1.2434497875801754e-16,
      0.3729184981799819,
      0.5078586073438127,
      0.5239187582752176,
      4.149569576838985e-14,
      -0.5239187582752167,
      -0.5078586073438541,
      -0.3729184981799828
    ],
    "10": [
      -1.7763568394002505e-17,
      0.3521065250673371,
      0.4784589048240577,
      0.49357267561371304,
      3.602451670303708e-14,
      -0.49357267561371226,
      -0.4784589048240936,
      -0.35210652506733786
    ],
    "12": [
      -1.7763568394002505e-17,
      0.3344414492257333,
      0.4543546872522841,
      0.4682952209020047,
      3.005595772265224e-14,
      -0.46829522090200376,
      -0.45435468725231415,
      -0.3344414492257342
    ],
    "14": [
      -5.329070518200751e-17,
      0.3190452486456178,
      0.4339394887901334,
      0.44671583035467904,
      1.9895196601282807e-14,
      -0.44671583035467827,
      -0.4339394887901532,
      -0.31904524864561856
    ]
  },
  "_source": "solver"
}