dq_lu, dq_hhl,
-0.012413277546631048,-0.0
-0.004390569833421172,-0.0
-0.028813464424672933,-0.0
-0.02283926363311869,-0.004913241862653503
-0.049488808220237,-0.006948373277383994
-0.002906481790024813,-0.0049132418626520276
0.01558588875122756,0.0
-0.00285798611871809,-0.0
-0.04529969163457933,-0.00491324186265361
-0.034239305427288175,-0.0
-0.030617612856603475,-0.0
-0.008850910039227696,-0.0
-0.0068981054136773605,-0.0
0.055223049823924744,0.010986342794791198
-0.04041137616645012,-0.0
