xp, rho, u, p, Mach
0.1,1.0,1.5,0.7142857142857144,1.5
0.3,0.9098877397331133,1.6485550189301126,0.6037617727811102,1.7104111875958843
0.5,0.6043643890143264,1.8229136567702546,0.36792524589909253,1.9745662951661416
0.7,0.5675493668221026,1.751389250892284,0.30256191567991114,2.027278213535973
0.9,0.4844718736982959,1.7521913712879202,0.361307105913212,1.7148003062677637
