xp, rho, u, p, Mach
0.1,1.0,1.5,0.7142857142857144,1.5
0.3,1.0,1.5,0.6843731825668987,1.5324303674864543
0.5,0.6043643890143264,1.9283450677881728,0.3710951544826445,2.0798284993466583
0.7,0.6576616270889895,1.6792288671342723,0.3422735427527989,1.9672541034984274
0.9,0.4844718736982959,1.8837139503312532,0.314971862727214,1.974464552452649
