{
  "u_initial": [
    0.0,
    0.11480502970952693,
    0.21213203435596423,
    0.27716385975338603,
    0.3,
    0.27716385975338603,
    0.21213203435596426,
    0.11480502970952697,
    3.6739403974420595e-17,
    -0.1148050297095269,
    -0.21213203435596423,
    -0.2771638597533859,
    -0.3,
    -0.277163859753386,
    -0.2121320343559643,
    -0.1148050297095271
  ],
  "u_final_classical": null,
  "u_final_method": [
    0.030003000461246217,
    0.06318532340558403,
    0.08883794299063318,
    0.11392131356561887,
    0.1346822627597021,
    0.13911940488765262,
    0.12685227744153857,
    0.06565661388213087,
    0.004820225104027429,
    -0.06634766537321589,
    -0.11484898970358344,
    -0.13199824579656863,
    -0.1770809697882463,
    -0.1656233816980839,
    -0.09326574926531774,
    -0.017913362873117934
  ],
  "errors_by_step": {},
  "final_error": NaN,
  "max_error": NaN,
  "_source": "solver"
}