{
  "grid": [
    0.0,
    0.0625,
    0.125,
    0.1875,
    0.25,
    0.3125,
    0.375,
    0.4375,
    0.5,
    0.5625,
    0.625,
    0.6875,
    0.75,
    0.8125,
    0.875,
    0.9375
  ],
  "solution_steps": {
    "0": [
      0.0,
      0.11480502970952693,
      0.21213203435596423,
      0.27716385975338603,
      0.3,
      0.27716385975338603,
      0.21213203435596426,
      0.11480502970952697,
      3.6739403974420595e-17,
      -0.1148050297095269,
      -0.21213203435596423,
      -0.2771638597533859,
      -0.3,
      -0.277163859753386,
      -0.2121320343559643,
      -0.1148050297095271
    ],
    "10": [
      0.014280941581968883,
      0.09290644549851436,
      0.14755985541231745,
      0.1960624685025749,
      0.23016971207143125,
      0.2137005402444224,
      0.18062877931789886,
      0.09629490149736747,
      0.002513840046852067,
      -0.10400041244940766,
      -0.16791312925919427,
      -0.19633364611673784,
      -0.2564077949206664,
      -0.23492708626419842,
      -0.15083220425060784,
      -0.06370321091253522
    ],
    "20": [
      0.022766013768032032,
      0.07442733311512705,
      0.11427023565048154,
      0.1503055296080192,
      0.17678265780853206,
      0.17199790367365503,
      0.15000273148937127,
      0.08241271666904347,
      0.006364126218052917,
      -0.08370174026693242,
      -0.13975105139272637,
      -0.16369646970765955,
      -0.2140259563420855,
      -0.19479918510355315,
      -0.11640875719965797,
      -0.03694608798769959
    ],
    "30": [
      0.030003000461246217,
      0.06318532340558403,
      0.08883794299063318,
      0.11392131356561887,
      0.1346822627597021,
      0.13911940488765262,
      0.12685227744153857,
      0.06565661388213087,
      0.004820225104027429,
      -0.06634766537321589,
      -0.11484898970358344,
      -0.13199824579656863,
      -0.1770809697882463,
      -0.1656233816980839,
      -0.09326574926531774,
      -0.017913362873117934
    ]
  },
  "_source": "solver"
}