xp, rho, u, p, Mach
0.1,0.9898620392340701,1.5138723708663175,0.6954394623916059,1.5264511640099716
0.3,0.8751609210178595,1.6399596175925941,0.591010394219869,1.6866133559925873
0.5,0.6197090125967505,1.7582722764719916,0.36854296090173133,1.9269567022088474
0.7,0.5199842261385883,1.8393974926922998,0.28634023984034535,2.0949104580584206
0.9,0.48505928758169276,1.875909326434438,0.25917016459602504,2.168965952804183
