xp, rho, u, p, Mach
0.1,0.9984781102878287,1.5022863140861433,0.6913810075963045,1.5258057405046637
0.3,0.8523710737730107,1.7006906691658297,0.5633691050757484,1.7679873334383949
0.5,0.6197090125967505,1.7939699353331342,0.35358632562897885,2.00723082733263
0.7,0.5211247500026451,1.8847226195956464,0.2778255537395615,2.181565116374425
0.9,0.4888460143099355,1.8898280150138518,0.254574770874929,2.213281344515162
