xp, rho, u, p, Mach
0.1,0.9918135321441056,1.511240037288819,0.6941979629849775,1.5266615939295787
0.3,0.8698961861132801,1.6534477207693115,0.5845595904094255,1.7046913927356107
0.5,0.6197090125967505,1.7659093871455471,0.3652118115050381,1.9441326594908015
0.7,0.5202129660941991,1.8489228454964117,0.2849348611388687,2.111409947980946
0.9,0.4858023652141878,1.880162063732662,0.25779173464663757,2.181356186153316
