xp, rho, u, p, Mach
0.1,1.0,1.5,0.7142857142857144,1.5
0.3,1.0,1.5,0.6472578114090051,1.575754626869258
0.5,0.9593421636745946,1.3899728478198443,0.5565637760138512,1.542309723578774
0.7,0.8374531334619135,1.4358127948705484,0.5081385783609763,1.5578404386060076
0.9,0.8287532316488648,1.5540711522704946,0.41275624508199416,1.861112696942936
