dq_lu, dq_hhl,
-0.011587435945786595,-0.0
-0.0035178421683355714,-0.0
0.029351517823884597,0.0352630468737417
0.027719323837337207,0.042147402475795744
-0.011376541937914805,-0.0
0.07221810740560466,0.09424445701092433
-0.04365047061298518,-0.05495348951865107
-0.031369622609046334,-0.03526304687374178
0.05421809699702714,0.05495348951865131
0.04570520056072029,0.05654667420655414
-0.030222305508232235,-0.037697782804369
-0.018958809735109952,-0.029802714100033358
0.022738705086390896,0.029802714100033618
-0.042715111494161594,-0.05809618505003441
0.046397654287006734,0.05809618505003452
