xp, rho, u, p, Mach
0.1,0.9897208300578499,1.5113914278607463,0.7014032808937204,1.517348695746865
0.3,0.8893885759861385,1.6092832177224843,0.6057653677817041,1.6480182529451466
0.5,0.6164676588849236,1.746678159542612,0.3742651606143142,1.894585983539759
0.7,0.5170210906302786,1.8293791906549084,0.28700373424890113,2.0751527623387376
0.9,0.483690004224367,1.8655028760022556,0.2616609097991605,2.1436113001116914
