xp, rho, u, p, Mach
0.1,0.9876097265240412,1.5142141628193238,0.6999429113835552,1.520143740380102
0.3,0.8862526108101402,1.612902962043118,0.60335063699665,1.6521067197264117
0.5,0.6195604872393053,1.7414633633734782,0.37505155446317784,1.8916757470756593
0.7,0.5170210906302786,1.829231662709294,0.28862152179154177,2.0691618658922057
0.9,0.483690004224367,1.8695399748782195,0.26090064575245636,2.151377970010473
