{
  "u_initial": [
    0.0,
    0.02940514209886818,
    0.05852709660483847,
    0.0870854031763387,
    0.11480502970952693,
    0.1414190210477993,
    0.16667106990588065,
    0.19031798524909363,
    0.21213203435596423,
    0.2319031360088211,
    0.24944088369076356,
    0.26457637930450645,
    0.27716385975338603,
    0.28708210071966267,
    0.2942355841209691,
    0.298555418001659,
    0.3,
    0.2985554180016591,
    0.2942355841209691,
    0.28708210071966267,
    0.27716385975338603,
    0.2645763793045065,
    0.24944088369076362,
    0.23190313600882112,
    0.21213203435596426,
    0.19031798524909363,
    0.16667106990588065,
    0.14141902104779935,
    0.11480502970952697,
    0.08708540317633871,
    0.05852709660483858,
    0.029405142098868246,
    3.6739403974420595e-17,
    -0.029405142098868176,
    -0.058527096604838506,
    -0.08708540317633863,
    -0.1148050297095269,
    -0.1414190210477993,
    -0.16667106990588057,
    -0.19031798524909357,
    -0.21213203435596423,
    -0.23190313600882098,
    -0.24944088369076356,
    -0.26457637930450645,
    -0.2771638597533859,
    -0.2870821007196626,
    -0.29423558412096906,
    -0.2985554180016591,
    -0.3,
    -0.2985554180016591,
    -0.2942355841209691,
    -0.28708210071966267,
    -0.277163859753386,
    -0.2645763793045065,
    -0.24944088369076362,
    -0.23190313600882106,
    -0.2121320343559643,
    -0.19031798524909377,
    -0.16667106990588065,
    -0.14141902104779938,
    -0.1148050297095271,
    -0.08708540317633874,
    -0.05852709660483861,
    -0.029405142098868152
  ],
  "u_final_classical": null,
  "u_final_method": [
    0.005749309413834871,
    0.007420144460228914,
    0.00753043850909385,
    0.007410786076778005,
    0.006143796009901284,
    0.00702995087561782,
    0.007243209885221769,
    0.006781633832063305,
    0.007812256470537185,
    0.006917195665396715,
    0.006783849271217342,
    0.006252979667944126,
    0.007359585852465063,
    0.006765554057000304,
    0.006327572561749395,
    0.006930199759570211,
    0.006620649961872967,
    0.006465796263611303,
    0.007087542668074207,
    0.007278970827900723,
    0.006788554913272826,
    0.0075088432780318765,
    0.007263877086286685,
    0.007016196172756663,
    0.006337813585649733,
    0.007278615740667641,
    0.0065454108083208805,
    0.007030578571991905,
    0.006629523725878536,
    0.007134815708425145,
    0.0070858205458964,
    0.006032434010541452,
    0.0066584922460228985,
    0.00622857454662815,
    0.006812495373105574,
    0.006773830925419186,
    0.006116509477773808,
    0.006456767993698644,
    0.0059773251850798355,
    0.006291062895581352,
    0.005687257174006023,
    0.005731066492292416,
    0.005890235794523729,
    0.005322309588230939,
    0.005356352518910636,
    0.005729712871000873,
    0.005923473533488461,
    0.005765150393882993,
    0.006014591381752271,
    0.005784692728314504,
    0.005616784076210855,
    0.006484292701409508,
    0.006789624429555356,
    0.005565078686431266,
    0.00647915137357838,
    0.006697854696840971,
    0.006593745354291162,
    0.007243703662523438,
    0.006550644005678254,
    0.007123838536920284,
    0.007254003647798746,
    0.006782484091666861,
    0.0067554010293024965,
    0.006158055229682289
  ],
  "errors_by_step": {},
  "final_error": NaN,
  "max_error": NaN,
  "_source": "solver"
}