{
  "grid": [
    0.0,
    0.03125,
    0.0625,
    0.09375,
    0.125,
    0.15625,
    0.1875,
    0.21875,
    0.25,
    0.28125,
    0.3125,
    0.34375,
    0.375,
    0.40625,
    0.4375,
    0.46875,
    0.5,
    0.53125,
    0.5625,
    0.59375,
    0.625,
    0.65625,
    0.6875,
    0.71875,
    0.75,
    0.78125,
    0.8125,
    0.84375,
    0.875,
    0.90625,
    0.9375,
    0.96875
  ],
  "solution_steps": {
    "0": [
      0.0,
      0.19509032201612825,
      0.3826834323650898,
      0.5555702330196022,
      0.7071067811865475,
      0.8314696123025452,
      0.9238795325112867,
      0.9807852804032304,
      1.0,
      0.9807852804032304,
      0.9238795325112867,
      0.8314696123025455,
      0.7071067811865476,
      0.5555702330196022,
      0.3826834323650899,
      0.1950903220161286,
      1.2246467991473532e-16,
      -0.19509032201612836,
      -0.38268343236508967,
      -0.555570233019602,
      -0.7071067811865475,
      -0.8314696123025452,
      -0.9238795325112865,
      -0.9807852804032303,
      -1.0,
      -0.9807852804032304,
      -0.9238795325112866,
      -0.8314696123025455,
      -0.7071067811865477,
      -0.5555702330196022,
      -0.3826834323650904,
      -0.19509032201612872
    ],
    "4": [
      0.0004838443152369319,
      0.0004716800457585194,
      0.0007256381309023914,
      0.00039904465909600416,
      -0.0008510495687808983,
      -0.0008412269384531474,
      -0.0002653354791202261,
      -3.994817467168119e-05,
      0.0027360881641145317,
      0.0033362453250739142,
      0.0035504837164664063,
      0.0028280228184920436,
      -4.1656624097199656e-05,
      -0.0003490662282008317,
      -0.001636071206761095,
      -0.001153160304647604,
      0.0022800651503572925,
      0.0019420810193486971,
      0.00053432568305871,
      9.199401704625937e-05,
      0.0002960409879557775,
      0.00044809468495138186,
      0.0005533445721193795,
      0.0006541445841690749,
      -0.00020515733271177727,
      -0.0001847074853002602,
      -9.56216857832475e-05,
      -3.9304796950336395e-06,
      0.0001940743310918983,
      3.942199195752791e-05,
      -0.0002809010087397562,
      -0.0003906026189820064
    ],
    "8": [
      7.84722308669992e-06,
      6.778800428381148e-06,
      4.0536112362583545e-06,
      1.1788447455024555e-06,
      2.4707669155366746e-06,
      4.624163939034569e-06,
      6.6081631216729804e-06,
      4.24089575845395e-06,
      2.0921068669872182e-08,
      -7.797410383578957e-08,
      5.399708985022286e-07,
      6.638461967068653e-07,
      1.3325898300315258e-06,
      4.30919368661031e-06,
      9.142494665579457e-06,
      6.679399710096847e-06,
      -1.3012849890368428e-07,
      -1.6079233781146061e-07,
      -1.4848544246767136e-07,
      1.0858473440579962e-07,
      2.5097776481500022e-06,
      2.2527326511159677e-06,
      2.3565705278373416e-07,
      -6.180677273881834e-07,
      -1.5810989979053184e-06,
      -1.18989212142058e-06,
      -4.578176145832968e-07,
      -3.714767358189685e-08,
      -2.6258823766173093e-06,
      -3.002002567235899e-06,
      -6.055686678543907e-07,
      2.9883483577276494e-07
    ],
    "10": [
      2.812238445374597e-06,
      2.0755529952636216e-06,
      1.9037976382221604e-06,
      1.014054906493164e-06,
      1.4645708796325147e-06,
      1.6967107652761378e-06,
      2.1467451895100143e-06,
      1.2934339785795304e-06,
      1.8571716557568942e-07,
      1.543657189051777e-07,
      -8.514754658783312e-08,
      -1.2352802262144287e-07,
      2.6602310863689607e-08,
      1.1392784195736083e-07,
      1.1315706903747765e-07,
      4.5215027962151915e-08,
      -7.464297133503974e-08,
      -5.528746054145264e-08,
      -2.118783585271295e-08,
      5.722599966168242e-08,
      4.152558338431414e-07,
      3.78487996898689e-07,
      1.3823227892216717e-07,
      2.3377398014174916e-09,
      -3.018864314083869e-08,
      -3.639895941467817e-08,
      -8.219339091072804e-08,
      -7.228559146921112e-08,
      -2.7355806640111345e-07,
      -2.7016018606309227e-07,
      -2.1339079400819874e-08,
      1.9106643562096559e-07
    ]
  },
  "_source": "solver"
}