{
  "u_initial": [
    0.0,
    0.19509032201612825,
    0.3826834323650898,
    0.5555702330196022,
    0.7071067811865475,
    0.8314696123025452,
    0.9238795325112867,
    0.9807852804032304,
    1.0,
    0.9807852804032304,
    0.9238795325112867,
    0.8314696123025455,
    0.7071067811865476,
    0.5555702330196022,
    0.3826834323650899,
    0.1950903220161286,
    1.2246467991473532e-16,
    -0.19509032201612836,
    -0.38268343236508967,
    -0.555570233019602,
    -0.7071067811865475,
    -0.8314696123025452,
    -0.9238795325112865,
    -0.9807852804032303,
    -1.0,
    -0.9807852804032304,
    -0.9238795325112866,
    -0.8314696123025455,
    -0.7071067811865477,
    -0.5555702330196022,
    -0.3826834323650904,
    -0.19509032201612872
  ],
  "u_final_classical": [
    -7.888653533725684e-17,
    0.16688801369825404,
    0.3300361023049278,
    0.48562557204929463,
    0.6296828248847165,
    0.7580106240029335,
    0.8661363664699713,
    0.9492955728218603,
    1.0024823457445333,
    1.0206170397817365,
    0.9989005982066204,
    0.933431198102059,
    0.8221240072148714,
    0.6658631168899948,
    0.4696161131117682,
    0.24303147893838184,
    1.545455815876445e-16,
    -0.24303147893838156,
    -0.46961611311176793,
    -0.6658631168899946,
    -0.8221240072148713,
    -0.9334311981020588,
    -0.9989005982066202,
    -1.0206170397817365,
    -1.0024823457445333,
    -0.9492955728218604,
    -0.8661363664699714,
    -0.7580106240029337,
    -0.6296828248847167,
    -0.48562557204929474,
    -0.33003610230492814,
    -0.16688801369825432
  ],
  "u_final_method": [
    2.812238445374597e-06,
    2.0755529952636216e-06,
    1.9037976382221604e-06,
    1.014054906493164e-06,
    1.4645708796325147e-06,
    1.6967107652761378e-06,
    2.1467451895100143e-06,
    1.2934339785795304e-06,
    1.8571716557568942e-07,
    1.543657189051777e-07,
    -8.514754658783312e-08,
    -1.2352802262144287e-07,
    2.6602310863689607e-08,
    1.1392784195736083e-07,
    1.1315706903747765e-07,
    4.5215027962151915e-08,
    -7.464297133503974e-08,
    -5.528746054145264e-08,
    -2.118783585271295e-08,
    5.722599966168242e-08,
    4.152558338431414e-07,
    3.78487996898689e-07,
    1.3823227892216717e-07,
    2.3377398014174916e-09,
    -3.018864314083869e-08,
    -3.639895941467817e-08,
    -8.219339091072804e-08,
    -7.228559146921112e-08,
    -2.7355806640111345e-07,
    -2.7016018606309227e-07,
    -2.1339079400819874e-08,
    1.9106643562096559e-07
  ],
  "errors_by_step": {
    "0": 0.0,
    "4": 0.9995194693224668,
    "8": 0.9999980846518367,
    "10": 0.999999597606985
  },
  "final_error": 0.999999597606985,
  "max_error": 0.999999597606985,
  "_source": "solver"
}