xp, rho, u, p, Mach
0.1,0.9907611123552893,1.5091194516360433,0.7021093772280496,1.515101361361291
0.3,0.8841735066741552,1.6163580366387391,0.601727299239033,1.6559317773008766
0.5,0.6205104538019479,1.743848947788957,0.373203335254863,1.9004070763615422
0.7,0.5202320621010693,1.8237672505134876,0.29002669206473125,2.0643577762189285
0.9,0.48212747368536724,1.8809286300144832,0.25788647175415386,2.1735766451828487
