dq_lu, dq_hhl,
-0.01610327136374144,-0.0
-0.001879429658308968,-0.0
-0.04068453191397366,-0.0
-0.11912197798479326,-0.0
0.014115257795332842,0.0
-0.2629062953537859,-0.11096388762999086
-0.205647559145713,-0.0
-0.34375055940753024,-0.0
-0.6042344233470927,-0.0
-0.3069583164810798,-0.07846331740998863
-0.28746022948449507,-0.0
-0.8289166554502055,-0.13590245228450423
-0.24980322541492905,-0.07846331740998856
-0.40888767396155445,-0.0
-0.9300395016243664,-0.19219509118050832
