dq_lu, dq_hhl,
-0.01704241900868862,-0.0
-0.0060264355138516645,-0.0
-0.04033950546019638,-0.0
-0.100678358557965,-0.0
0.01519867755042332,0.0
-0.08731991263446422,-0.0
-0.14824907226696382,-0.0
-0.1384917779772496,-0.0
-0.19993946243513444,-0.023351099622244093
-0.18744808423867468,-0.016511720891051424
-0.24888947352642554,-0.0
-0.25463504244986035,-0.0
-0.18024239387684157,-0.02859913950369751
-0.14212336868265357,-0.016511720891051396
-0.3111577679106048,-0.028599139503697576
