xp, rho, u, p, Mach
0.1,1.0,1.5,0.7142857142857144,1.5
0.3,1.0,1.42106263941942,0.7160163542029805,1.4193442180466442
0.5,0.8177065469782141,1.7378638396266621,0.4917526619660716,1.8939874923795674
0.7,0.7392432295682254,1.6803645630008763,0.48475365551623306,1.7537699638193125
0.9,0.6603058689876443,1.9956002344768968,0.3720380815163914,2.246924134472334
