xp, rho, u, p, Mach
0.1,1.0,1.5,0.7142857142857144,1.5
0.3,1.0,1.42106263941942,0.7144077595575368,1.4209412511915271
0.5,0.8177065469782141,1.5165975831705223,0.4647744738051693,1.7001371028786403
0.7,0.7322778104314959,1.6885816665211846,0.38067432677880725,1.97933450132242
0.9,0.6603058689876443,1.7215895448446168,0.3772561376029088,1.924952513395723
