{
  "u_initial": [
    0.0,
    0.11480502970952693,
    0.21213203435596423,
    0.27716385975338603,
    0.3,
    0.27716385975338603,
    0.21213203435596426,
    0.11480502970952697,
    3.6739403974420595e-17,
    -0.1148050297095269,
    -0.21213203435596423,
    -0.2771638597533859,
    -0.3,
    -0.277163859753386,
    -0.2121320343559643,
    -0.1148050297095271
  ],
  "u_final_classical": null,
  "u_final_method": [
    0.007077273420938608,
    0.04501714885121801,
    0.08929601241212418,
    0.11793942526105172,
    0.1391834412627672,
    0.1371083749336595,
    0.10929914236755774,
    0.062017942009378206,
    -0.002325646955934372,
    -0.0603600527300669,
    -0.10581776272447616,
    -0.1354041900173728,
    -0.1332654013006387,
    -0.11321553242977109,
    -0.07979480839711811,
    -0.03958862966427298
  ],
  "errors_by_step": {},
  "final_error": NaN,
  "max_error": NaN,
  "_source": "solver"
}