{
  "grid": [
    0.0,
    0.03225806451612903,
    0.06451612903225806,
    0.0967741935483871,
    0.12903225806451613,
    0.16129032258064516,
    0.1935483870967742,
    0.22580645161290322,
    0.25806451612903225,
    0.29032258064516125,
    0.3225806451612903,
    0.3548387096774194,
    0.3870967741935484,
    0.4193548387096774,
    0.45161290322580644,
    0.4838709677419355,
    0.5161290322580645,
    0.5483870967741935,
    0.5806451612903225,
    0.6129032258064516,
    0.6451612903225806,
    0.6774193548387096,
    0.7096774193548387,
    0.7419354838709677,
    0.7741935483870968,
    0.8064516129032258,
    0.8387096774193548,
    0.8709677419354839,
    0.9032258064516129,
    0.9354838709677419,
    0.967741935483871,
    1.0
  ],
  "solution_steps": {
    "0": [
      0.0,
      0.20129852008866006,
      0.39435585511331855,
      0.5712682150947923,
      0.7247927872291199,
      0.8486442574947509,
      0.9377521321470804,
      0.9884683243281114,
      0.9987165071710528,
      0.9680771188662044,
      0.8978045395707416,
      0.7907757369376985,
      0.6513724827222223,
      0.48530196253108143,
      0.29936312297335804,
      0.10116832198743228,
      -0.10116832198743204,
      -0.2993631229733574,
      -0.48530196253108043,
      -0.651372482722222,
      -0.7907757369376986,
      -0.8978045395707414,
      -0.9680771188662043,
      -0.9987165071710528,
      -0.9884683243281114,
      -0.9377521321470808,
      -0.8486442574947515,
      -0.72479278722912,
      -0.5712682150947924,
      -0.3943558551133187,
      -0.20129852008866028,
      -2.4492935982947064e-16
    ],
    "8": [
      0.10482014939050004,
      0.1834703249541039,
      0.34207571437152956,
      0.495213379769561,
      0.6322154547512301,
      0.74917569939929,
      0.8437593661752656,
      0.913726869488889,
      0.9560257751738608,
      0.9660987242727147,
      0.9376765766650768,
      0.8637773003495919,
      0.7396844084807717,
      0.5670846799498978,
      0.3558716378523137,
      0.12117203612175692,
      -0.12117202989475483,
      -0.35587164503946617,
      -0.5670846801653487,
      -0.7396844076825085,
      -0.8637773002633387,
      -0.9376765764273038,
      -0.9660987242338682,
      -0.956025775164617,
      -0.91372686948513,
      -0.8437593661739071,
      -0.7491756993991964,
      -0.6322154547512256,
      -0.4952133797695592,
      -0.34207571437152495,
      -0.18347032495409799,
      -0.10482014939049475
    ],
    "16": [
      0.10354834364399997,
      0.1700039677168641,
      0.3060809981957285,
      0.44125256094691423,
      0.5655873336930342,
      0.6753975561370592,
      0.7691718572245924,
      0.8457786567227042,
      0.9034533362936162,
      0.9388270838539998,
      0.9456569678107237,
      0.9132843633698495,
      0.8261775287587403,
      0.6686624001119033,
      0.43761022174651426,
      0.1523058345009586,
      -0.1523058258206286,
      -0.4376102304104288,
      -0.6686624011206296,
      -0.8261775281100304,
      -0.9132843632663906,
      -0.9456569676208553,
      -0.9388270838174362,
      -0.9034533362848134,
      -0.8457786567191855,
      -0.7691718572233884,
      -0.6753975561369098,
      -0.5655873336930141,
      -0.4412525609469078,
      -0.306080998195719,
      -0.17000396771685267,
      -0.10354834364398949
    ],
    "24": [
      0.09980953149371645,
      0.15816116498207053,
      0.27796497831817674,
      0.3985686791642685,
      0.5119855253125868,
      0.6146420080053631,
      0.7051695048670645,
      0.7828851591607002,
      0.846902490451687,
      0.8953537104414113,
      0.9242487509664415,
      0.9253122262628235,
      0.8819697500025858,
      0.7647660182765905,
      0.5380262090670497,
      0.1964830159319066,
      -0.19648300758793721,
      -0.5380262171918296,
      -0.7647660192938466,
      -0.8819697495086832,
      -0.9253122261272694,
      -0.9242487508365124,
      -0.8953537104139881,
      -0.8469024904444575,
      -0.7828851591578841,
      -0.7051695048660663,
      -0.6146420080051993,
      -0.5119855253125583,
      -0.39856867916425837,
      -0.2779649783181629,
      -0.1581611649820544,
      -0.09980953149370196
    ],
    "32": [
      0.09508910056770359,
      0.1476203939323492,
      0.25517712998841596,
      0.3639610408712504,
      0.46794670989048237,
      0.5638690956255055,
      0.6503499735760473,
      0.7268244773348222,
      0.7928200926647212,
      0.8473805823066931,
      0.8882916865445382,
      0.9104800345298854,
      0.901972281385508,
      0.8334100643383904,
      0.6397289725928307,
      0.25028571413815853,
      -0.2502857072235428,
      -0.6397289790878673,
      -0.8334100652229799,
      -0.9019722811298796,
      -0.9104800344309972,
      -0.888291686462102,
      -0.8473805822872943,
      -0.7928200926592741,
      -0.7268244773326535,
      -0.6503499735752267,
      -0.5638690956253458,
      -0.46794670989044757,
      -0.3639610408712364,
      -0.25517712998839814,
      -0.14762039393232881,
      -0.09508910056768534
    ],
    "40": [
      0.09011924610438478,
      0.13818976487790663,
      0.23617325916301826,
      0.3352930386896886,
      0.4311344612261666,
      0.5208683890973878,
      0.6031288029790991,
      0.6773496508269063,
      0.7432168905105171,
      0.8002382914909875,
      0.8472386261952165,
      0.8813622791460397,
      0.8952681291731754,
      0.8669687535168898,
      0.7208360925406504,
      0.3017857214625507,
      -0.30178571678906535,
      -0.7208360970499952,
      -0.8669687540170844,
      -0.8952681289927911,
      -0.8813622790669693,
      -0.8472386261395168,
      -0.8002382914769208,
      -0.7432168905063139,
      -0.6773496508251882,
      -0.6031288029784142,
      -0.5208683890972343,
      -0.4311344612261276,
      -0.33529303868967103,
      -0.23617325916299614,
      -0.13818976487788243,
      -0.09011924610436425
    ],
    "48": [
      0.08525125191023131,
      0.1297280521226466,
      0.21997772873146354,
      0.31110271056507577,
      0.3999037308684147,
      0.4840175571122859,
      0.5621452076492972,
      0.6336967577246155,
      0.6984003015479465,
      0.7559787597212695,
      0.8058099980403008,
      0.8463231277220264,
      0.873256780945284,
      0.8718509533521182,
      0.769440276140672,
      0.3388617343152328,
      -0.3388617313132536,
      -0.7694402790353774,
      -0.8718509536612828,
      -0.873256780847192,
      -0.8463231276695171,
      -0.8058099980042515,
      -0.7559787597113339,
      -0.6984003015447844,
      -0.6336967577232676,
      -0.5621452076487269,
      -0.4840175571121418,
      -0.39990373086837316,
      -0.31110271056505495,
      -0.21997772873143767,
      -0.1297280521226193,
      -0.08525125191020848
    ],
    "50": [
      0.08407135348012888,
      0.12774989962788674,
      0.21628700840529433,
      0.30562764379781354,
      0.3928208871255668,
      0.4756165638049703,
      0.5527398791572934,
      0.6235963338239396,
      0.6879158520596567,
      0.7454521958275859,
      0.7956729202042895,
      0.8372250798513077,
      0.8663936916366888,
      0.8698574726848015,
      0.7765048961202922,
      0.3452456244798687,
      -0.3452456218244276,
      -0.7765048986895992,
      -0.8698574729484021,
      -0.8663936915523117,
      -0.8372250798046267,
      -0.795672920171916,
      -0.7454521958185039,
      -0.6879158520567275,
      -0.6235963338226813,
      -0.5527398791567497,
      -0.47561656380482964,
      -0.39282088712552543,
      -0.30562764379779217,
      -0.21628700840526766,
      -0.12774989962785863,
      -0.08407135348010542
    ]
  },
  "_source": "solver"
}