{
  "u_initial": [
    0.0,
    0.20129852008866006,
    0.39435585511331855,
    0.5712682150947923,
    0.7247927872291199,
    0.8486442574947509,
    0.9377521321470804,
    0.9884683243281114,
    0.9987165071710528,
    0.9680771188662044,
    0.8978045395707416,
    0.7907757369376985,
    0.6513724827222223,
    0.48530196253108143,
    0.29936312297335804,
    0.10116832198743228,
    -0.10116832198743204,
    -0.2993631229733574,
    -0.48530196253108043,
    -0.651372482722222,
    -0.7907757369376986,
    -0.8978045395707414,
    -0.9680771188662043,
    -0.9987165071710528,
    -0.9884683243281114,
    -0.9377521321470808,
    -0.8486442574947515,
    -0.72479278722912,
    -0.5712682150947924,
    -0.3943558551133187,
    -0.20129852008866028,
    -2.4492935982947064e-16
  ],
  "u_final_classical": [
    0.0,
    0.09839179010377658,
    0.1962782989898906,
    0.29313054584592063,
    0.3883690882028365,
    0.4813303401560362,
    0.5712201680571987,
    0.6570448996530251,
    0.7375013551493942,
    0.8107885104654762,
    0.8742569673413902,
    0.9236824215361206,
    0.9515769639887613,
    0.9421244819586885,
    0.8332528550024384,
    0.3881166374062371,
    -0.38811663740623537,
    -0.8332528550024381,
    -0.9421244819586885,
    -0.9515769639887613,
    -0.9236824215361207,
    -0.8742569673413905,
    -0.8107885104654763,
    -0.7375013551493943,
    -0.6570448996530251,
    -0.5712201680571987,
    -0.48133034015603626,
    -0.38836908820283655,
    -0.29313054584592074,
    -0.19627829898989074,
    -0.09839179010377674,
    -2.4492935982947064e-16
  ],
  "u_final_method": [
    0.08407135348012888,
    0.12774989962788674,
    0.21628700840529433,
    0.30562764379781354,
    0.3928208871255668,
    0.4756165638049703,
    0.5527398791572934,
    0.6235963338239396,
    0.6879158520596567,
    0.7454521958275859,
    0.7956729202042895,
    0.8372250798513077,
    0.8663936916366888,
    0.8698574726848015,
    0.7765048961202922,
    0.3452456244798687,
    -0.3452456218244276,
    -0.7765048986895992,
    -0.8698574729484021,
    -0.8663936915523117,
    -0.8372250798046267,
    -0.795672920171916,
    -0.7454521958185039,
    -0.6879158520567275,
    -0.6235963338226813,
    -0.5527398791567497,
    -0.47561656380482964,
    -0.39282088712552543,
    -0.30562764379779217,
    -0.21628700840526766,
    -0.12774989962785863,
    -0.08407135348010542
  ],
  "errors_by_step": {
    "0": 0.0,
    "8": 0.04486574418313246,
    "16": 0.05471315670188773,
    "24": 0.06387847643046873,
    "32": 0.06995094119393569,
    "40": 0.07282893731883582,
    "48": 0.0801922374613045,
    "50": 0.0843676683434365
  },
  "final_error": 0.0843676683434365,
  "max_error": 0.0843676683434365,
  "_source": "solver"
}