{
  "u_initial": [
    0.0,
    0.039206856131824244,
    0.0780361288064513,
    0.11611387090178493,
    0.15307337294603593,
    0.18855869473039907,
    0.22222809320784087,
    0.25375731366545823,
    0.282842712474619,
    0.3092041813450948,
    0.3325878449210181,
    0.352768505739342,
    0.36955181300451473,
    0.38277613429288354,
    0.3923141121612922,
    0.39807389066887877,
    0.4,
    0.39807389066887877,
    0.3923141121612922,
    0.3827761342928836,
    0.36955181300451473,
    0.35276850573934204,
    0.33258784492101817,
    0.30920418134509486,
    0.28284271247461906,
    0.25375731366545823,
    0.22222809320784087,
    0.18855869473039916,
    0.15307337294603596,
    0.11611387090178496,
    0.07803612880645144,
    0.039206856131824334,
    4.898587196589413e-17,
    -0.03920685613182424,
    -0.07803612880645135,
    -0.11611387090178485,
    -0.15307337294603587,
    -0.18855869473039907,
    -0.2222280932078408,
    -0.2537573136654581,
    -0.282842712474619,
    -0.3092041813450947,
    -0.3325878449210181,
    -0.352768505739342,
    -0.3695518130045146,
    -0.38277613429288354,
    -0.39231411216129214,
    -0.39807389066887877,
    -0.4,
    -0.39807389066887877,
    -0.3923141121612922,
    -0.3827761342928836,
    -0.3695518130045147,
    -0.35276850573934204,
    -0.3325878449210182,
    -0.30920418134509475,
    -0.28284271247461906,
    -0.2537573136654584,
    -0.22222809320784087,
    -0.1885586947303992,
    -0.15307337294603618,
    -0.116113870901785,
    -0.0780361288064515,
    -0.0392068561318242
  ],
  "u_final_classical": null,
  "u_final_method": [
    -1.532767466815066e-17,
    0.017745886740794053,
    0.0355160802184277,
    0.053334821550710815,
    0.07122619255348596,
    0.08921394710711282,
    0.10732117701739927,
    0.12556963916443184,
    0.1439784221594061,
    0.16256136836894772,
    0.18132221027608705,
    0.2002456025020913,
    0.21928096406051195,
    0.23831415598568956,
    0.2571197217630036,
    0.2752851928159652,
    0.2921036063064272,
    0.3064517276093033,
    0.31672371884216505,
    0.32096452765804956,
    0.3173541831270321,
    0.30497431145898557,
    0.28439585045216437,
    0.25756741442738307,
    0.22704722140253406,
    0.19515967214579316,
    0.16353986587678251,
    0.13308960856750238,
    0.1041419411123211,
    0.07665991737476954,
    0.05039293121894257,
    0.024978257219577023,
    4.0875497643174496e-17,
    -0.024978257219576947,
    -0.050392931218942484,
    -0.07665991737476942,
    -0.10414194111232103,
    -0.1330896085675023,
    -0.1635398658767825,
    -0.19515967214579305,
    -0.227047221402534,
    -0.25756741442738296,
    -0.28439585045216426,
    -0.3049743114589857,
    -0.31735418312703156,
    -0.3209645276580495,
    -0.3167237188421648,
    -0.30645172760930345,
    -0.29210360630642696,
    -0.27528519281596536,
    -0.2571197217630034,
    -0.23831415598568953,
    -0.21928096406051198,
    -0.20024560250209147,
    -0.18132221027608725,
    -0.1625613683689476,
    -0.14397842215940612,
    -0.12556963916443192,
    -0.10732117701739924,
    -0.0892139471071129,
    -0.071226192553486,
    -0.05333482155071085,
    -0.03551608021842775,
    -0.017745886740794126
  ],
  "errors_by_step": {},
  "final_error": NaN,
  "max_error": NaN,
  "_source": "solver"
}