xp, rho, u, p, Mach
0.1,0.9885877174451747,1.514186488719382,0.6997638003860901,1.5210630547759973
0.3,0.8850915612638712,1.6122680824241868,0.6021835517674365,1.651972807288641
0.5,0.6146550473973073,1.7533229154642358,0.36791486356181047,1.9153138561625127
0.7,0.5131019354748564,1.8499485324535505,0.27766646552909263,2.125375835645551
0.9,0.48245345070913914,1.874355638496089,0.2570761325831194,2.1701252931295585
