xp, rho, u, p, Mach
0.1,0.991882578436045,1.5122757800274416,0.7008620744007357,1.520480414062
0.3,0.8827987883693018,1.6070875122418176,0.5998096387751315,1.6477816136681342
0.5,0.5994311852852708,1.7882254468250613,0.34566230523853037,1.9902237683369586
0.7,0.49840062668139484,1.9262763533674958,0.23889235303430256,2.351487861763604
0.9,0.4757127675824933,1.8963163715204712,0.242100037046667,2.2465792973014262
