xp, rho, u, p, Mach
0.1,0.9880036539349991,1.5142981152937276,0.6998161622500326,1.5206688690500758
0.3,0.8854794630476265,1.6129825092402514,0.6026557903090715,1.6524191519384526
0.5,0.6173212009128133,1.747087273870109,0.37161948158055036,1.9030795480349867
0.7,0.5153444910330199,1.8383936483131758,0.28365779773622296,2.0942375801368103
0.9,0.4830616838029551,1.8723293501662333,0.2590134453489728,2.1610179208856257
