xp, rho, u, p, Mach
0.1,0.9874618779021812,1.5144452219025095,0.6998113776989096,1.5204047616361824
0.3,0.8859946121383716,1.6132010100916558,0.6031533337978026,1.6524416829651998
0.5,0.6196498953930506,1.7414950636624815,0.37500785202777787,1.8919569044182458
0.7,0.5169706477341754,1.8292107202435093,0.2887247223831676,2.0686674296771947
0.9,0.48375307537594037,1.869606655585958,0.26089636695460716,2.1516126121865438
