xp, rho, u, p, Mach
0.1,0.9874558597981693,1.514451690252894,0.6998055785992529,1.520412921932855
0.3,0.8859691306443708,1.6132263715596955,0.6031319747058466,1.6524731576772034
0.5,0.619608556824272,1.741549938558396,0.37497878607483415,1.8920267331363054
0.7,0.5169453831499013,1.8292528723549926,0.2887087707942296,2.068721697278573
0.9,0.4837887874297364,1.869535863065469,0.26092894581242265,2.151476229968205
