xp, rho, u, p, Mach
0.1,0.9874708335958671,1.5144364049506236,0.6998201477472653,1.5203932777498241
0.3,0.8860311491976042,1.6131639124624515,0.6031846414014984,1.6523948693969837
0.5,0.6197105545113212,1.7414133197804706,0.3750523546419383,1.8918484450785207
0.7,0.5170310932174338,1.829110905526865,0.2887661882235748,2.068526942512563
0.9,0.4837658694752991,1.869593057075622,0.26089771134309625,2.1516198709997334
