xp, rho, u, p, Mach
0.1,0.9874709835765025,1.5144362435365766,0.6998202932933573,1.5203930730593165
0.3,0.8860314008800574,1.6131635440715064,0.6031849920054356,1.652394246502369
0.5,0.6197112274027865,1.7414124010052812,0.3750528932763874,1.891847115536636
0.7,0.5170336619561061,1.829106815881602,0.28876810583901946,2.06852058780307
0.9,0.4837714312829178,1.8695833403465856,0.2609017962130818,2.151604213142777
