xp, rho, u, p, Mach
0.1,0.987470890556008,1.5144363583815448,0.6998202118730685,1.5203932051896776
0.3,0.8860313337695567,1.6131636877672881,0.6031848929332477,1.6523944668158166
0.5,0.6197110207501721,1.7414127333620728,0.37505269344500625,1.8918476651675429
0.7,0.5170323624192518,1.8291088291061406,0.2887671574142552,2.0685236618912386
0.9,0.4837682601053974,1.8695888666732021,0.26089945568089523,2.1516131720684433
