xp, rho, u, p, Mach
0.1,0.9874635821693817,1.5144435695925653,0.6998128438734431,1.5204028221638335
0.3,0.8860014512096056,1.613194339436955,0.6031591994214901,1.6524331928034808
0.5,0.6196614542955857,1.7414793625741931,0.37501615158624413,1.891936556992256
0.7,0.5169790088915585,1.8291968986279978,0.28873017980237203,2.0686489766709766
0.9,0.48374693055316104,1.8696191298340734,0.2608901800452881,2.1516388147477192
