xp, rho, u, p, Mach
0.1,0.987470982843995,1.5144362446599877,0.6998202926643503,1.5203930743065053
0.3,0.8860313998441349,1.6131635451308421,0.6031849911102036,1.6523942478477218
0.5,0.6197112257648485,1.7414124039363286,0.3750528918697629,1.8918471197684052
0.7,0.5170336619561061,1.829106815881602,0.2887681063465158,2.068520585985407
0.9,0.4837714366657323,1.8695833300345792,0.26090180062442375,2.1516041950557203
