xp, rho, u, p, Mach
0.1,0.9874096998645955,1.5144924528896548,0.6997681808925796,1.520458934100258
0.3,0.8857763857278366,1.6134007424415924,0.6029866686059514,1.6526710836539817
0.5,0.6193093242921265,1.7419698284632283,0.3747748676578499,1.892540536275592
0.7,0.5169669316400997,1.8292458941290832,0.2887423939023167,2.068636467991825
0.9,0.48458372336011546,1.8680993439720743,0.2615588027153229,2.1489964151135754
