xp, rho, u, p, Mach
0.1,0.9874594244694613,1.5144477480155747,0.6998089945080802,1.5204079977569225
0.3,0.8859843724823346,1.6132111104943982,0.6031448305336342,1.6524541283359264
0.5,0.6196333629595409,1.7415172773968852,0.3749959520040054,1.8919858170931638
0.7,0.5169593060212108,1.8292302227762998,0.2887173433813399,2.0686932280238195
0.9,0.4837642541086567,1.8695843525706581,0.26090707792557205,2.1515676393947785
