xp, rho, u, p, Mach
0.1,0.9874709824276425,1.514436244932891,0.6998202923237441,1.520393074629948
0.3,0.8860313988778831,1.6131635464243224,0.6031849894144115,1.6523942505944258
0.5,0.6197112220819917,1.7414124108263536,0.37505288897967276,1.8918471289212622
0.7,0.5170336619561061,1.8291068156925887,0.2887681060025231,2.0685205870037073
0.9,0.4837714413459021,1.8695833238302784,0.260901803638107,2.1516041858965793
