xp, rho, u, p, Mach
0.1,0.9999999999999999,1.5000000000000002,0.7142857142857143,1.5000000000000002
0.3,0.9171843061780589,1.5451467023934582,0.6868726661178006,1.5090231138592627
0.5,0.7631993504796672,1.684939302162531,0.4076414809542405,1.9484983996210021
0.7,0.7027524983324238,1.6701663783006702,0.32877731257647763,2.0636973069391025
0.9,0.7054365962539207,1.6525792137415782,0.33288410623512654,2.0332029494682478
