{
  "u_initial": [
    0.0,
    0.11480502970952693,
    0.21213203435596423,
    0.27716385975338603,
    0.3,
    0.27716385975338603,
    0.21213203435596426,
    0.11480502970952697,
    3.6739403974420595e-17,
    -0.1148050297095269,
    -0.21213203435596423,
    -0.2771638597533859,
    -0.3,
    -0.277163859753386,
    -0.2121320343559643,
    -0.1148050297095271
  ],
  "u_final_classical": null,
  "u_final_method": [
    -8.898261297787681e-18,
    0.07888990631440848,
    0.151710535509691,
    0.2116012888837519,
    0.2500523978617221,
    0.25622422330530253,
    0.2179042366837268,
    0.1281638117934426,
    3.565676971997923e-17,
    -0.12816381179344255,
    -0.21790423668372677,
    -0.2562242233053026,
    -0.2500523978617221,
    -0.2116012888837519,
    -0.15171053550969102,
    -0.07888990631440848
  ],
  "errors_by_step": {},
  "final_error": NaN,
  "max_error": NaN,
  "_source": "solver"
}