{
  "quantum_solution": [
    0.70382064,
    0.00255831,
    0.71035855,
    0.00454811
  ],
  "classical_solution": [
    0.7055698197297996,
    0.046596453582414196,
    0.7055698197297996,
    0.046596453582414196
  ],
  "_source": "harvester"
}