{
  "iterations_completed": 1,
  "converged": true,
  "_source": "harvester",
  "fidelity": 0.9981332901236012,
  "shots": 10000,
  "l2_error_abs": 0.061101660006402096,
  "l2_error_rel": 0.061101660006402096
}