dq_lu, dq_hhl,
-0.0011284938006562802,-0.0
-0.004550445146699196,-0.0030666435083723685
0.0014389231475518188,0.0
-0.007392764457140098,-0.0038442410821138634
-0.00022628209064103912,-0.0
-0.006224396363582499,-0.002839160198888321
0.0003874812725665851,0.0
0.002113076969738173,0.0
-0.0029582308855362408,-0.002318164595097986
-0.0023954871796771893,-0.0
-0.0029684661194879112,-0.002007589429508525
-0.003861634917153162,-0.0016391899051004823
-0.00232776259996083,-0.0011590822975488867
-0.002984991984615056,-0.0
-0.004613429357907413,-0.002839160198888162
