xp, rho, u, p, Mach
0.1,0.9875240516961534,1.5145353323419561,0.6995453083704944,1.5208322323930807
0.3,0.8861767956054334,1.612821711379685,0.6032685629309457,1.652065200212734
0.5,0.6193883895790845,1.7421106748247412,0.3751984975668209,1.891745497048165
0.7,0.5171964164711259,1.8284265664954826,0.2887620684807395,2.0680983422024766
0.9,0.48371017348278506,1.869591500308403,0.26091863168959634,2.1514079631919962
