xp, rho, u, p, Mach
0.1,0.9875240516961534,1.5145353323419561,0.6996581127093954,1.5207096272328504
0.3,0.8861767956054334,1.612821711379685,0.6032685629309457,1.652065200212734
0.5,0.619593178794274,1.7415348688118912,0.37520691519654115,1.8914116224790323
0.7,0.5171191948390635,1.8286996062220682,0.28874131682055915,2.068327072135091
0.9,0.48371017348278506,1.8700148720429972,0.26076546547877494,2.1525270408785993
