xp, rho, u, p, Mach
0.1,0.9875240516961534,1.5145353323419561,0.6996272240565703,1.5207431966478597
0.3,0.8861767956054334,1.612821711379685,0.6032685629309457,1.652065200212734
0.5,0.619593178794274,1.7415348688118912,0.37520691519654115,1.8914116224790323
0.7,0.5171964164711259,1.8284265664954826,0.2887620684807395,2.0680983422024766
0.9,0.48371017348278506,1.8700148720429972,0.26076546547877494,2.1525270408785993
