xp, rho, u, p, Mach
0.1,0.9999999999999999,1.5000000000000002,0.7142857142857143,1.5000000000000002
0.3,0.924872180611362,1.577118406640677,0.6030399981037567,1.6506997345496706
0.5,0.7230870606691225,1.6588248184150995,0.37745599030083066,1.940432949589103
0.7,0.678447328260484,1.5151335787466116,0.39205646895270674,1.6844986280521175
0.9,0.6547089483269387,1.4712226522468224,0.3640546447223353,1.6674592737576768
