xp, rho, u, p, Mach
0.1,1.0,1.5,0.7142857142857144,1.5
0.3,1.0,1.5,0.6131273696920719,1.6190187917877403
0.5,0.8798801737391496,1.608244507070248,0.39830797329106626,2.0201811980069047
0.7,1.0,1.1666408445736358,0.5953385672086887,1.277883169900537
0.9,0.7515783882776329,1.5409830606290444,0.4092379282192325,1.7649526144498868
