xp, rho, u, p, Mach
0.1,1.0,1.5,0.7142857142857144,1.5
0.3,0.916895191417147,1.5908393385482003,0.5990372374546554,1.6633944247616417
0.5,0.6878845379265343,1.6428846725648418,0.40087918504385256,1.8188382566340975
0.7,0.5904613587920122,1.6947981100021627,0.3207696052307174,1.9433592379870066
0.9,0.5435382731031415,1.7574579261170162,0.28397291102719957,2.0549323412085294
