xp, rho, u, p, Mach
0.1,0.9998818755244039,1.5001772076459545,0.7031399123937722,1.511931160668077
0.3,0.8955017565233825,1.614991294620708,0.604369240162639,1.661453582901647
0.5,0.6402340436979883,1.6984048538098904,0.3961906223936954,1.824712681413335
0.7,0.5339699176830436,1.8134074324892548,0.28984436649588,2.080210753646535
0.9,0.4912755148668329,1.8869581442548222,0.2510208186062484,2.231032711939415
