xp, rho, u, p, Mach
0.1,1.0,1.5,0.7142857142857144,1.5
0.3,1.0,1.5,0.6642995267160269,1.5554113714185966
0.5,0.875034531075781,1.5714060214118548,0.5120803821816217,1.7360727561228244
0.7,0.750069062151562,1.8332105674796328,0.31989502814517945,2.3724398779031093
0.9,0.5886604992143024,2.038163559607686,0.2562425478878096,2.6108495113404815
