xp, rho, u, p, Mach
0.1,0.9998818755244039,1.5001772076459545,0.7031399123937722,1.511931160668077
0.3,0.9117488437043381,1.5862126407826826,0.6126933365179223,1.6353601874962116
0.5,0.6564811308789441,1.6563714572194006,0.4053318488300328,1.7815560046554668
0.7,0.5339699176830436,1.8438344034531882,0.28445929597818315,2.135041033675669
0.9,0.4912755148668329,1.9337279309530135,0.2399621865142204,2.3384199467032305
