{
  "final_error_epsilon": 9.337490442404642e-17,
  "max_error_epsilon": 1.0650184782614623e-16,
  "classical_wall_time_s": 0.0022661685943603516,
  "method_wall_time_s": 0.002026081085205078,
  "speedup_ratio": 1.118498470228289,
  "n_pauli_terms": null,
  "shots": 0,
  "t1": null,
  "t2": null,
  "backend_name": null,
  "backend_type": "sim",
  "coupling_map": "default",
  "optimization_level": 1,
  "seed": null,
  "_source": "solver"
}