dq_lu, dq_hhl,
-0.00020456526822262917,-0.0
-0.00018121514754611772,-0.0
-0.000553715366954065,-0.0
-0.0006986270985346955,-0.0
-0.0006634387021492206,-0.0
0.0019333371177594322,0.0
-0.0016338694912442521,-0.0
-0.0016722734474304594,-0.0
0.0010030724887948026,0.0
0.0005690270695634569,0.0
0.007681639227934748,0.0
0.005336539479981994,0.0
0.015815022711401592,0.002282674813507921
0.013356484511887591,0.0022826748135078945
-0.004913662129541918,-0.0
-0.011979699949534893,-0.0
0.001923356813724282,0.0
-0.004018252550014442,-0.0
0.00025577563809463016,0.0
-0.005736599090141146,-0.0
-0.00039216535063962,-0.0
-0.01004781601950512,-0.0032281896797502607
-0.011441431381078079,-0.0
0.0016711081888472097,0.0
-0.003864760127119927,-0.0
-0.011763700638631297,-0.0
-0.027452348943872783,-0.003953708754153637
-0.0018800888265371072,-0.0
-0.018630909919069728,-0.0
-0.026327286469404017,-0.0022826748135079786
-0.016394326315339987,-0.0
-0.02229072428833753,-0.0
-0.034862812150250444,-0.005591388541797349
-0.018174357907439216,-0.0
-0.020505653846944895,-0.002282674813507954
-0.043791477680202945,-0.005104216053530572
-0.02215702356877711,-0.003228189679750436
-0.03011795619122226,-0.0032281896797504745
-0.05027328263223068,-0.005591388541797399
-0.017844145703964063,-0.0
-0.02611497110008291,-0.0
-0.053451082083562494,-0.006456379359501043
-0.028636035536077464,-0.0
-0.01781031383606782,-0.0
-0.057515117690870754,-0.006456379359501051
-0.02032740284812788,-0.002282674813507953
-0.01642732457417185,-0.0
-0.05929225116424272,-0.007907417508307429
-0.030035780212702694,-0.004565349627015979
-0.028721045739023256,-0.003953708754153644
-0.0631072077026469,-0.0075707758748006174
-0.026685073861936803,-0.00228267481350798
-0.022708800714625988,-0.0032281896797504398
-0.053242574627051065,-0.003953708754153707
-0.029668638411864862,-0.003953708754153649
-0.034403172976678775,-0.003953708754153666
-0.061146430806541176,-0.008230301085313394
-0.030424806294962414,-0.0022826748135079903
-0.03312429468748984,-0.005104216053530535
-0.05588066367555878,-0.00559138854179741
