dq_lu, dq_hhl,
-0.00020334860950166776,-0.0
-0.00018145875068451136,-0.0
-0.0005522217040002438,-0.0
-0.0006970836954285262,-0.0
-0.0006618245866824091,-0.0
0.001943547615982366,0.0
-0.001646783594995512,-0.0
-0.0016892534654005939,-0.0
0.0009618578111118062,0.0
0.0005559927634784207,0.0
0.0013830652223735026,0.0
0.005312399184260626,0.0
0.013543057164836659,0.0008485690258147646
0.011084093897489279,0.0008485690258147507
-0.004939350885853577,-0.0
-0.01198444106952275,-0.0008485690258147564
0.001925775681231958,0.0
-0.0040583078839898454,-0.0
0.00022579472521013584,0.0
-0.0057568002309317705,-0.0
-0.0004668599819951734,-0.0
-0.006817675141189587,-0.0008485690258147028
-0.006963663500655462,-0.0008485690258147054
0.0016821164405147614,0.0
-0.0038212492761094427,-0.0
-0.005456431268027032,-0.0
-0.01582369551663112,-0.0
-0.0018324322348007814,-0.0
-0.012332417397349705,-0.0008485690258147585
-0.015085260261837674,-0.0
-0.016393295502133098,-0.0
-0.014534561803693566,-0.0016971380516295378
-0.02143396798051474,-0.0
-0.013761019574095146,-0.0012000578249169664
-0.018322112174119526,-0.000848569025814781
-0.031033463078776018,-0.0018974580253226661
-0.018997349328234436,-0.0
-0.019137437165132276,-0.00146976466644043
-0.032106796726048,-0.0024001156498340325
-0.01772673697963245,-0.0008485690258147794
-0.0197437744936371,-0.0
-0.03562055383558602,-0.00240011564983404
-0.023979435417418125,-0.0012000578249170037
-0.0179193037073177,-0.00084856902581478
-0.040404849145533446,-0.002078561124776881
-0.017872398452790417,-0.0
-0.011902114192031124,-0.0
-0.039930650918325185,-0.0024001156498340472
-0.018780711017264657,-0.0008485690258147821
-0.01697061620231361,-0.0012000578249169828
-0.04309362694444757,-0.0025457070774444223
-0.016373583525762406,-0.0008485690258147754
-0.019550229177054717,-0.0
-0.03335400473687441,-0.0018974580253226705
-0.01923418951786106,-0.001200057824916991
-0.024154117454193238,-0.001469764666440446
-0.04091828188727867,-0.0024001156498340485
-0.023611197596751284,-0.0014697646664404446
-0.0235645047769509,-0.0016971380516295825
-0.03677778550763513,-0.0022451026125783207
