xp, rho, u, p, Mach
0.1,0.9873972053917212,1.5145165598280277,0.6997474475779777,1.520496041472688
0.3,0.8858048581413465,1.6134180459687752,0.602986736025002,1.652715277774262
0.5,0.6194105327039949,1.741864943044261,0.37482267450376505,1.8924605113730117
0.7,0.516780942967032,1.829575711210812,0.28858331637657686,2.0692073066701195
0.9,0.4837191287486151,1.8696807877297386,0.2608804257244577,2.151688165818444
