xp, rho, u, p, Mach
0.1,0.9873079627099859,1.5146295271453094,0.6996439980935673,1.520653145132413
0.3,0.8855153190128001,1.6137411718350316,0.6027372512220563,1.6531181126811314
0.5,0.6190513627370235,1.7424317978905461,0.37454522425394593,1.8932282673968106
0.7,0.5166408923654126,1.8298882614918217,0.2884751010490421,2.0696684302597816
0.9,0.4840647721543444,1.8690487359386665,0.26116347943794943,2.1505627743716955
