xp, rho, u, p, Mach
0.1,0.9874709863878705,1.5144362407154601,0.6998202962786797,1.5203930691485343
0.3,0.8860314111086512,1.6131635339313422,0.6031849998100337,1.6523942349633078
0.5,0.6197112400836448,1.741412385375036,0.3750529017998598,1.8918470964150242
0.7,0.5170336762686728,1.82910679209644,0.2887681153979485,2.068520555298578
0.9,0.4837714417688925,1.8695833266248727,0.2609018013471255,2.1516041994999973
