xp, rho, u, p, Mach
0.1,0.9873781738248056,1.5145395532420989,0.699727547219263,1.520526093526001
0.3,0.8857479225742342,1.613482548891051,0.6029375128310321,1.6527956963529549
0.5,0.6193384577756521,1.741974516786741,0.37476765265834444,1.8926083617017517
0.7,0.5167415588851727,1.8296529108705881,0.2885550429943362,2.06931713641089
0.9,0.48376028258772386,1.8696069529051882,0.2609154272889725,2.1515503906420212
