xp, rho, u, p, Mach
0.1,0.9874393052830892,1.5144697350352545,0.6997882500984404,1.5204371173737161
0.3,0.8859324026974451,1.6132751615597085,0.6030970914105257,1.6525366710344784
0.5,0.6195738539604466,1.7416178079369864,0.37494697691246026,1.8921277354100812
0.7,0.5168854935825435,1.8293730629217662,0.2886598817425567,2.068912956221868
0.9,0.4836685557972339,1.8697642492353763,0.26083412349569934,2.151862697855058
