xp, rho, u, p, Mach
0.1,0.9874688748248146,1.5144388555360966,0.699817987278394,1.520396576895474
0.3,0.8860253791584131,1.6131700864481924,0.6031792609957325,1.652403182844849
0.5,0.6197004501546899,1.7414281528394238,0.3750443442032149,1.8918693396243123
0.7,0.5170130183963934,1.8291390507966399,0.2887532019872332,2.0685691280298553
0.9,0.4837378319807922,1.8696432565152497,0.2608774013742536,2.151699042701449
