{
  "quantum_solution": [
    0.79824382444996,
    0.47894629466997596,
    0.3192975297799839,
    0.1773875165444355
  ],
  "classical_solution": [
    0.7055698197297996,
    0.046596453582414196,
    0.7055698197297996,
    0.046596453582414196
  ],
  "_source": "harvester"
}