{
  "iterations_completed": 1,
  "converged": true,
  "_source": "harvester",
  "fidelity": 0.819086279813439,
  "shots": 100,
  "l2_error_abs": 0.6015209392640642,
  "l2_error_rel": 0.6015209392640642
}