xp, rho, u, p, Mach
0.1,0.9884191935451294,1.517574739337063,0.6946617116791949,1.5299244143141868
0.3,0.8860175969134862,1.6162150764421572,0.6020710442235356,1.6570378895354723
0.5,0.6256413685730331,1.7279926887861623,0.3795503637257679,1.8750200042352494
0.7,0.5198824291823034,1.829933027235614,0.2878017034002563,2.0786294085304764
0.9,0.4895280294795373,1.851096810882903,0.26579567919936803,2.123146383479082
