{
  "iterations_completed": 1,
  "converged": true,
  "_source": "harvester",
  "fidelity": 0.9182789472961809,
  "shots": 10000,
  "l2_error_abs": 0.40427973657807564,
  "l2_error_rel": 0.40427973657807564
}