{
  "quantum_solution": [
    0.8481322104468334,
    0.2832761582892423,
    0.42542311676013145,
    0.13943293539745938
  ],
  "classical_solution": [
    0.7055698197297996,
    0.046596453582414196,
    0.7055698197297996,
    0.046596453582414196
  ],
  "_source": "harvester"
}