dq_lu, dq_hhl,
0.0038640668689726328,0.0
0.0017598591780499239,0.0
0.008029702226903001,0.003892094326128005
0.004158552333227872,0.0038920943261275534
0.0010673052621548726,0.0
0.006642836247783379,0.0038920943261279034
-0.0243918671615113,-0.016512757746138168
-0.017390646375142163,-0.010297513666140914
0.015638715352327786,0.0038920943261282408
-0.004916576178099422,-0.0067413051207037234
0.0014913748643735382,0.0
0.02125115980400059,0.011008505164092044
-0.015959135619172272,-0.005504252582045937
0.006768268218280258,0.005504252582045468
0.012885674836920664,0.007784188652256376
-0.0116783976826991,-0.007784188652256312
-0.003891428323797461,-0.0038920943261274888
-0.016863426921416597,-0.005504252582045955
-0.03016728835705657,-0.015568377304513442
-0.023711991770224938,-0.012307882938783704
-0.029788510940603377,-0.01290861652843891
0.002193560966781487,0.003892094326126715
-0.009390619126246854,-0.005504252582045696
-0.015950425785460253,-0.008702987488063993
-0.026719055690480734,-0.012307882938783763
-0.03439484738303814,-0.019067290259592123
-0.04247559418699418,-0.021317878583583916
-0.018466667620220763,-0.007784188652256558
-0.012242287808069066,-0.005504252582045832
-0.05150340132363362,-0.024921563514007712
