dq_lu, dq_hhl,
0.001380452017731437,7.097870157906767e-05
0.0005109788943791421,2.140088374946215e-05
0.0012265759720145107,5.242124523086258e-05
0.00012347390662136438,0.0
0.0006767998363775376,4.280176749894482e-05
0.0010618723344430784,6.0530840090580134e-05
0.0004918652705684807,4.280176749892104e-05
-0.00010851189864739024,-0.0
0.00209729027484507,7.716198369904403e-05
0.0008946430655429424,3.706741798097469e-05
0.0006812935171122522,3.7067417980961714e-05
0.0004553269848250798,0.0
-0.00037974445020592723,-0.0
0.0007599633947576336,3.7067417980967345e-05
-0.0002642010795240475,-2.1400883749423026e-05
-0.0009478449186351785,-4.785383084241111e-05
-0.00024101186756087875,-0.0
-6.96842624157471e-05,-0.0
-0.00042145522900792715,-0.0
0.0003068049669737065,0.0
-0.0012558031856541739,-7.413483596197321e-05
-0.000673309900348613,-0.0
-0.0002796103698171539,-0.0
-0.0004502145204096065,-2.1400883749456494e-05
-0.0007007632961576046,-2.1400883749473492e-05
0.00019160655878031562,0.0
-0.0013208055464711962,-6.053084009059131e-05
-0.0007826773342593501,-3.706741798096876e-05
-0.0012581361549933027,-6.420265124846106e-05
-0.0009931041436608333,-3.0265420045288095e-05
