dq_lu, dq_hhl,
0.0019355733052199356,0.0001344083226861914
0.0007695326630160302,7.184427048889856e-05
0.001748946247337083,0.00016064867260717614
0.00012327050647453706,0.0
0.0008244575729268019,5.080157085210512e-05
0.0014659467068444197,0.00014368854097788578
0.0005927741658420242,0.0
-0.00010835242579428675,-0.0
0.0026791684625742155,0.0001967536378715445
0.0012371173177274217,0.00012443792671955472
0.0009232445063075812,5.080157085211171e-05
0.000604614743185066,5.080157085208272e-05
-0.00046001780194625334,-0.0
0.0011278110993711813,0.00012443792671954496
-0.00041879057837406717,-5.080157085204543e-05
-0.0013830673327822009,-0.00016064867260715183
-0.0002411199436348949,-0.0
-7.073329710241435e-05,-0.0
-0.0005735391215173644,-5.080157085207816e-05
0.0003572542286798888,5.080157085202453e-05
-0.0016960395705019455,-0.0001344083226861816
-0.0008534456074836321,-7.184427048890773e-05
-0.0003038710433196533,-0.0
-0.0005702774599025056,-7.184427048886592e-05
-0.0008983236657212424,-7.184427048891193e-05
0.00021576661159487765,0.0
-0.0017296184050440786,-0.00010160314170427472
-0.0010052630262746187,-0.00010160314170423238
-0.0017570607450189358,-0.00012443792671958448
-0.001253187960173987,-5.080157085212619e-05
