{
  "grid": [
    0.0,
    0.0625,
    0.125,
    0.1875,
    0.25,
    0.3125,
    0.375,
    0.4375,
    0.5,
    0.5625,
    0.625,
    0.6875,
    0.75,
    0.8125,
    0.875,
    0.9375
  ],
  "solution_steps": {
    "0": [
      0.0,
      0.11480502970952693,
      0.21213203435596423,
      0.27716385975338603,
      0.3,
      0.27716385975338603,
      0.21213203435596426,
      0.11480502970952697,
      3.6739403974420595e-17,
      -0.1148050297095269,
      -0.21213203435596423,
      -0.2771638597533859,
      -0.3,
      -0.277163859753386,
      -0.2121320343559643,
      -0.1148050297095271
    ],
    "10": [
      -0.18359767753650716,
      0.1793403848001219,
      0.05019005553651482,
      -0.1811356173937918,
      0.03371474943707312,
      0.19314347432532658,
      -0.06252990551640494,
      -0.18894673797578493,
      -0.022930185763289614,
      0.24199484025147627,
      0.16674913985073944,
      -0.019028428643504753,
      0.015299533346274643,
      0.11549383112397664,
      0.00310429064559969,
      -0.3408617464878199
    ],
    "20": [
      -0.0979747862871227,
      0.23906899183978567,
      0.044915845463457345,
      -0.21713025425239493,
      -0.07528358927976911,
      0.18355879212904938,
      -0.036407919617313385,
      -0.23500069573310725,
      0.030194278576058196,
      0.2717132684562557,
      0.16582956800494345,
      -0.022431299004490483,
      0.01417779497032484,
      0.17356269475351496,
      -0.045451191830578636,
      -0.3933414981886131
    ],
    "30": [
      -0.0958974971810801,
      0.16366879634097017,
      -0.034832749889968685,
      -0.18670158503360085,
      0.06614577332950716,
      0.18035704732566388,
      -0.06366033331261292,
      -0.1903987854012405,
      0.006675419058478837,
      0.23280920250190207,
      0.17993623717668242,
      -0.00587545110077599,
      -0.011015762483917797,
      0.12205551846170579,
      -0.04735108669708893,
      -0.3159147430946246
    ]
  },
  "_source": "solver"
}