{
  "iterations_completed": 1,
  "converged": true,
  "_source": "harvester",
  "fidelity": 0.9534662214943433,
  "shots": 100,
  "l2_error_abs": 0.2686072725541728,
  "l2_error_rel": 0.2169979281358545
}