{
  "quantum_solution": [
    1.218747631940864,
    0.18512622257329583,
    0.10799029650108924,
    0.030854370428882637
  ],
  "classical_solution": [
    1.1454545454545455,
    0.43636363636363634,
    0.16363636363636364,
    0.05454545454545454
  ],
  "_source": "harvester"
}