{
  "u_initial": [
    0.0,
    0.20129852008866006,
    0.39435585511331855,
    0.5712682150947923,
    0.7247927872291199,
    0.8486442574947509,
    0.9377521321470804,
    0.9884683243281114,
    0.9987165071710528,
    0.9680771188662044,
    0.8978045395707416,
    0.7907757369376985,
    0.6513724827222223,
    0.48530196253108143,
    0.29936312297335804,
    0.10116832198743228,
    -0.10116832198743204,
    -0.2993631229733574,
    -0.48530196253108043,
    -0.651372482722222,
    -0.7907757369376986,
    -0.8978045395707414,
    -0.9680771188662043,
    -0.9987165071710528,
    -0.9884683243281114,
    -0.9377521321470808,
    -0.8486442574947515,
    -0.72479278722912,
    -0.5712682150947924,
    -0.3943558551133187,
    -0.20129852008866028,
    -2.4492935982947064e-16
  ],
  "u_final_classical": [
    0.0,
    0.11465753632850059,
    0.22858560009524026,
    0.34104229567526934,
    0.45125864150819267,
    0.558418962127498,
    0.6616325262531132,
    0.7598903858913767,
    0.8519976328093486,
    0.9364633816334008,
    1.011230685873693,
    1.073925629372657,
    1.120783807238316,
    1.11669620945892,
    1.2187235751677745,
    1.0804685486537364,
    -1.0804685486537329,
    -1.218723575167775,
    -1.1166962094589221,
    -1.1207838072383158,
    -1.0739256293726573,
    -1.011230685873694,
    -0.9364633816334001,
    -0.8519976328093489,
    -0.7598903858913767,
    -0.661632526253113,
    -0.5584189621274979,
    -0.4512586415081927,
    -0.3410422956752695,
    -0.22858560009524032,
    -0.11465753632850076,
    -2.4492935982947064e-16
  ],
  "u_final_method": [
    0.0,
    0.04547514334681408,
    0.09742951807986211,
    0.3188683808928687,
    0.44706570970566084,
    0.5183767802987864,
    0.6148876825865164,
    0.8428395068435349,
    0.8025790474847356,
    0.8967010524428918,
    1.010157337984087,
    1.138625854950278,
    1.2161923888912018,
    1.2464036906332032,
    1.2488383693740963,
    0.48661138598946346,
    0.0826199927869166,
    0.10460520297070118,
    0.15861666974235508,
    0.3247402042658247,
    0.4328620370675977,
    0.4782532673244086,
    0.5487820368682838,
    0.634281662946638,
    0.7030671387207446,
    0.7764300111624328,
    0.8542057919442666,
    0.876654296248573,
    0.8726183798035554,
    0.8677639307507845,
    0.8100628633330753,
    0.0
  ],
  "errors_by_step": {
    "0": 0.0,
    "8": 1.3799785987367947,
    "16": 1.3341518633757627,
    "24": 1.2844082232265666,
    "32": 1.2378287771353647,
    "40": 1.1946893295837007,
    "48": 1.1523623093711464,
    "50": 1.1393464637282755
  },
  "final_error": 1.1393464637282755,
  "max_error": 1.3799785987367947,
  "_source": "solver"
}