{
  "grid": [
    0.0,
    0.03225806451612903,
    0.06451612903225806,
    0.0967741935483871,
    0.12903225806451613,
    0.16129032258064516,
    0.1935483870967742,
    0.22580645161290322,
    0.25806451612903225,
    0.29032258064516125,
    0.3225806451612903,
    0.3548387096774194,
    0.3870967741935484,
    0.4193548387096774,
    0.45161290322580644,
    0.4838709677419355,
    0.5161290322580645,
    0.5483870967741935,
    0.5806451612903225,
    0.6129032258064516,
    0.6451612903225806,
    0.6774193548387096,
    0.7096774193548387,
    0.7419354838709677,
    0.7741935483870968,
    0.8064516129032258,
    0.8387096774193548,
    0.8709677419354839,
    0.9032258064516129,
    0.9354838709677419,
    0.967741935483871,
    1.0
  ],
  "solution_steps": {
    "0": [
      0.0,
      0.20129852008866006,
      0.39435585511331855,
      0.5712682150947923,
      0.7247927872291199,
      0.8486442574947509,
      0.9377521321470804,
      0.9884683243281114,
      0.9987165071710528,
      0.9680771188662044,
      0.8978045395707416,
      0.7907757369376985,
      0.6513724827222223,
      0.48530196253108143,
      0.29936312297335804,
      0.10116832198743228,
      -0.10116832198743204,
      -0.2993631229733574,
      -0.48530196253108043,
      -0.651372482722222,
      -0.7907757369376986,
      -0.8978045395707414,
      -0.9680771188662043,
      -0.9987165071710528,
      -0.9884683243281114,
      -0.9377521321470808,
      -0.8486442574947515,
      -0.72479278722912,
      -0.5712682150947924,
      -0.3943558551133187,
      -0.20129852008866028,
      -2.4492935982947064e-16
    ],
    "8": [
      0.0,
      0.1767598741584055,
      0.34761562617015457,
      0.5059200377088229,
      0.6668957190175758,
      0.8061705737878566,
      0.9113707740828206,
      0.9879017062117486,
      1.0291934698472216,
      1.0219614099312058,
      0.9728975387889216,
      0.8846021861416633,
      0.744152090875032,
      0.5711510106014931,
      0.3316209730124772,
      0.11622639657228298,
      0.081933408037158,
      0.2465244580765463,
      0.42529591874597045,
      0.5631877794196205,
      0.7130906459343751,
      0.833103551435624,
      0.9076018585620553,
      0.9670662144244216,
      0.9865079250059735,
      0.9664310857438282,
      0.8821382596067843,
      0.7826173642099109,
      0.6268908868505476,
      0.45371137333336686,
      0.22850712434579365,
      0.0
    ],
    "16": [
      0.0,
      0.15804580484915579,
      0.3211896899071332,
      0.47130728918446346,
      0.5887150367235257,
      0.7481662531084466,
      0.8810302681169981,
      0.9731053975345483,
      1.0234275490083766,
      1.067775951235514,
      1.0408709722113756,
      0.9776332819379946,
      0.848404138819782,
      0.6924329835371468,
      0.4095094584153264,
      0.13850358663584156,
      0.07096169989627064,
      0.22209397389417848,
      0.3763895110342991,
      0.5028921764937028,
      0.6043361085778268,
      0.7449289817170662,
      0.8384373410575675,
      0.9106715147794139,
      0.940322388338908,
      0.9618726017008319,
      0.9089997853351283,
      0.8435637833031618,
      0.6885738833336971,
      0.5305310483917136,
      0.2676507192207511,
      0.0
    ],
    "24": [
      0.0,
      0.12426344400383031,
      0.2727391741447628,
      0.4377624759021446,
      0.5505867723638385,
      0.6890107598070921,
      0.8350396635075945,
      0.936202271711966,
      0.983898018956241,
      1.0847193891877032,
      1.1103437580969284,
      1.078426624176202,
      0.9642986334397368,
      0.8203911385455925,
      0.5305225006820151,
      0.15746792207349022,
      0.07279536636321117,
      0.19348110543950506,
      0.32534075759157544,
      0.461018155976871,
      0.5439588047117746,
      0.6530198365182395,
      0.7586359298411389,
      0.8268811280210419,
      0.8630523784121882,
      0.9405737242167682,
      0.9318647766481687,
      0.8727456925126527,
      0.7608982602798967,
      0.6100924397580278,
      0.3332097351354617,
      0.0
    ],
    "32": [
      0.0,
      0.10204566788468389,
      0.2546900229786018,
      0.39594806901687474,
      0.510954899126095,
      0.6361293650718073,
      0.7686773183289873,
      0.8954254298544855,
      0.9279349782904898,
      1.0489646822947936,
      1.1262561261904855,
      1.1589251159507725,
      1.0847538827564545,
      0.9772496383702387,
      0.6574757074232542,
      0.2109280517502381,
      0.06966752590914854,
      0.14960644018586142,
      0.27904849410988253,
      0.4029228080015235,
      0.4973731231662093,
      0.5886965144166387,
      0.6875855951757633,
      0.7657437169068194,
      0.798893650351899,
      0.8826215028991887,
      0.9208814476531731,
      0.9110883650605327,
      0.8254400733137772,
      0.7205314106185687,
      0.4101454789073054,
      0.0
    ],
    "40": [
      0.0,
      0.05348617157265045,
      0.1928147937875753,
      0.3712562648624143,
      0.4663297458903382,
      0.5788915452414726,
      0.705197594688208,
      0.8824195398448029,
      0.859304785609316,
      0.976967290919414,
      1.0935608379449926,
      1.1830168379417465,
      1.1696116285257179,
      1.1339478108294108,
      0.8862937122025843,
      0.3032857131985696,
      0.07621801319225721,
      0.12489788575859796,
      0.23784624639989477,
      0.3850888264413344,
      0.46348284851842386,
      0.534399978641459,
      0.6186185216396494,
      0.6998775772268568,
      0.7327315830703818,
      0.8240197011521483,
      0.8857747480645513,
      0.9206511954191167,
      0.8770806617622096,
      0.8106403745583267,
      0.5486424641655843,
      0.0
    ],
    "48": [
      0.0,
      0.04662631550174575,
      0.1098644121918846,
      0.32613654479932797,
      0.45057931088496894,
      0.531217112727567,
      0.6236897498006714,
      0.839657685804311,
      0.8186492744453957,
      0.9082205328291516,
      1.0326258857989503,
      1.156994074045083,
      1.2142923827546876,
      1.2332759430631397,
      1.1737512905106695,
      0.437092626450506,
      0.07529986191814572,
      0.11688583402627324,
      0.17344323638110348,
      0.34089167657676545,
      0.43344525852506627,
      0.5003824541699723,
      0.5569893899185964,
      0.6566580999364047,
      0.7112358958196311,
      0.7780065102232737,
      0.863821646068851,
      0.8862246826696158,
      0.8730686328747145,
      0.8649111874943431,
      0.7472370014544613,
      0.0
    ],
    "50": [
      0.0,
      0.04547514334681408,
      0.09742951807986211,
      0.3188683808928687,
      0.44706570970566084,
      0.5183767802987864,
      0.6148876825865164,
      0.8428395068435349,
      0.8025790474847356,
      0.8967010524428918,
      1.010157337984087,
      1.138625854950278,
      1.2161923888912018,
      1.2464036906332032,
      1.2488383693740963,
      0.48661138598946346,
      0.0826199927869166,
      0.10460520297070118,
      0.15861666974235508,
      0.3247402042658247,
      0.4328620370675977,
      0.4782532673244086,
      0.5487820368682838,
      0.634281662946638,
      0.7030671387207446,
      0.7764300111624328,
      0.8542057919442666,
      0.876654296248573,
      0.8726183798035554,
      0.8677639307507845,
      0.8100628633330753,
      0.0
    ]
  },
  "_source": "solver"
}