dq_lu, dq_hhl,
0.023112339969800756,0.00850598961917914
-0.00385734172152368,-0.002455467698178089
-0.017471441014869613,-0.006014642940423866
0.022081154389964854,0.010124152679882693
-0.039857228975489954,-0.015913249445212337
0.045573103101631894,0.019177815793899232
0.020761165680510268,0.007764870647215283
0.011471935937372668,0.004252994809589384
-0.02484555183349478,-0.009821870792714507
0.004797579245013129,0.0
-0.018088468492704405,-0.008143865039696021
-0.034923058551181364,-0.013671465543999381
-0.018308812381072674,-0.00649655688173276
-0.02244756706906565,-0.00814386503969611
-0.03050054991169669,-0.012277338490893226
