dq_lu, dq_hhl,
0.005493367819024912,0.0001274881773477713
-0.0013413688245823817,-0.0
-0.004097833884878206,-0.00013770296991724823
0.003860558485101077,8.229326461770299e-05
-0.008231593222871217,-0.00023276050182865907
0.01036398985193593,0.0002468797938531491
0.0040973421473985425,9.01477547237167e-05
0.002910028222140539,9.014775472370771e-05
-0.006387833624560862,-0.00018765751593658993
0.0025065163662316486,6.374408867387181e-05
-0.00439802625670608,-8.229326461770559e-05
-0.007612740696546226,-0.00020157650758123103
-0.004412210287440591,-8.229326461770564e-05
-0.005115684351980771,-0.00011040800026534428
-0.0069698923289721725,-0.00014253611543858826
