dq_lu, dq_hhl,
0.0007115133770583139,0.0004038799521545592
-0.000377089910612212,-0.0001217743874219722
-0.000524877874869499,-0.0003444299804839146
0.0006508440750414493,0.0004390637978886276
-0.0010652594646606776,-0.0005840094459313906
0.0013267297027433533,0.0008168874245833263
0.0008236946724471945,0.0004556380362179491
0.00046565414885666666,0.00024354877484406725
-0.0008835883095539439,-0.0005166449707262714
0.0004441461620745411,0.0002982851129239452
-0.0008170061184394897,-0.000502088661836395
-0.001195296264805935,-0.0006780110945947441
-0.0006286403453976339,-0.00048709754968840577
-0.0008045100107602505,-0.0004870975496885751
-0.0007893388989157141,-0.00045563803621792505
