xp, rho, u, p, Mach
0.1,0.9789344264761624,1.5297380719690108,0.696233095102723,1.5330366120589276
0.3,0.8806674786957556,1.6370554218331834,0.5863025933942869,1.6956821035110654
0.5,0.6136217399151955,1.7529054057800932,0.3776209784388986,1.8884990678697962
0.7,0.5135888809299215,1.8534471532650663,0.2864232338284726,2.0975864761542673
0.9,0.4900965042574807,1.8614341386345987,0.2636678416036261,2.144844823833704
