xp, rho, u, p, Mach
0.1,0.9785914431462692,1.5303061791415902,0.6961554666988697,1.533422749530313
0.3,0.8803440267943962,1.638347902071522,0.5854618418672146,1.6979270417223509
0.5,0.6133526277220424,1.7532989033655442,0.37780558717350504,1.8880473006561151
0.7,0.5134259808940074,1.8547108601737214,0.28628955638878767,2.0991736444450866
0.9,0.4903411581258269,1.8613131367248765,0.2637226447581103,2.1450177369905616
