xp, rho, u, p, Mach
0.1,0.9874618888740672,1.514443246320185,0.6998109696190948,1.5204032300215682
0.3,0.8859969272666447,1.6132029987952685,0.6031534617512783,1.6524457037068727
0.5,0.6196743938421,1.7414681671409338,0.3750227298743727,1.8919275540484095
0.7,0.5170187156884425,1.829137480635485,0.28875261253143547,2.068580861113715
0.9,0.48380339708725145,1.869524505976579,0.26092276223120087,2.151521139177024
