dq_lu, dq_hhl,
-0.013378088107691534,-0.03213603904550407
-0.00519651400648367,-0.0
-0.016172659488900485,-0.0
0.012035815633498382,0.0
-0.010833099490185577,-0.0
-0.006571554763002059,-0.0
0.005936974364138008,0.0
-0.05988427741333091,-0.05566125238083353
-0.04752576036525799,-0.0321360390455058
-0.023922545665157367,-0.0
0.022513151198202703,0.0
-0.0031517113904529852,-0.0
0.0026389591919776852,0.0
0.009466632917262768,0.0
-0.023302684871190818,-0.0321360390455051
