xp, rho, u, p, Mach
0.1,1.0,1.5,0.7142857142857144,1.5
0.3,0.8574003853036094,1.679996194386258,0.5815066263616022,1.7240854363106661
0.5,0.6111086758612696,1.886530467574268,0.3328176438634759,2.160507903967915
0.7,0.5384205396744368,1.7167149361368288,0.316941616535177,1.8910601505009903
0.9,0.48075943631983215,1.8625394201374554,0.2748319455259503,2.081957011680389
