xp, rho, u, p, Mach
0.1,0.9678639609544959,1.5498045805122425,0.6934712666739091,1.5474115928064327
0.3,0.8720830689489406,1.6517112138312944,0.5896551297871735,1.697657148046941
0.5,0.6111086758612696,1.7714217499193838,0.35970807974408964,1.9513810494694812
0.7,0.5091252900344051,1.8154953220247523,0.2986807863092721,2.003271482219798
0.9,0.48075943631983215,1.8625394201374554,0.2619775299077483,2.132422923555782
