xp, rho, u, p, Mach
0.1,0.9810293433651229,1.5290062526108608,0.6997107650443235,1.5301251890203291
0.3,0.8720830689489406,1.6517112138312944,0.5896551297871735,1.697657148046941
0.5,0.6111086758612696,1.7714217499193838,0.36715554468766437,1.9314885324222668
0.7,0.5091252900344051,1.8520652248038478,0.2850237720088001,2.092011430329699
0.9,0.48075943631983215,1.8625394201374554,0.2619775299077483,2.132422923555782
