xp, rho, u, p, Mach
0.1,0.9810293433651229,1.5277136833639373,0.6938080971567485,1.5353212732588106
0.3,0.8740797532318825,1.6307206443157016,0.6006105179140655,1.6626261812712413
0.5,0.6129547309848314,1.7660867030845655,0.37141616735260613,1.917484232838315
0.7,0.5168891693707324,1.8242464741306805,0.2902700169761776,2.0573923689642535
0.9,0.4831143138043679,1.8835452362865923,0.2527404798091798,2.2008963328443727
