xp, rho, u, p, Mach
0.1,1.0,1.5,0.7142857142857144,1.5
0.3,0.8574003853036094,1.679996194386258,0.5815066263616022,1.7240854363106661
0.5,0.6919081707510513,1.783003414400943,0.3695999216563597,2.0617996015715265
0.7,0.5384205396744368,1.8033565233118045,0.3027594683460935,2.0324951589836058
0.9,0.48075943631983215,2.030605793432786,0.2442389101240538,2.4077871095612546
