xp, rho, u, p, Mach
0.1,0.9874639367063818,1.5144438785850258,0.6998132506360538,1.5204029634502956
0.3,0.8860148148041235,1.613183655153218,0.6031693385982949,1.6524208217307004
0.5,0.6196935223887309,1.7414401111867848,0.37503825495070775,1.8918871146205192
0.7,0.5170229737217609,1.829126754288748,0.28876036335223004,2.0685494864589957
0.9,0.48377830867049415,1.8695695194882165,0.2609082289062049,2.1515770770326217
