xp, rho, u, p, Mach
0.1,0.9919671821692289,1.5040489332586624,0.7034045443014126,1.509537879579175
0.3,0.8794736945308204,1.617794663751927,0.6002232260878931,1.6550625408567048
0.5,0.6094501334585727,1.7905901605725234,0.34901109017335175,1.9997773743513674
0.7,0.5114258185450384,1.8351844876952907,0.2787920937119622,2.1007134184098013
0.9,0.48511139733101893,1.8726049808666008,0.2498230744767922,2.205396195708303
