xp, rho, u, p, Mach
0.1,0.9886052912769683,1.511509027526831,0.7009524285639512,1.517098994212566
0.3,0.884757966247793,1.6141261954366746,0.6022252901303505,1.6535076704630856
0.5,0.6175140969450565,1.7524064079100372,0.36854459599693873,1.917119696520652
0.7,0.5151287195643859,1.832922036280017,0.28550571490210386,2.080800547720794
0.9,0.4848573819636575,1.8696073365262673,0.2579703523734665,2.166249589315487
