xp, rho, u, p, Mach
0.1,0.9886488199410639,1.5111741036058188,0.7011272084004773,1.5166071547618738
0.3,0.8843659699452224,1.614504283232318,0.6019274614626509,1.6539375846210977
0.5,0.6166288299540255,1.7563876320008391,0.3664363704793522,1.9256128657694342
0.7,0.5145527487898034,1.833940257812195,0.2846344470442419,2.0839744419402875
0.9,0.48511139733101893,1.8696439185275109,0.25704187293449066,2.170769364895794
