{
  "grid": [
    0.0,
    0.03225806451612903,
    0.06451612903225806,
    0.0967741935483871,
    0.12903225806451613,
    0.16129032258064516,
    0.1935483870967742,
    0.22580645161290322,
    0.25806451612903225,
    0.29032258064516125,
    0.3225806451612903,
    0.3548387096774194,
    0.3870967741935484,
    0.4193548387096774,
    0.45161290322580644,
    0.4838709677419355,
    0.5161290322580645,
    0.5483870967741935,
    0.5806451612903225,
    0.6129032258064516,
    0.6451612903225806,
    0.6774193548387096,
    0.7096774193548387,
    0.7419354838709677,
    0.7741935483870968,
    0.8064516129032258,
    0.8387096774193548,
    0.8709677419354839,
    0.9032258064516129,
    0.9354838709677419,
    0.967741935483871,
    1.0
  ],
  "solution_steps": {
    "0": [
      0.0,
      0.20129852008866006,
      0.39435585511331855,
      0.5712682150947923,
      0.7247927872291199,
      0.8486442574947509,
      0.9377521321470804,
      0.9884683243281114,
      0.9987165071710528,
      0.9680771188662044,
      0.8978045395707416,
      0.7907757369376985,
      0.6513724827222223,
      0.48530196253108143,
      0.29936312297335804,
      0.10116832198743228,
      -0.10116832198743204,
      -0.2993631229733574,
      -0.48530196253108043,
      -0.651372482722222,
      -0.7907757369376986,
      -0.8978045395707414,
      -0.9680771188662043,
      -0.9987165071710528,
      -0.9884683243281114,
      -0.9377521321470808,
      -0.8486442574947515,
      -0.72479278722912,
      -0.5712682150947924,
      -0.3943558551133187,
      -0.20129852008866028,
      -2.4492935982947064e-16
    ],
    "8": [
      0.02061751836194938,
      0.015696712150219363,
      0.007090802016680242,
      0.1973697573076103,
      -0.0,
      -0.0,
      0.19566690826017474,
      -0.0,
      -0.0,
      -0.0,
      -0.0,
      -0.0,
      -0.0,
      -0.0,
      -0.0,
      -0.0,
      -0.0,
      -0.0,
      -0.0,
      -0.0,
      -0.0,
      -0.0,
      -0.0,
      -0.0,
      -0.0,
      -0.0,
      -0.0,
      -0.19674128639004265,
      -0.19844413543747821,
      -0.0058654939325733044,
      -0.01461548013739074,
      -0.02090567050450601
    ],
    "16": [
      0.018439572517980087,
      0.013823928680623085,
      0.008173149315773806,
      0.1992359151543155,
      0.19566690826017474,
      -0.0,
      -0.0,
      -0.0,
      -0.0,
      -0.19566690826017474,
      -0.0,
      0.19566690826017474,
      -0.0,
      -0.0,
      -0.0,
      -0.0,
      -0.0,
      -0.0,
      -0.0,
      -0.0,
      -0.0,
      -0.0,
      -0.0,
      -0.0,
      -0.0,
      -0.0,
      -0.0,
      -0.19566690826017474,
      -0.19951851356734612,
      -0.008157169792802572,
      -0.013543010057431937,
      -0.01847489114360153
    ],
    "24": [
      0.01741361225283925,
      0.013192612487074736,
      0.006188655408090681,
      0.0024946287642728573,
      0.0007917797168372853,
      0.1973697573076103,
      0.1973697573076103,
      -0.0,
      -0.0,
      -0.0,
      -0.0,
      -0.0,
      -0.0,
      -0.0,
      -0.0,
      -0.0,
      -0.0,
      -0.0,
      -0.0,
      -0.0,
      -0.0,
      -0.0,
      -0.0,
      -0.0,
      -0.0,
      -0.0,
      -0.19566690826017474,
      -0.1973697573076103,
      -0.004391480683287134,
      -0.006898218884152022,
      -0.013003217586750543,
      -0.01758726067690017
    ],
    "32": [
      0.016373207148724544,
      0.012343819382145642,
      0.006712636677443814,
      0.005050049633933297,
      0.0024946287642728547,
      0.19566690826017474,
      0.19566690826017474,
      -0.0,
      -0.0,
      -0.0,
      -0.0,
      -0.19566690826017474,
      -0.0,
      0.19566690826017474,
      -0.0,
      -0.0,
      -0.0,
      -0.0,
      -0.0,
      -0.0,
      -0.0,
      -0.0,
      -0.0,
      -0.0,
      -0.19566690826017474,
      -0.0,
      -0.0010743781298679154,
      -0.19844413543747821,
      -0.0039756715040653815,
      -0.006346234071444257,
      -0.012335648282262763,
      -0.01652447333489664
    ],
    "40": [
      0.015543410647571176,
      0.011966048655153825,
      0.007465173791905449,
      0.005419586720273044,
      0.0010743781298679154,
      -0.0,
      0.19674128639004265,
      0.19566690826017474,
      -0.0,
      -0.19566690826017474,
      -0.0,
      0.19566690826017474,
      -0.0,
      -0.0,
      -0.0,
      -0.0,
      -0.0,
      -0.0,
      -0.0,
      -0.0,
      -0.0,
      -0.0,
      -0.0,
      -0.0,
      -0.0,
      -0.19674128639004265,
      -0.1973697573076103,
      -0.0019417826011678206,
      -0.0034620679433359975,
      -0.006619578725645805,
      -0.012223197235330453,
      -0.015504749538840963
    ]
  },
  "_source": "solver"
}