{
  "iterations_completed": 1,
  "converged": true,
  "_source": "harvester",
  "fidelity": 0.8733639880919823,
  "shots": 10000,
  "l2_error_abs": 0.44863786810875395,
  "l2_error_rel": 0.3618302021668685
}