xp, rho, u, p, Mach
0.1,0.9874705410565542,1.5144366896425887,0.6998198410397515,1.5203936715210624
0.3,0.8860298906000749,1.613165207880597,0.6031835964828945,1.6523964539667264
0.5,0.619708689254327,1.7414159980089141,0.37505091179564404,1.8918521465729352
0.7,0.5170293487287944,1.829114153126837,0.2887648893642167,2.0685317776258763
0.9,0.4837658112775881,1.8695935267681008,0.2608976571419086,2.1516205056218247
