xp, rho, u, p, Mach
0.1,0.9874271944624112,1.5144981239079665,0.6997638747699768,1.5204827752048227
0.3,0.8858288908315219,1.6133279175035349,0.6030012864034568,1.6526254332945303
0.5,0.6194480640977454,1.7416921697510424,0.37485845169117393,1.8922398223326304
0.7,0.5176648279108506,1.8280361987940554,0.28924032265466704,2.0668820046360064
0.9,0.48634131176797685,1.8648852329882029,0.2628461865617832,2.1439163327857056
