xp, rho, u, p, Mach
0.1,0.9874709825419725,1.5144362446434843,0.6998202924106917,1.5203930743329703
0.3,0.8860313988619379,1.6131635460986056,0.6031849898868847,1.6523942495987614
0.5,0.619711222486546,1.7414124097783243,0.3750528888996566,1.891847128602016
0.7,0.5170336608699758,1.8291068180397305,0.28876810497792793,2.0685205911551234
0.9,0.4837714406827949,1.8695833243356836,0.26090180339826546,2.1516041859925794
