xp, rho, u, p, Mach
0.1,0.987470983041988,1.514436243833,0.6998202931117267,1.5203930731427147
0.3,0.8860314013357756,1.613163544220591,0.6031849920840366,1.6523942469723607
0.5,0.6197112231689219,1.7414124065942866,0.3750528900720599,1.891847123227568
0.7,0.517033623819343,1.829106880904948,0.2887680759881854,2.0685206919642574
0.9,0.48377133200070666,1.8695835168187154,0.2609017220162741,2.1516045013962533
