xp, rho, u, p, Mach
0.1,0.9874709825419725,1.5144362446434843,0.6998202924106917,1.5203930743329703
0.3,0.8860313988619379,1.6131635460568876,0.6031849898898263,1.6523942495519999
0.5,0.6197112224495825,1.741412409882193,0.37505288887723814,1.8918471287149785
0.7,0.5170336609069393,1.8291068179089651,0.2887681050026612,2.0685205909925974
0.9,0.48377144071975836,1.8695833243251752,0.2609018034018363,2.151604186047961
