xp, rho, u, p, Mach
0.1,0.987470983041988,1.5144362414959744,0.6998202938569706,1.5203930699869577
0.3,0.8860313985093766,1.613163546148963,0.603184988558251,1.6523942511414529
0.5,0.6197112099860348,1.74141242806846,0.3750528778877229,1.8918471571647446
0.7,0.5170335536939538,1.8291069986777708,0.28876802337804053,2.0685208733055997
0.9,0.4837711716285918,1.8695838031201129,0.260901603276573,2.1516049638640347
