xp, rho, u, p, Mach
0.1,0.9874709825419725,1.5144362446434843,0.6998202924702561,1.5203930742682668
0.3,0.886031398964257,1.6131635460803833,0.6031849899472193,1.6523942495928636
0.5,0.619711222486546,1.7414124100186166,0.37505288888841964,1.891847128891407
0.7,0.5170336606387514,1.8291068186598354,0.2887681048401902,2.0685205918871845
0.9,0.4837714396053852,1.8695833269963678,0.2609018021925585,2.151604191630306
