xp, rho, u, p, Mach
0.1,0.9881999655444993,1.5140446264121679,0.7009346673190863,1.519351662688835
0.3,0.8899335413818341,1.607328216555991,0.6081512004971406,1.6432875106434248
0.5,0.6366282059846313,1.717569480864018,0.3877464969051914,1.8600271927697574
0.7,0.5811643247530156,1.7228202971958888,0.3388294886480343,1.906930368779045
0.9,0.6103689795678138,1.655349342097997,0.3627946537560355,1.81464397139824
