{
  "u_initial": [
    0.0,
    0.02940514209886818,
    0.05852709660483847,
    0.0870854031763387,
    0.11480502970952693,
    0.1414190210477993,
    0.16667106990588065,
    0.19031798524909363,
    0.21213203435596423,
    0.2319031360088211,
    0.24944088369076356,
    0.26457637930450645,
    0.27716385975338603,
    0.2870821007196626,
    0.2942355841209691,
    0.298555418001659,
    0.3,
    0.2985554180016591,
    0.2942355841209691,
    0.28708210071966267,
    0.27716385975338603,
    0.2645763793045065,
    0.2494408836907636,
    0.23190313600882112,
    0.21213203435596426,
    0.19031798524909363,
    0.16667106990588065,
    0.14141902104779935,
    0.11480502970952697,
    0.08708540317633871,
    0.05852709660483858,
    0.029405142098868246,
    3.6739403974420595e-17,
    -0.029405142098868176,
    -0.058527096604838506,
    -0.08708540317633863,
    -0.1148050297095269,
    -0.1414190210477993,
    -0.16667106990588057,
    -0.19031798524909357,
    -0.21213203435596423,
    -0.23190313600882098,
    -0.24944088369076356,
    -0.26457637930450645,
    -0.2771638597533859,
    -0.2870821007196626,
    -0.29423558412096906,
    -0.2985554180016591,
    -0.3,
    -0.2985554180016591,
    -0.2942355841209691,
    -0.28708210071966267,
    -0.277163859753386,
    -0.2645763793045065,
    -0.24944088369076362,
    -0.23190313600882106,
    -0.2121320343559643,
    -0.19031798524909377,
    -0.16667106990588065,
    -0.14141902104779938,
    -0.1148050297095271,
    -0.08708540317633874,
    -0.05852709660483861,
    -0.029405142098868152
  ],
  "u_final_classical": null,
  "u_final_method": [
    0.010906454953421693,
    0.013298616953648935,
    0.01887226015520257,
    0.020784970127076703,
    0.022004649672997086,
    0.024592399962532423,
    0.027819175875150752,
    0.02678663936296743,
    0.03762666247232011,
    0.03807138334408374,
    0.04559436182386017,
    0.04530276043845238,
    0.05253768831763517,
    0.05373451065732032,
    0.05170450520515523,
    0.053817336673953456,
    0.05439235390524955,
    0.056421579786130736,
    0.05761389609779063,
    0.05805723846643561,
    0.056037729347447586,
    0.05383107745309392,
    0.049459946600789687,
    0.04906892171063003,
    0.04547636561792221,
    0.042000315505632164,
    0.03768089138849201,
    0.03273236968609724,
    0.024928001308072604,
    0.02385982133483113,
    0.019296380238891006,
    0.012828278108432657,
    0.00967456600309957,
    0.001736483661986377,
    -0.0029879746572724977,
    -0.013111268742948844,
    -0.01843043384412819,
    -0.024880523255508318,
    -0.034414328552810555,
    -0.03734112316450451,
    -0.04067482878858975,
    -0.04180172492276254,
    -0.04242184176187166,
    -0.04747834565216443,
    -0.047344414331812607,
    -0.04760343295198803,
    -0.04545671889465082,
    -0.04691933206056998,
    -0.04455423963105975,
    -0.04576518072876221,
    -0.043680356896377726,
    -0.04082038682515034,
    -0.040601960314104055,
    -0.03699519171065365,
    -0.03477823751354522,
    -0.032599171051506164,
    -0.02777588131918733,
    -0.024810036282376716,
    -0.02145190752019543,
    -0.018016672852250993,
    -0.016653219412353357,
    -0.007487300926987367,
    -0.0026791571779865323,
    0.0053796500134017265
  ],
  "errors_by_step": {},
  "final_error": NaN,
  "max_error": NaN,
  "_source": "solver"
}