{
  "grid": [
    0.0,
    0.03125,
    0.0625,
    0.09375,
    0.125,
    0.15625,
    0.1875,
    0.21875,
    0.25,
    0.28125,
    0.3125,
    0.34375,
    0.375,
    0.40625,
    0.4375,
    0.46875,
    0.5,
    0.53125,
    0.5625,
    0.59375,
    0.625,
    0.65625,
    0.6875,
    0.71875,
    0.75,
    0.78125,
    0.8125,
    0.84375,
    0.875,
    0.90625,
    0.9375,
    0.96875
  ],
  "solution_steps": {
    "0": [
      0.0,
      0.19509032201612825,
      0.3826834323650898,
      0.5555702330196022,
      0.7071067811865475,
      0.8314696123025452,
      0.9238795325112867,
      0.9807852804032304,
      1.0,
      0.9807852804032304,
      0.9238795325112867,
      0.8314696123025455,
      0.7071067811865476,
      0.5555702330196022,
      0.3826834323650899,
      0.1950903220161286,
      1.2246467991473532e-16,
      -0.19509032201612836,
      -0.38268343236508967,
      -0.555570233019602,
      -0.7071067811865475,
      -0.8314696123025452,
      -0.9238795325112865,
      -0.9807852804032303,
      -1.0,
      -0.9807852804032304,
      -0.9238795325112866,
      -0.8314696123025455,
      -0.7071067811865477,
      -0.5555702330196022,
      -0.3826834323650904,
      -0.19509032201612872
    ],
    "8": [
      4.957811938766099e-14,
      0.16907401056614485,
      0.3319934526303128,
      0.4833701154299406,
      0.6190224041403855,
      0.7359448446192325,
      0.8318821841133704,
      0.9046936485622792,
      0.9516774417144359,
      0.9689965951181563,
      0.9514396317899491,
      0.8930012168014168,
      0.7888852906527137,
      0.6387162315517924,
      0.44884678086596697,
      0.2312684659159163,
      -1.6412604963988997e-09,
      -0.2312684749079182,
      -0.4488467721637005,
      -0.6387161976134575,
      -0.7888853055684467,
      -0.8930012593753145,
      -0.9514396221581682,
      -0.9689965730759539,
      -0.9516774435976624,
      -0.9046936534381326,
      -0.8318821840093139,
      -0.7359448441328698,
      -0.6190224041374451,
      -0.48337011545620484,
      -0.33199345263118657,
      -0.1690740105650275
    ],
    "16": [
      2.049027614248189e-13,
      0.15003317811879577,
      0.2951043648714287,
      0.43102800874354147,
      0.5547996673474722,
      0.6645193680063194,
      0.7589758619471875,
      0.8370825268785669,
      0.897248863039936,
      0.9366406457572194,
      0.9502149505862423,
      0.9295494863132052,
      0.8622286003993156,
      0.7343051711658416,
      0.5387440336459116,
      0.285351466608372,
      -4.7554698312524124e-09,
      -0.285351479939128,
      -0.5387440134833549,
      -0.7343051326399246,
      -0.8622286280623337,
      -0.9295495263675645,
      -0.9502149356081901,
      -0.9366406270124245,
      -0.8972488659333644,
      -0.8370825312551131,
      -0.7589758617853736,
      -0.6645193674809098,
      -0.5547996673355536,
      -0.4310280087799023,
      -0.29510436487405883,
      -0.15003317811689507
    ],
    "24": [
      3.954347960188898e-13,
      0.13468227994315876,
      0.265390622236123,
      0.38880546138226135,
      0.5025998305879131,
      0.6053834365168559,
      0.6963871086179719,
      0.7750481198329788,
      0.8405578690138276,
      0.8913088182082382,
      0.924041117409044,
      0.9323001805920547,
      0.9036713718414138,
      0.816224343354773,
      0.6401604368695848,
      0.3583987698893759,
      -7.3775385089902556e-09,
      -0.3583987845071738,
      -0.6401604129308612,
      -0.8162243103484133,
      -0.9036713992051029,
      -0.9323002089067655,
      -0.9240411040791463,
      -0.8913088054134588,
      -0.840557871721414,
      -0.7750481231356874,
      -0.6963871084522192,
      -0.6053834360454071,
      -0.502599830569555,
      -0.3888054614220772,
      -0.2653906222404365,
      -0.13468227994071355
    ],
    "32": [
      5.853983964243526e-13,
      0.12207546210335694,
      0.24096098307567695,
      0.3539823628814807,
      0.45925590581856024,
      0.555663305846136,
      0.6426291773335521,
      0.7198252450320989,
      0.7868551566088462,
      0.8428838505664075,
      0.8860645949262792,
      0.9123940433217945,
      0.913052730451256,
      0.8680036826162177,
      0.733667385036182,
      0.44429294032293515,
      -9.776923661775072e-09,
      -0.44429295494817667,
      -0.733667361814708,
      -0.8680036555291446,
      -0.9130527518026065,
      -0.9123940621844895,
      -0.8860645849938067,
      -0.8428838420956811,
      -0.7868551588000088,
      -0.7198252474706286,
      -0.6426291771849633,
      -0.5556633054398712,
      -0.4592559057965825,
      -0.35398236292192253,
      -0.24096098308133868,
      -0.12207546210051336
    ],
    "40": [
      7.592682038648491e-13,
      0.11155749597912046,
      0.22053805871111073,
      0.32476027031825655,
      0.4226589135734654,
      0.5132844663178558,
      0.5961519350704911,
      0.6710304604889931,
      0.7377205830587735,
      0.7958057405922003,
      0.8442905577661602,
      0.8808805022206077,
      0.9001494593271542,
      0.8878654331457051,
      0.801176114266869,
      0.5267650808235652,
      -1.0715971257013735e-08,
      -0.5267650942267846,
      -0.8011760937381581,
      -0.8878654111580006,
      -0.9001494745865029,
      -0.8808805150267336,
      -0.8442905507729119,
      -0.7958057348563261,
      -0.737720584749655,
      -0.6710304623149544,
      -0.5961519349439545,
      -0.5132844659694041,
      -0.42265891354986773,
      -0.32476027035814314,
      -0.22053805871776228,
      -0.11155749597595759
    ],
    "48": [
      9.14504028060037e-13,
      0.10266184011122315,
      0.20322493813050047,
      0.29989090525234824,
      0.39133805239557506,
      0.476736779640478,
      0.5556496655423743,
      0.627881734209045,
      0.6933199306304795,
      0.7517613233890884,
      0.8026821486575014,
      0.8448016279507513,
      0.8749496006475721,
      0.8840222887567132,
      0.8367621875802331,
      0.5891153839956195,
      -1.0554186928857234e-08,
      -0.5891153954894032,
      -0.8367621700271827,
      -0.8840222710989281,
      -0.8749496113633733,
      -0.8448016370144166,
      -0.8026821437729589,
      -0.751761319353129,
      -0.693319931921454,
      -0.6278817356108597,
      -0.555649665436593,
      -0.4767367793395409,
      -0.39133805237157104,
      -0.2998909052912117,
      -0.2032249381378305,
      -0.10266184010777776
    ],
    "51": [
      9.693401636923228e-13,
      0.09967171698518437,
      0.19739579200803106,
      0.29149532638004677,
      0.38072618730463975,
      0.4642963852785896,
      0.5417811355987832,
      0.6129910646288551,
      0.6778296291224457,
      0.7361421920433295,
      0.7875190683872694,
      0.830933414103603,
      0.8638026905276343,
      0.8784880108653426,
      0.8427446075075335,
      0.605510807870678,
      -1.0261747434014979e-08,
      -0.6055108185862241,
      -0.8427445910644263,
      -0.8784879946470033,
      -0.8638026999384488,
      -0.8309334221537824,
      -0.7875190641064514,
      -0.7361421884687874,
      -0.6778296302899088,
      -0.6129910659066777,
      -0.5417811355000768,
      -0.46429638499303116,
      -0.3807261872806961,
      -0.2914953264184857,
      -0.19739579201555033,
      -0.09967171698163683
    ]
  },
  "_source": "solver"
}