dq_lu, dq_hhl,
-0.00029967897254592476,-0.0
0.0010277741413079588,0.00048720255910763015
-0.00023780125181194957,-0.0003445042333553315
0.0007428521992952287,0.0
0.0008432482443814956,0.0
0.0006033814788511797,0.0003445042333562093
0.0002497164163915446,0.0
0.0007467219649647637,0.0003445042333563189
0.0006652099391660743,0.0
-0.000614892538902935,-0.0
-0.0006409923074678371,-0.0003445042333562428
0.0007431996493184205,0.0
-0.0005358022376297752,-0.0
-0.0001379594642384011,-0.0
0.00047278110257510355,0.0
-0.0007170741799786419,-0.0
-0.00044873025358246855,-0.0
-0.0005645800531851109,-0.00034450423335617003
-0.00037094525790215056,-0.0
-0.0007123444733179158,-0.0
-0.000939512560459351,-0.0
-0.0006233938935583127,-0.0
-0.0010023373620668932,-0.0003445042333564365
-0.0010805683710778079,-0.0
0.0009527261796487589,0.00048720255910759285
-0.0016793122792551176,-0.0006890084667131501
-0.0007052555370234468,-0.00034450423335629174
-0.0007913001098952527,-0.0
-0.0010281368686449763,-0.00034450423335644515
-0.0005335402816685772,-0.0
