dq_lu, dq_hhl,
0.002600639373598756,0.0009063349703010298
-0.004555757532758354,-0.002563502414105888
-0.002529900428638102,-0.00090633497030102
-0.005837940263947217,-0.0032678372081671914
0.0028966531042164227,0.0015698182172378743
0.01576359767737804,0.007307106136865759
0.015319651199272057,0.0074186714614008385
0.0053211387740702285,0.0028660828292128813
0.03126142954402907,0.015219952303023282
0.01479841344750352,0.007582942403010606
0.005834097851978116,0.003736914814742988
0.03498952725853501,0.017621165785266762
0.009042092904919318,0.0054380098218076685
0.006978761438522759,0.004053253207957688
0.012315125580932227,0.006213519508650483
