dq_lu, dq_hhl,
4.5884768028737155e-05,3.5976939453918856e-05
6.060540510799299e-05,4.3000667311842735e-05
9.511471239851355e-05,6.231388703571965e-05
0.00017631317840850142,0.00011213202150708785
0.00013617862800314892,9.518603472967268e-05
0.00033206500613368523,0.00024400747516397923
0.000258079679085256,0.00019564122254455153
0.00021462769704216626,0.0001608937644854703
0.00036408275771370233,0.0002481403051988483
-0.00010605630780346654,-0.00010620381384238788
-0.00010546945633436015,-9.322322526957412e-05
-0.00031454836680573585,-0.00027093832943259945
-0.0008151120346195349,-0.0006452966171265145
-0.0008022127103517044,-0.0006580647692885471
-0.0017252000543249413,-0.0013966945069468135
