xp, rho, u, p, Mach
0.1,0.9874548400423878,1.5144513435072107,0.6998052744969868,1.5204121190987605
0.3,0.8859699824519356,1.6132262030889626,0.6031328484201359,1.6524725825766513
0.5,0.6196171650206663,1.7415361398137477,0.3749850548106621,1.892009070065636
0.7,0.5169493076721544,1.8292403942857547,0.2887131700908902,2.0686996770486927
0.9,0.4837773445806009,1.8695483245614255,0.26092197039978493,2.151493884591788
