xp, rho, u, p, Mach
0.1,0.9873077795707648,1.5145937397969846,0.6996679542740267,1.520591041729158
0.3,0.8854280501088193,1.613718221704853,0.6027420656662297,1.6530065412306219
0.5,0.6189281921382556,1.7424122699562412,0.3746079190157407,1.8928602821120732
0.7,0.5173145259725541,1.8286428540315718,0.2890903251018611,2.067404385973021
0.9,0.4864779004751227,1.8647281386148822,0.2630742190561563,2.143107319767513
