xp, rho, u, p, Mach
0.1,0.9874704747395453,1.5144366526072335,0.6998198660012264,1.5203935561713502
0.3,0.8860299038590758,1.6131652447171767,0.6031835496465661,1.652396568215896
0.5,0.6197082805497234,1.741416523185111,0.3750505847555837,1.8918529181059833
0.7,0.517026770495353,1.8291182106606105,0.2887630066737977,2.0685379519848928
0.9,0.4837594512301578,1.8696043190284888,0.26089309416601286,2.151637597771667
