xp, rho, u, p, Mach
0.1,0.9874336969872303,1.5144690815731308,0.6997873713222383,1.5204330982286198
0.3,0.8858764758423393,1.6133168340156214,0.6030588971075843,1.6525795250654896
0.5,0.6194871784276019,1.7416935534404934,0.3748953583117118,1.8922079201738413
0.7,0.5169057466719996,1.8292954637264558,0.2886964231161243,2.0687347908991405
0.9,0.4839943111941613,1.869111450764547,0.26111515117375667,2.1506774057135
