xp, rho, u, p, Mach
0.1,0.9882473013219998,1.5155059727132207,0.6998797914415821,1.522000258213525
0.3,0.889810053413871,1.607252004190646,0.6076966123521451,1.643710027558307
0.5,0.6350391370972197,1.720709987323895,0.38659761840307544,1.8638644293525684
0.7,0.5773122443801966,1.7336433969281553,0.33380222324859843,1.9268882295282688
0.9,0.6017955930912295,1.6758224259633168,0.3550562940691625,1.843910654237827
