xp, rho, u, p, Mach
0.1,0.9935959411977844,1.5096680026608635,0.7053777738209054,1.514298357504673
0.3,0.9176102073241922,1.5740234388835956,0.6325944001783977,1.6021885499601265
0.5,0.6984956152120214,1.6412904513436646,0.4357127137304842,1.7563179942819378
0.7,0.6928349009865338,1.5829355370572635,0.43262796860485836,1.692999358447978
0.9,0.7563283889032559,1.524354991432634,0.4898699332678914,1.600799382305905
