xp, rho, u, p, Mach
0.1,0.9874636759476534,1.514443342899349,0.6998130371230119,1.5204024568485428
0.3,0.8860031969161833,1.6131927755461914,0.6031607167651019,1.6524311403056524
0.5,0.6196665725654101,1.7414726743070996,0.37502008561137984,1.8919271809332407
0.7,0.5169831241867171,1.8291880932173523,0.28873338414632377,2.0686357731475966
0.9,0.4837434522095727,1.8696226043443707,0.2608878349653276,2.1516447480772234
