xp, rho, u, p, Mach
0.1,0.9874564838148537,1.514449873561845,0.6998066680665391,1.5204103950002446
0.3,0.8859761167965028,1.613220200540821,0.6031379132863038,1.6524652163707259
0.5,0.6196263384344344,1.7415244209443344,0.3749915098466675,1.8919940596486637
0.7,0.5169547953051972,1.829232120141929,0.28871627962528046,2.0686901595419926
0.9,0.4837691649691778,1.8695652445526156,0.26091414333044766,2.151527438242073
