dq_lu, dq_hhl,
0.004796828865424867,0.0
0.002208115876437799,0.0
0.009989254578390474,0.0
0.005845749475338987,0.0
0.0017394032618542428,0.0
0.010466932206474372,0.0
-0.02657105340743975,-0.0
-0.01883558161965744,-0.0
-0.0665624242779774,-0.0
-0.12861067331325543,-0.0
-0.0959330136980759,-0.0
-0.2780871218537096,-0.0
-0.3042266630022344,-0.0
-0.2847142846749611,-0.0
-0.8032302449716584,-0.0468809063637636
-0.4485593689618659,-0.0
-0.46386830398852036,-0.04688090636376356
-1.0408037939595955,-0.11483429927041759
-0.5133580107143437,-0.0
-0.5448544794854233,-0.0
-1.1766844314053102,-0.046880906363763616
-0.5354633784138957,-0.04688090636376357
-0.5795630022492797,-0.0
-1.2466110343935184,-0.10482889347617794
-0.4641283573714654,-0.04688090636376356
-0.553229448011836,-0.0
-1.2842345575319503,-0.06629961359597765
-0.5596744416684294,-0.0662996135959776
-0.5943720923574405,-0.0
-1.3123945998367041,-0.046880906363763616
