dq_lu, dq_hhl,
0.004583517047133587,0.0
0.002099135542074942,0.0
0.009543858109196487,0.0
0.00548532882641798,0.0
0.0016655950180478937,0.0
0.009632542914059355,0.0
-0.026253821860104037,-0.0
-0.01875604121759614,-0.0
-0.03429766372142525,-0.0
-0.12582446114897602,-0.0
-0.09405405210601646,-0.0
-0.2689477694288801,-0.0
-0.3018108977650485,-0.05875977044143914
-0.28723640404736195,-0.05875977044143913
-0.6873202312824838,-0.05875977044143925
-0.3078564600616928,-0.0
-0.2970247108315028,-0.0
-0.7289837345831909,-0.058759770441439256
-0.4541848429996007,-0.0
-0.4599108293228891,-0.0587597704414392
-0.8602118261188082,-0.08309886428021311
-0.43608658535446154,-0.0
-0.4676824518509887,-0.0
-0.9375927286413084,-0.15546373968329233
-0.3708610429041222,-0.0
-0.4699419405044298,-0.0
-0.9181194783391908,-0.13139084104934104
-0.46305353070958716,-0.05875977044143921
-0.5616140719979429,-0.0
-0.8842512800998121,-0.08309886428021311
