{
  "iterations_completed": 1,
  "converged": true,
  "_source": "harvester",
  "fidelity": 0.454812677189904,
  "shots": 100,
  "l2_error_abs": 0.9988969847993115,
  "l2_error_rel": 0.8069721048929782
}