{
  "quantum_solution": [
    0.6458336323988123,
    0.3348766982808657,
    0.6458336323988125,
    0.7654324532134074
  ],
  "classical_solution": [
    1.1454545454545455,
    0.43636363636363634,
    0.16363636363636364,
    0.05454545454545454
  ],
  "_source": "harvester"
}