dq_lu, dq_hhl,
0.0003070191782645226,0.0
-0.0028600771867568096,-0.000956922414264451
0.00013777693287928173,0.0
0.0022504031463066706,0.0
0.0022195729250732016,0.0016574382404073347
0.014570200750723093,0.0058729367237130145
0.006215222109493193,0.002870767242793895
-0.0050479566919324845,-0.0018323669188731295
0.011646891775222563,0.004522238898443508
0.0008060905552280469,0.0
-0.005809369596693152,-0.0027623970673463275
0.00870633104750462,0.003580475819902977
-0.0022423944014558672,-0.0009569224142643588
0.006889763704163137,0.0027623970673464025
0.004320484650303206,0.0020671886784476893
