dq_lu, dq_hhl,
0.00033129934458152403,0.00020264378757977163
-0.0013103321057376497,-0.0007019786718543021
0.00018215117737366122,0.0
0.0018571863363677672,0.000859744778180029
0.0004285352999933637,0.00020264378757991043
0.006838417536041763,0.002726293333581143
0.0024004636596247544,0.0007306425667750003
-0.0024026435774834945,-0.0009504836148969455
0.005589410762275459,0.0022382737917151408
0.0006414738121442169,0.0003509893359268718
-0.0021553716723519407,-0.0009286304956992278
0.003927195422214862,0.001695439566939259
-0.0007889889122414263,-0.0002865815927264674
0.0029661155416078958,0.001146326370906936
0.0020076505267405454,0.0007582236246836129
