dq_lu, dq_hhl,
-0.014081359844399552,-0.012868266765578468
-0.005167875913935091,-0.0
0.027199952816675893,0.030178760619441688
-0.007154670215427626,-0.0
-0.017285595107235548,-0.01576034372484127
0.035861747079816354,0.03280777167190248
0.08174062649017294,0.0838908356489534
0.004560614911462944,0.012868266765576558
0.06469890104904526,0.06369467084440965
0.03542599404441862,0.0396626619218378
0.02295097490628613,0.032807771671901964
0.10484340588219063,0.09800179995238087
0.027760500103271194,0.031520687449683234
0.018850038112109897,0.009099238692058179
0.0831091072423284,0.08239711082043197
