dq_lu, dq_hhl,
0.00023208226941416556,0.0
-0.004603848812659003,-0.0016977408697055223
-0.0009748549524929023,-0.0009801911481379202
0.0019557891891909115,0.0
0.003091458307112711,0.0009801911481386086
0.024071922596996604,0.010233496023890907
0.011523751306834406,0.005630769456065608
-0.010029841703014622,-0.005093222609117165
0.019011414816363717,0.00825923742055985
0.0006297175033018325,0.0
-0.008519922340546226,-0.002593342015282165
0.015439700025541445,0.007068258888741174
-0.0024446937066742885,-0.0
0.010877658232247895,0.004041431637071867
0.00379027083254956,0.0
