xp, rho, u, p, Mach
0.1,0.9871169743373603,1.5148633412694206,0.6994565658244929,1.5209445206245458
0.3,0.8827002894295999,1.6149758080610277,0.6010683892694992,1.6540426105969896
0.5,0.6202478432419709,1.7398557405517903,0.37563518309443295,1.8895079458870847
0.7,0.5516711604975085,1.7726025760835193,0.31551512150898536,1.9809677700146764
0.9,0.5726489795804902,1.7145547950971411,0.3326484336315976,1.9012483736124257
