xp, rho, u, p, Mach
0.1,0.9932555696381916,1.5083177165253099,0.7062556457825722,1.511744344733446
0.3,0.9170143772054896,1.5776338064490703,0.632822964385222,1.6050521330990306
0.5,0.7090235628439138,1.627824369347727,0.44607560619027325,1.734481311909195
0.7,0.7325880762657982,1.5294034543793158,0.4674776571326945,1.6181081390829601
0.9,0.8278372638870215,1.4530558213940767,0.5536629979752359,1.5016475666915183
