xp, rho, u, p, Mach
0.1,0.9881503304764001,1.5134136135319365,0.7010154016105251,1.5185928426566904
0.3,0.8900214069116744,1.607398821853726,0.6086139436529627,1.6428159284883672
0.5,0.6506832982560846,1.7032413079672404,0.3985299054837295,1.8393591414882302
0.7,0.6348084202477101,1.6431852486371903,0.38406976538403037,1.7854133958383915
0.9,0.7061239048630934,1.5300880891914264,0.44699328992571263,1.6253330698872563
