xp, rho, u, p, Mach
0.1,0.9886847814032661,1.5138535092144845,0.7003195304701526,1.5201996899546486
0.3,0.8790558038302303,1.627836758781283,0.5956383987755126,1.6713357869282368
0.5,0.6190974157521458,1.7512366574922105,0.3705074598490985,1.9132064614145492
0.7,0.5185747894532224,1.844989382260986,0.2838386204137596,2.1076563900446805
0.9,0.49500709231902795,1.8550135382189032,0.267673907441647,2.131992914636898
