dq_lu, dq_hhl,
-1.7251227548204915e-10,-0.0
9.225824966275328e-11,0.0
-3.4804644129361227e-10,-0.0
-3.650854772775573e-10,-0.0
-3.1889169503536205e-10,-0.0
-1.2048996769184384e-09,-2.2963610936948878e-10
-6.269890331388472e-10,-0.0
-5.599461660045309e-10,-0.0
-1.1546631497135643e-09,-1.325804647699727e-10
1.0685597707908969e-10,0.0
-1.8606716899759354e-11,-0.0
5.404597659068076e-10,0.0
9.162899441922098e-11,0.0
5.362377670041848e-10,0.0
1.4456703877843844e-09,2.29636141166877e-10
