dq_lu, dq_hhl,
1.7482807666997084e-05,0.0
6.8388120051698926e-09,0.0
4.523554771612103e-05,5.7263587830347946e-05
0.0001932414881245758,0.00014785394800985235
0.00019079880424632999,0.0001402665710277666
0.00040143143532022843,0.00028053314205630467
0.00017348254270735638,6.612229569831093e-05
0.00027309666327286,0.0001717907634942125
0.000516173738050606,0.00032393177016581747
-0.00046968825784754795,-0.00044846322866935935
-0.0004490515620241888,-0.00039257937935239856
-0.0009445963845327248,-0.0007962178774218288
-0.002003848799947484,-0.0017108944366250592
-0.0019632480760478402,-0.0016980689601396963
-0.004043038195093314,-0.003431677074248885
