xp, rho, u, p, Mach
0.1,0.9874662041488247,1.51444032098025,0.6998158360146393,1.5203983289731202
0.3,0.8860100740116074,1.6131853725619587,0.6031664012660718,1.652422183616047
0.5,0.6196763616904387,1.741458292283164,0.3750274339217497,1.8919079646116337
0.7,0.5169996821915599,1.8291630726436756,0.2887441894381144,2.0686018974769063
0.9,0.48376780343437714,1.8695866303042097,0.26090244044890115,2.151597275376568
