xp, rho, u, p, Mach
0.1,0.9874709783394774,1.5144362486911898,0.699820288664282,1.520393079230967
0.3,0.8860314090683677,1.6131635405487843,0.603184997329956,1.652394243236201
0.5,0.6197112320534405,1.7414124150587775,0.37505288599381503,1.891847156270325
0.7,0.51703355763026,1.8291069944277456,0.2887680195071951,2.068520890237308
0.9,0.48377111131301875,1.8695838998103995,0.26090155014438926,2.151605160096403
