xp, rho, u, p, Mach
0.1,0.9874984149522947,1.5144274526740522,0.6997499208557415,1.5204818153001236
0.3,0.8850938604399521,1.6138879213647748,0.6025025719835768,1.6531968341616905
0.5,0.6190774647768361,1.7414644734245848,0.374617884309875,1.8920336040920724
0.7,0.5205853598019623,1.8237834979604037,0.291521629869163,2.0597753072478295
0.9,0.49715493957930157,1.84503204997987,0.27132828208040277,2.11075702656353
