xp, rho, u, p, Mach
0.1,0.9874709824509602,1.5144362448088118,0.6998202924675843,1.5203930743670817
0.3,0.8860313984997394,1.6131635462669363,0.6031849900813097,1.6523942491671382
0.5,0.6197112221927723,1.7414124102350217,0.37505288909147494,1.891847128165965
0.7,0.5170336609510509,1.8291068184064383,0.28876810487211774,2.0685205921109833
0.9,0.4837714418954673,1.8695833215884234,0.2609018036864688,2.151604184339245
