xp, rho, u, p, Mach
0.1,0.9874479830903191,1.5144567928679165,0.6997956128523211,1.5204228066175778
0.3,0.8859144600592245,1.6132820130723537,0.6030891540807779,1.6525378293797013
0.5,0.6195407025701947,1.7416392455414471,0.37493101012548274,1.8921406915320356
0.7,0.5169884879163797,1.8291954381436673,0.2887449324114453,2.068613442654191
0.9,0.48410423968092714,1.8689611719585748,0.2611695740851462,2.1505245944976292
