xp, rho, u, p, Mach
0.1,0.9874695852776786,1.5144375982234584,0.6998187844550887,1.520394995618934
0.3,0.8860249170409423,1.6131704198921617,0.60317926290208,1.6524030908713507
0.5,0.619700189768944,1.7414272135514122,0.3750447742506162,1.8918668370676472
0.7,0.5170184236878855,1.8291315431305235,0.2887570394189025,2.068557705672901
0.9,0.48375646272329664,1.8696086682882593,0.2608917316204818,2.151641575655397
