xp, rho, u, p, Mach
0.1,0.9874709816670463,1.5144362468328736,0.6998202922723386,1.5203930760077056
0.3,0.886031403455823,1.6131635415664742,0.603184993505213,1.6523942442839574
0.5,0.6197112258558198,1.741412407043144,0.3750528926267361,1.8918471213732988
0.7,0.5170336504487777,1.8291068331000022,0.2887680982274907,2.068520611517928
0.9,0.48377139180578876,1.869583419490989,0.26090176498974743,2.151604345183608
