xp, rho, u, p, Mach
0.1,0.9874709641235815,1.514436270493419,0.6998202603313677,1.5203931209522672
0.3,0.8860313690743119,1.6131636092120913,0.6031849423105888,1.6523943516374744
0.5,0.6197111579571668,1.741412509270297,0.37505281852700467,1.891847315678883
0.7,0.5170331532883645,1.829107658355864,0.28876772521399746,2.0685218862826678
0.9,0.48377023481321746,1.8695854975388044,0.2609008865347006,2.151607786024596
