xp, rho, u, p, Mach
0.1,0.9874668363329036,1.514439813374343,0.6998163585304094,1.520397738455306
0.3,0.8860128939886617,1.6131824825083885,0.6031688959132464,1.6524184357814804
0.5,0.6196808194469299,1.7414525055427283,0.3750306772900507,1.891900301908035
0.7,0.517002752727717,1.829157875450638,0.2887462837674162,2.0685946608168515
0.9,0.4837645448352479,1.869592832476488,0.2608995508566179,2.1516090815824964
