xp, rho, u, p, Mach
0.1,0.9874582233537438,1.5144440254845908,0.6998082698879341,1.5204041230430623
0.3,0.8859670622953892,1.6132275666838887,0.6031306119572314,1.6524743198197347
0.5,0.6196113262932323,1.741543735665151,0.3749806019795298,1.892019641448336
0.7,0.5169776209468734,1.8292058048460489,0.28873081268778966,2.068654004670375
0.9,0.4838801948314001,1.8693794408643751,0.26099299456043307,2.1512354326484346
