xp, rho, u, p, Mach
0.1,1.0,1.5,0.7142857142857144,1.5
0.3,0.9508983265010064,1.5378518341844087,0.6719064437702852,1.5461909095115869
0.5,0.7883026728381549,1.5533960112321032,0.5181506182654028,1.6193348294946603
0.7,0.8087146603471708,1.5126003198369746,0.5388512652592297,1.566114009835587
0.9,0.8750983498803961,1.48475604442435,0.5977530692059594,1.5183035561426674
