dq_lu, dq_hhl,
0.0008531994262801794,0.0003517249136580206
0.0006335524563439884,0.0
0.0007372249328601935,0.0003517249136579558
0.0013729041350020526,0.0007864808163199271
-0.0004581044743475518,-0.0
0.000595552960326953,0.0
-0.0002312603024743513,-0.0
0.0004778498651152006,0.0
0.00047756902417790984,0.0
-0.0007844585517120663,-0.0
0.0003343093620931882,0.0
-0.00024057835220991043,-0.0
-0.0006753347226084767,-0.00035172491365791206
0.001799043123757501,0.0009305766514453612
-0.0005461280209400001,-0.00035172491365778884
-0.0008623226750015617,-0.000351724913658025
-0.0010967226524398765,-0.00035172491365811215
-6.32886791205923e-05,-0.0
0.00012181153294256463,0.0
0.00015691613148890944,0.0
-8.87130533873709e-06,-0.0
-0.00018204437340493975,-0.0
-0.000635889727012036,-0.00035172491365787975
-0.001437598863108054,-0.0004974141431199155
-0.00031592466921661716,-0.00035172491365731954
-0.001220305815444994,-0.000609205420743683
-0.0017285130184138187,-0.0004974141431199738
-0.0006923970401681365,-0.0003517249136579249
-0.000497058028456612,-0.0
-0.0012412166684631497,-0.0003517249136581495
