dq_lu, dq_hhl,
0.00021190465030717655,8.34315654770593e-05
0.00016555830835137642,0.0
0.00016932066206295962,0.0
0.00036783382033441484,4.816923678718844e-05
-0.00026625181182441673,-0.0
0.00012587301607032493,0.0
-0.00022891222891710728,-0.0
0.00026309108769219917,0.0
0.00029352162018814426,0.0
-0.0003220240011431205,-6.812158795357654e-05
0.00012980889925652824,4.816923678694832e-05
-0.00023144001028181223,-4.8169236787111266e-05
-6.97813114808812e-05,-0.0
0.00012411698671984327,0.0
6.290615723377094e-05,0.0
-0.00019190637156998847,-0.0
-0.00014269461385961208,-0.0
-6.126162530202273e-05,-0.0
0.00011144173530977308,4.8169236786887155e-05
0.00015717042289637226,0.0
-8.81353210450239e-06,-0.0
-4.852200168979925e-06,-0.0
-1.8510450336015028e-05,-0.0
-0.0003246306672978291,-6.812158795357823e-05
3.567171979126658e-05,0.0
-0.00022831348797260444,-0.0
-0.00028569162129126044,-4.8169236787150786e-05
-0.00032565534971429653,-0.0
-0.0002816606892910792,-4.816923678714837e-05
-0.00025732570851041704,-4.81692367871322e-05
