xp, rho, u, p, Mach
0.1,0.98746978616589,1.5144405802240877,0.6998164982286846,1.5204006274906903
0.3,0.8860292971774164,1.6131657456621689,0.6031837821426833,1.6523961971728482
0.5,0.6197098542337321,1.7414194398351477,0.37505144348039976,1.8918563229824426
0.7,0.5170326958576906,1.8291124109962311,0.28876753329001537,2.0685270333697607
0.9,0.48377054032501404,1.8695896789486623,0.2609004227124835,2.151615190126616
