xp, rho, u, p, Mach
0.1,0.9874705098976058,1.5144375545505444,0.699819306242036,1.5203950967816773
0.3,0.8860307498017259,1.6131642486084279,0.603184649050785,1.6523948308155791
0.5,0.6197108513066242,1.741414387690354,0.375052469981635,1.8918497673694852
0.7,0.5170335932061424,1.8291077066324908,0.2887680576396518,2.068521630252009
0.9,0.4837709603888613,1.869586009149536,0.26090125394934494,2.1516084733341594
