dq_lu, dq_hhl,
-3.030458166288274e-10,-0.0
-1.7917461394590952e-10,-0.0
-4.118964776265535e-10,-0.0
-5.042723713427226e-10,-0.0
-7.591722181941772e-10,-0.0
-5.80437013355485e-10,-0.0
-4.5637778009730044e-10,-0.0
-1.895728275470642e-10,-0.0
-4.1983141202603877e-10,-0.0
3.056372367324111e-10,0.0
-2.2250213199850003e-10,-0.0
4.309067623053675e-10,0.0
1.491189834811121e-09,1.1239110153954339e-09
1.6608647219164533e-09,1.8353391283973182e-09
2.853327648979557e-09,2.51314223552715e-09
