xp, rho, u, p, Mach
0.1,0.9874690916564921,1.5144381781725298,0.6998183564389515,1.5203956627825235
0.3,0.8860246745588394,1.6131705435802632,0.6031790981776826,1.652403217087937
0.5,0.619701131397574,1.7414258153888584,0.3750454684116481,1.8918650046528198
0.7,0.517024216063019,1.8291217241098845,0.2887616375152182,2.06854171933769
0.9,0.4837710234629162,1.869583277797728,0.26090244391069356,2.1516005635465065
