xp, rho, u, p, Mach
0.1,1.0,1.5,0.7142857142857144,1.5
0.3,0.9696173168024464,1.5179917640750717,0.6802524929500119,1.531688698684495
0.5,0.8333891978469596,1.5184967229087498,0.5497783489567505,1.5800832099973618
0.7,0.8695716619647306,1.466540442654938,0.5926968602506547,1.5012962575530655
0.9,0.9200261553857214,1.4727517527554794,0.6414542588575577,1.490674323798313
