xp, rho, u, p, Mach
0.1,0.9873896533293867,1.514582666913469,0.6997456304162962,1.5205585689262293
0.3,0.8857103716238075,1.61332213985894,0.6029992474364476,1.6525117492307468
0.5,0.6194445762989456,1.7416507426272039,0.3748804739749769,1.8921339083687634
0.7,0.5192431509740016,1.8252637533735918,0.29046090209145575,2.062543701161457
0.9,0.49082734444298814,1.8566616848314863,0.26629529120204515,2.130352099985843
