xp, rho, u, p, Mach
0.1,0.9874695997597657,1.5144376501645869,0.6998188861806791,1.520394948411106
0.3,0.8860265091212925,1.6131686467259387,0.6031806609825927,1.652400844154425
0.5,0.6197036773855893,1.7414225689485527,0.37504730346575865,1.891860735705003
0.7,0.5170257028599756,1.8291196494136865,0.2887625462796408,2.0685390923487446
0.9,0.4837685255468183,1.8695879310667771,0.26090034059485995,2.1516090367262897
