xp, rho, u, p, Mach
0.1,0.9873896533293867,1.514582666913469,0.6997456304162962,1.5205585689262293
0.3,0.8857103716238075,1.6132222496810147,0.6030209508368596,1.6523796962936317
0.5,0.6194445762989456,1.741751736973949,0.37489818578781503,1.892198929473184
0.7,0.52086006806045,1.8225469712699978,0.2916738448633046,2.0583844884449065
0.9,0.49503147782108964,1.8490202080852376,0.26948652748460256,2.1179978670593087
