xp, rho, u, p, Mach
0.1,0.9874518225311129,1.5144494151011976,0.6998020386289484,1.52041137519106
0.3,0.8859487867257562,1.6132335828223978,0.6031173621058681,1.6524815900344794
0.5,0.6196053996829655,1.7415399606843116,0.37497403056940554,1.8920230702760226
0.7,0.517124240209358,1.828952541507787,0.2888417692528856,2.068263501960013
0.9,0.48433792370498097,1.8685590516131516,0.26133802496982683,2.149887551331015
