xp, rho, u, p, Mach
0.1,0.9874709834005674,1.5144362437473216,0.6998202930150595,1.5203930734377558
0.3,0.8860314002041458,1.6131635443393346,0.6031849915820683,1.6523942467263402
0.5,0.6197112230476397,1.7414124080743822,0.3750528898049751,1.8918471253240163
0.7,0.517033644914003,1.8291068432537185,0.28876809342149706,2.0685206291423484
0.9,0.4837713922861987,1.8695834137287168,0.26090176655873787,2.151604333150868
