xp, rho, u, p, Mach
0.1,0.9874354824858175,1.5144744761532656,0.6997797733993018,1.5204481428319525
0.3,0.8858546063657684,1.6133318757186008,0.6030486935561017,1.6525885147238506
0.5,0.6195295932979477,1.7416044047338912,0.3749408678016145,1.8920610029933305
0.7,0.5174269303610088,1.8284268345038903,0.289080787317776,2.067418834782413
0.9,0.48539055697542716,1.86657935884924,0.262161680845074,2.1465622933882234
