xp, rho, u, p, Mach
0.1,0.9874693779790928,1.5144378733768293,0.699818652225859,1.5203952559047704
0.3,0.8860256926710202,1.6131695053137038,0.6031799578808753,1.652401925367491
0.5,0.6197025327865215,1.7414240608976483,0.37504647305132394,1.891862703839062
0.7,0.5170249889998655,1.8291206433365357,0.28876210628617005,2.0685403642862155
0.9,0.48376949501679667,1.8695860761346832,0.2609011809549223,2.15160559272985
