xp, rho, u, p, Mach
0.1,0.9874694234431416,1.5144378224384716,0.6998187019894478,1.5203951857091806
0.3,0.8860258540187272,1.6131693278564994,0.6031801016692007,1.6524016970950695
0.5,0.619702760306421,1.7414237617748556,0.37504663847574127,1.8918623089396958
0.7,0.5170251268128118,1.8291204447623386,0.28876219068515063,2.0685401131095476
0.9,0.48376929193854734,1.869586450835116,0.2609010076199862,2.15160628707991
