xp, rho, u, p, Mach
0.1,0.9874699094209123,1.5144373425160376,0.6998192034231682,1.520394533329826
0.3,0.8860276686383654,1.6131674313751665,0.6031816677140633,1.6523993015115441
0.5,0.6197053400891046,1.7414203474106074,0.3750485115011023,1.8918578133830404
0.7,0.5170268130806327,1.829117965264781,0.2887632812189567,2.0685367763128295
0.9,0.48376745113519354,1.8695900604404083,0.2608993425333582,2.151613213477587
