{
  "u_initial": [
    5.555177545985609e-12,
    2.7988183977060362e-09,
    5.797115548591035e-07,
    4.9363921634671915e-05,
    0.0017280957896376294,
    0.024870609608846517,
    0.147151776468577,
    0.3579357267257479,
    0.3579357267257479,
    0.147151776468577,
    0.024870609608846562,
    0.0017280957896376324,
    4.9363921634671644e-05,
    5.797115548591035e-07,
    2.7988183977060362e-09,
    5.555177545985609e-12
  ],
  "u_final_classical": null,
  "u_final_method": [
    -0.0008877641639649966,
    0.002696839733654587,
    0.005040233604892075,
    0.00655103011176835,
    0.024791797022038584,
    0.055029104410259246,
    0.08642665574747929,
    0.10474023321149298,
    0.1094557333020646,
    0.09941988736230321,
    0.0696895602532547,
    0.053599003933568125,
    0.0434052622036651,
    0.0220434466651813,
    0.0020549230641085494,
    -0.007318524625414824
  ],
  "errors_by_step": {},
  "final_error": NaN,
  "max_error": NaN,
  "_source": "solver"
}