{
  "u_initial": [
    0.0,
    0.02940514209886818,
    0.05852709660483847,
    0.0870854031763387,
    0.11480502970952693,
    0.1414190210477993,
    0.16667106990588065,
    0.19031798524909363,
    0.21213203435596423,
    0.2319031360088211,
    0.24944088369076356,
    0.26457637930450645,
    0.27716385975338603,
    0.28708210071966267,
    0.2942355841209691,
    0.298555418001659,
    0.3,
    0.2985554180016591,
    0.2942355841209691,
    0.28708210071966267,
    0.27716385975338603,
    0.2645763793045065,
    0.24944088369076362,
    0.23190313600882112,
    0.21213203435596426,
    0.19031798524909363,
    0.16667106990588065,
    0.14141902104779935,
    0.11480502970952697,
    0.08708540317633871,
    0.05852709660483858,
    0.029405142098868246,
    3.6739403974420595e-17,
    -0.029405142098868176,
    -0.058527096604838506,
    -0.08708540317633863,
    -0.1148050297095269,
    -0.1414190210477993,
    -0.16667106990588057,
    -0.19031798524909357,
    -0.21213203435596423,
    -0.23190313600882098,
    -0.24944088369076356,
    -0.26457637930450645,
    -0.2771638597533859,
    -0.2870821007196626,
    -0.29423558412096906,
    -0.2985554180016591,
    -0.3,
    -0.2985554180016591,
    -0.2942355841209691,
    -0.28708210071966267,
    -0.277163859753386,
    -0.2645763793045065,
    -0.24944088369076362,
    -0.23190313600882106,
    -0.2121320343559643,
    -0.19031798524909377,
    -0.16667106990588065,
    -0.14141902104779938,
    -0.1148050297095271,
    -0.08708540317633874,
    -0.05852709660483861,
    -0.029405142098868152
  ],
  "u_final_classical": null,
  "u_final_method": [
    -0.010995523973848677,
    0.0016808265742351512,
    0.01806758576158001,
    0.03270465468385075,
    0.050207805362840675,
    0.0701151249741765,
    0.08566995744899944,
    0.10335673128943149,
    0.11472655080043047,
    0.1315359159060705,
    0.1444315148746845,
    0.15838139583549019,
    0.17106934089676246,
    0.18498378338262692,
    0.18904968133533767,
    0.190602516865529,
    0.20067794275902032,
    0.2112664638532707,
    0.21336118165137782,
    0.21650854074892328,
    0.21600049260633947,
    0.21379375016726668,
    0.20825224548588708,
    0.19975825010211537,
    0.18336765443406652,
    0.16427142844660936,
    0.14290690625807517,
    0.1216253229532282,
    0.08947258382851661,
    0.06785305830646085,
    0.037405829264866054,
    0.007171639973131902,
    -0.022468723542688876,
    -0.04830056588876119,
    -0.08054613887105937,
    -0.0999767870922259,
    -0.12772941502880417,
    -0.14872326976651562,
    -0.1658664792747445,
    -0.1785932992776388,
    -0.19170184551864242,
    -0.19592833128110995,
    -0.20311066361528327,
    -0.20900066759407038,
    -0.20915163659730454,
    -0.21135329351161447,
    -0.2100596734633799,
    -0.2088472603243157,
    -0.2082526831950351,
    -0.20536297383034005,
    -0.1943380475225907,
    -0.1871573709811644,
    -0.1744486930926259,
    -0.1631101297268101,
    -0.1484515346552281,
    -0.13435199619807295,
    -0.12319487703110181,
    -0.11099573563199508,
    -0.09689548543940955,
    -0.08343303181724457,
    -0.06945005424794021,
    -0.054404398348773246,
    -0.03832035587090255,
    -0.02306151524646792
  ],
  "errors_by_step": {},
  "final_error": NaN,
  "max_error": NaN,
  "_source": "solver"
}