dq_lu, dq_hhl,
-0.00012497491414597864,-0.00023550756224048877
-9.383043787212559e-05,-7.850252074662108e-05
0.0004534289342409114,0.00033305798856385544
0.00021333852471955091,0.0
8.751668737282838e-05,0.0
0.0008378735964648164,0.0005606201333775004
0.0002472856083575626,0.00013597035445627684
0.00018981535793559384,0.00013597035445611037
0.0004636416243595577,0.00032367418491831187
-0.0009981900280171306,-0.0008563613991063756
-0.0006902203412473503,-0.000608077910979531
-0.0016705886288034394,-0.0013732332663067414
-0.00300300123322528,-0.0026667758082206438
-0.002963348309341651,-0.00263539404562029
-0.005952566337437302,-0.005292956417900458
