xp, rho, u, p, Mach
0.1,0.9902528391664791,1.5147646547144344,0.6991788381510832,1.5235617311642162
0.3,0.8880111629046923,1.6130578483941844,0.6036645866100852,1.6534736859562915
0.5,0.6239271421256971,1.73711375177555,0.3792570607484972,1.8830607989703692
0.7,0.5435050756494054,1.7942048500688148,0.30787334070099914,2.0147620805105495
0.9,0.5437332176801999,1.7975042970722106,0.29830838616874283,2.051002175234917
