xp, rho, u, p, Mach
0.1,0.9874477809941798,1.5144618776769576,0.6998000519976044,1.5204229334834198
0.3,0.8859800623308804,1.6132259461954097,0.6031380245066763,1.6524746289265326
0.5,0.6196602703496163,1.7414908533980369,0.37501313101109907,1.8919548525776282
0.7,0.5170197444688353,1.8291442323082516,0.2887558153585068,2.068579082438281
0.9,0.48383536597374094,1.8694685587350155,0.26095099917903336,2.1514114247564886
