xp, rho, u, p, Mach
0.1,0.9874647487789496,1.514442814215116,0.6998145362244669,1.5204011235457369
0.3,0.8860164716830231,1.6131811523953443,0.6031715436997243,1.652416782640385
0.5,0.6196953030046387,1.7414365330291581,0.3750404006309672,1.8918805334523854
0.7,0.5170245249565555,1.8291246803935528,0.28876116003332486,2.068547390724591
0.9,0.48377840241069897,1.8695704644493918,0.2609074688084756,2.151581507062723
