xp, rho, u, p, Mach
0.1,0.9874573030491526,1.5144510832197673,0.6998078425401028,1.5204109642774803
0.3,0.8859996381989141,1.6132018331829858,0.6031559374641777,1.6524436464553065
0.5,0.6196786629549815,1.741461748725687,0.3750277545364944,1.89191442390906
0.7,0.5170206042469643,1.8291355685945232,0.2887575198609016,2.06856489933101
0.9,0.48379994091813777,1.869533841778423,0.260923866996314,2.151519643328425
