dq_lu, dq_hhl,
0.003844574803638662,0.0
0.001747915049568732,0.0
0.007992857360227305,0.0
0.004132838177244606,0.0
0.0010415135570756343,0.0
0.006591049033782494,0.0
-0.02423267455819458,-0.006864813149085855
-0.015721483059759407,-0.0
0.007655579350564518,0.0
-0.02265301533559904,-0.0
-0.026743957186457938,-0.0
-0.008995516335683261,-0.0
-0.03869740228860625,-0.009708311858594519
-0.036027317612152075,-0.0
-0.06730882688849829,-0.01372962629817207
-0.05240515439577592,-0.0068648131490860066
-0.04416123101405251,-0.006864813149085982
-0.09418645305082628,-0.0181625883894079
-0.05961735279477817,-0.015350188854190745
-0.06626009245726924,-0.016815289394809328
-0.11581335637583325,-0.020594439447258233
-0.057258068568057034,-0.006864813149086018
-0.03160751230792182,-0.009708311858594464
-0.15156613025240348,-0.030700377708381802
-0.06912338758637109,-0.006864813149086039
-0.07269483978084253,-0.006864813149086043
-0.13122904582375017,-0.02745925259634434
-0.06271776154337776,-0.016815289394809314
-0.041110243272516826,-0.011890205158683801
-0.14123351055660985,-0.025685778828100848
