xp, rho, u, p, Mach
0.1,0.9874709370346105,1.5144362745916229,0.699820250689283,1.520393114686311
0.3,0.8860312453965026,1.6131637184949745,0.603184846773527,1.6523944791116996
0.5,0.6197108842365402,1.7414129061463501,0.3750526247130665,1.8918478178537996
0.7,0.517032675816975,1.829108482142676,0.28876736327432284,2.068523159110261
0.9,0.4837694917396316,1.8695868737916141,0.26090035180909976,2.151609922340965
