xp, rho, u, p, Mach
0.1,0.9874709830645874,1.5144362449017572,0.6998202922356617,1.5203930751847203
0.3,0.8860314001487125,1.6131635442581789,0.6031849908192974,1.6523942476363067
0.5,0.6197112223997103,1.7414124110109854,0.37505288890155514,1.8918471298038286
0.7,0.5170336586969867,1.829106823451671,0.2887681031230802,2.068520599572026
0.9,0.48377143190583644,1.8695833428526096,0.2609017959576842,2.1516042184651685
