xp, rho, u, p, Mach
0.1,0.9874709830645874,1.5144362449017572,0.6998202925930179,1.5203930747965333
0.3,0.8860314001487125,1.6131635458524507,0.6031849899078117,1.652394250517834
0.5,0.6197112234938855,1.7414124089556924,0.37505288948249693,1.891847127775931
0.7,0.5170336569102043,1.8291068273291173,0.28876810158844174,2.0685206058792702
0.9,0.48377142735041584,1.869583348851021,0.2609017926246961,2.151604228981399
