xp, rho, u, p, Mach
0.1,0.9939270949192602,1.5070048009302224,0.7074916156280843,1.5096185863773735
0.3,0.9202651006379294,1.5719330564030856,0.6343089506851357,1.6002067036360634
0.5,0.6980650593235364,1.638681794903971,0.43735242577494826,1.7496967756098256
0.7,0.7002655868433134,1.5571174107718264,0.4384474633322113,1.6631443861195891
0.9,0.7698883294310542,1.474615930479053,0.5031658850705019,1.5416052392722284
