xp, rho, u, p, Mach
0.1,0.9874681472309849,1.5144393853115474,0.6998172637679385,1.5203973345555695
0.3,0.8860217903611282,1.6131739338804976,0.6031762780277505,1.6524078632741235
0.5,0.6196967074593114,1.7414326845070802,0.3750417713472473,1.8918750390356773
0.7,0.5170187376177525,1.8291323180304648,0.2887572182504383,2.0685585694665933
0.9,0.48376700478473594,1.869592398356225,0.2608989516907676,2.1516165230873328
