xp, rho, u, p, Mach
0.1,0.9874683418180218,1.5144391755176887,0.6998174916449703,1.520397026199865
0.3,0.8860225224713547,1.6131731604486395,0.6031769336763008,1.6524068556372578
0.5,0.6196977626860244,1.741431200406149,0.3750425728751193,1.891873015848891
0.7,0.517019395474846,1.8291311396332117,0.2887576899640648,2.0685568632463944
0.9,0.48376611544083914,1.8695939135865176,0.2608982630012464,2.1516191289422077
