xp, rho, u, p, Mach
0.1,0.9874709828458084,1.5144362446408532,0.699820292492085,1.520393074475819
0.3,0.8860313997874246,1.6131635443940158,0.6031849907400639,1.6523942475470852
0.5,0.6197112223997103,1.741412410464125,0.3750528889020328,1.8918471292085222
0.7,0.5170336601879416,1.8291068182578054,0.2887681049357843,2.068520590188362
0.9,0.4837714375486404,1.8695833311433618,0.2609018008266604,2.1516041974612516
