xp, rho, u, p, Mach
0.1,0.9874359219518587,1.5144931136334483,0.6997710746904238,1.5204766424499565
0.3,0.8858974363767289,1.6133006072212455,0.6030722512020009,1.6525641566874711
0.5,0.619564909473664,1.7415996232715354,0.37494496160025087,1.8920994064156318
0.7,0.5172196234922127,1.828800302319778,0.2889095891002977,2.0680392904135885
0.9,0.48470210057521806,1.8679255494578852,0.26159847227974314,2.1488959818169113
