xp, rho, u, p, Mach
0.1,0.9874672325251787,1.5144404251751071,0.6998163955465435,1.5203986174606317
0.3,0.886019014815516,1.6131768796212773,0.6031738139795348,1.652411667645202
0.5,0.6196928659145317,1.7414380684418689,0.37503884464006687,1.8918824059660229
0.7,0.5170168035942921,1.8291356677570587,0.28875585305122875,2.06856337862582
0.9,0.483771402599213,1.869585029060595,0.2609023171851433,2.151603944633581
