xp, rho, u, p, Mach
0.1,0.9874091743881463,1.5145341391799994,0.6997214489874684,1.5205511535864946
0.3,0.8857450947966247,1.6134264719094504,0.602894094256625,1.652795126213194
0.5,0.6195753850026356,1.7414789385197973,0.374968571774338,1.891924721213368
0.7,0.5192969940740495,1.8254004325491662,0.29041551664470716,2.0629662704770575
0.9,0.49061904347369983,1.857445399138914,0.26603735642990184,2.1318317562878466
