xp, rho, u, p, Mach
0.1,0.9874709709742233,1.5144362552350201,0.6998202815601653,1.5203930878474723
0.3,0.8860313593172626,1.6131635976811967,0.6031849478906052,1.6523943230849232
0.5,0.6197111159163067,1.7414125735703856,0.3750528022349728,1.8918473624529664
0.7,0.5170332383942731,1.829107532119509,0.288767789357906,2.0685216840268015
0.9,0.4837705058735104,1.8695850198606168,0.26090110604116895,2.151606933954272
