xp, rho, u, p, Mach
0.1,1.0,1.5,0.7101605000724185,1.5043503273529086
0.3,0.9408593237448194,1.551406646789912,0.6541283454643751,1.572506654720522
0.5,0.7513545851350479,1.5773522896238326,0.4812366477156117,1.6657422708147398
0.7,0.7747051358880434,1.4940378482292673,0.502064662390624,1.5685052325479019
0.9,0.8431417636537187,1.4497832538648288,0.5676807084194628,1.4932664037219296
