{
  "quantum_solution": [
    0.6971852677599355,
    0.14592249790324233,
    0.6971852677599356,
    0.08106805439069019
  ],
  "classical_solution": [
    0.7055698197297996,
    0.046596453582414196,
    0.7055698197297996,
    0.046596453582414196
  ],
  "_source": "harvester"
}