{
  "u_initial": [
    0.0,
    0.40673664307580015,
    0.7431448254773941,
    0.9510565162951535,
    0.9945218953682734,
    0.8660254037844387,
    0.5877852522924732,
    0.20791169081775931,
    -0.20791169081775907,
    -0.587785252292473,
    -0.8660254037844384,
    -0.9945218953682733,
    -0.9510565162951536,
    -0.743144825477394,
    -0.40673664307580015,
    -2.4492935982947064e-16
  ],
  "u_final_classical": [
    0.0,
    0.33666300556821654,
    0.6401194428950681,
    0.8724600515057863,
    0.9878133984023528,
    0.9358885780494899,
    0.6829322072337242,
    0.25202043801908297,
    -0.2520204380190827,
    -0.6829322072337239,
    -0.9358885780494896,
    -0.9878133984023527,
    -0.8724600515057864,
    -0.640119442895068,
    -0.33666300556821654,
    -2.4492935982947064e-16
  ],
  "u_final_method": [
    0.1903209224230595,
    0.3395425556928136,
    0.5905196776468425,
    0.7556641491714271,
    0.8527646999605638,
    0.8755569096157754,
    0.7341585203189708,
    0.3018397447315095,
    -0.3018397447055414,
    -0.7341585203850951,
    -0.8755569095677281,
    -0.852764699968065,
    -0.7556641491718237,
    -0.5905196776468348,
    -0.3395425556928134,
    -0.19032092242306087
  ],
  "errors_by_step": {
    "0": 0.0,
    "5": 0.14709318844467678
  },
  "final_error": 0.14709318844467678,
  "max_error": 0.14709318844467678,
  "_source": "solver"
}