{
  "u_initial": [
    0.0,
    0.1913417161825449,
    0.35355339059327373,
    0.46193976625564337,
    0.5,
    0.46193976625564337,
    0.3535533905932738,
    0.19134171618254495,
    6.123233995736766e-17,
    -0.19134171618254484,
    -0.35355339059327373,
    -0.46193976625564326,
    -0.5,
    -0.4619397662556433,
    -0.35355339059327384,
    -0.1913417161825452
  ],
  "u_final_classical": null,
  "u_final_method": [
    -1.0451172766706695e-16,
    0.10305363317703695,
    0.21012322484417434,
    0.31625272141471833,
    0.42269446823961426,
    0.46510758886865394,
    0.36719636907803466,
    0.19269455001012736,
    8.887361764285229e-17,
    -0.1926945500101273,
    -0.3671963690780346,
    -0.465107588868654,
    -0.42269446823961443,
    -0.31625272141471844,
    -0.21012322484417448,
    -0.10305363317703703
  ],
  "errors_by_step": {},
  "final_error": NaN,
  "max_error": NaN,
  "_source": "solver"
}