dq_lu, dq_hhl,
2.7970629888823346e-05,0.0
4.201280120401745e-05,2.5212008598662677e-05
0.00010075590396262758,5.348274674308598e-05
0.00017312078876785889,0.00011061723879593847
0.00010842454198605028,7.563602579709075e-05
0.00031858556006293453,0.00021797819151464886
0.0001563071400579066,8.549808092824906e-05
0.00014767254415161489,9.433469821020091e-05
0.00033475248721205034,0.00021614794760534844
-0.0001441817786981882,-0.00011825480246996584
-0.0001631984366515105,-0.00013577082142509047
-0.00028842418185357307,-0.00024541271264558314
-0.0008425437642931169,-0.0006664512042178666
-0.0008231370828802313,-0.0006561180015704894
-0.0016477548762589573,-0.001317855106971515
