dq_lu, dq_hhl,
5.039201069154209e-05,4.285929148787519e-05
1.2106675487214798e-05,0.0
0.00010685953712743286,6.061219129649045e-05
0.00032404376876466693,0.0001940536955884543
0.00015922446794369155,9.091828694501549e-05
0.0005451765889228121,0.0002969378817389645
0.00010464725272226697,0.0
0.0003104307642565203,0.00018926150666372324
0.0006822487679168047,0.0003833451569445135
-0.0004851708677236437,-0.0003809417153394082
-0.0005069046070713709,-0.0003785230133279192
-0.0009457051630454423,-0.0006735866389167639
-0.0022339521631746235,-0.0015488757342632653
-0.002191213817609381,-0.00152948232321097
-0.004406928602911586,-0.0030796123311028476
