xp, rho, u, p, Mach
0.1,0.9874709799778769,1.5144362476816984,0.699820291200414,1.5203930767238794
0.3,0.8860314067529541,1.6131635405223634,0.6031849960658584,1.6523942427815506
0.5,0.6197112404751443,1.741412383731471,0.3750529015572757,1.8918470958388829
0.7,0.5170336408660248,1.8291068552421792,0.28876808874182935,2.0685206513633596
0.9,0.4837713374628755,1.8695835028326326,0.26090172578727644,2.151604481897736
