xp, rho, u, p, Mach
0.1,0.9874709814767879,1.5144362464056258,0.6998202915641244,1.5203930762016231
0.3,0.8860314000955224,1.6131635444584547,0.6031849912538895,1.6523942471965836
0.5,0.6197112248658239,1.7414124078083053,0.37505289053465696,1.8918471259698835
0.7,0.517033661757288,1.8291068170441176,0.2887681052125388,2.06852059096386
0.9,0.4837714322025225,1.8695833416346468,0.2609017960406386,2.1516042173811907
