xp, rho, u, p, Mach
0.1,0.9874392806107467,1.5144655440148271,0.6997918943172978,1.5204289319553295
0.3,0.885919276887931,1.6132777334676645,0.603090086802554,1.6525366602658729
0.5,0.6195516950392288,1.7416231472742472,0.3749383016267444,1.8921215894826802
0.7,0.516950604431401,1.8292375624726027,0.28870974993559384,2.0687113224029248
0.9,0.4839192484992739,1.8693098669355694,0.2610170911747327,2.1511428745117045
