xp, rho, u, p, Mach
0.1,0.9874709814767879,1.5144362464056258,0.6998202915641244,1.5203930762016231
0.3,0.886031399751635,1.6131635450845572,0.6031849907998,1.6523942481392253
0.5,0.6197112245219364,1.7414124071098953,0.37505289070776826,1.891847124249627
0.7,0.517033661757288,1.8291068170441176,0.2887681052125388,2.06852059096386
0.9,0.48377143450939053,1.8695833366773533,0.260901797849005,2.1516042093494603
