xp, rho, u, p, Mach
0.1,0.9874598338605769,1.5144464404900218,0.6998096925407397,1.5204062419850957
0.3,0.8859885335823858,1.6132076987566641,0.6031484736156414,1.6524495235267156
0.5,0.6196464470505759,1.7415002078962358,0.3750053204833587,1.8919636147219951
0.7,0.5169753686887596,1.829203543011966,0.28872662729283904,2.0686619341686474
0.9,0.4837669288715858,1.8695876777335259,0.2609020372754267,2.151598198391087
