xp, rho, u, p, Mach
0.1,0.9874597854099038,1.514446484616117,0.6998096492186824,1.5204062960454805
0.3,0.8859883512496718,1.6132078886000294,0.6031483179231455,1.6524497612303561
0.5,0.6196461860141624,1.7415005625972926,0.3750051327508376,1.8919640751289373
0.7,0.5169752255358385,1.829203779128518,0.2887265239140339,2.068662285126835
0.9,0.48376714686323746,1.8695872822619277,0.2609022050932324,2.151597536058205
