xp, rho, u, p, Mach
0.1,0.9874709815390683,1.5144362463101093,0.699820291790774,1.5203930759074733
0.3,0.8860313993316314,1.6131635448591324,0.60318499025882,1.6523942482576714
0.5,0.6197112228052288,1.74141241014033,0.37505288914008117,1.8918471288753533
0.7,0.5170336615311674,1.8291068178440633,0.28876810526813623,2.068520591217056
0.9,0.4837714394616237,1.8695833284373864,0.2609018017387241,2.1516041948403437
