xp, rho, u, p, Mach
0.1,0.9874550372031222,1.5144504507096228,0.6998057975669605,1.5204108063580741
0.3,0.8859704918516468,1.6132266126768322,0.6031330851828183,1.6524731528409597
0.5,0.6196216319572151,1.7415324308584827,0.37498758805436827,1.8920054697534399
0.7,0.5169635127909797,1.8292229319979385,0.2887184893032189,2.0686892944678195
0.9,0.48379424258154813,1.8695364680671713,0.2609235274142659,2.1515113951321476
