xp, rho, u, p, Mach
0.1,0.9874709713501771,1.51443626472909,0.6998202840272796,1.5203930949883488
0.3,0.8860314090859556,1.6131635527497756,0.6031849969090343,1.6523942563268565
0.5,0.6197112485568994,1.7414123723154065,0.3750529041939675,1.8918470891225472
0.7,0.5170335335999059,1.829107007559346,0.28876801249583783,2.068520882130117
0.9,0.48377100770488535,1.8695840935461543,0.26090147873855957,2.1516054470896235
