xp, rho, u, p, Mach
0.1,0.987452008088949,1.5144529273222906,0.6998033057221935,1.5204136676295112
0.3,0.8859598484246591,1.6132373800320279,0.6031238491607032,1.6524869088727043
0.5,0.6196066503803466,1.741551074363011,0.3749769342713913,1.8920297281577947
0.7,0.5169586140618591,1.8292297337699504,0.2887150042606057,2.0686996705890266
0.9,0.4838161100554416,1.8694959838876128,0.260940114169197,2.151445045418261
