dq_lu, dq_hhl,
0.003832591340515277,0.0
0.001707021654457438,0.0
0.007957575995134794,0.0
0.003961689133061261,0.0
0.0009721823133859135,0.0
0.0062460003918429425,0.0
-0.009871175860084522,-0.0
-0.017515601261452265,-0.006370149919899484
-0.011237944666674073,-0.0
0.007455787403324251,0.006370149919898993
-0.02172762277398189,-0.009008752411071835
-0.013160752445719025,-0.0
-0.013975953199650034,-0.0
-0.05960470881229335,-0.019110449759699225
-0.04324003072231099,-0.018017504822144082
-0.016775510794524655,-0.0063701499198994685
-0.05493544883179562,-0.01801750482214417
-0.10495400718999418,-0.03370766500450571
-0.05966120907195612,-0.021127397142619946
-0.07433000154326731,-0.031207233777571102
-0.10600197474407334,-0.030550165794083397
-0.03383293441287319,-0.0
-0.06359518344977062,-0.021127397142619967
-0.10847229967078306,-0.03185074959949895
-0.03095913988488102,-0.01424408824776044
-0.031191815810777495,-0.006370149919899643
-0.12952388035810533,-0.033707665004505775
-0.058366174443158766,-0.02206684662619432
-0.07227858800173909,-0.022967902168591403
-0.1354993987585095,-0.044591049439298605
