dq_lu, dq_hhl,
-0.00020332792214794015,-0.0
0.001674337289940772,0.0
0.007826354617028283,0.002903395070861891
0.0040100449705438145,0.0
0.0010161118083181063,0.0
0.002346390489191691,0.0
-0.0009079379958324273,-0.0
0.0014669747127030708,0.0
-0.0015717082543457407,-0.0
0.002251141150677115,0.0
-0.0036371353238569305,-0.0
-0.004896120196803328,-0.0029033950708616686
-0.005091364438420985,-0.0029033950708616915
-0.002859987309843379,-0.0
-0.0004996352231323732,-0.0
-0.001740024507885082,-0.0
-0.006680292925343926,-0.0029033950708618273
-0.010204567916112121,-0.005028827777177986
-0.003851820902808384,-0.0
-0.013538532056292091,-0.008710185212586142
-0.016816421636706245,-0.0058067901417241784
-0.007475504951861349,-0.006492188743984968
-0.009555462570202204,-0.004106020686140174
-0.010979104121756029,-0.00821204137228046
-0.003676673548838386,-0.0
-0.007676031656519396,-0.0050288277771778234
-0.014107831780742605,-0.005028827777178122
-0.006876542293849289,-0.005028827777177747
-0.010395010714467573,-0.006492188743985211
-0.013380547770618555,-0.006492188743985351
