xp, rho, u, p, Mach
0.1,0.98744028902278,1.5144629583857194,0.6997845286112254,1.5204351142460015
0.3,0.8858675576906245,1.6133375327769512,0.6030374351243029,1.6526218166043387
0.5,0.6194730347326282,1.7417498284957473,0.37487614217310766,1.8922959544781035
0.7,0.5168755234424737,1.8294320111125484,0.2886491996702533,2.0689979516580563
0.9,0.48392270610190424,1.8692942717417282,0.2610361417777662,2.151054115908171
