{
  "quantum_solution": [
    0.9404740753600274,
    0.22753405049032918,
    0.21236511379097386,
    0.1365204302941975
  ],
  "classical_solution": [
    0.7055698197297996,
    0.046596453582414196,
    0.7055698197297996,
    0.046596453582414196
  ],
  "_source": "harvester"
}