{
  "iterations_completed": 1,
  "converged": true,
  "_source": "harvester",
  "fidelity": 0.8303721865820664,
  "shots": 100,
  "l2_error_abs": 0.5824565450193409,
  "l2_error_rel": 0.5824565450193409
}