{
  "u_initial": [
    0.0,
    0.02940514209886818,
    0.05852709660483847,
    0.0870854031763387,
    0.11480502970952693,
    0.1414190210477993,
    0.16667106990588065,
    0.19031798524909363,
    0.21213203435596423,
    0.2319031360088211,
    0.24944088369076356,
    0.26457637930450645,
    0.27716385975338603,
    0.28708210071966267,
    0.2942355841209691,
    0.298555418001659,
    0.3,
    0.2985554180016591,
    0.2942355841209691,
    0.28708210071966267,
    0.27716385975338603,
    0.2645763793045065,
    0.24944088369076362,
    0.23190313600882112,
    0.21213203435596426,
    0.19031798524909363,
    0.16667106990588065,
    0.14141902104779935,
    0.11480502970952697,
    0.08708540317633871,
    0.05852709660483858,
    0.029405142098868246,
    3.6739403974420595e-17,
    -0.029405142098868176,
    -0.058527096604838506,
    -0.08708540317633863,
    -0.1148050297095269,
    -0.1414190210477993,
    -0.16667106990588057,
    -0.19031798524909357,
    -0.21213203435596423,
    -0.23190313600882098,
    -0.24944088369076356,
    -0.26457637930450645,
    -0.2771638597533859,
    -0.2870821007196626,
    -0.29423558412096906,
    -0.2985554180016591,
    -0.3,
    -0.2985554180016591,
    -0.2942355841209691,
    -0.28708210071966267,
    -0.277163859753386,
    -0.2645763793045065,
    -0.24944088369076362,
    -0.23190313600882106,
    -0.2121320343559643,
    -0.19031798524909377,
    -0.16667106990588065,
    -0.14141902104779938,
    -0.1148050297095271,
    -0.08708540317633874,
    -0.05852709660483861,
    -0.029405142098868152
  ],
  "u_final_classical": null,
  "u_final_method": [
    -4.446576181209136e-17,
    0.021220120033023444,
    0.04236479584091612,
    0.06335695392597798,
    0.08411622049138547,
    0.10455716826847115,
    0.12458744432950464,
    0.14410574942191953,
    0.16299965349469647,
    0.18114325717822757,
    0.19839475074584811,
    0.21459398742940516,
    0.22956028367856615,
    0.24309078870605866,
    0.2549599244128321,
    0.26492056256583674,
    0.27270773093182904,
    0.2780456456311619,
    0.2806586548206377,
    0.28028616579444354,
    0.27670080752835513,
    0.26972808968745304,
    0.25926495440090785,
    0.24529425747091363,
    0.2278926433540671,
    0.2072304907451875,
    0.18356425469666202,
    0.1572230624511643,
    0.12859233955092916,
    0.09809733785138994,
    0.06618882169444218,
    0.03333215907709822,
    4.034507601351854e-17,
    -0.0333321590770981,
    -0.0661888216944421,
    -0.09809733785138987,
    -0.128592339550929,
    -0.15722306245116424,
    -0.1835642546966619,
    -0.20723049074518743,
    -0.2278926433540671,
    -0.24529425747091374,
    -0.2592649544009078,
    -0.269728089687453,
    -0.27670080752835496,
    -0.28028616579444354,
    -0.2806586548206378,
    -0.2780456456311618,
    -0.2727077309318292,
    -0.2649205625658366,
    -0.25495992441283216,
    -0.24309078870605869,
    -0.22956028367856618,
    -0.21459398742940525,
    -0.19839475074584823,
    -0.18114325717822755,
    -0.16299965349469658,
    -0.14410574942191964,
    -0.12458744432950469,
    -0.1045571682684712,
    -0.08411622049138555,
    -0.06335695392597801,
    -0.04236479584091621,
    -0.02122012003302346
  ],
  "errors_by_step": {},
  "final_error": NaN,
  "max_error": NaN,
  "_source": "solver"
}