{
  "quantum_solution": [
    0.6846652532162703,
    0.18684983965604327,
    0.6806425023996217,
    0.1817867222488825
  ],
  "classical_solution": [
    0.7055698197297996,
    0.046596453582414196,
    0.7055698197297996,
    0.046596453582414196
  ],
  "_source": "harvester"
}