{
  "iterations_completed": 1,
  "converged": true,
  "_source": "harvester",
  "fidelity": 0.9804971034511858,
  "shots": 100000,
  "l2_error_abs": 0.1974988432817476,
  "l2_error_rel": 0.1974988432817476
}