{
  "source_dataset": "case1_bakeoff_mutual_qubit_dialup.json",
  "note": "per-frame seconds per execution part; x-axis frames are normalised to fraction-of-run in the figure. q4/q6 ran on local-mac, q8 on a remote box -- absolute seconds compare only within a q.",
  "runs": {
    "q4_Cole-Hopf": {
      "steps": [
        10,
        20,
        30
      ],
      "total_s": 60.17543387413025,
      "method_wall_time_s": 126.25175380706787,
      "n_circuits_per_frame": 1,
      "parts_seconds": {
        "circuit_construction_time_s": [
          0.009171009063720703,
          0.008501052856445312,
          0.00972604751586914
        ],
        "transpilation_time_s": [
          0.0430600643157959,
          0.042645931243896484,
          0.04075789451599121
        ],
        "execution_time_s": [
          19.214515924453735,
          19.560152053833008,
          21.246903896331787
        ]
      }
    },
    "q4_QLBM": {
      "steps": [
        10,
        20,
        30
      ],
      "total_s": 4.233741760253906,
      "method_wall_time_s": 9.28019094467163,
      "n_circuits_per_frame": 16,
      "parts_seconds": {
        "circuit_construction_time_s": [
          0.045907020568847656,
          0.04376626014709473,
          0.043604373931884766
        ],
        "transpilation_time_s": [
          0.5671334266662598,
          0.5396420955657959,
          0.5415749549865723
        ],
        "execution_time_s": [
          0.8333218097686768,
          0.7936413288116455,
          0.8251504898071289
        ]
      }
    },
    "q6_Cole-Hopf": {
      "steps": [
        10,
        20,
        30,
        40,
        50,
        60,
        70,
        80,
        90,
        100
      ],
      "total_s": 3.094693660736084,
      "method_wall_time_s": 9.04201078414917,
      "n_circuits_per_frame": 1,
      "parts_seconds": {
        "circuit_construction_time_s": [
          0.10097408294677734,
          0.05083799362182617,
          0.04999709129333496,
          0.05075192451477051,
          0.05145692825317383,
          0.0546720027923584,
          0.05098581314086914,
          0.052172183990478516,
          0.12039685249328613,
          0.050282955169677734
        ],
        "transpilation_time_s": [
          0.06404566764831543,
          0.05596208572387695,
          0.053652048110961914,
          0.055639028549194336,
          0.05373811721801758,
          0.11971020698547363,
          0.05346417427062988,
          0.05406785011291504,
          0.05367398262023926,
          0.05338692665100098
        ],
        "execution_time_s": [
          0.19368386268615723,
          0.18335509300231934,
          0.18241405487060547,
          0.1859889030456543,
          0.18494796752929688,
          0.18467497825622559,
          0.1841440200805664,
          0.1836249828338623,
          0.18203401565551758,
          0.17995786666870117
        ]
      }
    },
    "q6_QLBM": {
      "steps": [
        10,
        20,
        30,
        40,
        50,
        60,
        70,
        80,
        90,
        100
      ],
      "total_s": 57.53505206108093,
      "method_wall_time_s": 62.721315145492554,
      "n_circuits_per_frame": 64,
      "parts_seconds": {
        "circuit_construction_time_s": [
          0.1717996597290039,
          0.16916823387145996,
          0.16771221160888672,
          0.16518592834472656,
          0.16573667526245117,
          0.16865253448486328,
          0.16534113883972168,
          0.16686344146728516,
          0.1684403419494629,
          0.16315913200378418
        ],
        "transpilation_time_s": [
          2.246311902999878,
          2.293752908706665,
          2.2106001377105713,
          2.1961822509765625,
          2.207033395767212,
          2.2665297985076904,
          2.2084383964538574,
          2.192814588546753,
          2.2398488521575928,
          2.173578977584839
        ],
        "execution_time_s": [
          3.4194626808166504,
          3.4179747104644775,
          3.374934673309326,
          3.2764179706573486,
          3.37359619140625,
          3.432631731033325,
          3.292569637298584,
          3.3655881881713867,
          3.3629817962646484,
          3.311743974685669
        ]
      }
    },
    "q8_Cole-Hopf": {
      "steps": [
        10,
        20,
        30,
        40,
        50,
        60,
        70,
        80,
        90,
        100,
        110,
        120,
        130,
        140,
        150,
        160,
        170,
        180,
        190,
        200,
        210,
        220,
        230,
        240,
        250,
        260,
        270,
        280,
        290,
        300,
        310,
        320,
        330,
        340,
        350,
        360,
        370,
        380,
        390,
        400
      ],
      "total_s": 83.10096073150635,
      "method_wall_time_s": 182.69809532165527,
      "n_circuits_per_frame": 1,
      "parts_seconds": {
        "circuit_construction_time_s": [
          0.4972226619720459,
          0.5818822383880615,
          0.5972466468811035,
          0.5926620960235596,
          0.5978882312774658,
          0.5978474617004395,
          0.5940268039703369,
          0.6120398044586182,
          0.591052770614624,
          0.5962321758270264,
          0.5885453224182129,
          0.5847101211547852,
          0.578383207321167,
          0.5861532688140869,
          0.5793013572692871,
          0.5722525119781494,
          0.5978174209594727,
          0.5909652709960938,
          0.5889739990234375,
          0.57985520362854,
          0.5772655010223389,
          0.5687949657440186,
          0.609917402267456,
          0.5972609519958496,
          0.5866556167602539,
          0.5916421413421631,
          0.5858006477355957,
          0.5750951766967773,
          0.6052618026733398,
          0.591026782989502,
          0.5859854221343994,
          0.5851333141326904,
          0.5812778472900391,
          0.5738403797149658,
          0.6067290306091309,
          0.5903189182281494,
          0.588341474533081,
          0.585648775100708,
          0.581566572189331,
          0.5835812091827393
        ],
        "transpilation_time_s": [
          0.26526784896850586,
          0.26766443252563477,
          0.27019476890563965,
          0.26735901832580566,
          0.27078890800476074,
          0.26728177070617676,
          0.26543521881103516,
          0.27242302894592285,
          0.26988983154296875,
          0.27059102058410645,
          0.2693023681640625,
          0.2684035301208496,
          0.2665565013885498,
          0.270540714263916,
          0.26861119270324707,
          0.2689981460571289,
          0.27080273628234863,
          0.270111083984375,
          0.2670576572418213,
          0.2651333808898926,
          0.2656702995300293,
          0.2651960849761963,
          0.2728118896484375,
          0.27013397216796875,
          0.2676045894622803,
          0.27089786529541016,
          0.27054810523986816,
          0.2706582546234131,
          0.27112388610839844,
          0.2656867504119873,
          0.265841007232666,
          0.26674318313598633,
          0.26523375511169434,
          0.26702213287353516,
          0.2725183963775635,
          0.2686004638671875,
          0.2673320770263672,
          0.26746082305908203,
          0.26918935775756836,
          0.2721884250640869
        ],