{
  "source_dataset": "case1_bakeoff_mutual_qubit_dialup.json",
  "note": "per-frame seconds per execution part; x-axis frames are normalised to fraction-of-run in the figure. q4/q6 ran on local-mac, q8 on a remote box -- absolute seconds compare only within a q.",
  "runs": {
    "q6_Cole-Hopf": {
      "steps": [
        10,
        20,
        30,
        40,
        50,
        60,
        70,
        80,
        90,
        100
      ],
      "total_s": 3.094693660736084,
      "method_wall_time_s": 9.04201078414917,
      "n_circuits_per_frame": 1,
      "parts_seconds": {
        "circuit_construction_time_s": [
          0.10097408294677734,
          0.05083799362182617,
          0.04999709129333496,
          0.05075192451477051,
          0.05145692825317383,
          0.0546720027923584,
          0.05098581314086914,
          0.052172183990478516,
          0.12039685249328613,
          0.050282955169677734
        ],
        "transpilation_time_s": [
          0.06404566764831543,
          0.05596208572387695,
          0.053652048110961914,
          0.055639028549194336,
          0.05373811721801758,
          0.11971020698547363,
          0.05346417427062988,
          0.05406785011291504,
          0.05367398262023926,
          0.05338692665100098
        ],
        "execution_time_s": [
          0.19368386268615723,
          0.18335509300231934,
          0.18241405487060547,
          0.1859889030456543,
          0.18494796752929688,
          0.18467497825622559,
          0.1841440200805664,
          0.1836249828338623,
          0.18203401565551758,
          0.17995786666870117
        ]
      }
    },
    "q6_QLBM": {
      "steps": [
        10,
        20,
        30,
        40,
        50,
        60,
        70,
        80,
        90,
        100
      ],
      "total_s": 57.53505206108093,
      "method_wall_time_s": 62.721315145492554,
      "n_circuits_per_frame": 64,
      "parts_seconds": {
        "circuit_construction_time_s": [
          0.1717996597290039,
          0.16916823387145996,
          0.16771221160888672,
          0.16518592834472656,
          0.16573667526245117,
          0.16865253448486328,
          0.16534113883972168,
          0.16686344146728516,
          0.1684403419494629,
          0.16315913200378418
        ],
        "transpilation_time_s": [
          2.246311902999878,
          2.293752908706665,
          2.2106001377105713,
          2.1961822509765625,
          2.207033395767212,
          2.2665297985076904,
          2.2084383964538574,
          2.192814588546753,
          2.2398488521575928,
          2.173578977584839
        ],
        "execution_time_s": [
          3.4194626808166504,
          3.4179747104644775,
          3.374934673309326,
          3.2764179706573486,
          3.37359619140625,
          3.432631731033325,
          3.292569637298584,
          3.3655881881713867,
          3.3629817962646484,
          3.311743974685669
        ]
      }
    }
  }
}