{
  "quantum_solution": [
    0.7059765724037903,
    0.003210404953182354,
    0.7082210148046878,
    0.003125172963274858
  ],
  "classical_solution": [
    0.7055698197297996,
    0.046596453582414196,
    0.7055698197297996,
    0.046596453582414196
  ],
  "_source": "harvester"
}