{
  "iterations_completed": 1,
  "converged": true,
  "_source": "harvester",
  "fidelity": 0.9962242750316787,
  "shots": 100000,
  "l2_error_abs": 0.06147597691284735,
  "l2_error_rel": 0.06147597691284735
}