{
  "grid": [
    0.0,
    0.125,
    0.25,
    0.375,
    0.5,
    0.625,
    0.75,
    0.875
  ],
  "solution_steps": {
    "0": [
      0.0,
      0.21213203435596426,
      0.3,
      0.21213203435596426,
      3.6739403974420595e-17,
      -0.21213203435596423,
      -0.3,
      -0.2121320343559643
    ],
    "1": [
      0.016281698529612587,
      0.041970979047021066,
      0.05812359035575623,
      0.20671965923003935,
      0.11818166386890475,
      -0.17517331191330374,
      -0.19258695275427357,
      -0.07351732636375667
    ],
    "2": [
      0.02732710518531402,
      -0.06380747237339528,
      -0.059509579342756636,
      0.1931569309411291,
      0.16750863817686834,
      -0.15038245173779224,
      -0.13532616401942574,
      0.02103299317005842
    ],
    "3": [
      0.004104700852654801,
      -0.07295753190170565,
      -0.07550684330916159,
      0.13101505233735006,
      0.15183088948442072,
      -0.09702628376009269,
      -0.08042874702791394,
      0.0389687633244483
    ],
    "4": [
      0.03181636122949304,
      -0.08333593665096839,
      -0.0927448917519225,
      0.12535249258608938,
      0.1410125761103162,
      -0.08750408313855321,
      -0.08008404558788673,
      0.0454875272034322
    ],
    "5": [
      0.021624386919660878,
      -0.09177099569732114,
      -0.10489625008063119,
      0.14632071183285633,
      0.1560486707111281,
      -0.09881545281093879,
      -0.0727768075501578,
      0.0442657366754036
    ],
    "6": [
      0.0224098960515542,
      -0.1129388476917248,
      -0.11802143225100167,
      0.1677776390243149,
      0.16687417223056103,
      -0.10818708304515674,
      -0.07126263603111355,
      0.05334829171256665
    ]
  },
  "_source": "solver"
}