{
  "iterations_completed": 1,
  "converged": true,
  "_source": "harvester",
  "fidelity": 0.9024977259627203,
  "shots": 10000,
  "l2_error_abs": 0.4415931929667394,
  "l2_error_rel": 0.4415931929667394
}