{
  "quantum_solution": [
    0.7931520149848951,
    0.36266601547052585,
    0.44919496062991227,
    0.1939255777168784
  ],
  "classical_solution": [
    0.7055698197297996,
    0.046596453582414196,
    0.7055698197297996,
    0.046596453582414196
  ],
  "_source": "harvester"
}