xp, rho, u, p, Mach
0.1,0.9875844764501175,1.5141955777471752,0.700020704349351,1.520021183344064
0.3,0.8858987378582879,1.6134341434596173,0.6030779341589775,1.6526943699162848
0.5,0.619574000927645,1.7416879727289227,0.37496476898434555,1.8921592951769537
0.7,0.5169688896396574,1.8292575315000452,0.2886734091090351,2.068900705930047
0.9,0.4836084115229228,1.870145365535655,0.26064250900477637,2.1529584415583223
