xp, rho, u, p, Mach
0.1,0.9875484925342827,1.514271446605904,0.6999621227326388,1.5201332584115654
0.3,0.8859347217741227,1.6133613157682436,0.6031071709790123,1.652613274932585
0.5,0.6196178344621434,1.7415960521442408,0.37499051856026083,1.8920613969098448
0.7,0.5169859888712866,1.829222031323072,0.28869880418787996,2.0688037734481965
0.9,0.48365888840173316,1.869963551035785,0.2607196554828653,2.152542938860862
