{
  "grid": [
    0.0,
    0.0625,
    0.125,
    0.1875,
    0.25,
    0.3125,
    0.375,
    0.4375,
    0.5,
    0.5625,
    0.625,
    0.6875,
    0.75,
    0.8125,
    0.875,
    0.9375
  ],
  "solution_steps": {
    "0": [
      0.0,
      0.11480502970952693,
      0.21213203435596423,
      0.27716385975338603,
      0.3,
      0.27716385975338603,
      0.21213203435596426,
      0.11480502970952697,
      3.6739403974420595e-17,
      -0.1148050297095269,
      -0.21213203435596423,
      -0.2771638597533859,
      -0.3,
      -0.277163859753386,
      -0.2121320343559643,
      -0.1148050297095271
    ],
    "10": [
      0.009750169096885298,
      0.0968805055282496,
      0.16661323511666667,
      0.22222102752429906,
      0.24702383168878841,
      0.23541621139540758,
      0.2058526758620853,
      0.10506337015025116,
      -0.008670290191616293,
      -0.11480795754403915,
      -0.18747200092609084,
      -0.22112439807035023,
      -0.26544441361578036,
      -0.2444725031293661,
      -0.1676532070309382,
      -0.07917625585445195
    ],
    "20": [
      0.016477838361276375,
      0.0880467658484718,
      0.1397304942251949,
      0.18575933390304586,
      0.21157657849594091,
      0.21009340991901362,
      0.18937409381897288,
      0.0963318071516226,
      -0.01269635431362497,
      -0.11031226161981111,
      -0.16163670357619947,
      -0.1915188168152486,
      -0.23794305098323623,
      -0.21884013201762606,
      -0.14488289602832444,
      -0.0595601063694681
    ],
    "30": [
      0.0214876157715177,
      0.07835874738177978,
      0.117154392083881,
      0.1550034004120762,
      0.1820254457647939,
      0.18342237658101995,
      0.16551866502035636,
      0.08492989560535796,
      -0.009055676265939994,
      -0.09601053534118434,
      -0.14030397538326903,
      -0.16588319007573654,
      -0.21368943382651093,
      -0.19513839222910764,
      -0.123137033164829,
      -0.044682302334205365
    ]
  },
  "_source": "solver"
}