{
  "u_initial": [
    0.0,
    0.11480502970952693,
    0.21213203435596423,
    0.27716385975338603,
    0.3,
    0.27716385975338603,
    0.21213203435596426,
    0.11480502970952697,
    3.6739403974420595e-17,
    -0.1148050297095269,
    -0.21213203435596423,
    -0.2771638597533859,
    -0.3,
    -0.277163859753386,
    -0.2121320343559643,
    -0.1148050297095271
  ],
  "u_final_classical": null,
  "u_final_method": [
    0.0214876157715177,
    0.07835874738177978,
    0.117154392083881,
    0.1550034004120762,
    0.1820254457647939,
    0.18342237658101995,
    0.16551866502035636,
    0.08492989560535796,
    -0.009055676265939994,
    -0.09601053534118434,
    -0.14030397538326903,
    -0.16588319007573654,
    -0.21368943382651093,
    -0.19513839222910764,
    -0.123137033164829,
    -0.044682302334205365
  ],
  "errors_by_step": {},
  "final_error": NaN,
  "max_error": NaN,
  "_source": "solver"
}