{
  "quantum_solution": [
    1.226255650908543,
    0.15631778913274194,
    0.05181154592723649,
    0.03753393241887871
  ],
  "classical_solution": [
    1.1454545454545455,
    0.43636363636363634,
    0.16363636363636364,
    0.05454545454545454
  ],
  "_source": "harvester"
}