{
  "iterations_completed": 1,
  "converged": true,
  "_source": "harvester",
  "fidelity": 0.9372224666460613,
  "shots": 10000,
  "l2_error_abs": 0.312647848120853,
  "l2_error_rel": 0.2525766880145645
}