{
  "iterations_completed": 1,
  "converged": true,
  "_source": "harvester",
  "fidelity": 0.9979238881835006,
  "shots": 100000,
  "l2_error_abs": 0.06443775006157978,
  "l2_error_rel": 0.06443775006157978
}