{
  "quantum_solution": [
    0.7013500820769202,
    0.09250036587603966,
    0.7008583963186628,
    0.09137424688132108
  ],
  "classical_solution": [
    0.7055698197297996,
    0.046596453582414196,
    0.7055698197297996,
    0.046596453582414196
  ],
  "_source": "harvester"
}