{
  "final_error_epsilon": 0.000386771400446034,
  "max_error_epsilon": 0.000386771400446034,
  "classical_wall_time_s": 0.001033782958984375,
  "method_wall_time_s": 5.741555690765381,
  "speedup_ratio": 0.00018005276177101158,
  "n_pauli_terms": 64,
  "shots": 0,
  "t1": null,
  "t2": null,
  "backend_name": null,
  "backend_type": "sim",
  "coupling_map": "default",
  "optimization_level": 1,
  "seed": null,
  "total_pauli_decomp_time": 0.7451463065808639,
  "total_circuit_construction_time": 0.01880958233959973,
  "total_transpilation_time": 2.718571836128831,
  "total_execution_time": 0.5999628831632435,
  "total_sign_recovery_time": 0,
  "total_metric_transpile_time": 0,
  "n_circuits_executed": 0,
  "avg_circuit_depth": 1277.6,
  "avg_gate_count": 1532.8,
  "avg_cx_gates": 850.0,
  "avg_sign_recovery_depth_per_circuit": null,
  "avg_sign_recovery_cx_per_circuit": null,
  "total_sign_recovery_cx": 0,
  "n_qubits": 4,
  "circuit_metrics_n_available": 25,
  "circuit_metrics_n_total": 25,
  "sign_recovery": "none",
  "per_step_metrics": [
    {
      "pauli_decomp_time_s": 0.028024603961966932,
      "circuit_construction_time_s": 0.0006934039993211627,
      "transpilation_time_s": 0.2929694930789992,
      "execution_time_s": 0.02703866397496313,
      "circuit_depth": 1277,
      "gate_counts": {
        "cx": 850,
        "rz": 280,
        "u2": 130,
        "h": 110,
        "sxdg": 100,
        "sx": 60,
        "initialize": 1,
        "save_statevector": 1
      },
      "n_qubits": 4,
      "n_pauli_terms": 61,
      "sign_recovery": "none"
    },
    {
      "pauli_decomp_time_s": 0.03124171996023506,
      "circuit_construction_time_s": 0.0006640469655394554,
      "transpilation_time_s": 0.09708407800644636,
      "execution_time_s": 0.023157041054219007,
      "circuit_depth": 1277,
      "gate_counts": {
        "cx": 850,
        "rz": 280,
        "u2": 180,
        "h": 90,
        "sxdg": 75,
        "sx": 55,
        "initialize": 1,
        "save_statevector": 1
      },
      "n_qubits": 4,
      "n_pauli_terms": 87,
      "sign_recovery": "none"
    },
    {
      "pauli_decomp_time_s": 0.029898887034505606,
      "circuit_construction_time_s": 0.000647985958494246,
      "transpilation_time_s": 0.09754989098291844,
      "execution_time_s": 0.023188151069916785,
      "circuit_depth": 1277,
      "gate_counts": {
        "cx": 850,
        "rz": 280,
        "u2": 199,
        "h": 80,
        "sxdg": 76,
        "sx": 45,
        "initialize": 1,
        "save_statevector": 1
      },
      "n_qubits": 4,
      "n_pauli_terms": 103,
      "sign_recovery": "none"
    },
    {
      "pauli_decomp_time_s": 0.030473891063593328,
      "circuit_construction_time_s": 0.0007665349403396249,
      "transpilation_time_s": 0.09784799895714968,
      "execution_time_s": 0.02403961110394448,
      "circuit_depth": 1277,
      "gate_counts": {
        "cx": 850,
        "rz": 280,
        "u2": 214,
        "sxdg": 76,
        "h": 65,
        "sx": 45,
        "initialize": 1,
        "save_statevector": 1
      },
      "n_qubits": 4,
      "n_pauli_terms": 107,
      "sign_recovery": "none"
    },
    {
      "pauli_decomp_time_s": 0.031036481028422713,
      "circuit_construction_time_s": 0.0007408260134980083,
      "transpilation_time_s": 0.1053715409943834,
      "execution_time_s": 0.026054956018924713,
      "circuit_depth": 1277,
      "gate_counts": {
        "cx": 850,
        "rz": 280,
        "u2": 219,
        "h": 75,
        "sxdg": 71,
        "sx": 35,
        "initialize": 1,
        "save_statevector": 1
      },
      "n_qubits": 4,
      "n_pauli_terms": 114,
      "sign_recovery": "none"
    },
    {
      "pauli_decomp_time_s": 0.03451619599945843,
      "circuit_construction_time_s": 0.0008788330014795065,
      "transpilation_time_s": 0.11591447307728231,
      "execution_time_s": 0.02447623701300472,
      "circuit_depth": 1277,
      "gate_counts": {
        "cx": 850,
        "rz": 280,
        "u2": 224,
        "sxdg": 71,
        "h": 65,
        "sx": 40,
        "initialize": 1,
        "save_statevector": 1
      },
      "n_qubits": 4,
      "n_pauli_terms": 113,
      "sign_recovery": "none"
    },
    {
      "pauli_decomp_time_s": 0.030367405037395656,
      "circuit_construction_time_s": 0.0007535100448876619,
      "transpilation_time_s": 0.09859849303029478,
      "execution_time_s": 0.02346724201925099,
      "circuit_depth": 1277,
      "gate_counts": {
        "cx": 850,
        "rz": 280,
        "u2": 224,
        "h": 75,
        "sxdg": 66,
        "sx": 35,
        "initialize": 1,
        "save_statevector": 1
      },
      "n_qubits": 4,
      "n_pauli_terms": 118,
      "sign_recovery": "none"
    },
    {
      "pauli_decomp_time_s": 0.028857919038273394,
      "circuit_construction_time_s": 0.0007215089863166213,
      "transpilation_time_s": 0.09917664295062423,
      "execution_time_s": 0.02325877803377807,
      "circuit_depth": 1277,
      "gate_counts": {
        "cx": 850,
        "rz": 280,
        "u2": 224,
        "h": 75,
        "sxdg": 66,
        "sx": 35,
        "initialize": 1,
        "save_statevector": 1
      },
      "n_qubits": 4,
      "n_pauli_terms": 118,
      "sign_recovery": "none"
    },
    {
      "pauli_decomp_time_s": 0.028784877969883382,
      "circuit_construction_time_s": 0.0007978860521689057,
      "transpilation_time_s": 0.10024850105401129,
      "execution_time_s": 0.024362897966057062,
      "circuit_depth": 1282,
      "gate_counts": {
        "cx": 850,
        "rz": 280,
        "u2": 229,
        "sxdg": 71,
        "h": 65,
        "sx": 35,
        "ryy": 5,
        "initialize": 1,
        "save_statevector": 1
      },
      "n_qubits": 4,
      "n_pauli_terms": 124,
      "sign_recovery": "none"
    },
    {
      "pauli_decomp_time_s": 0.029899848042987287,
      "circuit_construction_time_s": 0.0007860140176489949,
      "transpilation_time_s": 0.10951212502550334,
      "execution_time_s": 0.024654571898281574,
      "circuit_depth": 1277,
      "gate_counts": {
        "cx": 850,
        "rz": 280,
        "u2": 234,
        "sxdg": 66,
        "h": 65,
        "sx": 35,
        "initialize": 1,
        "save_statevector": 1
      },
      "n_qubits": 4,
      "n_pauli_terms": 120,
      "sign_recovery": "none"
    },
    {
      "pauli_decomp_time_s": 0.029339343076571822,
      "circuit_construction_time_s": 0.0008021140238270164,
      "transpilation_time_s": 0.1010187950450927,
      "execution_time_s": 0.023951609968207777,
      "circuit_depth": 1277,
      "gate_counts": {
        "cx": 850,
        "rz": 280,
        "u2": 234,
        "sxdg": 66,
        "h": 65,
        "sx": 35,
        "initialize": 1,
        "save_statevector": 1
      },
      "n_qubits": 4,
      "n_pauli_terms": 119,
      "sign_recovery": "none"
    },
    {
      "pauli_decomp_time_s": 0.029343380010686815,
      "circuit_construction_time_s": 0.0007421480258926749,
      "transpilation_time_s": 0.0986241230275482,
      "execution_time_s": 0.023474305984564126,
      "circuit_depth": 1277,
      "gate_counts": {
        "cx": 850,
        "rz": 280,
        "u2": 229,
        "sxdg": 71,
        "h": 65,
        "sx": 35,
        "initialize": 1,
        "save_statevector": 1
      },
      "n_qubits": 4,
      "n_pauli_terms": 118,
      "sign_recovery": "none"
    },
    {
      "pauli_decomp_time_s": 0.029378378065302968,
      "circuit_construction_time_s": 0.0007260669954121113,
      "transpilation_time_s": 0.09829688910394907,
      "execution_time_s": 0.02344704291317612,
      "circuit_depth": 1277,
      "gate_counts": {
        "cx": 850,
        "rz": 280,
        "u2": 234,
        "sxdg": 66,
        "h": 65,
        "sx": 35,
        "initialize": 1,
        "save_statevector": 1
      },
      "n_qubits": 4,
      "n_pauli_terms": 117,