xp, rho, u, p, Mach
0.1,0.9918794089950982,1.5098423684087179,0.6907767820613783,1.5290727955638548
0.3,0.8893403072249206,1.6123475649025587,0.6060946149049296,1.6506630265848692
0.5,0.6320956592159128,1.742128650679415,0.3671209810912674,1.9319816919748933
0.7,0.5262372665519662,1.839136660733726,0.2792351450748938,2.133809992595177
0.9,0.5078780759311071,1.8679000192423894,0.25899918610937844,2.2106507803436743
