xp, rho, u, p, Mach
0.1,0.990965703082273,1.5107498983667058,0.6937395421115223,1.526017953839852
0.3,0.8879103542285105,1.6132466305760877,0.6050532616981009,1.651674659973936
0.5,0.6278908293745975,1.7430972476336464,0.3692493989355319,1.9210548755287338
0.7,0.5231177235610848,1.8377438596436189,0.2818812625237977,2.115863153865246
0.9,0.5005115433557658,1.8686617472958567,0.25935441390750597,2.1939509043922065
