xp, rho, u, p, Mach
0.1,0.9887839032889193,1.5134456454791814,0.6972128678018819,1.5232486687993603
0.3,0.8872797117645981,1.6125425196473013,0.6038933511008627,1.651951561206337
0.5,0.622622635101199,1.742875924415804,0.37254683661324367,1.9042521975266695
0.7,0.5192015007726678,1.8328227295716615,0.2861009923300958,2.0867226580830875
0.9,0.4901404682791453,1.8703310801058106,0.25997135856216985,2.1704610757232055
