dq_lu, dq_hhl,
0.0004044402022234799,0.0
-0.004570182840533902,-0.002428248840127471
-0.002906378980206224,-0.0013574323682023412
0.005407291533885344,0.002465898354151121
0.007002476307133109,0.0034071282035958365
0.014068852061814326,0.006205708102683241
0.017758670498380903,0.008691808097514783
0.0037063025202889754,0.0018710913940967746
0.02730839946119296,0.013181779637410917
0.005790692698581412,0.002879548897674463
0.0026876905285254694,0.0014236870785631387
0.023164017455986934,0.010842477764090674
0.010064343910267292,0.004702283659131149
0.00906118694180476,0.004161808832935051
0.023013323263862708,0.011160702938208231
