dq_lu, dq_hhl,
8.083439302169987e-05,4.552491568649081e-05
-6.280204304782457e-05,-4.55249156863291e-05
-6.77999386364412e-05,-3.526344805817127e-05
0.0001531290739803767,0.00011871445593670083
0.00018602739411361112,0.00016287488983304332
0.0004812135887153382,0.00036872371419369317
0.0005416782907144294,0.0004216895065858659
0.00012100191236269607,8.874439815256314e-05
0.0009053724466753695,0.0007166379473562086
0.00015263537115122572,0.00011516993908582137
9.153047963390544e-05,6.438195318982004e-05
0.0006949250883655245,0.0005347966687129069
0.00024288649535814612,0.00022487649485535382
0.000216113373963662,0.00017980900976700097
0.0006600074353495172,0.000523833347884477
