xp, rho, u, p, Mach
0.1,0.9874709779406157,1.5144362563767095,0.6998202900729271,1.5203930851094818
0.3,0.8860313994020255,1.6131635401935,0.6031849895479239,1.6523942445179471
0.5,0.6197112279140603,1.7414123870703586,0.3750528962002924,1.8918470938039265
0.7,0.517033667878831,1.8291067859358716,0.2887681101566307,2.068520550321289
0.9,0.4837714462996558,1.869583292317795,0.2609018128573705,2.1516041226319067
