{
  "u_initial": [
    0.0,
    0.7071067811865475,
    1.0,
    0.7071067811865476,
    1.2246467991473532e-16,
    -0.7071067811865475,
    -1.0,
    -0.7071067811865477
  ],
  "u_final_classical": [
    -1.4778213349946724e-17,
    0.361989589826444,
    0.7161619111719113,
    1.174496075191928,
    3.3455384452398253e-16,
    -1.1744960751919282,
    -0.7161619111719114,
    -0.3619895898264442
  ],
  "u_final_method": [
    -2.6645352591003756e-16,
    0.3190452486456105,
    0.4339394887902012,
    0.4467158303562709,
    5.712763595511206e-14,
    -0.4467158303562603,
    -0.43393948879025807,
    -0.3190452486456211
  ],
  "errors_by_step": {
    "0": 0.0,
    "2": 0.2571604261610802,
    "4": 0.32374754927580895,
    "6": 0.37797027516653886,
    "8": 0.42599743227504094,
    "10": 0.47019998744268277,
    "12": 0.5113880800400973,
    "14": 0.5495908849119113
  },
  "final_error": 0.5495908849119113,
  "max_error": 0.5495908849119113,
  "_source": "solver"
}