{
  "iterations_completed": 1,
  "converged": true,
  "_source": "harvester",
  "fidelity": 0.9925834739178758,
  "shots": 10000,
  "l2_error_abs": 0.12179101840549827,
  "l2_error_rel": 0.12179101840549827
}