{
  "quantum_solution": [
    0.6974893278688356,
    0.12895038533721065,
    0.6918684136361879,
    0.13490194158354343
  ],
  "classical_solution": [
    0.7055698197297996,
    0.046596453582414196,
    0.7055698197297996,
    0.046596453582414196
  ],
  "_source": "harvester"
}