dq_lu, dq_hhl,
0.06661023487456623,0.010269929961327627
-0.005811252552797894,-0.0
0.05062724136652896,0.009319809578173462
-0.13577578049818154,-0.020081664144316964
-0.09331585505002761,-0.015151090180522063
0.015564431361200433,0.0
0.05125276698167536,0.008980793225602466
0.03760029671275123,0.006590100552093746
0.11487074384968825,0.020081664144316936
0.16146263088627152,0.025401519161031182
0.08771246049955339,0.015151090180522051
0.2399612809334978,0.037528045779281184
0.07012496274167966,0.009963295528999843
0.014985377972006574,0.003522556915760515
0.19246907654397094,0.02915434607218969
