xp, rho, u, p, Mach
0.1,0.9557696433800913,1.5694158214684777,0.6735932094415656,1.5799806738670146
0.3,0.9385694714455376,1.5535965924463557,0.5972978380777675,1.6459323559601255
0.5,0.552909691270633,1.8952696247584986,0.30323005147647614,2.162957398716569
0.7,0.40673135627908164,2.273888727837897,0.1325041502014774,3.3670090043793826
0.9,0.44107088332351724,2.033685096439323,0.1820317542896912,2.675471355111685
