xp, rho, u, p, Mach
0.1,0.9874724685210318,1.5144324217508065,0.6998215222719897,1.5203890444069523
0.3,0.8860309976919234,1.6131667257491948,0.6031839500036861,1.6523985568536934
0.5,0.6197121260317213,1.7414113084986147,0.37505320831369365,1.8918465057551652
0.7,0.5170329278995957,1.8291037984111196,0.28877053226676275,2.0685070164982196
0.9,0.48376944763402807,1.8695951093131575,0.26089851063794006,2.1516268941084826
