xp, rho, u, p, Mach
0.1,0.9883633437258462,1.5130849250851117,0.7004443639762182,1.5190454877173742
0.3,0.8862677210658126,1.6121463856277807,0.6034081807894367,1.65126708906567
0.5,0.6181472109146101,1.7447392976509826,0.37357000475447477,1.8968215856651713
0.7,0.5152562673762199,1.836028133185337,0.2856310662636574,2.08412726272182
0.9,0.482965767437566,1.8712151258605234,0.2603935323028902,2.1537871406366915
