xp, rho, u, p, Mach
0.1,0.9874723710062087,1.514432692249908,0.6998214441998089,1.5203893257067098
0.3,0.8860309976919234,1.6131664561631875,0.6031840489703666,1.6523981451538057
0.5,0.6197120570783287,1.7414113909930966,0.37505317551783396,1.8918465728407992
0.7,0.517033047330375,1.829103941715648,0.28877031092318894,2.068508210223512
0.9,0.4837696544942061,1.869593882272665,0.26089884895286325,2.1516245469474224
