xp, rho, u, p, Mach
0.1,0.9719099611200342,1.5433528413181319,0.6872518901710885,1.5511587717523003
0.3,0.9062888359656512,1.592824283621241,0.5963484648320841,1.6595376611598998
0.5,0.5848213930857294,1.8168152231994752,0.33639103611752524,2.0245856792692414
0.7,0.4617893931488909,2.0343934420108436,0.20649249749924298,2.5712290581461374
0.9,0.46337193709330526,1.9463107249208436,0.22081683680572564,2.3828512372739468
