xp, rho, u, p, Mach
0.1,0.9874619279736458,1.51445736027521,0.699820040642006,1.5204075758133115
0.3,0.8860309976919234,1.6131211418963314,0.6031978757279788,1.6523327907963707
0.5,0.6196947530912809,1.7413984704956924,0.37505031191390625,1.8918133457273687
0.7,0.5169990384864167,1.8292855281737421,0.2886915258741277,2.0689277773772656
0.9,0.4837631811010519,1.8695945544745882,0.2609030921556393,2.1515934284404343
