xp, rho, u, p, Mach
0.1,0.9874717978323506,1.5144340452280158,0.6998208977854018,1.520390836308398
0.3,0.8860309976919234,1.6131657742702321,0.6031842366296166,1.6523971896351641
0.5,0.6197117868815809,1.7414115336526217,0.3750532778111632,1.8918460574037403
0.7,0.517033047330375,1.8291052217966142,0.2887696105329144,2.06851216635972
0.9,0.483770194887702,1.869590544955305,0.26089978663396535,2.151618041423903
