{
  "iterations_completed": 1,
  "converged": true,
  "_source": "harvester",
  "fidelity": 0.42362145049914685,
  "shots": 100,
  "l2_error_abs": 1.1976086351206017,
  "l2_error_rel": 1.197608635120602
}