{
  "quantum_solution": [
    0.32614848,
    0.0,
    0.0,
    0.92826874,
    0.0,
    0.02508834,
    0.40141351,
    0.0,
    0.02508834,
    0.0,
    0.0,
    0.0,
    0.02508834,
    0.0,
    0.0,
    0.0,
    0.25088344,
    0.05017669,
    0.0,
    0.2257951,
    0.05017669,
    0.0,
    0.17561841,
    0.02508834,
    0.0,
    0.0,
    0.0,
    0.0,
    0.0,
    0.0,
    0.0,
    0.0
  ],
  "classical_solution": [
    0.08877293122011366,
    -0.012329573780571344,
    0.08877293122011366,
    8.092777922236356e-18,
    0.009863659024457072,
    1.1266717801943072e-17,
    0.08877293122011366,
    -0.01232957378057134,
    0.08877293122011366,
    0.039454636097828295,
    0.039454636097828295,
    0.039454636097828295,
    0.039454636097828295,
    0.039454636097828295,
    0.039454636097828295,
    0.039454636097828295,
    0.49503753153502605,
    0.26231425430419864,
    0.039454636097828295,
    0.49503753153502594,
    0.26231425430419864,
    0.039454636097828295,
    0.49503753153502605,
    0.26231425430419864,
    0.039454636097828295,
    0.039454636097828295,
    0.039454636097828295,
    0.039454636097828295,
    0.039454636097828295,
    0.039454636097828295,
    0.039454636097828295,
    0.039454636097828295
  ],
  "_source": "harvester"
}