{
  "u_initial": [
    0.0,
    0.11480502970952693,
    0.21213203435596423,
    0.27716385975338603,
    0.3,
    0.27716385975338603,
    0.21213203435596426,
    0.11480502970952697,
    3.6739403974420595e-17,
    -0.1148050297095269,
    -0.21213203435596423,
    -0.2771638597533859,
    -0.3,
    -0.277163859753386,
    -0.2121320343559643,
    -0.1148050297095271
  ],
  "u_final_classical": null,
  "u_final_method": [
    -5.4777951229629755e-17,
    0.07389133351195508,
    0.14449450808005496,
    0.20512820287125152,
    0.24305130863793656,
    0.2407344488925979,
    0.19049185563870805,
    0.10389628047787215,
    1.9464491750212033e-17,
    -0.10389628047787211,
    -0.190491855638708,
    -0.2407344488925979,
    -0.2430513086379365,
    -0.20512820287125166,
    -0.1444945080800551,
    -0.0738913335119551
  ],
  "errors_by_step": {},
  "final_error": NaN,
  "max_error": NaN,
  "_source": "solver"
}