dq_lu, dq_hhl,
0.001998511759132799,0.0
-0.0036786968858248067,-0.002515835222327866
0.0002475405232808069,0.0
0.002218367940848088,0.0011251157154624797
0.0010061936709274493,0.0
0.0031987682366534233,0.0011251157154626352
0.0013343457108423555,0.0
-0.005253344509070366,-0.002976776379285005
0.006625476423407736,0.0022502314309256343
0.0023918962122226575,0.0
-0.002830557378120585,-0.0011251157154625894
0.006521174064142364,0.0022502314309256286
-0.0004565959569384158,-0.0
-0.001260207316386491,-0.0
0.00014053235013286784,0.0
-0.0007309492150958507,-0.0
-0.0011455598450986941,-0.0
-0.0031348654742399023,-0.0015911539040463565
-0.0013199290997565115,-0.0
0.0033689069316106476,0.0019487575835755232
-0.003974656722521272,-0.001125115715462704
-0.002372733666339393,-0.0
-0.005093078533385859,-0.0027559594044702022
-0.005770017022106769,-0.002755959404470266
-0.00825114392448978,-0.0037315866739225426
-0.004239859850314511,-0.001948757583575642
-0.0044236186589709505,-0.0019487575835756613
-0.005387971486538683,-0.0027559594044702317
-0.006275415852651171,-0.002515835222328149
-0.010059843069952603,-0.0050316704446566
