dq_lu, dq_hhl,
0.0002534354538216526,0.00012714512800177615
-0.00019338347134547729,-0.0
0.00019650095968171464,8.990518220478474e-05
0.0002009429017058588,5.1906781147480664e-05
5.9345303789571246e-05,0.0
0.0003220812600367539,7.340727387803663e-05
0.0003068246504990723,0.0001160670911391706
-0.0002562992724418764,-7.340727387797813e-05
0.0005438377812281091,0.00015572034344293062
0.00040073106085037713,0.00014681454775616271
-0.0001547124731401934,-0.0
0.0006869779867178028,0.00027466486854914654
-0.00013506452628637408,-0.0
-0.0002104235852476194,-7.340727387791569e-05
0.0001461115307833797,0.0
-0.0001840858895931839,-5.190678114745701e-05
-8.524459616661958e-05,-0.0
-0.00025609151108437183,-0.00012714512800178135
-0.0002690802448435219,-0.0
0.0001682011075696996,7.340727387782813e-05
-0.0003220849873412869,-0.00015572034344273346
-0.00020268426978134382,-7.340727387790238e-05
-0.0002873663890685475,-5.190678114755835e-05
-0.00039991075551604996,-0.00015572034344282757
-0.0004405578433305576,-0.00016414365443437155
-0.0002835227778696955,-8.990518220492515e-05
-0.0004162405632951678,-0.00012714512800197236
-0.0003731576008004339,-0.00014681454775613566
-0.0002837584448795112,-7.340727387800584e-05
-0.0005631905953472401,-0.00012714512800205208
