dq_lu, dq_hhl,
0.002003536920488365,0.00037767709005753184
-0.0011664079912113805,-0.00016890232938252973
0.0002546021506171957,0.0
0.0011073179185625802,0.0
0.001008356739520316,0.0
0.0021061293212238613,0.00016890232938259435
0.0013441872312338126,0.0
-0.002288254422333793,-0.00029254741600739806
0.00442492938450906,0.000377677090057635
0.00239089845625659,0.00029254741600740354
-0.001709376779447782,-0.0002925474160073548
0.004279250628059982,0.0002925474160074576
-0.00045727107485681826,-0.0
-0.0012593483100338983,-0.0001689023293825404
0.00013828088017101304,0.0
-0.0007317746937755546,-0.0
-0.0011512530028859554,-0.00016890232938252783
-0.001535001315850059,-0.00029254741600733534
-0.0013300291054550914,-0.0
0.001406373837185056,0.00023886396492921622
-0.002864294167414344,-0.0002925474160074238
-0.002366906933137437,-0.00029254741600740234
-0.0023217422070280053,-0.0
-0.0029999440018328816,-0.00033780465876523646
-0.004487233770419641,-0.0005850948320149216
-0.0023026190861396047,-0.0004468735594058805
-0.0025003337017867056,-0.0002925474160074089
-0.0026280262556311195,-0.00023886396492929518
-0.003763510638519396,-0.00037767709005762004
-0.005042621835641975,-0.0005067069881479232
