dq_lu, dq_hhl,
0.0038551153069624356,0.0
0.0017313113898287937,0.0
0.008009138968418764,0.0
0.0041048915753606335,0.0
0.001036633516101868,0.0
0.00663808477134353,0.0
-0.02441683287652429,-0.027359915172167366
-0.01728836626285609,-0.0
0.018356594973441127,0.0
-0.01848604596741762,-0.022339277192546973
-0.03826672407473854,-0.022339277192547597
-0.04151012194651316,-0.05239024890349478
-0.04835132181158672,-0.04179296076134341
-0.023261950758485438,-0.02233927719254722
-0.07535094878720214,-0.06701783157764364
-0.025979188686515907,-0.015796254389656192
-0.05994226607726069,-0.05239024890349517
-0.12500506461369554,-0.09737465175405975
-0.06992326286921739,-0.04995214237074768
-0.07084728221830217,-0.07409100053542524
-0.17528582193953482,-0.14477506287476066
-0.06555753834448434,-0.04995214237074764
-0.06703175882278588,-0.047388763168969686
-0.20284512456568643,-0.16567251371818567
-0.08506298328475846,-0.04467855438509583
-0.1223164951523207,-0.09345190124334639
-0.1814110646722373,-0.15477105240743144
-0.05469687807196993,-0.03869276310185737
-0.11197283266442905,-0.09210719946482687
-0.21637728026156341,-0.17589964451385598
