xp, rho, u, p, Mach
0.1,1.0,1.5,0.7142857142857144,1.5
0.3,0.8855470891759962,1.693868139068419,0.5497394603540694,1.8169499126450375
0.5,0.6380681169600073,1.7559295141885225,0.3796616625986032,1.9238810208724835
0.7,0.5421883567039822,1.8084675015395542,0.29901531574731743,2.0581407315872555
0.9,0.5393359201146484,1.8709150826580885,0.26513179942909726,2.2552195173024643
