{
  "u_initial": [
    0.0,
    0.09797035167261484,
    0.17720780831912106,
    0.2220030605731576,
    0.22222851796992033,
    0.17503763569217182,
    0.08544494388155251,
    -0.03430094779332085,
    -0.1664535120085529,
    -0.29034635998933656,
    -0.38541899403899554,
    -0.43423110616478033,
    -0.4250128996293491,
    -0.35337537892014725,
    -0.22293813481676214,
    -0.044801227395427384,
    0.1640346559307528,
    0.38303754830739917,
    0.5909269121967156,
    0.7684409960288329,
    0.9006761317471469,
    0.9786659844559028,
    1.0,
    0.9684399231503942,
    0.8926548944066391,
    0.7843329633895874,
    0.6560179204736818,
    0.5190510783962,
    0.38196408406083304,
    0.24957773347667164,
    0.12292930051012987,
    1.477312140795107e-16
  ],
  "u_final_classical": [
    0.0,
    0.05897063738845177,
    0.11568722071579833,
    0.16735016843773995,
    0.2094355327338794,
    0.23612479688497684,
    0.22365931694935823,
    -0.15712324702952768,
    -0.5159289356823499,
    -0.43880573995884165,
    -0.38482285945985417,
    -0.3254645360205116,
    -0.2553276678083414,
    -0.17987050900091167,
    -0.10056967306973483,
    -0.01855646764257476,
    0.06534532999427149,
    0.1504960377713699,
    0.23636383694958368,
    0.3224754957456985,
    0.4083796268872731,
    0.4936157039181665,
    0.5776778599301126,
    0.6599252585784023,
    0.7397867782272114,
    0.8173200247568035,
    0.8859245305434543,
    0.934763048972126,
    1.0370144062553266,
    1.1928523384187903,
    0.8193497422219393,
    1.477312140795107e-16
  ],
  "u_final_method": [
    0.0,
    0.0494101456931108,
    0.0,
    0.11744347486072332,
    0.30244953754568066,
    0.14330699060624147,
    0.15439848891815908,
    -0.45867994256986655,
    -0.31774467801043244,
    -0.4003073826062764,
    -0.37578323357765336,
    -0.3108495936862617,
    -0.16850476032534525,
    -0.16960052195222655,
    -0.11784756702177879,
    0.0,
    0.0,
    0.09350638045955843,
    0.12773624719674198,
    0.31598035499003624,
    0.44521197860517225,
    0.4591159730574361,
    0.5445718262218507,
    0.7247500895600217,
    0.7237683716870688,
    0.7709713501942143,
    1.0311126681539409,
    0.8769698096794984,
    0.925447597702683,
    1.2504020605550328,
    0.9407712718163785,
    0.0
  ],
  "errors_by_step": {
    "0": 0.0,
    "1": 0.0141242094448181,
    "2": 0.01971545778480717,
    "3": 0.023304780214396692,
    "4": 0.027826180761970333,
    "5": 0.031291616690420236,
    "6": 0.03211748462945271,
    "7": 0.03432314773543444,
    "8": 0.03897997085001636,
    "9": 0.04028985415638539,
    "10": 0.0406945650803593,
    "11": 0.04087672467389098,
    "12": 0.044666580102344984,
    "13": 0.04374615551214686,
    "14": 0.04595955816791757,
    "15": 0.04987789486751064,
    "16": 0.05308167255731148,
    "17": 0.052388604287692535,
    "18": 0.056778329416579905,
    "19": 0.060642331919127886,
    "20": 0.06266489593602603,
    "21": 0.06475191187553163,
    "22": 0.06587113765410403,
    "23": 0.06512316689293926,
    "24": 0.07254456915527227,
    "25": 0.07847024571843689,
    "26": 0.08215163453364376,
    "27": 0.08389577474100465,
    "28": 0.08485050169540016,
    "29": 0.08628325778414558,
    "30": 0.09148996745075351,
    "31": 0.09342740712856856,
    "32": 0.09713913214093253,
    "33": 0.0983627623591791,
    "34": 0.099371766599416,
    "35": 0.09694227320233124,
    "36": 0.10050731111132152,
    "37": 0.10031728217152908,
    "38": 0.09999211839562434,
    "39": 0.09919917908747806,
    "40": 0.09923687143071236,
    "41": 0.10123008249203191,
    "42": 0.1026215368277622,
    "43": 0.1059095150168089,
    "44": 0.10793356835435908,
    "45": 0.11296918226687351,
    "46": 0.11569301858634044,
    "47": 0.1170649986437092,
    "48": 0.11893883624437965,
    "49": 0.12142798227910465,
    "50": 0.1204392898943258,
    "51": 0.12319232869212199,
    "52": 0.1255592290554868,
    "53": 0.13064394445514968,
    "54": 0.13416913924047758,
    "55": 0.13662756226564896,
    "56": 0.13479924862093945,
    "57": 0.13807323078208567,
    "58": 0.13660561925980866,
    "59": 0.13965577550538838,
    "60": 0.1428909093834772,
    "61": 0.14751170870909475,
    "62": 0.14854355854955445,
    "63": 0.15408982082385117,
    "64": 0.16070829699125577,
    "65": 0.1632403798060452,
    "66": 0.16460835255924094,
    "67": 0.16891272505348795,
    "68": 0.1710812075064212,
    "69": 0.1752198097294715,
    "70": 0.17636720381412674
  },
  "final_error": 0.17636720381412674,
  "max_error": 0.17636720381412674,
  "_source": "solver"
}