dq_lu, dq_hhl,
-0.006772672608652826,-0.0006984757007617529
-0.0017544472092722535,-0.0
-0.014824367952310692,-0.0018479930010373148
0.0073003181610298085,0.000987793809005333
-0.03769640397480038,-0.005717270013316459
0.01918451816303229,0.0031236782950704606
0.016512801566630854,0.0024195908031434737
-0.011958733089828201,-0.0019755876180107715
0.011094715254437625,0.0013969514015235863
0.028901111918613016,0.004248661820917862
-0.011405923294960298,-0.0018479930010372773
0.03432860632843092,0.003951175236021758
-0.022877881327078957,-0.002963381427016275
-0.009198545956821328,-0.001561839147535142
0.014457088687809106,0.002316581824607471
