dq_lu, dq_hhl,
-0.006991547589238673,-0.00017811855053418728
-0.0017675913150692524,-0.0
-0.015509259294341311,-0.0005907524003239031
0.007362291099503887,0.00017811855053418855
-0.038875257430322885,-0.0011543401395884602
0.019448822314244767,0.0005907524003239108
0.017021603341755953,0.0005907524003239065
-0.01217885515412295,-0.0003085103792957558
0.011368350385596103,0.0003982851870481962
0.029838903897188053,0.001007590679502851
-0.011910729766641037,-0.0004712573886007784
0.03524032559335026,0.001126520626431795
-0.023963165915444944,-0.000991722118023287
-0.009659068672592934,-0.00043629956253291615
0.01507466646877246,0.0005343556516026029
