xp, rho, u, p, Mach
0.1,0.9938143787814524,1.5062928456235567,0.7072942707062229,1.5090303113900925
0.3,0.8766828677441025,1.6750507443538647,0.5622485083774559,1.7677508476804504
0.5,0.6011816450215021,1.8177923142173664,0.34813170269830984,2.0188837580113907
0.7,0.4858743881442119,1.970494163765044,0.24194836557997215,2.3599988540536376
0.9,0.5067917813349903,1.8034485953952675,0.26373229579451635,2.112870473461
