xp, rho, u, p, Mach
0.1,0.9906758762517105,1.5110648442356642,0.7024391485622626,1.5166330777085093
0.3,0.8807813529005358,1.642606513441419,0.5843175064323153,1.704429842113853
0.5,0.6109823620127911,1.7758704900771796,0.36304786090259117,1.9470614945014957
0.7,0.5035994012835938,1.8870637678037145,0.26905937524991724,2.181931419552521
0.9,0.49283303614750135,1.8432492631771105,0.2617419143944747,2.137633859694562
