xp, rho, u, p, Mach
0.1,0.9927805504141788,1.507861418126893,0.7057819134915784,1.5114325778212256
0.3,0.8778487801036421,1.664487135725223,0.5693560401182522,1.7467643267594009
0.5,0.6043799189387494,1.8041155095714014,0.3527650434518279,1.9957795292224805
0.7,0.4914217816545169,1.9431484331905096,0.2503384919546951,2.3009402654212794
0.9,0.5026065106120717,1.814226201136635,0.2637546567372873,2.1166127304340487
