xp, rho, u, p, Mach
0.1,0.9908887923506011,1.5107401559010205,0.7026710443405302,1.5162198728664595
0.3,0.8805222300884957,1.644070956501498,0.5833911404783538,1.7070521431355992
0.5,0.6105652724690888,1.7775666623028068,0.3624315243145728,1.9499117013779663
0.7,0.5028893182047135,1.8902171980455131,0.26795769189344754,2.1885213300970126
0.9,0.4932669080454427,1.8419990631673642,0.26182255756631473,2.136794942498066
