xp, rho, u, p, Mach
0.1,0.9936571446654747,1.5065311980827087,0.70715567301225,1.509297583766018
0.3,0.8766828677441025,1.6745389533219528,0.5626314332194369,1.7666092524234902
0.5,0.601369575735282,1.8169447333484467,0.3484192096634808,2.017424916142661
0.7,0.48616552915409617,1.9689275731103861,0.24247079808269745,2.3562864370489613
0.9,0.5065616141571113,1.8040056995730376,0.26375724733629086,2.1129432127562833
