{
  "u_initial": [
    0.0,
    0.09546498190743712,
    0.17379015230649913,
    0.22043373074712116,
    0.22567435151696658,
    0.1861368083209476,
    0.10540140963448598,
    -0.006389913428706927,
    -0.1338726309587293,
    -0.25854988328406214,
    -0.3613333737506438,
    -0.4251720030744907,
    -0.43739634619339135,
    -0.3914521325657019,
    -0.2877878504890616,
    -0.13378639380555993,
    0.05723048826614146,
    0.2677639674443959,
    0.47839903810491213,
    0.6702327061411295,
    0.8271231982070337,
    0.9374510479130608,
    0.9951650526749147,
    1.0,
    0.9568808642569975,
    0.8746501485991514,
    0.7643526416988426,
    0.6373705289027295,
    0.5037131932564791,
    0.3707292390481834,
    0.24242984653927144,
    0.11950552190118924
  ],
  "u_final_classical": [
    0.44201734225561856,
    0.36222915200953354,
    0.28189810951647454,
    0.20501519282816696,
    0.13374179535610367,
    0.06915297882646167,
    0.012225451013653443,
    -0.035566189913485244,
    -0.0722969199660605,
    -0.09610899835020703,
    -0.10580411775182168,
    -0.10117853369644972,
    -0.08300525938045435,
    -0.052772035345454826,
    -0.01234773824690972,
    0.03629730622040051,
    0.0912682315159147,
    0.15082453450280264,
    0.21338708009571652,
    0.27749965917777053,
    0.341763726452106,
    0.40475666938502813,
    0.46493865418248703,
    0.5205523859748821,
    0.5695257813256835,
    0.609402217553829,
    0.6373487373748707,
    0.6503249328502483,
    0.64551119069014,
    0.6210418901673279,
    0.5769071304061605,
    0.5156080328070046
  ],
  "u_final_method": [
    -0.29239846529634317,
    -0.27259333997465535,
    -0.24347145579132873,
    -0.21316148549430602,
    -0.1870261063943961,
    -0.16782509358999875,
    -0.1559519649979246,
    -0.14978100436156389,
    -0.14623911067904702,
    -0.14160403694171858,
    -0.13236132018988875,
    -0.11587497591982066,
    -0.09070604306143651,
    -0.05657956537928808,
    -0.014131527077076145,
    0.03540063513402641,
    0.09042310201100859,
    0.1491055243935626,
    0.20935365293553776,
    0.26862356007820404,
    0.3235645814277607,
    0.3694975088270502,
    0.3998384267152675,
    0.4058663513313685,
    0.3777437143960815,
    0.30802396636387236,
    0.19769871795238478,
    0.06118489195650696,
    -0.07599019399858663,
    -0.18806671312760131,
    -0.2603460079520131,
    -0.29221622329563834
  ],
  "errors_by_step": {
    "0": 0.0,
    "1": 1.7718259758617447,
    "2": 1.6652418552991564,
    "3": 1.5905822267279004,
    "4": 1.5313172435624796,
    "5": 1.482388218326138,
    "6": 1.441280004637512,
    "7": 1.406291959507009,
    "8": 1.3761569512308278,
    "9": 1.3499158700062444,
    "10": 1.3268413346660768,
    "11": 1.3063783449402706,
    "12": 1.2880984271558211,
    "13": 1.271665792188808,
    "14": 1.2568131248338117,
    "15": 1.2433244582928369,
    "16": 1.2310230064583267,
    "17": 1.2197623919633083,
    "18": 1.2094201990139235,
    "19": 1.1998931396836874,
    "20": 1.1910933642420987,
    "21": 1.1829456020834455,
    "22": 1.1753849190843757,
    "23": 1.168354940895155,
    "24": 1.1618064334906628,
    "25": 1.155696160671556,
    "26": 1.1499859581025151,
    "27": 1.1446419778515449,
    "28": 1.1396340680246697,
    "29": 1.1349352600785656,
    "30": 1.130521342460997,
    "31": 1.126370503869723,
    "32": 1.1224630329875773,
    "33": 1.118781064304098,
    "34": 1.1153083617663127,
    "35": 1.1120301336595935,
    "36": 1.108932873414913,
    "37": 1.1060042220558233,
    "38": 1.1032328488010013,
    "39": 1.1006083469750152,
    "40": 1.0981211428880941,
    "41": 1.0957624157534844,
    "42": 1.0935240270399238,
    "43": 1.0913984579236016,
    "44": 1.0893787537214945,
    "45": 1.0874584743661009,
    "46": 1.0856316501281433,
    "47": 1.0838927419149602,
    "48": 1.0822366055726986,
    "49": 1.0806584597041047,
    "50": 1.0791538565836145,
    "51": 1.0777186558100684,
    "52": 1.0763490003867404,
    "53": 1.0750412949600283,
    "54": 1.0737921859834447,
    "55": 1.0725985436035603,
    "56": 1.0714574450900924,
    "57": 1.070366159654258,
    "58": 1.0693221345182078,
    "59": 1.0683229821145483,
    "60": 1.0673664683088728,
    "61": 1.0664505015502799,
    "62": 1.0655731228653567,
    "63": 1.0647324966202005,
    "64": 1.0639269019830302,
    "65": 1.0631547250269073,
    "66": 1.0624144514182496,
    "67": 1.061704659642168,
    "68": 1.061024014720462,
    "69": 1.0603712623823243,
    "70": 1.0597452236515543,
    "71": 1.0591447898174011,
    "72": 1.0585689177591548,
    "73": 1.0580166255972605,
    "74": 1.0574869886461007,
    "75": 1.056979135645758,
    "76": 1.0564922452519763,
    "77": 1.0560255427652852,
    "78": 1.0555782970818413,
    "79": 1.055149817849925,
    "80": 1.0547394528173657,
    "81": 1.0543465853562908,
    "82": 1.0539706321527103,
    "83": 1.0536110410493746,
    "84": 1.0532672890312627,
    "85": 1.0529388803438469,
    "86": 1.0526253447350187,
    "87": 1.0523262358122654,
    "88": 1.052041129507267,
    "89": 1.0517696226406932,
    "90": 1.0515113315804778,
    "91": 1.0512658909873374,
    "92": 1.0510329526417586,
    "93": 1.0508121843470604,
    "94": 1.0506032689035447,
    "95": 1.050405903149077,
    "96": 1.0502197970617593,
    "97": 1.050044672920682,
    "98": 1.0498802645209764,
    "99": 1.0497263164396775,
    "100": 1.049582583349128,
    "101": 1.0494488293748776,
    "102": 1.0493248274952265,
    "103": 1.0492103589797668,
    "104": 1.0491052128644345,
    "105": 1.0490091854607582,
    "106": 1.0489220798971328,
    "107": 1.0488437056900972,
    "108": 1.04877387834372,
    "109": 1.0487124189753148,
    "110": 1.0486591539658359,
    "111": 1.0486139146333857,
    "112": 1.048576536928398,
    "113": 1.0485468611491164,
    "114": 1.0485247316761017,
    "115": 1.0485099967245672,
    "116": 1.048502508113424,
    "117": 1.0485021210499772,
    "118": 1.0485086939292956,
    "119": 1.0485220881473243,
    "120": 1.048542167926877,
    "121": 1.048568800155683,
    "122": 1.048601854235742,
    "123": 1.0486412019432532,
    "124": 1.0486867172984555,
    "125": 1.0487382764447415,
    "126": 1.0487957575364586,
    "127": 1.0488590406348308,
    "128": 1.048928007611483,
    "129": 1.0490025420590854,
    "130": 1.0490825292086312,
    "131": 1.0491678558529463,
    "132": 1.0492584102760003,
    "133": 1.0493540821876446,
    "134": 1.0494547626634199,
    "135": 1.049560344089094,
    "136": 1.049670720109612,
    "137": 1.0497857855821646,
    "138": 1.049905436533087,
    "139": 1.0500295701183429,
    "140": 1.050158084587324,
    "141": 1.0502908792497538,
    "142": 1.0504278544454648
  },
  "final_error": 1.0504278544454648,
  "max_error": 1.7718259758617447,
  "_source": "solver"
}