xp, rho, u, p, Mach
0.1,0.9782328084937036,1.529105407245666,0.6967985537873989,1.531231653005182
0.3,0.8935044435166313,1.60217761639336,0.605167213914009,1.6453462468561932
0.5,0.6212083463045656,1.7356911419064478,0.3753344894004699,1.8871995900107528
0.7,0.5159913336801334,1.842787421026664,0.2805050964609591,2.1123313607007437
0.9,0.47769607331435354,1.9252143169784255,0.24049944733614298,2.2931573677048553
