{
  "u_initial": [
    0.0,
    0.02940514209886818,
    0.05852709660483847,
    0.0870854031763387,
    0.11480502970952693,
    0.1414190210477993,
    0.16667106990588065,
    0.19031798524909363,
    0.21213203435596423,
    0.2319031360088211,
    0.24944088369076356,
    0.26457637930450645,
    0.27716385975338603,
    0.28708210071966267,
    0.2942355841209691,
    0.298555418001659,
    0.3,
    0.2985554180016591,
    0.2942355841209691,
    0.28708210071966267,
    0.27716385975338603,
    0.2645763793045065,
    0.24944088369076362,
    0.23190313600882112,
    0.21213203435596426,
    0.19031798524909363,
    0.16667106990588065,
    0.14141902104779935,
    0.11480502970952697,
    0.08708540317633871,
    0.05852709660483858,
    0.029405142098868246,
    3.6739403974420595e-17,
    -0.029405142098868176,
    -0.058527096604838506,
    -0.08708540317633863,
    -0.1148050297095269,
    -0.1414190210477993,
    -0.16667106990588057,
    -0.19031798524909357,
    -0.21213203435596423,
    -0.23190313600882098,
    -0.24944088369076356,
    -0.26457637930450645,
    -0.2771638597533859,
    -0.2870821007196626,
    -0.29423558412096906,
    -0.2985554180016591,
    -0.3,
    -0.2985554180016591,
    -0.2942355841209691,
    -0.28708210071966267,
    -0.277163859753386,
    -0.2645763793045065,
    -0.24944088369076362,
    -0.23190313600882106,
    -0.2121320343559643,
    -0.19031798524909377,
    -0.16667106990588065,
    -0.14141902104779938,
    -0.1148050297095271,
    -0.08708540317633874,
    -0.05852709660483861,
    -0.029405142098868152
  ],
  "u_final_classical": null,
  "u_final_method": [
    0.013544069863193498,
    0.04888221767083265,
    0.07657103120650817,
    0.09235669753287784,
    0.09685582557109385,
    0.09572925039086365,
    0.09728455569506407,
    0.10850531707590944,
    0.13162067141564168,
    0.16302368230662703,
    0.1949513524459885,
    0.21904392403037853,
    0.23025940709334575,
    0.22940721352302448,
    0.22283111809032832,
    0.21900507790352056,
    0.22372185569512093,
    0.2366370105222444,
    0.2511202524952516,
    0.2574629199129692,
    0.24791045799161682,
    0.22112144736049225,
    0.18349115497999124,
    0.1460172614932443,
    0.11820048704588865,
    0.1027964444655197,
    0.09466031175141865,
    0.08405654601763964,
    0.062293798568197195,
    0.026648579304679745,
    -0.01805835161522218,
    -0.06221601612705712,
    -0.09682013075574468,
    -0.11798598870504479,
    -0.12790527782962754,
    -0.132302641716392,
    -0.13654092580471905,
    -0.1427813120562753,
    -0.14955407699569,
    -0.15359106779142026,
    -0.15252014964318017,
    -0.1466952434597321,
    -0.13919992903469094,
    -0.1342727487627034,
    -0.13522004726273948,
    -0.1429734881261444,
    -0.15595004387916822,
    -0.1710871022037228,
    -0.18527016004161398,
    -0.19626608988755018,
    -0.20279025342464863,
    -0.2040393416074199,
    -0.1993532215843038,
    -0.18842489121934305,
    -0.1719185616034598,
    -0.15193336191390536,
    -0.131753387909992,
    -0.11472527027223373,
    -0.10266255035288206,
    -0.09460711123414685,
    -0.08680650840480966,
    -0.07422427240506857,
    -0.05299277376615672,
    -0.022567642022663616
  ],
  "errors_by_step": {},
  "final_error": NaN,
  "max_error": NaN,
  "_source": "solver"
}