xp, rho, u, p, Mach
0.1,0.9855430165823099,1.5220035805253196,0.695883169742025,1.5308099705936231
0.3,0.8627367005677994,1.6581960620426635,0.592368242915697,1.6912784464990462
0.5,0.6340411440976705,1.7062644016355197,0.39238998405949665,1.8330827731603248
0.7,0.5275634835779481,1.8185408318293308,0.28938256624669334,2.075201251892192
0.9,0.4759543027056063,1.8941957384545847,0.2633668248416855,2.152102401134151
