xp, rho, u, p, Mach
0.1,1.0,1.5,0.7024842438996209,1.5125472394309636
0.3,0.857594013696316,1.6928744369676536,0.5847776696508564,1.7326315146501174
0.5,0.6974366933964803,1.6424812891547345,0.4197117544138124,1.789423939769201
0.7,0.5695313299884371,1.821761435191505,0.31118489358630974,2.082941357969376
0.9,0.512695228888164,1.8995337741563578,0.2691363477595926,2.215779105055847
