dq_lu, dq_hhl,
7.069830918365494e-05,2.2037902333780922e-05
6.512663735071574e-05,2.0442635651914258e-05
0.0001570421367298966,5.107895647662698e-05
0.00026499280067355813,8.121615965641645e-05
0.00017407604990787878,5.281831020660998e-05
0.0004802865899753683,0.00015430191980694973
0.0003308436947461448,0.00010563662041350749
0.00025867276908032985,8.954991967470825e-05
0.0005394729177068352,0.00018066954367691382
0.00014647285267885925,5.041122898583633e-05
9.327333700705974e-05,3.976491368575337e-05
0.0001640582602578955,6.5253934303374e-05
-0.0002737314638237785,-9.086459909017798e-05
-0.0002575051808485615,-8.574849780681429e-05
-0.0006208151996630303,-0.00020662455258882995
