dq_lu, dq_hhl,
0.00489079392666372,0.0
0.0022201978690410836,0.0
0.01022775308792963,0.0
0.00745812335162366,0.0
0.002649504277494257,0.0
0.013780743974366202,0.0
-0.021673621424792833,-0.0
-0.015601747417486711,-0.0
-0.053871653234114775,-0.0
-0.12646543145669545,-0.0
-0.09686876223570541,-0.0
-0.30881139223457793,-0.0
-0.27095733066817446,-0.0
-0.2256235526378884,-0.0
-0.5888150001904515,-0.0
-0.4095384779190722,-0.0
-0.33202462457181764,-0.0
-0.9501896677972552,-0.11920583796684953
-0.47104980766028753,-0.0
-0.3555349681828802,-0.0
-0.9733042808639865,-0.1459967386898357
-0.358834293905479,-0.08429125638338394
-0.46509921808872956,-0.084291256383384
-0.9869536991771161,-0.23841167593369905
-0.4391931926340804,-0.0
-0.5480502076248822,-0.08429125638338403
-1.0640435258577052,-0.18848097918210993
-0.5216287877537348,-0.0
-0.5338067279741939,-0.08429125638338403
-1.1584291237813042,-0.20647056791740645
