xp, rho, u, p, Mach
0.1,1.0,1.5,0.7142857142857144,1.5
0.3,0.9235543674162838,1.5816981322014483,0.6430712245308992,1.6019954519721047
0.5,0.7647053075729533,1.5649722090026794,0.48627199282023886,1.658631983687467
0.7,0.7464585198584444,1.5668143851018421,0.4859501999655104,1.6411961497219434
0.9,0.8119277161317,1.5100486156939255,0.5469782939930536,1.55489314509582
