{
  "grid": [
    0.0,
    0.03225806451612903,
    0.06451612903225806,
    0.0967741935483871,
    0.12903225806451613,
    0.16129032258064516,
    0.1935483870967742,
    0.22580645161290322,
    0.25806451612903225,
    0.29032258064516125,
    0.3225806451612903,
    0.3548387096774194,
    0.3870967741935484,
    0.4193548387096774,
    0.45161290322580644,
    0.4838709677419355,
    0.5161290322580645,
    0.5483870967741935,
    0.5806451612903225,
    0.6129032258064516,
    0.6451612903225806,
    0.6774193548387096,
    0.7096774193548387,
    0.7419354838709677,
    0.7741935483870968,
    0.8064516129032258,
    0.8387096774193548,
    0.8709677419354839,
    0.9032258064516129,
    0.9354838709677419,
    0.967741935483871,
    1.0
  ],
  "solution_steps": {
    "0": [
      0.0,
      0.20129852008866006,
      0.39435585511331855,
      0.5712682150947923,
      0.7247927872291199,
      0.8486442574947509,
      0.9377521321470804,
      0.9884683243281114,
      0.9987165071710528,
      0.9680771188662044,
      0.8978045395707416,
      0.7907757369376985,
      0.6513724827222223,
      0.48530196253108143,
      0.29936312297335804,
      0.10116832198743228,
      -0.10116832198743204,
      -0.2993631229733574,
      -0.48530196253108043,
      -0.651372482722222,
      -0.7907757369376986,
      -0.8978045395707414,
      -0.9680771188662043,
      -0.9987165071710528,
      -0.9884683243281114,
      -0.9377521321470808,
      -0.8486442574947515,
      -0.72479278722912,
      -0.5712682150947924,
      -0.3943558551133187,
      -0.20129852008866028,
      -2.4492935982947064e-16
    ],
    "8": [
      0.02077093988167479,
      0.015691393187827838,
      0.007008772294426012,
      0.0017028490474355693,
      0.19566690826017474,
      0.19566690826017474,
      -0.0,
      -0.0,
      -0.0,
      -0.0,
      -0.0,
      -0.0,
      -0.0,
      -0.0,
      -0.0,
      -0.0,
      -0.0,
      -0.0,
      -0.0,
      -0.0,
      -0.0,
      -0.0,
      -0.0,
      -0.0,
      -0.19566690826017474,
      -0.0,
      -0.0,
      -0.0,
      -0.0017028490474355693,
      -0.20264161324918667,
      -0.015695223852445487,
      -0.020846735821738287
    ],
    "16": [
      0.018456623036887568,
      0.013995762739346452,
      0.0070987711859058925,
      0.002331319965003223,
      -0.0,
      0.19674128639004265,
      0.19674128639004265,
      -0.19566690826017474,
      -0.0,
      0.19566690826017474,
      -0.0,
      -0.0,
      -0.0,
      -0.0,
      -0.0,
      -0.0,
      -0.0,
      -0.0,
      -0.0,
      -0.0,
      -0.0,
      -0.0,
      -0.0,
      -0.19566690826017474,
      -0.19566690826017474,
      -0.0017028490474355693,
      0.19566690826017474,
      -0.0,
      -0.1996425797642401,
      -0.0063201830380538665,
      -0.013410985054734108,
      -0.01872724894662011
    ],
    "24": [
      0.017324978111624787,
      0.012165993245553848,
      0.0062281839619476335,
      0.005219308536479033,
      0.19816153702444758,
      -0.0,
      -0.0,
      0.19566690826017474,
      -0.0,
      -0.0,
      -0.0,
      -0.0,
      -0.0,
      -0.0,
      -0.0,
      -0.0,
      -0.0,
      -0.0,
      -0.0,
      -0.0,
      -0.0,
      -0.0,
      -0.0,
      -0.19566690826017474,
      -0.0,
      0.19566690826017474,
      -0.19566690826017474,
      -0.19844413543747821,
      -0.0039756715040653815,
      -0.005883008243216902,
      -0.013423042365883967,
      -0.017476956898857927
    ],
    "32": [
      0.016404826685826886,
      0.012741624804897283,
      0.007479747438556955,
      0.0024946287642728547,
      -0.0,
      0.002148756259735831,
      0.0017028490474355693,
      0.19566690826017474,
      0.19566690826017474,
      -0.0,
      -0.0,
      -0.0,
      -0.0,
      -0.19566690826017474,
      -0.0,
      0.19566690826017474,
      -0.0,
      -0.19566690826017474,
      -0.0,
      0.19566690826017474,
      -0.0,
      -0.0,
      -0.0,
      -0.0,
      -0.19566690826017474,
      -0.19674128639004265,
      -0.0010743781298679154,
      -0.0017028490474355693,
      -0.0039756715040653815,
      -0.0063201830380538665,
      -0.012345104536745392,
      -0.016595487910642675
    ],
    "40": [
      0.015519771014446931,
      0.012224507964866753,
      0.0068523122711113705,
      0.004090538860903652,
      0.0017028490474355693,
      0.19674128639004265,
      0.19674128639004265,
      -0.0,
      -0.0,
      -0.0,
      -0.0,
      -0.19566690826017474,
      -0.19566690826017474,
      0.19566690826017474,
      0.19566690826017474,
      -0.0,
      -0.0,
      -0.0,
      -0.0,
      -0.0,
      -0.0,
      -0.0,
      -0.0,
      -0.0,
      -0.0,
      -0.0,
      -0.0,
      -0.1986830689912105,
      -0.20052692429486493,
      -0.006662297964993054,
      -0.012524701786087136,
      -0.015412518249497058
    ]
  },
  "_source": "solver"
}