{
  "quantum_solution": [
    0.9286535024292967,
    0.30161370172554286,
    0.20667901217476178,
    0.06257502124394405
  ],
  "classical_solution": [
    0.7055698197297996,
    0.046596453582414196,
    0.7055698197297996,
    0.046596453582414196
  ],
  "_source": "harvester"
}