xp, rho, u, p, Mach
0.1,0.942186367076146,1.5920417153295239,0.675405279669543,1.589192869042456
0.3,0.8399212792762639,1.6856641991937795,0.580828338261487,1.7131778033512972
0.5,0.6056749336924938,1.8047140155659094,0.3623694473145826,1.9719158903087115
0.7,0.5098831404852738,1.9333599312263527,0.26588586559700617,2.2627490764924825
0.9,0.4735919972333793,2.011525550242395,0.23250370362393083,2.4263238955129727
