{
  "u_initial": [
    0.0,
    0.20129852008866006,
    0.39435585511331855,
    0.5712682150947923,
    0.7247927872291199,
    0.8486442574947509,
    0.9377521321470804,
    0.9884683243281114,
    0.9987165071710528,
    0.9680771188662044,
    0.8978045395707416,
    0.7907757369376985,
    0.6513724827222223,
    0.48530196253108143,
    0.29936312297335804,
    0.10116832198743228,
    -0.10116832198743204,
    -0.2993631229733574,
    -0.48530196253108043,
    -0.651372482722222,
    -0.7907757369376986,
    -0.8978045395707414,
    -0.9680771188662043,
    -0.9987165071710528,
    -0.9884683243281114,
    -0.9377521321470808,
    -0.8486442574947515,
    -0.72479278722912,
    -0.5712682150947924,
    -0.3943558551133187,
    -0.20129852008866028,
    -2.4492935982947064e-16
  ],
  "u_final_classical": [
    0.0,
    0.1445665550608459,
    0.28738212385082673,
    0.4266267526025605,
    0.5603332711213871,
    0.6862884250753655,
    0.801897216909979,
    0.9039848770149191,
    0.9884931914447719,
    1.049994594178077,
    1.0808853195800976,
    1.0700170129171809,
    1.0005156052760056,
    0.8478044747705502,
    0.5851654983097261,
    0.21166057320858492,
    -0.21166057320858422,
    -0.5851654983097244,
    -0.8478044747705499,
    -1.0005156052760067,
    -1.0700170129171802,
    -1.0808853195800983,
    -1.0499945941780773,
    -0.9884931914447719,
    -0.9039848770149194,
    -0.8018972169099791,
    -0.6862884250753655,
    -0.5603332711213871,
    -0.4266267526025607,
    -0.2873821238508269,
    -0.14456655506084606,
    -2.4492935982947064e-16
  ],
  "u_final_method": [
    0.0,
    0.13164270148695134,
    0.288930365030922,
    0.4326370318227939,
    0.5902573119181528,
    0.6185722341114919,
    0.8011307573622201,
    0.8927707098298208,
    0.9044947475516655,
    1.0351157835161406,
    1.0970874676722338,
    1.1362981265651892,
    0.9757752532378129,
    0.9150469599133908,
    0.5527935849128521,
    0.21701389057769574,
    -0.25385359697220805,
    -0.646041853410848,
    -0.8822041973478715,
    -0.9257277462367944,
    -1.1503114771075422,
    -1.0271075967991992,
    -1.027992336229468,
    -0.9600565700757313,
    -0.8493462210091054,
    -0.8448947558213071,
    -0.6698097751560347,
    -0.6415030140394731,
    -0.45063940088555515,
    -0.31294771527677256,
    -0.1221496953664128,
    0.0
  ],
  "errors_by_step": {
    "0": 0.0,
    "1": 0.01008219190028346,
    "2": 0.015981735406811345,
    "3": 0.021432157153804005,
    "4": 0.024710786010736365,
    "5": 0.023962639489044164,
    "6": 0.02490275879856598,
    "7": 0.029707606973811914,
    "8": 0.028132487238075998,
    "9": 0.03227084193169543,
    "10": 0.03423750317912997,
    "11": 0.035445331570981,
    "12": 0.04160878246613906,
    "13": 0.039122330408777,
    "14": 0.0402354317190857,
    "15": 0.040995408431804964,
    "16": 0.044935859338825525,
    "17": 0.049447324924227314,
    "18": 0.05203056783203599,
    "19": 0.05600141151510262,
    "20": 0.052527358039958456,
    "21": 0.049294818094205876,
    "22": 0.050637037004109896,
    "23": 0.05528422009919306,
    "24": 0.057516403260873795,
    "25": 0.057770385003082986
  },
  "final_error": 0.057770385003082986,
  "max_error": 0.057770385003082986,
  "_source": "solver"
}