{
  "grid": [
    0.0,
    0.03225806451612903,
    0.06451612903225806,
    0.0967741935483871,
    0.12903225806451613,
    0.16129032258064516,
    0.1935483870967742,
    0.22580645161290322,
    0.25806451612903225,
    0.29032258064516125,
    0.3225806451612903,
    0.3548387096774194,
    0.3870967741935484,
    0.4193548387096774,
    0.45161290322580644,
    0.4838709677419355,
    0.5161290322580645,
    0.5483870967741935,
    0.5806451612903225,
    0.6129032258064516,
    0.6451612903225806,
    0.6774193548387096,
    0.7096774193548387,
    0.7419354838709677,
    0.7741935483870968,
    0.8064516129032258,
    0.8387096774193548,
    0.8709677419354839,
    0.9032258064516129,
    0.9354838709677419,
    0.967741935483871,
    1.0
  ],
  "solution_steps": {
    "0": [
      0.0,
      0.20129852008866006,
      0.39435585511331855,
      0.5712682150947923,
      0.7247927872291199,
      0.8486442574947509,
      0.9377521321470804,
      0.9884683243281114,
      0.9987165071710528,
      0.9680771188662044,
      0.8978045395707416,
      0.7907757369376985,
      0.6513724827222223,
      0.48530196253108143,
      0.29936312297335804,
      0.10116832198743228,
      -0.10116832198743204,
      -0.2993631229733574,
      -0.48530196253108043,
      -0.651372482722222,
      -0.7907757369376986,
      -0.8978045395707414,
      -0.9680771188662043,
      -0.9987165071710528,
      -0.9884683243281114,
      -0.9377521321470808,
      -0.8486442574947515,
      -0.72479278722912,
      -0.5712682150947924,
      -0.3943558551133187,
      -0.20129852008866028,
      -2.4492935982947064e-16
    ],
    "8": [
      0.0,
      0.15114691226015511,
      0.3609110343474071,
      0.5237069520517053,
      0.668385218965514,
      0.8145298734849171,
      0.9037525206406423,
      0.9791723350511846,
      1.0253116199026928,
      1.01190584531379,
      0.9590463396869928,
      0.8638945165887374,
      0.7568416152623765,
      0.5468622825619449,
      0.31194525213280866,
      0.11184225141547717,
      0.08320782749928521,
      0.24395656481363573,
      0.40925428310720574,
      0.5604585812592462,
      0.7208919741657055,
      0.8204873700574905,
      0.9301923885893117,
      0.9690434829059349,
      0.9856355025434591,
      0.9656325345203274,
      0.9005514154786373,
      0.8043692003304119,
      0.6489487937401783,
      0.4519465182750208,
      0.22231981068657083,
      0.0
    ],
    "16": [
      0.0,
      0.129634469869324,
      0.31840148807077534,
      0.5089630828630185,
      0.62953527645696,
      0.7211966498315784,
      0.856105995417246,
      0.929491559175193,
      1.0110947410315254,
      1.0472530235607318,
      1.0596681086130562,
      0.9384992201318662,
      0.8921906761076306,
      0.6741194450223391,
      0.380139000439726,
      0.1260329380382032,
      0.08482186286073926,
      0.22132668411724854,
      0.34929113363193903,
      0.5015658786029312,
      0.623792621245937,
      0.7464532444595091,
      0.8534080132872289,
      0.8968340492389472,
      0.9679560561614955,
      0.9373116067424617,
      0.9682487112146189,
      0.8580131556376903,
      0.7132946161594627,
      0.5229005458338831,
      0.23874582268171726,
      0.0
    ],
    "24": [
      0.0,
      0.12289147999081378,
      0.2736835147951561,
      0.4836422624136645,
      0.6236221161965118,
      0.7004980402262286,
      0.828193812602973,
      0.8680746302759281,
      0.9777132926108311,
      1.0384283021369514,
      1.1194934500720304,
      1.0154738500630969,
      0.9841989723390488,
      0.8370808001493271,
      0.4863801879212728,
      0.15105651446874044,
      0.10437620777629582,
      0.2001210970557958,
      0.30021562798831564,
      0.4311614161448809,
      0.5639026124823618,
      0.6663406948105252,
      0.7732859487231538,
      0.8380207187789857,
      0.9160980673930759,
      0.9071369428992453,
      0.9615142315995093,
      0.9042424078842295,
      0.7685581879619067,
      0.6146620628948802,
      0.28638512374320135,
      0.0
    ],
    "32": [
      0.0,
      0.1107476672512279,
      0.23342023612634138,
      0.44492296747396837,
      0.5738205393653212,
      0.6646535183536046,
      0.77513088952131,
      0.8546258049887167,
      0.9125497114235653,
      0.9985639407066749,
      1.1305322528405517,
      1.0897566900734,
      1.0390771377098158,
      1.0207170789284137,
      0.6805777225256741,
      0.16221341480737306,
      0.09753421451078274,
      0.20139776072476148,
      0.2480587089484441,
      0.3575011805083141,
      0.49532332459488754,
      0.5952107400568114,
      0.6995307559099705,
      0.7706689037727463,
      0.8654782804458222,
      0.8740759512158492,
      0.9569912690565517,
      0.9332966636594506,
      0.8303226148204743,
      0.7254740894281259,
      0.3598771080574091,
      0.0
    ],
    "40": [
      0.0,
      0.10273901610497053,
      0.19861002564097996,
      0.38521244339838895,
      0.5301833764241548,
      0.6548092881550867,
      0.736103855305528,
      0.816051415883331,
      0.8941747682483953,
      0.9541971414298218,
      1.0806382217615544,
      1.1527674399659886,
      1.06172101855417,
      1.1319708089375706,
      0.9841742784972086,
      0.21801579818114175,
      0.10623340110335712,
      0.18304487626393603,
      0.2302828641201423,
      0.29388157485252364,
      0.44105549572424396,
      0.5248444969119448,
      0.6468798503726935,
      0.6867435556256749,
      0.808904822975832,
      0.8231938445665111,
      0.9081552344229777,
      0.9325894025464981,
      0.8666392968528142,
      0.8379297710736335,
      0.4893368601150379,
      0.0
    ],
    "48": [
      0.0,
      0.08550129473036792,
      0.16570772159853606,
      0.3289330913142757,
      0.4880967800901345,
      0.6241728918261338,
      0.7004731578200452,
      0.7814518902873906,
      0.8460826812707153,
      0.907126725093557,
      1.0125022200812643,
      1.1574252478028846,
      1.0837784728846402,
      1.1103895943366207,
      1.390341365963201,
      0.3087119833658668,
      0.11365065492672045,
      0.17331388037437145,
      0.18865876999706738,
      0.2887077434711188,
      0.40303856025336443,
      0.45411894701897637,
      0.6067714660948682,
      0.6350863779079655,
      0.7408742003710255,
      0.770998971537741,
      0.8670846742978705,
      0.921060745186008,
      0.8729120876955668,
      0.9427214685582346,
      0.6593311356233591,
      0.0
    ],
    "50": [
      0.0,
      0.08841387421371556,
      0.17579225077369134,
      0.3251524944779697,
      0.4821350277001527,
      0.6074663118652872,
      0.6993319761711209,
      0.7709767010717699,
      0.8317914216801403,
      0.8915278398724037,
      0.9856812307249065,
      1.1428956601390576,
      1.0896159461369557,
      1.080795429989999,
      1.4954937047584274,
      0.35157862328448064,
      0.11915240163130918,
      0.16916248010336357,
      0.1744246651604278,
      0.2798783483690629,
      0.3921239756413353,
      0.4463625094639098,
      0.5940682486783889,
      0.6222180419879861,
      0.7261945474461783,
      0.7712750011451165,
      0.8609688203777374,
      0.9152938407229034,
      0.866565089091014,
      0.9627050270680294,
      0.7324936242255439,
      0.0
    ]
  },
  "_source": "solver"
}