dq_lu, dq_hhl,
-0.005099653749386706,-0.00028530377793746167
-0.001856841838628074,-9.510125931245466e-05
0.010467588788200276,0.0006089451785142347
-0.01466602858686333,-0.0008767902881761275
-0.006672582854576659,-0.0004358087194851168
0.007825554916333691,0.00045608961731759485
-0.006059961920271314,-0.000355836329398083
0.0014102415423584097,0.00013449349071841104
0.01204410291101272,0.0007304866335851438
0.0013682441307515984,0.0
-0.0030111064559467902,-0.00013449349071846176
0.023006920206057768,0.001404153266554462
0.008047094720451915,0.0005295014024603612
-0.007795005677740798,-0.0004941606389790656
0.018974033356001695,0.0011171868394094372
