xp, rho, u, p, Mach
0.1,0.9958351194647587,1.5050943199282203,0.6944698000957685,1.5232343882653008
0.3,0.9101735823457986,1.5823440607799228,0.6030848425286623,1.6428950071584691
0.5,0.6289059786200573,1.7116509344270148,0.3741668944969538,1.875475372411437
0.7,0.5152159573013024,1.8445728124638385,0.268347586093646,2.1601185759685344
0.9,0.4697353190951544,1.9530495744477667,0.22779056137873796,2.3703255330613016
