xp, rho, u, p, Mach
0.1,0.9922807729350477,1.5088631819163496,0.6970696037495542,1.5214758347493524
0.3,0.8997689013587358,1.5954890860236217,0.6034425623789613,1.6465591618236777
0.5,0.6253575903096353,1.7236242511491364,0.37485873199478353,1.8815205884399835
0.7,0.5153143894113151,1.840505179934582,0.2765894161092156,2.123202330975609
0.9,0.47558959870731227,1.917024629336179,0.24171249864180608,2.2726381607194606
