xp, rho, u, p, Mach
0.1,0.9961132940030628,1.5048424074591085,0.6942415383123083,1.523442524661854
0.3,0.9109648365610512,1.5813379349065615,0.6030847875691627,1.6425639666966627
0.5,0.6292903319788982,1.710605504754289,0.3740900267067904,1.8750951573666548
0.7,0.5152159573013024,1.8449715685759553,0.2676972426268575,2.163208416505413
0.9,0.4693697261270684,1.9554993211419136,0.22681085221795388,2.377493147029652
